# https://github.com/mikedh/trimesh

o prototype_2x1_part_A.stl
v 7.47677517 0.01712894 0.00000000
v 8.00000000 0.00000000 0.00000000
v 7.73824739 0.00428295 0.00000000
v 20.00000000 0.00864124 0.00000000
v 1.34824312 3.55543804 0.00000000
v 32.46514130 1.97533417 0.00000000
v 1.49722648 3.34017849 0.00000000
v 1.65317333 3.12990856 0.00000000
v 0.94462991 4.22882652 0.00000000
v 1.07179677 4.00000000 0.00000000
v 0.71308941 4.69834328 0.00000000
v 0.82501805 4.46169090 0.00000000
v 0.60896373 4.93853188 0.00000000
v 1.20638251 3.77545738 0.00000000
v 0.51275259 5.18199921 0.00000000
v 0.42455897 5.42848396 0.00000000
v 0.34447733 5.67772293 0.00000000
v 0.27259338 5.92944717 0.00000000
v 0.20898417 6.18338966 0.00000000
v 0.15371776 6.43927765 0.00000000
v 0.01712861 7.47677517 0.00000000
v 0.00428330 7.73824692 0.00000000
v 0.00000000 8.00000000 0.00000000
v 0.10685334 6.69683647 0.00000000
v 0.06844111 6.95579052 0.00000000
v 0.03852219 7.21586227 0.00000000
v 1.07179677 4.00000000 10.00000000
v 1.34824312 3.55543804 10.00000000
v 1.20638251 3.77545738 10.00000000
v 2.72523355 1.98528194 0.00000000
v 2.92485380 1.81591606 0.00000000
v 2.72523355 1.98528194 10.00000000
v 2.16108751 2.53126144 0.00000000
v 2.34314585 2.34314537 0.00000000
v 2.16108751 2.53126144 10.00000000
v 1.98528159 2.72523308 0.00000000
v 1.98528159 2.72523308 10.00000000
v 1.81591642 2.92485428 0.00000000
v 1.81591642 2.92485428 10.00000000
v 1.49722648 3.34017849 10.00000000
v 1.65317333 3.12990856 10.00000000
v 2.53126168 2.16108704 0.00000000
v 2.34314585 2.34314537 10.00000000
v 2.53126168 2.16108704 10.00000000
v 0.60896373 4.93853188 10.00000000
v 0.34447733 5.67772293 10.00000000
v 0.27259338 5.92944717 10.00000000
v 0.51275259 5.18199921 10.00000000
v 0.42455897 5.42848396 10.00000000
v 0.82501805 4.46169090 10.00000000
v 0.94462991 4.22882652 10.00000000
v 0.71308941 4.69834328 10.00000000
v 0.15371776 6.43927765 10.00000000
v 0.20898417 6.18338966 10.00000000
v 0.10685334 6.69683647 10.00000000
v 0.06844111 6.95579052 10.00000000
v 0.03852219 7.21586227 10.00000000
v 0.01712861 7.47677517 10.00000000
v 0.00428330 7.73824692 10.00000000
v 0.00000000 8.00000000 10.00000000
v 3.12990856 1.65317345 0.00000000
v 2.92485380 1.81591606 10.00000000
v 3.34017849 1.49722672 0.00000000
v 3.12990856 1.65317345 10.00000000
v 3.55543804 1.34824276 0.00000000
v 3.34017849 1.49722672 10.00000000
v 3.77545714 1.20638275 0.00000000
v 3.55543804 1.34824276 10.00000000
v 4.22882605 0.94462967 0.00000000
v 4.46169043 0.82501793 0.00000000
v 4.22882605 0.94462967 10.00000000
v 4.00000000 1.07179642 0.00000000
v 3.77545714 1.20638275 10.00000000
v 4.00000000 1.07179642 10.00000000
v 4.69834375 0.71308899 0.00000000
v 4.46169043 0.82501793 10.00000000
v 4.93853235 0.60896397 0.00000000
v 4.69834375 0.71308899 10.00000000
v 5.18199968 0.51275253 0.00000000
v 4.93853235 0.60896397 10.00000000
v 5.42848444 0.42455864 0.00000000
v 5.18199968 0.51275253 10.00000000
v 5.67772245 0.34447765 0.00000000
v 5.42848444 0.42455864 10.00000000
v 5.92944765 0.27259350 0.00000000
v 5.67772245 0.34447765 10.00000000
v 6.18338966 0.20898438 0.00000000
v 5.92944765 0.27259350 10.00000000
v 6.43927765 0.15371799 0.00000000
v 6.18338966 0.20898438 10.00000000
v 6.69683599 0.10685349 0.00000000
v 6.43927765 0.15371799 10.00000000
v 6.95579052 0.06844139 0.00000000
v 6.69683599 0.10685349 10.00000000
v 7.21586275 0.03852177 0.00000000
v 6.95579052 0.06844139 10.00000000
v 7.21586275 0.03852177 10.00000000
v 7.47677517 0.01712894 10.00000000
v 7.73824739 0.00428295 10.00000000
v 0.00000000 40.00000000 0.00000000
v 20.00000000 0.00000000 0.00000000
v 20.00000000 0.00000000 10.00000000
v 8.00000000 0.00000000 10.00000000
v 6.08611917 7.41943073 10.00000000
v 6.17827225 7.17458534 10.00000000
v 6.30159569 6.94386482 10.00000000
v 6.45397902 6.73121357 10.00000000
v 6.63281536 6.54027176 10.00000000
v 6.88885975 6.33706093 10.00000000
v 7.00000000 6.26794910 10.00000000
v 7.17458582 6.17827225 10.00000000
v 6.78247738 6.41329384 10.00000000
v 7.41943073 6.08611870 10.00000000
v 7.93456173 6.00107098 10.00000000
v 7.67420912 6.02671337 10.00000000
v 6.01711035 7.73894691 10.00000000
v 6.06814814 7.48236179 10.00000000
v 6.05224609 7.54584694 10.00000000
v 6.03842926 7.60981941 10.00000000
v 6.02671337 7.67420959 10.00000000
v 6.20625448 7.11542320 10.00000000
v 6.37430668 6.83504486 10.00000000
v 6.33706093 6.88885975 10.00000000
v 6.26794910 7.00000000 10.00000000
v 6.23615742 7.05720711 10.00000000
v 6.12818813 7.29549980 10.00000000
v 6.10613966 7.35712051 10.00000000
v 6.15224075 7.23463249 10.00000000
v 6.54027176 6.63281536 10.00000000
v 6.49632025 6.68130875 10.00000000
v 6.58578634 6.58578682 10.00000000
v 6.68130827 6.49632072 10.00000000
v 6.73121357 6.45397949 10.00000000
v 6.83504438 6.37430668 10.00000000
v 6.94386435 6.30159569 10.00000000
v 6.41329336 6.78247738 10.00000000
v 6.00963068 7.80396557 10.00000000
v 6.00428200 7.86919403 10.00000000
v 6.00107098 7.93456173 10.00000000
v 6.00000000 8.00000000 10.00000000
v 8.00000000 6.00000000 10.00000000
v 7.11542273 6.20625496 10.00000000
v 7.29549980 6.12818813 10.00000000
v 7.23463297 6.15224075 10.00000000
v 7.35712099 6.10614014 10.00000000
v 7.05720663 6.23615742 10.00000000
v 7.48236179 6.06814766 10.00000000
v 7.54584742 6.05224609 10.00000000
v 7.60981941 6.03842926 10.00000000
v 7.73894739 6.01711082 10.00000000
v 7.80396557 6.00963020 10.00000000
v 7.86919355 6.00428200 10.00000000
v 0.00000000 40.00000000 10.00000000
v 6.00000000 40.00000000 10.00000000
v 20.55965042 1.53293896 10.00000000
v 21.05904007 5.26530170 10.00000000
v 21.08426476 5.22321510 10.00000000
v 21.07539940 5.23696613 10.00000000
v 21.09357643 5.20976067 10.00000000
v 21.10332298 5.19661903 10.00000000
v 21.11349487 5.18380356 10.00000000
v 21.15820312 5.13606834 10.00000000
v 21.14644623 5.14744663 10.00000000
v 21.17032623 5.12508011 10.00000000
v 21.18280411 5.11449432 10.00000000
v 21.12408066 5.17132759 10.00000000
v 21.13506889 5.15920448 10.00000000
v 21.29364586 5.04556847 10.00000000
v 21.27885628 5.05256367 10.00000000
v 21.30865860 5.03906059 10.00000000
v 21.32387543 5.03304672 10.00000000
v 21.19561958 5.10432339 10.00000000
v 21.20876122 5.09457684 10.00000000
v 21.22221565 5.08526516 10.00000000
v 21.23596573 5.07639885 10.00000000
v 21.25000000 5.06798744 10.00000000
v 21.26430130 5.06003952 10.00000000
v 21.33928108 5.02753448 10.00000000
v 21.35485840 5.02252960 10.00000000
v 21.37059021 5.01803780 10.00000000
v 21.38646126 5.01406097 10.00000000
v 21.40245438 5.01060677 10.00000000
v 21.46729851 5.00207043 10.00000000
v 21.45099068 5.00340748 10.00000000
v 21.43473625 5.00527763 10.00000000
v 21.41855240 5.00767899 10.00000000
v 21.06698799 5.25099945 10.00000000
v 21.50000000 5.00099945 10.00000000
v 21.48364067 5.00126839 10.00000000
v 21.05156326 5.27985573 10.00000000
v 21.04456902 5.29464626 10.00000000
v 21.03806114 5.30965805 10.00000000
v 21.03204727 5.32487488 10.00000000
v 21.02653503 5.34028053 10.00000000
v 21.02153015 5.35585785 10.00000000
v 21.01703644 5.37159061 10.00000000
v 21.01306152 5.38746166 10.00000000
v 21.00960732 5.40345478 10.00000000
v 21.00667763 5.41955185 10.00000000
v 21.00427818 5.43573761 10.00000000
v 21.00240707 5.45199203 10.00000000
v 21.00107002 5.46829796 10.00000000
v 21.00026703 5.48464012 10.00000000
v 21.00000000 5.50099945 10.00000000
v 21.00000000 6.00000000 10.00000000
v 26.50000000 5.00099945 10.00000000
v 33.30017853 3.04780483 10.00000000
v 26.51635933 5.00126839 10.00000000
v 26.58144760 5.00767899 10.00000000
v 26.56526375 5.00527763 10.00000000
v 26.54900932 5.00340748 10.00000000
v 26.53270149 5.00207043 10.00000000
v 26.62940979 5.01803780 10.00000000
v 26.61353874 5.01406097 10.00000000
v 26.59754562 5.01060677 10.00000000
v 0.00428330 40.26175308 0.00000000
v 0.01712861 40.52322388 0.00000000
v 0.03852219 40.78413773 0.00000000
v 0.06844111 41.04420853 0.00000000
v 0.10685334 41.30316544 0.00000000
v 0.15371776 41.56072235 0.00000000
v 0.20898417 41.81660843 0.00000000
v 0.27259338 42.07055283 0.00000000
v 0.34447733 42.32227707 0.00000000
v 0.42455897 42.57151413 0.00000000
v 0.51275259 42.81800079 0.00000000
v 0.60896373 43.06146622 0.00000000
v 0.71308941 43.30165482 0.00000000
v 0.82501805 43.53831100 0.00000000
v 0.94462991 43.77117538 0.00000000
v 1.07179677 44.00000000 0.00000000
v 1.20638251 44.22454453 0.00000000
v 1.34824312 44.44456100 0.00000000
v 1.49722648 44.65982056 0.00000000
v 1.65317333 44.87009048 0.00000000
v 0.00428330 40.26175308 10.00000000
v 0.01712861 40.52322388 10.00000000
v 0.03852219 40.78413773 10.00000000
v 0.06844111 41.04420853 10.00000000
v 0.10685334 41.30316544 10.00000000
v 0.15371776 41.56072235 10.00000000
v 0.20898417 41.81660843 10.00000000
v 0.27259338 42.07055283 10.00000000
v 0.34447733 42.32227707 10.00000000
v 0.42455897 42.57151413 10.00000000
v 0.51275259 42.81800079 10.00000000
v 0.60896373 43.06146622 10.00000000
v 0.71308941 43.30165482 10.00000000
v 0.82501805 43.53831100 10.00000000
v 0.94462991 43.77117538 10.00000000
v 1.07179677 44.00000000 10.00000000
v 1.20638251 44.22454453 10.00000000
v 1.34824312 44.44456100 10.00000000
v 1.49722648 44.65982056 10.00000000
v 1.65317333 44.87009048 10.00000000
v 1.81591642 45.07514572 10.00000000
v 1.81591642 45.07514572 0.00000000
v 1.98528159 45.27476501 10.00000000
v 1.98528159 45.27476501 0.00000000
v 2.16108751 45.46873856 10.00000000
v 2.16108751 45.46873856 0.00000000
v 2.34314585 45.65685272 10.00000000
v 2.34314585 45.65685272 0.00000000
v 2.53126168 45.83891296 10.00000000
v 2.53126168 45.83891296 0.00000000
v 2.72523355 46.01471710 10.00000000
v 2.72523355 46.01471710 0.00000000
v 2.92485380 46.18408203 10.00000000
v 2.92485380 46.18408203 0.00000000
v 3.12990856 46.34682846 10.00000000
v 3.12990856 46.34682846 0.00000000
v 3.34017849 46.50277328 10.00000000
v 3.34017849 46.50277328 0.00000000
v 3.55543804 46.65175629 10.00000000
v 3.55543804 46.65175629 0.00000000
v 3.77545714 46.79361725 10.00000000
v 3.77545714 46.79361725 0.00000000
v 4.00000000 46.92820358 10.00000000
v 4.00000000 46.92820358 0.00000000
v 4.22882605 47.05537033 10.00000000
v 4.22882605 47.05537033 0.00000000
v 4.46169043 47.17498016 10.00000000
v 4.46169043 47.17498016 0.00000000
v 4.69834375 47.28691101 10.00000000
v 4.69834375 47.28691101 0.00000000
v 4.93853235 47.39103699 10.00000000
v 4.93853235 47.39103699 0.00000000
v 5.18199968 47.48724747 10.00000000
v 5.18199968 47.48724747 0.00000000
v 5.42848444 47.57543945 10.00000000
v 5.42848444 47.57543945 0.00000000
v 5.67772245 47.65552139 10.00000000
v 5.67772245 47.65552139 0.00000000
v 5.92944765 47.72740555 10.00000000
v 5.92944765 47.72740555 0.00000000
v 6.18338966 47.79101562 10.00000000
v 6.18338966 47.79101562 0.00000000
v 6.43927765 47.84628296 10.00000000
v 6.43927765 47.84628296 0.00000000
v 6.69683599 47.89314651 10.00000000
v 6.69683599 47.89314651 0.00000000
v 6.95579052 47.93156052 10.00000000
v 6.95579052 47.93156052 0.00000000
v 7.21586275 47.96147919 10.00000000
v 7.21586275 47.96147919 0.00000000
v 7.47677517 47.98287201 10.00000000
v 7.47677517 47.98287201 0.00000000
v 7.73824739 47.99571609 10.00000000
v 7.73824739 47.99571609 0.00000000
v 8.00000000 48.00000000 10.00000000
v 8.00000000 48.00000000 0.00000000
v 20.26818275 47.00979233 0.00000000
v 20.00000000 48.00000000 0.00000000
v 6.41329336 41.21752167 10.00000000
v 6.63281536 41.45972824 10.00000000
v 6.94386435 41.69840622 10.00000000
v 6.00107098 40.06543732 10.00000000
v 6.00428200 40.13080597 10.00000000
v 6.00963068 40.19603348 10.00000000
v 6.01711035 40.26105118 10.00000000
v 6.02671337 40.32579041 10.00000000
v 6.03842926 40.39018250 10.00000000
v 6.05224609 40.45415115 10.00000000
v 6.06814814 40.51763916 10.00000000
v 6.08611917 40.58057022 10.00000000
v 6.10613966 40.64287949 10.00000000
v 6.12818813 40.70449829 10.00000000
v 6.15224075 40.76536560 10.00000000
v 6.17827225 40.82541275 10.00000000
v 6.20625448 40.88457870 10.00000000
v 6.23615742 40.94279480 10.00000000
v 6.26794910 41.00000000 10.00000000
v 6.30159569 41.05613708 10.00000000
v 6.33706093 41.11114120 10.00000000
v 6.37430668 41.16495514 10.00000000
v 6.45397902 41.26878738 10.00000000
v 6.49632025 41.31869125 10.00000000
v 6.54027176 41.36718369 10.00000000
v 6.58578634 41.41421509 10.00000000
v 6.68130827 41.50368118 10.00000000
v 6.73121357 41.54602051 10.00000000
v 6.78247738 41.58670807 10.00000000
v 6.83504438 41.62569427 10.00000000
v 6.88885975 41.66294098 10.00000000
v 7.00000000 41.73205185 10.00000000
v 7.05720663 41.76384354 10.00000000
v 7.11542273 41.79374695 10.00000000
v 7.17458582 41.82172775 10.00000000
v 7.23463297 41.84775925 10.00000000
v 7.29549980 41.87181091 10.00000000
v 7.35712099 41.89385986 10.00000000
v 7.41943073 41.91387939 10.00000000
v 7.48236179 41.93185043 10.00000000
v 7.54584742 41.94775391 10.00000000
v 7.60981941 41.96157074 10.00000000
v 7.67420912 41.97328568 10.00000000
v 32.46532059 46.02532196 10.00000000
v 20.00000000 48.00000000 10.00000000
v 7.73894739 41.98289108 10.00000000
v 7.80396557 41.99036789 10.00000000
v 7.86919355 41.99571609 10.00000000
v 7.93456173 41.99892807 10.00000000
v 8.00000000 42.00000000 10.00000000
v 33.00013351 0.00000000 0.00000000
v 35.84849930 -7.63500547 0.00000000
v 35.79561996 -7.59645414 0.00000000
v 35.00000000 -2.82830763 0.00000000
v 35.90261078 -7.67180634 0.00000000
v 35.95790100 -7.70681667 0.00000000
v 36.01430130 -7.73999929 0.00000000
v 36.13021469 -7.80074167 0.00000000
v 36.07176208 -7.77131891 0.00000000
v 36.18959808 -7.82823610 0.00000000
v 36.24985123 -7.85377264 0.00000000
v 35.10113525 -6.62730026 0.00000000
v 35.12267685 -6.68909359 0.00000000
v 35.14622879 -6.75014925 0.00000000
v 35.08162689 -6.56483555 0.00000000
v 35.06417084 -6.50176573 0.00000000
v 35.01951218 -6.27723789 0.00000000
v 35.00829315 -6.17972612 0.00000000
v 35.00347900 -6.11446333 0.00000000
v 35.04188538 -6.40617466 0.00000000
v 35.02964401 -6.34188938 0.00000000
v 35.00080490 -6.04907751 0.00000000
v 35.44380569 -7.25597000 0.00000000
v 35.40354538 -7.20438004 0.00000000
v 35.17176437 -6.81040144 0.00000000
v 35.19925690 -6.86978579 0.00000000
v 35.24410629 -6.95709610 0.00000000
v 35.29318237 -7.04210091 0.00000000
v 35.36499405 -7.15150070 0.00000000
v 35.32819366 -7.09738827 0.00000000
v 35.48573303 -7.30621433 0.00000000
v 35.52928162 -7.35506058 0.00000000
v 35.57440567 -7.40245533 0.00000000
v 35.62105560 -7.44834852 0.00000000
v 35.69378662 -7.51426554 0.00000000
v 35.74403000 -7.55619287 0.00000000
v 33.37842178 -0.78318119 0.00000000
v 33.32852936 -0.74085140 0.00000000
v 33.03856659 -0.27455091 0.00000000
v 33.05858231 -0.33684349 0.00000000
v 33.08262634 -0.39769411 0.00000000
v 33.02266693 -0.21108246 0.00000000
v 33.01628494 -0.17899179 0.00000000
v 33.00668335 -0.11427069 0.00000000
v 33.00133896 -0.04905987 0.00000000
v 33.17784119 -0.56902313 0.00000000
v 33.21681595 -0.62157631 0.00000000
v 33.14238739 -0.51403284 0.00000000
v 33.12602615 -0.48569727 0.00000000
v 33.09613037 -0.42749691 0.00000000
v 33.28151321 -0.69534874 0.00000000
v 33.25914764 -0.67146826 0.00000000
v 33.40438080 -0.80309916 0.00000000
v 33.45817947 -0.84033537 0.00000000
v 33.51430130 -0.87397289 0.00000000
v 33.57250214 -0.90386772 0.00000000
v 33.60230255 -0.91737127 0.00000000
v 33.73585510 -0.96859837 0.00000000
v 33.79711914 -0.99402285 0.00000000
v 33.85750961 -1.02146530 0.00000000
v 33.91695404 -1.05089474 0.00000000
v 34.03275299 -1.11558485 0.00000000
v 34.08898163 -1.15077400 0.00000000
v 34.14401245 -1.18780804 0.00000000
v 34.19778442 -1.22664738 0.00000000
v 33.97539139 -1.08227921 0.00000000
v 34.30131531 -1.30956554 0.00000000
v 34.35096359 -1.35355377 0.00000000
v 34.25023651 -1.26724768 0.00000000
v 34.39912415 -1.39916420 0.00000000
v 33.00013351 0.00000000 10.00000000
v 35.08162689 -6.56483555 10.00000000
v 35.06417084 -6.50176573 10.00000000
v 35.04188538 -6.40617466 10.00000000
v 35.02964401 -6.34188938 10.00000000
v 35.01951218 -6.27723789 10.00000000
v 35.00347900 -6.11446333 10.00000000
v 35.00080490 -6.04907751 10.00000000
v 35.00829315 -6.17972612 10.00000000
v 35.44380569 -7.25597000 10.00000000
v 35.36499405 -7.15150070 10.00000000
v 35.29318237 -7.04210091 10.00000000
v 35.32819366 -7.09738827 10.00000000
v 35.40354538 -7.20438004 10.00000000
v 35.69378662 -7.51426554 10.00000000
v 35.74403000 -7.55619287 10.00000000
v 35.79561996 -7.59645414 10.00000000
v 35.48573303 -7.30621433 10.00000000
v 35.52928162 -7.35506058 10.00000000
v 35.57440567 -7.40245533 10.00000000
v 35.62105560 -7.44834852 10.00000000
v 35.17176437 -6.81040144 10.00000000
v 35.14622879 -6.75014925 10.00000000
v 35.19925690 -6.86978579 10.00000000
v 35.24410629 -6.95709610 10.00000000
v 35.12267685 -6.68909359 10.00000000
v 35.10113525 -6.62730026 10.00000000
v 33.21681595 -0.62157631 10.00000000
v 33.14238739 -0.51403284 10.00000000
v 33.17784119 -0.56902313 10.00000000
v 33.03856659 -0.27455091 10.00000000
v 33.01628494 -0.17899179 10.00000000
v 33.02266693 -0.21108246 10.00000000
v 33.00668335 -0.11427069 10.00000000
v 33.00133896 -0.04905987 10.00000000
v 33.08262634 -0.39769411 10.00000000
v 33.09613037 -0.42749691 10.00000000
v 33.12602615 -0.48569727 10.00000000
v 33.05858231 -0.33684349 10.00000000
v 33.32852936 -0.74085140 10.00000000
v 33.40438080 -0.80309916 10.00000000
v 33.37842178 -0.78318119 10.00000000
v 33.25914764 -0.67146826 10.00000000
v 33.28151321 -0.69534874 10.00000000
v 33.45817947 -0.84033537 10.00000000
v 33.51430130 -0.87397289 10.00000000
v 33.57250214 -0.90386772 10.00000000
v 33.79711914 -0.99402285 10.00000000
v 33.85750961 -1.02146530 10.00000000
v 33.91695404 -1.05089474 10.00000000
v 34.03275299 -1.11558485 10.00000000
v 33.97539139 -1.08227921 10.00000000
v 34.08898163 -1.15077400 10.00000000
v 34.14401245 -1.18780804 10.00000000
v 34.25023651 -1.26724768 10.00000000
v 34.30131531 -1.30956554 10.00000000
v 34.19778442 -1.22664738 10.00000000
v 33.60230255 -0.91737127 10.00000000
v 33.73585510 -0.96859837 10.00000000
v 35.00000000 -2.82830763 10.00000000
v 34.99890137 -2.76198578 10.00000000
v 34.99890137 -2.76198578 0.00000000
v 34.99560165 -2.69573641 10.00000000
v 34.99560165 -2.69573641 0.00000000
v 34.99010849 -2.62963295 10.00000000
v 34.99010849 -2.62963295 0.00000000
v 34.98242569 -2.56374836 10.00000000
v 34.98242569 -2.56374836 0.00000000
v 34.97256088 -2.49815464 10.00000000
v 34.97256088 -2.49815464 0.00000000
v 34.91155624 -2.24012566 0.00000000
v 34.89099884 -2.17706013 10.00000000
v 34.89099884 -2.17706013 0.00000000
v 34.86836243 -2.11471081 10.00000000
v 34.86836243 -2.11471081 0.00000000
v 34.84366989 -2.05314636 10.00000000
v 34.84366989 -2.05314636 0.00000000
v 34.81695175 -1.99243450 10.00000000
v 34.81695175 -1.99243450 0.00000000
v 34.96052933 -2.43292332 0.00000000
v 34.94633865 -2.36812782 10.00000000
v 34.94633865 -2.36812782 0.00000000
v 34.96052933 -2.43292332 10.00000000
v 34.93000793 -2.30383825 10.00000000
v 34.93000793 -2.30383825 0.00000000
v 34.91155624 -2.24012566 10.00000000
v 34.53417206 -1.54521847 0.00000000
v 34.49077988 -1.49504948 10.00000000
v 34.49077988 -1.49504948 0.00000000
v 34.72493362 -1.81607723 0.00000000
v 34.69041824 -1.75943375 10.00000000
v 34.69041824 -1.75943375 0.00000000
v 34.61584854 -1.64973402 0.00000000
v 34.65404129 -1.70396519 0.00000000
v 34.61584854 -1.64973402 10.00000000
v 34.57587814 -1.59679890 10.00000000
v 34.57587814 -1.59679890 0.00000000
v 34.53417206 -1.54521847 10.00000000
v 34.65404129 -1.70396519 10.00000000
v 34.44574738 -1.44634676 0.00000000
v 34.39912415 -1.39916420 10.00000000
v 34.35096359 -1.35355377 10.00000000
v 34.44574738 -1.44634676 10.00000000
v 34.78823471 -1.93264198 0.00000000
v 34.75754929 -1.87383461 10.00000000
v 34.75754929 -1.87383461 0.00000000
v 34.78823471 -1.93264198 10.00000000
v 34.72493362 -1.81607723 10.00000000
v 36.34171295 -7.88834763 0.00000000
v 36.43516541 -7.91837358 0.00000000
v 36.49823380 -7.93582773 0.00000000
v 36.59382629 -7.95811605 0.00000000
v 36.65811157 -7.97035742 0.00000000
v 36.72276306 -7.98048878 0.00000000
v 36.82027435 -7.99170685 0.00000000
v 36.91822052 -7.99812651 0.00000000
v 37.00818253 -8.00000000 0.00000000
v 47.79999924 -8.00000000 0.00000000
v 41.44436646 -4.55563498 0.00000000
v 41.52257156 -4.63009262 0.00000000
v 41.60433578 -4.70062304 0.00000000
v 41.68946075 -4.76705647 0.00000000
v 41.77774429 -4.82923317 0.00000000
v 41.86897278 -4.88700294 0.00000000
v 41.96292877 -4.94022655 0.00000000
v 41.01122284 -3.94062138 0.00000000
v 41.05977249 -4.03707266 0.00000000
v 40.96746445 -3.84190369 0.00000000
v 41.17076874 -4.22225475 0.00000000
v 41.23294449 -4.31053829 0.00000000
v 41.29937744 -4.39566517 0.00000000
v 41.11299896 -4.13102627 0.00000000
v 40.86593246 -3.53455639 0.00000000
v 40.89472961 -3.63862610 0.00000000
v 40.84227371 -3.42919874 0.00000000
v 40.92860413 -3.74115753 0.00000000
v 40.82381058 -3.32280731 0.00000000
v 40.81059265 -3.21563768 0.00000000
v 40.80265045 -3.10794878 0.00000000
v 41.36990738 -4.47742987 0.00000000
v 40.79999924 -3.00000000 0.00000000
v 40.80265045 -2.89205122 0.00000000
v 40.81059265 -2.78436232 0.00000000
v 40.82381058 -2.67719269 0.00000000
v 40.84227371 -2.57080126 0.00000000
v 40.86593246 -2.46544361 0.00000000
v 40.89472961 -2.36137390 0.00000000
v 40.92860413 -2.25884247 0.00000000
v 40.96746445 -2.15809631 0.00000000
v 41.01122284 -2.05937862 0.00000000
v 41.05977249 -1.96292734 0.00000000
v 41.11299896 -1.86897373 0.00000000
v 41.17076874 -1.77774525 0.00000000
v 42.87500000 3.00000000 0.00000000
v 41.23294449 -1.68946171 0.00000000
v 41.29937744 -1.60433483 0.00000000
v 42.87500000 3.25000000 0.00000000
v 42.05937958 -4.98877621 0.00000000
v 42.15809631 -5.03253508 0.00000000
v 42.25884247 -5.07139683 0.00000000
v 42.36137390 -5.10526848 0.00000000
v 42.46544266 -5.13406849 0.00000000
v 42.57080078 -5.15772772 0.00000000
v 42.67719269 -5.17618847 0.00000000
v 42.78436279 -5.18940639 0.00000000
v 42.89205170 -5.19735003 0.00000000
v 43.00000000 -5.19999981 0.00000000
v 43.10794830 -5.19735003 0.00000000
v 43.21563721 -5.18940639 0.00000000
v 43.32280731 -5.17618847 0.00000000
v 41.36990738 -1.52257013 0.00000000
v 44.94022751 -1.96292734 0.00000000
v 44.88700104 -1.86897373 0.00000000
v 44.82923126 -1.77774525 0.00000000
v 44.76705551 -1.68946171 0.00000000
v 44.70062256 -1.60433483 0.00000000
v 44.63009262 -1.52257013 0.00000000
v 45.03253555 -2.15809631 0.00000000
v 44.98877716 -2.05937862 0.00000000
v 43.42919922 -5.15772772 0.00000000
v 43.53455734 -5.13406849 0.00000000
v 43.63862610 -5.10526848 0.00000000
v 43.74115753 -5.07139683 0.00000000
v 43.84190369 -5.03253508 0.00000000
v 43.94062042 -4.98877621 0.00000000
v 44.03707123 -4.94022655 0.00000000
v 44.13102722 -4.88700294 0.00000000
v 44.22225571 -4.82923317 0.00000000
v 44.31053925 -4.76705647 0.00000000
v 44.39566422 -4.70062304 0.00000000
v 44.47742844 -4.63009262 0.00000000
v 44.55563354 -4.55563498 0.00000000
v 44.63009262 -4.47742987 0.00000000
v 44.70062256 -4.39566517 0.00000000
v 44.76705551 -4.31053829 0.00000000
v 44.82923126 -4.22225475 0.00000000
v 44.88700104 -4.13102627 0.00000000
v 44.94022751 -4.03707266 0.00000000
v 44.98877716 -3.94062138 0.00000000
v 45.03253555 -3.84190369 0.00000000
v 45.07139587 -3.74115753 0.00000000
v 45.10527039 -3.63862610 0.00000000
v 45.13406754 -3.53455639 0.00000000
v 45.15772629 -3.42919874 0.00000000
v 45.17618942 -3.32280731 0.00000000
v 45.18940735 -3.21563768 0.00000000
v 45.19734955 -3.10794878 0.00000000
v 45.20000076 -3.00000000 0.00000000
v 45.19734955 -2.89205122 0.00000000
v 45.18940735 -2.78436232 0.00000000
v 45.13406754 -2.46544361 0.00000000
v 45.10527039 -2.36137390 0.00000000
v 45.17618942 -2.67719269 0.00000000
v 45.15772629 -2.57080126 0.00000000
v 45.07139587 -2.25884247 0.00000000
v 47.79999924 3.00000000 0.00000000
v 45.13406754 -3.53455639 2.66593170
v 45.10527039 -3.63862610 2.69472885
v 45.03253555 -3.84190369 2.76746368
v 44.98877716 -3.94062138 2.81122208
v 45.07139587 -3.74115753 2.72860336
v 45.17618942 -3.32280731 2.62380981
v 45.15772629 -3.42919874 2.64227295
v 45.19734955 -3.10794878 2.60264969
v 45.18940735 -3.21563768 2.61059189
v 45.20000076 -3.00000000 2.59999847
v 45.19734955 -2.89205122 2.60264969
v 45.18940735 -2.78436232 2.61059189
v 45.17618942 -2.67719269 2.62380981
v 45.15772629 -2.57080126 2.64227295
v 45.10527039 -2.36137390 2.69472885
v 45.13406754 -2.46544361 2.66593170
v 45.07139587 -2.25884247 2.72860336
v 45.03253555 -2.15809631 2.76746368
v 44.82923126 -4.22225475 2.97076797
v 44.76705551 -4.31053829 3.03294373
v 44.94022751 -4.03707266 2.85977173
v 44.88700104 -4.13102627 2.91299820
v 44.70062256 -4.39566517 3.09937668
v 44.63009262 -4.47742987 3.16990662
v 44.55563354 -4.55563498 3.24436569
v 44.47742844 -4.63009262 3.32257080
v 44.39566422 -4.70062304 3.40433502
v 44.31053925 -4.76705647 3.48945999
v 44.22225571 -4.82923317 3.57774353
v 44.13102722 -4.88700294 3.66897202
v 44.03707123 -4.94022655 3.76292801
v 42.87500000 3.00000000 4.92499924
v 41.44436646 -1.44436502 0.00000000
v 41.52257156 -1.36990738 0.00000000
v 41.60433578 -1.29937696 0.00000000
v 41.68946075 -1.23294353 0.00000000
v 41.77774429 -1.17076683 0.00000000
v 41.86897278 -1.11299706 0.00000000
v 41.96292877 -1.05977345 0.00000000
v 42.05937958 -1.01122379 0.00000000
v 42.15809631 -0.96746492 0.00000000
v 42.25884247 -0.92860317 0.00000000
v 42.36137390 -0.89473152 0.00000000
v 42.46544266 -0.86593151 0.00000000
v 42.57080078 -0.84227228 0.00000000
v 42.67719269 -0.82381153 0.00000000
v 42.78436279 -0.81059361 0.00000000
v 42.89205170 -0.80264997 0.00000000
v 43.00000000 -0.80000019 0.00000000
v 43.10794830 -0.80264997 0.00000000
v 43.21563721 -0.81059361 0.00000000
v 43.32280731 -0.82381153 0.00000000
v 43.42919922 -0.84227228 0.00000000
v 43.53455734 -0.86593151 0.00000000
v 43.63862610 -0.89473152 0.00000000
v 43.84190369 -0.96746492 0.00000000
v 43.74115753 -0.92860317 0.00000000
v 43.94062042 -1.01122379 0.00000000
v 44.03707123 -1.05977345 0.00000000
v 44.13102722 -1.11299706 0.00000000
v 44.22225571 -1.17076683 0.00000000
v 44.31053925 -1.23294353 0.00000000
v 44.39566422 -1.29937696 0.00000000
v 44.47742844 -1.36990738 0.00000000
v 44.55563354 -1.44436502 0.00000000
v 42.87500000 3.25000000 4.89568377
v 36.01430130 -7.73999929 10.00000000
v 35.84849930 -7.63500547 10.00000000
v 35.90261078 -7.67180634 10.00000000
v 35.95790100 -7.70681667 10.00000000
v 36.07176208 -7.77131891 10.00000000
v 36.13021469 -7.80074167 10.00000000
v 36.18959808 -7.82823610 10.00000000
v 36.24985123 -7.85377264 10.00000000
v 36.34171295 -7.88834763 10.00000000
v 36.43516541 -7.91837358 10.00000000
v 36.49823380 -7.93582773 10.00000000
v 36.59382629 -7.95811605 10.00000000
v 36.65811157 -7.97035742 10.00000000
v 36.72276306 -7.98048878 10.00000000
v 36.82027435 -7.99170685 10.00000000
v 36.91822052 -7.99812651 10.00000000
v 37.79999924 -8.00000000 10.00000000
v 43.32280731 -5.17618847 4.47719193
v 43.21563721 -5.18940639 4.58436203
v 43.10794830 -5.19735003 4.69205093
v 43.00000000 -5.19999981 4.79999924
v 42.89205170 -5.19735003 4.90794754
v 42.78436279 -5.18940639 5.01563644
v 42.67719269 -5.17618847 5.12280655
v 42.57080078 -5.15772772 5.22919846
v 42.46544266 -5.13406849 5.33455658
v 42.36137390 -5.10526848 5.43862534
v 44.98877716 -2.05937862 2.81122208
v 44.88700104 -1.86897373 2.91299820
v 44.94022751 -1.96292734 2.85977173
v 44.82923126 -1.77774525 2.97076797
v 44.76705551 -1.68946171 3.03294373
v 44.70062256 -1.60433483 3.09937668
v 44.63009262 -1.52257013 3.16990662
v 43.94062042 -4.98877621 3.85937881
v 43.84190369 -5.03253508 3.95809555
v 43.74115753 -5.07139683 4.05884171
v 43.63862610 -5.10526848 4.16137314
v 43.53455734 -5.13406849 4.26544189
v 43.42919922 -5.15772772 4.37080002
v 44.55563354 -1.44436502 3.24436569
v 44.47742844 -1.36990738 3.32257080
v 44.39566422 -1.29937696 3.40433502
v 44.31053925 -1.23294353 3.48945999
v 44.22225571 -1.17076683 3.57774353
v 44.13102722 -1.11299706 3.66897202
v 44.03707123 -1.05977345 3.76292801
v 43.94062042 -1.01122379 3.85937881
v 43.84190369 -0.96746492 3.95809555
v 43.74115753 -0.92860317 4.05884171
v 43.42919922 -0.84227228 4.37080002
v 43.53455734 -0.86593151 4.26544189
v 43.32280731 -0.82381153 4.47719193
v 43.21563721 -0.81059361 4.58436203
v 43.10794830 -0.80264997 4.69205093
v 43.00000000 -0.80000019 4.79999924
v 42.89205170 -0.80264997 4.90794754
v 42.78436279 -0.81059361 5.01563644
v 42.87500000 3.25000000 4.92499924
v 43.63862610 -0.89473152 4.16137314
v 42.87500000 45.00000000 0.00000000
v 42.87500000 44.75000000 0.00000000
v 42.87500000 44.75000000 4.92499924
v 26.69134140 5.03906059 10.00000000
v 26.67612457 5.03304672 10.00000000
v 26.66071892 5.02753448 10.00000000
v 26.64514160 5.02252960 10.00000000
v 26.76403427 5.07639885 10.00000000
v 26.75000000 5.06798744 10.00000000
v 26.73569870 5.06003952 10.00000000
v 26.72114372 5.05256367 10.00000000
v 26.70635414 5.04556847 10.00000000
v 26.82967377 5.12508011 10.00000000
v 26.81719589 5.11449432 10.00000000
v 26.80438042 5.10432339 10.00000000
v 26.79123878 5.09457684 10.00000000
v 26.77778435 5.08526516 10.00000000
v 26.84179688 5.13606834 10.00000000
v 26.90642357 5.20976067 10.00000000
v 26.89667702 5.19661903 10.00000000
v 26.88650513 5.18380356 10.00000000
v 26.87591934 5.17132759 10.00000000
v 26.86493111 5.15920448 10.00000000
v 26.85355377 5.14744663 10.00000000
v 26.91573524 5.22321510 10.00000000
v 26.96795273 5.32487488 10.00000000
v 26.96193886 5.30965805 10.00000000
v 26.95543098 5.29464626 10.00000000
v 26.94843674 5.27985573 10.00000000
v 26.94095993 5.26530170 10.00000000
v 26.93301201 5.25099945 10.00000000
v 26.92460060 5.23696613 10.00000000
v 26.97346497 5.34028053 10.00000000
v 26.99332237 5.41955185 10.00000000
v 26.99039268 5.40345478 10.00000000
v 26.98693848 5.38746166 10.00000000
v 26.98296356 5.37159061 10.00000000
v 26.97846985 5.35585785 10.00000000
v 27.00000000 5.50099945 10.00000000
v 26.99973297 5.48464012 10.00000000
v 26.99892998 5.46829796 10.00000000
v 26.99759293 5.45199203 10.00000000
v 26.99572182 5.43573761 10.00000000
v 27.00000000 6.00000000 10.00000000
v 35.91744614 6.00000000 10.00000000
v 41.23294449 -1.68946171 6.56705475
v 41.29937744 -1.60433483 6.50062180
v 41.17076874 -1.77774525 6.62923050
v 41.11299896 -1.86897373 6.68700027
v 41.05977249 -1.96292734 6.74022675
v 37.00818253 -8.00000000 10.00000000
v 41.60433578 -4.70062304 6.19566345
v 41.52257156 -4.63009262 6.27742767
v 42.25884247 -5.07139683 5.54115677
v 42.15809631 -5.03253508 5.64190292
v 42.05937958 -4.98877621 5.74061966
v 41.96292877 -4.94022655 5.83707047
v 41.86897278 -4.88700294 5.93102646
v 41.77774429 -4.82923317 6.02225494
v 41.68946075 -4.76705647 6.11053848
v 37.79999924 3.25000000 10.00000000
v 41.36990738 -1.52257013 6.43009186
v 42.36137390 -0.89473152 5.43862534
v 42.46544266 -0.86593151 5.33455658
v 42.25884247 -0.92860317 5.54115677
v 42.67719269 -0.82381153 5.12280655
v 42.57080078 -0.84227228 5.22919846
v 42.15809631 -0.96746492 5.64190292
v 42.05937958 -1.01122379 5.74061966
v 41.96292877 -1.05977345 5.83707047
v 41.86897278 -1.11299706 5.93102646
v 41.77774429 -1.17076683 6.02225494
v 41.68946075 -1.23294353 6.11053848
v 41.60433578 -1.29937696 6.19566345
v 41.52257156 -1.36990738 6.27742767
v 41.44436646 -1.44436502 6.35563278
v 41.44436646 -4.55563498 6.35563278
v 41.36990738 -4.47742987 6.43009186
v 41.29937744 -4.39566517 6.50062180
v 41.23294449 -4.31053829 6.56705475
v 41.17076874 -4.22225475 6.62923050
v 41.11299896 -4.13102627 6.68700027
v 41.05977249 -4.03707266 6.74022675
v 41.01122284 -3.94062138 6.78877640
v 40.96746445 -3.84190369 6.83253479
v 40.92860413 -3.74115753 6.87139511
v 40.89472961 -3.63862610 6.90526962
v 40.86593246 -3.53455639 6.93406677
v 40.84227371 -3.42919874 6.95772552
v 41.01122284 -2.05937862 6.78877640
v 40.96746445 -2.15809631 6.83253479
v 40.86593246 -2.46544361 6.93406677
v 40.89472961 -2.36137390 6.90526962
v 40.84227371 -2.57080126 6.95772552
v 40.92860413 -2.25884247 6.87139511
v 40.82381058 -3.32280731 6.97618866
v 40.81059265 -3.21563768 6.98940659
v 40.80265045 -3.10794878 6.99734879
v 40.79999924 -3.00000000 7.00000000
v 40.80265045 -2.89205122 6.99734879
v 40.81059265 -2.78436232 6.98940659
v 40.82381058 -2.67719269 6.97618866
v 42.87500000 3.25000000 10.00000000
v 40.00000000 6.00000000 10.00000000
v 40.06543732 6.00107098 10.00000000
v 40.13080597 6.00428200 10.00000000
v 40.19603348 6.00963020 10.00000000
v 40.26105118 6.01711082 10.00000000
v 40.32579041 6.02671337 10.00000000
v 40.39018250 6.03842926 10.00000000
v 40.45415115 6.05224609 10.00000000
v 40.51763916 6.06814766 10.00000000
v 40.58057022 6.08611870 10.00000000
v 40.64287949 6.10614014 10.00000000
v 40.76536560 6.15224075 10.00000000
v 40.70449829 6.12818813 10.00000000
v 40.82541275 6.17827225 10.00000000
v 40.88457870 6.20625496 10.00000000
v 40.94279480 6.23615742 10.00000000
v 41.00000000 6.26794910 10.00000000
v 41.11114120 6.33706093 10.00000000
v 41.05613708 6.30159569 10.00000000
v 41.16495514 6.37430668 10.00000000
v 41.21752167 6.41329384 10.00000000
v 41.26878738 6.45397949 10.00000000
v 41.31869125 6.49632072 10.00000000
v 41.36718369 6.54027176 10.00000000
v 41.45972824 6.63281536 10.00000000
v 41.41421509 6.58578682 10.00000000
v 41.50368118 6.68130875 10.00000000
v 41.54602051 6.73121357 10.00000000
v 41.58670807 6.78247738 10.00000000
v 41.62569427 6.83504486 10.00000000
v 41.66294098 6.88885975 10.00000000
v 41.73205185 7.00000000 10.00000000
v 41.69840622 6.94386482 10.00000000
v 41.76384354 7.05720711 10.00000000
v 41.79374695 7.11542320 10.00000000
v 41.82172775 7.17458534 10.00000000
v 41.84775925 7.23463249 10.00000000
v 41.87181091 7.29549980 10.00000000
v 41.89385986 7.35712051 10.00000000
v 41.91387939 7.41943073 10.00000000
v 41.93185043 7.48236179 10.00000000
v 41.94775391 7.54584694 10.00000000
v 41.96157074 7.60981941 10.00000000
v 41.97328568 7.67420959 10.00000000
v 41.98289108 7.73894691 10.00000000
v 41.99036789 7.80396557 10.00000000
v 41.99571609 7.86919403 10.00000000
v 41.99892807 7.93456173 10.00000000
v 42.87500000 44.75000000 10.00000000
v 42.00000000 8.00000000 10.00000000
v 32.75008011 46.32785797 0.00000000
v 33.00013351 48.00000000 0.00000000
v 33.00133896 48.04906082 10.00000000
v 33.00133896 48.04906082 0.00000000
v 33.00668716 48.11427307 10.00000000
v 33.00668716 48.11427307 0.00000000
v 33.01628494 48.17899323 10.00000000
v 33.01628494 48.17899323 0.00000000
v 33.02267075 48.21108246 10.00000000
v 33.02267075 48.21108246 0.00000000
v 33.03856659 48.27455139 10.00000000
v 33.03856659 48.27455139 0.00000000
v 33.05858231 48.33684540 10.00000000
v 33.05858231 48.33684540 0.00000000
v 33.08263016 48.39769745 10.00000000
v 33.08263016 48.39769745 0.00000000
v 33.11060333 48.45684433 10.00000000
v 33.11060333 48.45684433 0.00000000
v 33.14238739 48.51403427 10.00000000
v 33.14238739 48.51403427 0.00000000
v 33.17784119 48.56902313 10.00000000
v 33.17784119 48.56902313 0.00000000
v 33.21681976 48.62157822 10.00000000
v 33.21681976 48.62157822 0.00000000
v 33.25914764 48.67147064 10.00000000
v 33.25914764 48.67147064 0.00000000
v 33.30464935 48.71848679 10.00000000
v 33.30464935 48.71848679 0.00000000
v 33.35313034 48.76242447 10.00000000
v 33.35313034 48.76242447 0.00000000
v 33.40438080 48.80310059 10.00000000
v 33.40438080 48.80310059 0.00000000
v 33.45818329 48.84033585 10.00000000
v 33.45818329 48.84033585 0.00000000
v 33.51430130 48.87397385 10.00000000
v 33.51430130 48.87397385 0.00000000
v 33.57250214 48.90386963 10.00000000
v 33.57250214 48.90386963 0.00000000
v 33.63253403 48.92989349 10.00000000
v 33.63253403 48.92989349 0.00000000
v 33.73585510 48.96859741 10.00000000
v 33.73585510 48.96859741 0.00000000
v 33.79711914 48.99402237 10.00000000
v 33.79711914 48.99402237 0.00000000
v 33.85750961 49.02146530 10.00000000
v 33.85750961 49.02146530 0.00000000
v 33.91695404 49.05089569 10.00000000
v 33.91695404 49.05089569 0.00000000
v 33.97539139 49.08227921 10.00000000
v 33.97539139 49.08227921 0.00000000
v 34.03275299 49.11558533 10.00000000
v 34.03275299 49.11558533 0.00000000
v 34.08898163 49.15077209 10.00000000
v 34.08898163 49.15077209 0.00000000
v 34.14401245 49.18780899 10.00000000
v 34.14401245 49.18780899 0.00000000
v 34.19778442 49.22664642 10.00000000
v 34.19778442 49.22664642 0.00000000
v 34.25023651 49.26724625 10.00000000
v 34.25023651 49.26724625 0.00000000
v 34.30131531 49.30956650 10.00000000
v 34.30131531 49.30956650 0.00000000
v 34.35096359 49.35355377 10.00000000
v 34.35096359 49.35355377 0.00000000
v 34.39912415 49.39916611 10.00000000
v 34.39912415 49.39916611 0.00000000
v 34.44574738 49.44634628 10.00000000
v 34.44574738 49.44634628 0.00000000
v 34.49077988 49.49504852 10.00000000
v 34.49077988 49.49504852 0.00000000
v 34.53417206 49.54521942 10.00000000
v 34.53417206 49.54521942 0.00000000
v 34.57587814 49.59679794 10.00000000
v 34.57587814 49.59679794 0.00000000
v 34.61584854 49.64973450 10.00000000
v 34.61584854 49.64973450 0.00000000
v 34.65404129 49.70396423 10.00000000
v 34.65404129 49.70396423 0.00000000
v 34.69041824 49.75943375 10.00000000
v 34.69041824 49.75943375 0.00000000
v 34.72493362 49.81607819 10.00000000
v 34.72493362 49.81607819 0.00000000
v 34.75754929 49.87383652 10.00000000
v 34.75754929 49.87383652 0.00000000
v 34.78823471 49.93264008 10.00000000
v 34.78823471 49.93264008 0.00000000
v 34.81695175 49.99243546 10.00000000
v 34.81695175 49.99243546 0.00000000
v 34.84366989 50.05314636 10.00000000
v 34.84366989 50.05314636 0.00000000
v 34.86836243 50.11471176 10.00000000
v 34.86836243 50.11471176 0.00000000
v 34.89099884 50.17705917 10.00000000
v 34.89099884 50.17705917 0.00000000
v 34.91155624 50.24012375 10.00000000
v 34.91155624 50.24012375 0.00000000
v 34.93000793 50.30383682 10.00000000
v 34.93000793 50.30383682 0.00000000
v 34.94633865 50.36812973 10.00000000
v 34.94633865 50.36812973 0.00000000
v 34.96052933 50.43292236 10.00000000
v 34.96052933 50.43292236 0.00000000
v 34.97256088 50.49815369 10.00000000
v 34.97256088 50.49815369 0.00000000
v 34.98242569 50.56374741 10.00000000
v 34.98242569 50.56374741 0.00000000
v 34.99010849 50.62963104 10.00000000
v 34.99010849 50.62963104 0.00000000
v 34.99560165 50.69573593 10.00000000
v 34.99560165 50.69573593 0.00000000
v 34.99890137 50.76198578 10.00000000
v 34.99890137 50.76198578 0.00000000
v 35.00000000 50.82830811 10.00000000
v 35.00000000 50.82830811 0.00000000
v 35.00013351 54.00817871 10.00000000
v 35.00013351 54.00817871 0.00000000
v 35.00347900 54.11446381 10.00000000
v 35.00347900 54.11446381 0.00000000
v 35.01150131 54.21229172 10.00000000
v 35.01150131 54.21229172 0.00000000
v 35.01951218 54.27723694 10.00000000
v 35.01951218 54.27723694 0.00000000
v 35.02964401 54.34188843 10.00000000
v 35.02964401 54.34188843 0.00000000
v 35.04878998 54.43815994 10.00000000
v 35.04878998 54.43815994 0.00000000
v 35.06417084 54.50176620 10.00000000
v 35.06417084 54.50176620 0.00000000
v 35.08162689 54.56483459 10.00000000
v 35.08162689 54.56483459 0.00000000
v 35.11165237 54.65828705 10.00000000
v 35.11165237 54.65828705 0.00000000
v 35.14622879 54.75014877 10.00000000
v 35.14622879 54.75014877 0.00000000
v 35.17176437 54.81040192 10.00000000
v 35.17176437 54.81040192 0.00000000
v 35.19925690 54.86978531 10.00000000
v 35.19925690 54.86978531 0.00000000
v 35.24410629 54.95709610 10.00000000
v 35.24410629 54.95709610 0.00000000
v 35.27635956 55.01403427 10.00000000
v 35.27635956 55.01403427 0.00000000
v 35.31046295 55.06988907 10.00000000
v 35.31046295 55.06988907 0.00000000
v 35.34637451 55.12459564 10.00000000
v 35.34637451 55.12459564 0.00000000
v 35.38405228 55.17809677 10.00000000
v 35.38405228 55.17809677 0.00000000
v 35.44380569 55.25597000 10.00000000
v 35.44380569 55.25597000 0.00000000
v 35.48573303 55.30621338 10.00000000
v 35.48573303 55.30621338 0.00000000
v 35.52928162 55.35506058 10.00000000
v 35.52928162 55.35506058 0.00000000
v 35.57440567 55.40245438 10.00000000
v 35.57440567 55.40245438 0.00000000
v 35.62105560 55.44834900 10.00000000
v 35.62105560 55.44834900 0.00000000
v 35.66918564 55.49269104 10.00000000
v 35.66918564 55.49269104 0.00000000
v 35.71873474 55.53543472 10.00000000
v 35.71873474 55.53543472 0.00000000
v 35.79561996 55.59645462 10.00000000
v 35.79561996 55.59645462 0.00000000
v 35.84849930 55.63500595 10.00000000
v 35.84849930 55.63500595 0.00000000
v 42.87500000 44.75000000 0.02931547
v 42.87500000 45.00000000 4.92499924
v 40.75503159 49.49996185 0.00000000
v 40.83134079 49.39161301 0.00000000
v 40.91287231 49.28713989 0.00000000
v 40.99943161 49.18679047 0.00000000
v 41.09081268 49.09081268 0.00000000
v 41.18679047 48.99943161 0.00000000
v 41.28713989 48.91287231 0.00000000
v 35.90261078 55.67180634 0.00000000
v 35.98596573 55.72364044 0.00000000
v 36.04290390 55.75589371 0.00000000
v 36.10086823 55.78627014 0.00000000
v 36.18959808 55.82823563 0.00000000
v 36.28028107 55.86579895 0.00000000
v 36.37269974 55.89886475 0.00000000
v 36.46662903 55.92735672 0.00000000
v 36.52997589 55.94377899 0.00000000
v 36.59382629 55.95811462 0.00000000
v 36.69039536 55.97568893 0.00000000
v 36.78770828 55.98849869 0.00000000
v 36.99182129 55.99986649 0.00000000
v 40.55922699 49.84560013 0.00000000
v 40.61881256 49.72723007 0.00000000
v 40.50552368 49.96675491 0.00000000
v 40.68413162 49.61192322 0.00000000
v 36.88553619 55.99652100 0.00000000
v 40.30325317 50.86751556 0.00000000
v 40.31299973 50.73535538 0.00000000
v 40.29999924 51.00000000 0.00000000
v 40.30325317 51.13248444 0.00000000
v 40.31299973 51.26464462 0.00000000
v 40.41625977 50.21623230 0.00000000
v 40.45783234 50.09039688 0.00000000
v 40.38091660 50.34395218 0.00000000
v 40.35187912 50.47325516 0.00000000
v 40.32922363 50.60382843 0.00000000
v 40.32922363 51.39617157 0.00000000
v 40.35187912 51.52674484 0.00000000
v 40.38091660 51.65604782 0.00000000
v 40.41625977 51.78376770 0.00000000
v 40.45783234 51.90960312 0.00000000
v 40.50552368 52.03324509 0.00000000
v 40.55922699 52.15439987 0.00000000
v 40.61881256 52.27276993 0.00000000
v 40.68413162 52.38807678 0.00000000
v 40.75503159 52.50003815 0.00000000
v 40.83134079 52.60838699 0.00000000
v 40.91287231 52.71286011 0.00000000
v 40.99943161 52.81320953 0.00000000
v 41.09081268 52.90918732 0.00000000
v 41.18679047 53.00056839 0.00000000
v 41.28713989 53.08712769 0.00000000
v 41.39161301 53.16865921 0.00000000
v 41.49996185 53.24496841 0.00000000
v 41.61192322 53.31586838 0.00000000
v 41.72723007 53.38118744 0.00000000
v 41.84560013 53.44077301 0.00000000
v 41.96675491 53.49447632 0.00000000
v 42.09039688 53.54216766 0.00000000
v 42.21623230 53.58374023 0.00000000
v 41.49996185 48.75503159 0.00000000
v 41.61192322 48.68413162 0.00000000
v 41.72723007 48.61881256 0.00000000
v 41.84560013 48.55922699 0.00000000
v 41.39161301 48.83134079 0.00000000
v 41.96675491 48.50552368 0.00000000
v 42.09039688 48.45783234 0.00000000
v 42.34395218 48.38091660 0.00000000
v 42.47325516 48.35187912 0.00000000
v 42.21623230 48.41625977 0.00000000
v 42.60382843 48.32922363 0.00000000
v 42.73535538 48.31299973 0.00000000
v 42.86751556 48.30325317 0.00000000
v 43.00000000 48.29999924 0.00000000
v 43.13248444 48.30325317 0.00000000
v 43.26464462 48.31299973 0.00000000
v 43.39617157 48.32922363 0.00000000
v 43.52674484 48.35187912 0.00000000
v 43.65604782 48.38091660 0.00000000
v 43.78376770 48.41625977 0.00000000
v 43.90960312 48.45783234 0.00000000
v 44.03324509 48.50552368 0.00000000
v 44.15439987 48.55922699 0.00000000
v 47.79999924 45.00000000 0.00000000
v 44.27276993 48.61881256 0.00000000
v 44.38807678 48.68413162 0.00000000
v 44.50003815 48.75503159 0.00000000
v 44.60838699 48.83134079 0.00000000
v 44.71286011 48.91287231 0.00000000
v 44.81320953 48.99943161 0.00000000
v 44.90918732 49.09081268 0.00000000
v 45.00056839 49.18679047 0.00000000
v 45.08712769 49.28713989 0.00000000
v 45.16865921 49.39161301 0.00000000
v 45.24496841 49.49996185 0.00000000
v 45.24496841 49.49996185 2.55503082
v 45.16865921 49.39161301 2.63134003
v 45.08712769 49.28713989 2.71287155
v 45.00056839 49.18679047 2.79943085
v 44.90918732 49.09081268 2.89081192
v 44.81320953 48.99943161 2.98678970
v 44.71286011 48.91287231 3.08713913
v 44.60838699 48.83134079 3.19161224
v 44.50003815 48.75503159 3.29996109
v 47.79999924 55.99998856 0.00000000
v 42.34395218 53.61908340 0.00000000
v 42.47325516 53.64812088 0.00000000
v 42.60382843 53.67077637 0.00000000
v 42.73535538 53.68700027 0.00000000
v 42.86751556 53.69674683 0.00000000
v 43.00000000 53.70000076 0.00000000
v 43.13248444 53.69674683 0.00000000
v 43.26464462 53.68700027 0.00000000
v 45.31586838 49.61192322 0.00000000
v 45.38118744 49.72723007 0.00000000
v 45.44077301 49.84560013 0.00000000
v 45.49447632 49.96675491 0.00000000
v 45.54216766 50.09039688 0.00000000
v 45.58374023 50.21623230 0.00000000
v 45.61908340 50.34395218 0.00000000
v 45.64812088 50.47325516 0.00000000
v 45.67077637 50.60382843 0.00000000
v 45.68700027 50.73535538 0.00000000
v 45.69674683 50.86751556 0.00000000
v 45.70000076 51.00000000 0.00000000
v 45.69674683 51.13248444 0.00000000
v 45.68700027 51.26464462 0.00000000
v 45.67077637 51.39617157 0.00000000
v 45.64812088 51.52674484 0.00000000
v 45.61908340 51.65604782 0.00000000
v 45.58374023 51.78376770 0.00000000
v 45.68700027 51.26464462 2.11299896
v 44.90918732 52.90918732 0.00000000
v 44.81320953 53.00056839 0.00000000
v 45.00056839 52.81320953 0.00000000
v 45.44077301 52.15439987 0.00000000
v 45.38118744 52.27276993 0.00000000
v 45.54216766 51.90960312 0.00000000
v 45.49447632 52.03324509 0.00000000
v 45.24496841 52.50003815 0.00000000
v 45.16865921 52.60838699 0.00000000
v 45.08712769 52.71286011 0.00000000
v 45.31586838 52.38807678 0.00000000
v 43.39617157 53.67077637 0.00000000
v 43.52674484 53.64812088 0.00000000
v 43.65604782 53.61908340 0.00000000
v 43.78376770 53.58374023 0.00000000
v 43.90960312 53.54216766 0.00000000
v 44.03324509 53.49447632 0.00000000
v 44.15439987 53.44077301 0.00000000
v 44.38807678 53.31586838 0.00000000
v 44.27276993 53.38118744 0.00000000
v 44.50003815 53.24496841 0.00000000
v 44.60838699 53.16865921 0.00000000
v 44.71286011 53.08712769 0.00000000
v 45.54216766 50.09039688 2.25783157
v 45.49447632 49.96675491 2.30552292
v 45.44077301 49.84560013 2.35922623
v 45.38118744 49.72723007 2.41881180
v 45.31586838 49.61192322 2.48413086
v 45.69674683 50.86751556 2.10325241
v 45.68700027 50.73535538 2.11299896
v 45.70000076 51.00000000 2.09999847
v 45.58374023 50.21623230 2.21625900
v 45.64812088 50.47325516 2.15187836
v 45.61908340 50.34395218 2.18091583
v 45.67077637 50.60382843 2.12922287
v 45.69674683 51.13248444 2.10325241
v 45.49447632 52.03324509 2.30552292
v 45.54216766 51.90960312 2.25783157
v 45.44077301 52.15439987 2.35922623
v 45.38118744 52.27276993 2.41881180
v 45.31586838 52.38807678 2.48413086
v 45.24496841 52.50003815 2.55503082
v 45.16865921 52.60838699 2.63134003
v 45.08712769 52.71286011 2.71287155
v 45.00056839 52.81320953 2.79943085
v 45.67077637 51.39617157 2.12922287
v 45.64812088 51.52674484 2.15187836
v 45.61908340 51.65604782 2.18091583
v 45.58374023 51.78376770 2.21625900
v 44.90918732 52.90918732 2.89081192
v 44.81320953 53.00056839 2.98678970
v 44.71286011 53.08712769 3.08713913
v 44.60838699 53.16865921 3.19161224
v 44.50003815 53.24496841 3.29996109
v 44.27276993 53.38118744 3.52722931
v 44.38807678 53.31586838 3.41192245
v 44.15439987 53.44077301 3.64559937
v 44.03324509 53.49447632 3.76675415
v 35.90261078 55.67180634 10.00000000
v 35.98596573 55.72364044 10.00000000
v 36.04290390 55.75589371 10.00000000
v 36.10086823 55.78627014 10.00000000
v 36.18959808 55.82823563 10.00000000
v 36.28028107 55.86579895 10.00000000
v 36.37269974 55.89886475 10.00000000
v 36.46662903 55.92735672 10.00000000
v 36.52997589 55.94377899 10.00000000
v 36.59382629 55.95811462 10.00000000
v 36.69039536 55.97568893 10.00000000
v 36.78770828 55.98849869 10.00000000
v 36.88553619 55.99652100 10.00000000
v 36.99182129 55.99986649 10.00000000
v 44.38807678 48.68413162 3.41192245
v 44.27276993 48.61881256 3.52722931
v 44.15439987 48.55922699 3.64559937
v 44.03324509 48.50552368 3.76675415
v 43.90960312 48.45783234 3.89039612
v 43.78376770 48.41625977 4.01623154
v 43.65604782 48.38091660 4.14395142
v 43.52674484 48.35187912 4.27325439
v 43.39617157 48.32922363 4.40382767
v 43.26464462 48.31299973 4.53535461
v 43.13248444 48.30325317 4.66751480
v 43.00000000 48.29999924 4.79999924
v 42.86751556 48.30325317 4.93248367
v 42.73535538 48.31299973 5.06464386
v 43.13248444 53.69674683 4.66751480
v 43.26464462 53.68700027 4.53535461
v 43.00000000 53.70000076 4.79999924
v 42.86751556 53.69674683 4.93248367
v 42.60382843 53.67077637 5.19617081
v 42.73535538 53.68700027 5.06464386
v 42.47325516 53.64812088 5.32674408
v 42.34395218 53.61908340 5.45604706
v 42.21623230 53.58374023 5.58376694
v 43.78376770 53.58374023 4.01623154
v 43.90960312 53.54216766 3.89039612
v 43.65604782 53.61908340 4.14395142
v 43.52674484 53.64812088 4.27325439
v 43.39617157 53.67077637 4.40382767
v 33.00013351 48.00000000 10.00000000
v 32.17639160 44.95852280 10.00000000
v 37.13489151 42.00000000 10.00000000
v 37.79999924 48.75601959 10.00000000
v 42.00000000 40.00000000 10.00000000
v 41.28713989 48.91287231 6.51285934
v 41.18679047 48.99943161 6.61320877
v 41.09081268 49.09081268 6.70918655
v 40.99943161 49.18679047 6.80056763
v 40.91287231 49.28713989 6.88712692
v 37.79999924 44.75000000 10.00000000
v 40.83134079 49.39161301 6.96865845
v 37.79999924 55.99987411 10.00000000
v 41.49996185 53.24496841 6.30003738
v 41.61192322 53.31586838 6.18807602
v 42.09039688 53.54216766 5.70960236
v 41.96675491 53.49447632 5.83324432
v 41.84560013 53.44077301 5.95439911
v 41.72723007 53.38118744 6.07276917
v 42.47325516 48.35187912 5.32674408
v 42.34395218 48.38091660 5.45604706
v 42.60382843 48.32922363 5.19617081
v 42.21623230 48.41625977 5.58376694
v 42.09039688 48.45783234 5.70960236
v 41.96675491 48.50552368 5.83324432
v 41.84560013 48.55922699 5.95439911
v 41.72723007 48.61881256 6.07276917
v 41.61192322 48.68413162 6.18807602
v 41.49996185 48.75503159 6.30003738
v 41.39161301 48.83134079 6.40838623
v 37.52836227 44.75000000 10.00000000
v 40.00000000 42.00000000 10.00000000
v 40.06543732 41.99892807 10.00000000
v 40.13080597 41.99571609 10.00000000
v 40.19603348 41.99036789 10.00000000
v 40.26105118 41.98289108 10.00000000
v 40.32579041 41.97328568 10.00000000
v 40.39018250 41.96157074 10.00000000
v 40.45415115 41.94775391 10.00000000
v 40.51763916 41.93185043 10.00000000
v 40.58057022 41.91387939 10.00000000
v 40.64287949 41.89385986 10.00000000
v 40.70449829 41.87181091 10.00000000
v 40.76536560 41.84775925 10.00000000
v 40.94279480 41.76384354 10.00000000
v 41.00000000 41.73205185 10.00000000
v 40.82541275 41.82172775 10.00000000
v 40.88457870 41.79374695 10.00000000
v 41.05613708 41.69840622 10.00000000
v 41.11114120 41.66294098 10.00000000
v 41.16495514 41.62569427 10.00000000
v 41.26878738 41.54602051 10.00000000
v 41.31869125 41.50368118 10.00000000
v 41.21752167 41.58670807 10.00000000
v 40.75503159 49.49996185 7.04496765
v 40.68413162 49.61192322 7.11586761
v 40.61881256 49.72723007 7.18118668
v 40.45783234 50.09039688 7.34216690
v 40.41625977 50.21623230 7.38373947
v 40.38091660 50.34395218 7.41908264
v 40.35187912 50.47325516 7.44812012
v 40.55922699 49.84560013 7.24077225
v 40.50552368 49.96675491 7.29447556
v 41.09081268 52.90918732 6.70918655
v 41.18679047 53.00056839 6.61320877
v 40.91287231 52.71286011 6.88712692
v 40.99943161 52.81320953 6.80056763
v 40.83134079 52.60838699 6.96865845
v 40.75503159 52.50003815 7.04496765
v 40.68413162 52.38807678 7.11586761
v 40.61881256 52.27276993 7.18118668
v 41.39161301 53.16865921 6.40838623
v 41.28713989 53.08712769 6.51285934
v 40.32922363 50.60382843 7.47077560
v 40.31299973 50.73535538 7.48699951
v 40.30325317 50.86751556 7.49674606
v 40.29999924 51.00000000 7.50000000
v 40.30325317 51.13248444 7.49674606
v 40.31299973 51.26464462 7.48699951
v 40.32922363 51.39617157 7.47077560
v 40.35187912 51.52674484 7.44812012
v 40.41625977 51.78376770 7.38373947
v 40.45783234 51.90960312 7.34216690
v 40.38091660 51.65604782 7.41908264
v 40.55922699 52.15439987 7.24077225
v 40.50552368 52.03324509 7.29447556
v 41.99892807 40.06543732 10.00000000
v 41.99571609 40.13080597 10.00000000
v 41.98289108 40.26105118 10.00000000
v 41.99036789 40.19603348 10.00000000
v 41.97328568 40.32579041 10.00000000
v 41.96157074 40.39018250 10.00000000
v 41.94775391 40.45415115 10.00000000
v 41.91387939 40.58057022 10.00000000
v 41.93185043 40.51763916 10.00000000
v 41.89385986 40.64287949 10.00000000
v 41.45972824 41.36718369 10.00000000
v 41.50368118 41.31869125 10.00000000
v 41.54602051 41.26878738 10.00000000
v 41.58670807 41.21752167 10.00000000
v 41.84775925 40.76536560 10.00000000
v 41.87181091 40.70449829 10.00000000
v 41.82172775 40.82541275 10.00000000
v 41.76384354 40.94279480 10.00000000
v 41.79374695 40.88457870 10.00000000
v 41.73205185 41.00000000 10.00000000
v 41.62569427 41.16495514 10.00000000
v 41.66294098 41.11114120 10.00000000
v 41.69840622 41.05613708 10.00000000
v 41.36718369 41.45972824 10.00000000
v 41.41421509 41.41421509 10.00000000
v 6.30159569 6.94386482 7.00000000
v 6.26794910 7.00000000 7.00000000
v 6.33706093 6.88885975 7.00000000
v 6.68130827 6.49632072 7.00000000
v 6.73121357 6.45397949 7.00000000
v 6.45397902 6.73121357 7.00000000
v 6.49632025 6.68130875 7.00000000
v 6.54027176 6.63281536 7.00000000
v 6.37430668 6.83504486 7.00000000
v 6.41329336 6.78247738 7.00000000
v 6.58578634 6.58578682 7.00000000
v 6.63281536 6.54027176 7.00000000
v 6.17827225 7.17458534 7.00000000
v 6.15224075 7.23463249 7.00000000
v 6.12818813 7.29549980 7.00000000
v 6.10613966 7.35712051 7.00000000
v 6.08611917 7.41943073 7.00000000
v 6.06814814 7.48236179 7.00000000
v 6.23615742 7.05720711 7.00000000
v 6.20625448 7.11542320 7.00000000
v 6.05224609 7.54584694 7.00000000
v 6.03842926 7.60981941 7.00000000
v 6.02671337 7.67420959 7.00000000
v 6.01711035 7.73894691 7.00000000
v 6.00963068 7.80396557 7.00000000
v 6.00428200 7.86919403 7.00000000
v 6.00107098 7.93456173 7.00000000
v 6.00000000 8.00000000 7.00000000
v 6.78247738 6.41329384 7.00000000
v 6.83504438 6.37430668 7.00000000
v 6.88885975 6.33706093 7.00000000
v 6.94386435 6.30159569 7.00000000
v 7.05720663 6.23615742 7.00000000
v 7.11542273 6.20625496 7.00000000
v 7.00000000 6.26794910 7.00000000
v 7.17458582 6.17827225 7.00000000
v 7.23463297 6.15224075 7.00000000
v 7.29549980 6.12818813 7.00000000
v 7.35712099 6.10614014 7.00000000
v 7.41943073 6.08611870 7.00000000
v 7.48236179 6.06814766 7.00000000
v 7.54584742 6.05224609 7.00000000
v 7.60981941 6.03842926 7.00000000
v 7.67420912 6.02671337 7.00000000
v 7.73894739 6.01711082 7.00000000
v 7.80396557 6.00963020 7.00000000
v 7.86919355 6.00428200 7.00000000
v 7.93456173 6.00107098 7.00000000
v 8.00000000 6.00000000 7.00000000
v 6.00000000 40.00000000 7.00000000
v 21.00000000 6.00000000 8.80000019
v 40.00000000 6.00000000 7.00000000
v 21.07539940 5.23696613 8.80000019
v 21.06698799 5.25099945 8.80000019
v 21.14644623 5.14744663 8.80000019
v 21.13506889 5.15920448 8.80000019
v 21.11349487 5.18380356 8.80000019
v 21.12408066 5.17132759 8.80000019
v 21.09357643 5.20976067 8.80000019
v 21.10332298 5.19661903 8.80000019
v 21.08426476 5.22321510 8.80000019
v 21.26430130 5.06003952 8.80000019
v 21.27885628 5.05256367 8.80000019
v 21.29364586 5.04556847 8.80000019
v 21.15820312 5.13606834 8.80000019
v 21.17032623 5.12508011 8.80000019
v 21.18280411 5.11449432 8.80000019
v 21.20876122 5.09457684 8.80000019
v 21.22221565 5.08526516 8.80000019
v 21.19561958 5.10432339 8.80000019
v 21.25000000 5.06798744 8.80000019
v 21.23596573 5.07639885 8.80000019
v 21.32387543 5.03304672 8.80000019
v 21.30865860 5.03906059 8.80000019
v 21.33928108 5.02753448 8.80000019
v 21.35485840 5.02252960 8.80000019
v 21.37059021 5.01803780 8.80000019
v 21.38646126 5.01406097 8.80000019
v 21.40245438 5.01060677 8.80000019
v 21.41855240 5.00767899 8.80000019
v 21.43473625 5.00527763 8.80000019
v 21.00960732 5.40345478 8.80000019
v 21.00667763 5.41955185 8.80000019
v 21.00427818 5.43573761 8.80000019
v 21.00240707 5.45199203 8.80000019
v 21.00107002 5.46829796 8.80000019
v 21.00026703 5.48464012 8.80000019
v 21.00000000 5.50099945 8.80000019
v 21.05904007 5.26530170 8.80000019
v 21.05156326 5.27985573 8.80000019
v 21.04456902 5.29464626 8.80000019
v 21.03806114 5.30965805 8.80000019
v 21.03204727 5.32487488 8.80000019
v 21.02653503 5.34028053 8.80000019
v 21.02153015 5.35585785 8.80000019
v 21.01703644 5.37159061 8.80000019
v 21.01306152 5.38746166 8.80000019
v 21.45099068 5.00340748 8.80000019
v 21.46729851 5.00207043 8.80000019
v 21.48364067 5.00126839 8.80000019
v 21.50000000 5.00099945 8.80000019
v 26.50000000 5.00099945 8.80000019
v 6.00428200 40.13080597 7.00000000
v 6.00107098 40.06543732 7.00000000
v 6.00963068 40.19603348 7.00000000
v 6.01711035 40.26105118 7.00000000
v 6.02671337 40.32579041 7.00000000
v 6.03842926 40.39018250 7.00000000
v 6.05224609 40.45415115 7.00000000
v 6.06814814 40.51763916 7.00000000
v 6.08611917 40.58057022 7.00000000
v 6.10613966 40.64287949 7.00000000
v 6.12818813 40.70449829 7.00000000
v 6.15224075 40.76536560 7.00000000
v 6.17827225 40.82541275 7.00000000
v 6.20625448 40.88457870 7.00000000
v 6.23615742 40.94279480 7.00000000
v 6.26794910 41.00000000 7.00000000
v 6.30159569 41.05613708 7.00000000
v 6.33706093 41.11114120 7.00000000
v 6.37430668 41.16495514 7.00000000
v 6.41329336 41.21752167 7.00000000
v 6.45397902 41.26878738 7.00000000
v 6.49632025 41.31869125 7.00000000
v 6.54027176 41.36718369 7.00000000
v 6.58578634 41.41421509 7.00000000
v 6.63281536 41.45972824 7.00000000
v 6.68130827 41.50368118 7.00000000
v 6.73121357 41.54602051 7.00000000
v 6.78247738 41.58670807 7.00000000
v 6.83504438 41.62569427 7.00000000
v 6.88885975 41.66294098 7.00000000
v 6.94386435 41.69840622 7.00000000
v 7.00000000 41.73205185 7.00000000
v 7.05720663 41.76384354 7.00000000
v 7.11542273 41.79374695 7.00000000
v 7.17458582 41.82172775 7.00000000
v 7.23463297 41.84775925 7.00000000
v 7.29549980 41.87181091 7.00000000
v 7.35712099 41.89385986 7.00000000
v 7.41943073 41.91387939 7.00000000
v 7.48236179 41.93185043 7.00000000
v 7.54584742 41.94775391 7.00000000
v 7.60981941 41.96157074 7.00000000
v 7.67420912 41.97328568 7.00000000
v 7.73894739 41.98289108 7.00000000
v 7.80396557 41.99036789 7.00000000
v 7.86919355 41.99571609 7.00000000
v 7.93456173 41.99892807 7.00000000
v 8.00000000 42.00000000 7.00000000
v 40.00000000 42.00000000 7.00000000
v 27.00000000 6.00000000 8.80000019
v 26.51635933 5.00126839 8.80000019
v 26.53270149 5.00207043 8.80000019
v 26.54900932 5.00340748 8.80000019
v 26.56526375 5.00527763 8.80000019
v 26.58144760 5.00767899 8.80000019
v 26.59754562 5.01060677 8.80000019
v 26.61353874 5.01406097 8.80000019
v 26.62940979 5.01803780 8.80000019
v 26.64514160 5.02252960 8.80000019
v 26.66071892 5.02753448 8.80000019
v 26.67612457 5.03304672 8.80000019
v 26.69134140 5.03906059 8.80000019
v 26.70635414 5.04556847 8.80000019
v 26.72114372 5.05256367 8.80000019
v 26.73569870 5.06003952 8.80000019
v 26.75000000 5.06798744 8.80000019
v 26.76403427 5.07639885 8.80000019
v 26.77778435 5.08526516 8.80000019
v 26.79123878 5.09457684 8.80000019
v 26.80438042 5.10432339 8.80000019
v 26.81719589 5.11449432 8.80000019
v 26.82967377 5.12508011 8.80000019
v 26.84179688 5.13606834 8.80000019
v 26.85355377 5.14744663 8.80000019
v 26.86493111 5.15920448 8.80000019
v 26.87591934 5.17132759 8.80000019
v 26.88650513 5.18380356 8.80000019
v 26.89667702 5.19661903 8.80000019
v 26.90642357 5.20976067 8.80000019
v 26.91573524 5.22321510 8.80000019
v 26.92460060 5.23696613 8.80000019
v 26.93301201 5.25099945 8.80000019
v 26.94095993 5.26530170 8.80000019
v 26.94843674 5.27985573 8.80000019
v 26.95543098 5.29464626 8.80000019
v 26.96193886 5.30965805 8.80000019
v 26.96795273 5.32487488 8.80000019
v 26.97346497 5.34028053 8.80000019
v 26.97846985 5.35585785 8.80000019
v 26.98296356 5.37159061 8.80000019
v 26.98693848 5.38746166 8.80000019
v 26.99039268 5.40345478 8.80000019
v 26.99332237 5.41955185 8.80000019
v 26.99572182 5.43573761 8.80000019
v 26.99759293 5.45199203 8.80000019
v 26.99892998 5.46829796 8.80000019
v 26.99973297 5.48464012 8.80000019
v 27.00000000 5.50099945 8.80000019
v 40.06543732 6.00107098 7.00000000
v 40.13080597 6.00428200 7.00000000
v 40.19603348 6.00963020 7.00000000
v 40.26105118 6.01711082 7.00000000
v 40.32579041 6.02671337 7.00000000
v 40.39018250 6.03842926 7.00000000
v 40.45415115 6.05224609 7.00000000
v 40.51763916 6.06814766 7.00000000
v 40.58057022 6.08611870 7.00000000
v 40.64287949 6.10614014 7.00000000
v 40.70449829 6.12818813 7.00000000
v 40.76536560 6.15224075 7.00000000
v 40.82541275 6.17827225 7.00000000
v 40.88457870 6.20625496 7.00000000
v 40.94279480 6.23615742 7.00000000
v 41.00000000 6.26794910 7.00000000
v 41.05613708 6.30159569 7.00000000
v 41.11114120 6.33706093 7.00000000
v 41.16495514 6.37430668 7.00000000
v 41.21752167 6.41329384 7.00000000
v 41.26878738 6.45397949 7.00000000
v 41.31869125 6.49632072 7.00000000
v 41.36718369 6.54027176 7.00000000
v 41.41421509 6.58578682 7.00000000
v 41.45972824 6.63281536 7.00000000
v 41.50368118 6.68130875 7.00000000
v 41.54602051 6.73121357 7.00000000
v 41.58670807 6.78247738 7.00000000
v 41.62569427 6.83504486 7.00000000
v 41.66294098 6.88885975 7.00000000
v 41.69840622 6.94386482 7.00000000
v 41.73205185 7.00000000 7.00000000
v 41.76384354 7.05720711 7.00000000
v 41.79374695 7.11542320 7.00000000
v 41.82172775 7.17458534 7.00000000
v 41.84775925 7.23463249 7.00000000
v 41.87181091 7.29549980 7.00000000
v 41.89385986 7.35712051 7.00000000
v 41.91387939 7.41943073 7.00000000
v 41.93185043 7.48236179 7.00000000
v 41.94775391 7.54584694 7.00000000
v 41.96157074 7.60981941 7.00000000
v 41.97328568 7.67420959 7.00000000
v 41.98289108 7.73894691 7.00000000
v 41.99036789 7.80396557 7.00000000
v 41.99571609 7.86919403 7.00000000
v 41.99892807 7.93456173 7.00000000
v 42.00000000 8.00000000 7.00000000
v 42.00000000 40.00000000 7.00000000
v 40.06543732 41.99892807 7.00000000
v 40.13080597 41.99571609 7.00000000
v 40.19603348 41.99036789 7.00000000
v 40.26105118 41.98289108 7.00000000
v 40.32579041 41.97328568 7.00000000
v 40.39018250 41.96157074 7.00000000
v 40.45415115 41.94775391 7.00000000
v 40.51763916 41.93185043 7.00000000
v 40.58057022 41.91387939 7.00000000
v 40.64287949 41.89385986 7.00000000
v 40.70449829 41.87181091 7.00000000
v 41.36718369 41.45972824 7.00000000
v 41.31869125 41.50368118 7.00000000
v 41.41421509 41.41421509 7.00000000
v 41.54602051 41.26878738 7.00000000
v 41.50368118 41.31869125 7.00000000
v 41.45972824 41.36718369 7.00000000
v 41.82172775 40.82541275 7.00000000
v 41.79374695 40.88457870 7.00000000
v 41.76384354 40.94279480 7.00000000
v 41.73205185 41.00000000 7.00000000
v 41.69840622 41.05613708 7.00000000
v 41.66294098 41.11114120 7.00000000
v 41.58670807 41.21752167 7.00000000
v 41.62569427 41.16495514 7.00000000
v 40.76536560 41.84775925 7.00000000
v 40.82541275 41.82172775 7.00000000
v 40.88457870 41.79374695 7.00000000
v 40.94279480 41.76384354 7.00000000
v 41.00000000 41.73205185 7.00000000
v 41.11114120 41.66294098 7.00000000
v 41.05613708 41.69840622 7.00000000
v 41.16495514 41.62569427 7.00000000
v 41.26878738 41.54602051 7.00000000
v 41.21752167 41.58670807 7.00000000
v 41.99892807 40.06543732 7.00000000
v 41.99571609 40.13080597 7.00000000
v 41.99036789 40.19603348 7.00000000
v 41.98289108 40.26105118 7.00000000
v 41.97328568 40.32579041 7.00000000
v 41.96157074 40.39018250 7.00000000
v 41.94775391 40.45415115 7.00000000
v 41.93185043 40.51763916 7.00000000
v 41.91387939 40.58057022 7.00000000
v 41.87181091 40.70449829 7.00000000
v 41.84775925 40.76536560 7.00000000
v 41.89385986 40.64287949 7.00000000
f 1 2 3
f 1 4 2
f 5 6 7
f 8 7 6
f 9 6 10
f 11 6 12
f 11 13 6
f 12 6 9
f 14 6 5
f 14 10 6
f 13 15 6
f 15 16 6
f 17 6 16
f 18 19 6
f 20 6 19
f 17 18 6
f 21 22 6
f 22 23 6
f 20 24 6
f 24 25 6
f 25 26 6
f 26 21 6
f 14 27 10
f 5 7 28
f 14 5 29
f 30 31 32
f 33 34 35
f 36 33 37
f 38 36 39
f 8 40 7
f 38 41 8
f 34 42 43
f 30 44 42
f 11 45 13
f 17 16 46
f 17 47 18
f 13 48 15
f 15 49 16
f 12 9 50
f 9 10 51
f 11 12 52
f 20 19 53
f 18 54 19
f 20 55 24
f 24 56 25
f 25 57 26
f 26 58 21
f 21 59 22
f 22 60 23
f 31 61 62
f 63 64 61
f 63 65 66
f 65 67 68
f 69 70 71
f 67 72 73
f 69 74 72
f 70 75 76
f 75 77 78
f 77 79 80
f 79 81 82
f 81 83 84
f 83 85 86
f 85 87 88
f 87 89 90
f 89 91 92
f 91 93 94
f 93 95 96
f 95 1 97
f 1 3 98
f 3 2 99
f 23 100 6
f 30 6 31
f 31 6 61
f 63 61 6
f 67 6 72
f 63 6 65
f 65 6 67
f 36 6 33
f 33 6 34
f 38 8 6
f 38 6 36
f 34 6 42
f 30 42 6
f 69 72 6
f 69 6 70
f 70 6 75
f 75 6 77
f 79 6 81
f 81 6 83
f 83 6 85
f 85 6 87
f 77 6 79
f 87 6 89
f 89 6 91
f 91 6 93
f 93 6 95
f 2 4 101
f 95 6 1
f 1 6 4
f 2 101 102
f 7 40 28
f 5 28 29
f 14 29 27
f 31 62 32
f 38 39 41
f 36 37 39
f 33 35 37
f 8 41 40
f 34 43 35
f 42 44 43
f 30 32 44
f 11 52 45
f 17 46 47
f 15 48 49
f 13 45 48
f 16 49 46
f 9 51 50
f 10 27 51
f 12 50 52
f 18 47 54
f 19 54 53
f 20 53 55
f 24 55 56
f 25 56 57
f 26 57 58
f 21 58 59
f 22 59 60
f 61 64 62
f 63 66 64
f 65 68 66
f 67 73 68
f 69 71 74
f 70 76 71
f 72 74 73
f 75 78 76
f 77 80 78
f 79 82 80
f 81 84 82
f 83 86 84
f 85 88 86
f 87 90 88
f 89 92 90
f 91 94 92
f 93 96 94
f 95 97 96
f 1 98 97
f 3 99 98
f 2 103 99
f 43 44 104
f 32 105 44
f 32 62 106
f 62 64 107
f 66 108 64
f 68 73 109
f 73 74 110
f 71 111 74
f 66 68 112
f 71 76 113
f 78 80 114
f 76 78 115
f 35 43 116
f 43 104 117
f 43 117 118
f 43 118 119
f 43 120 116
f 43 119 120
f 32 121 105
f 62 122 123
f 62 123 106
f 32 124 125
f 32 106 124
f 32 125 121
f 44 126 127
f 44 128 126
f 44 127 104
f 44 105 128
f 64 129 130
f 64 108 131
f 64 131 129
f 66 132 108
f 66 133 132
f 68 134 112
f 68 109 134
f 66 112 133
f 73 135 109
f 73 110 135
f 62 107 136
f 62 136 122
f 64 130 107
f 35 116 137
f 35 138 139
f 35 137 138
f 35 139 140
f 80 82 141
f 82 84 141
f 84 86 141
f 86 88 141
f 88 90 141
f 90 92 141
f 92 94 141
f 94 96 141
f 96 97 141
f 98 99 103
f 97 98 141
f 74 111 142
f 71 143 144
f 71 144 111
f 71 145 143
f 71 113 145
f 74 146 110
f 74 142 146
f 76 147 113
f 76 148 147
f 76 149 148
f 76 115 149
f 78 150 115
f 78 151 150
f 78 152 151
f 78 114 152
f 80 141 114
f 23 60 153
f 29 154 27
f 28 40 154
f 29 28 154
f 41 154 40
f 39 154 41
f 39 37 154
f 37 35 154
f 46 154 47
f 47 154 54
f 53 54 154
f 53 154 55
f 55 154 56
f 50 51 154
f 52 50 154
f 45 154 48
f 48 154 49
f 52 154 45
f 51 27 154
f 46 49 154
f 56 154 57
f 57 154 58
f 58 154 59
f 59 154 60
f 35 140 154
f 2 102 103
f 98 103 155
f 98 156 141
f 103 102 155
f 98 157 158
f 98 159 157
f 98 160 159
f 98 161 160
f 98 162 163
f 98 164 162
f 98 165 164
f 98 166 161
f 98 167 166
f 98 163 167
f 98 168 169
f 98 170 168
f 98 171 170
f 98 172 165
f 98 173 172
f 98 174 173
f 98 175 174
f 98 176 175
f 98 177 176
f 98 169 177
f 98 178 171
f 98 179 178
f 98 180 179
f 98 181 180
f 98 182 181
f 98 183 184
f 98 184 185
f 98 185 186
f 98 186 182
f 98 187 156
f 98 158 187
f 98 188 189
f 98 189 183
f 141 156 190
f 141 190 191
f 141 191 192
f 141 192 193
f 141 193 194
f 141 194 195
f 141 195 196
f 141 196 197
f 141 197 198
f 141 198 199
f 141 199 200
f 141 200 201
f 141 201 202
f 141 202 203
f 141 203 204
f 141 204 205
f 98 206 188
f 98 155 207
f 98 208 206
f 98 209 210
f 98 210 211
f 98 211 212
f 98 212 208
f 98 213 214
f 98 214 215
f 98 215 209
f 98 207 213
f 100 216 6
f 216 217 6
f 217 218 6
f 218 219 6
f 219 220 6
f 220 221 6
f 221 222 6
f 222 223 6
f 223 224 6
f 224 225 6
f 225 226 6
f 226 227 6
f 227 228 6
f 228 229 6
f 229 230 6
f 230 231 6
f 231 232 6
f 232 233 6
f 233 234 6
f 234 235 6
f 23 153 100
f 100 236 216
f 216 237 217
f 217 238 218
f 218 239 219
f 219 240 220
f 220 241 221
f 221 242 222
f 222 243 223
f 223 244 224
f 224 245 225
f 225 246 226
f 226 247 227
f 227 248 228
f 228 249 229
f 229 250 230
f 230 251 231
f 231 252 232
f 232 253 233
f 233 254 234
f 234 255 235
f 235 256 257
f 257 258 259
f 259 260 261
f 261 262 263
f 263 264 265
f 265 266 267
f 267 268 269
f 269 270 271
f 271 272 273
f 273 274 275
f 275 276 277
f 277 278 279
f 279 280 281
f 281 282 283
f 283 284 285
f 285 286 287
f 287 288 289
f 289 290 291
f 291 292 293
f 293 294 295
f 295 296 297
f 297 298 299
f 299 300 301
f 301 302 303
f 303 304 305
f 305 306 307
f 307 308 309
f 309 310 311
f 235 257 6
f 257 259 6
f 259 261 6
f 261 263 6
f 263 265 6
f 265 267 6
f 267 269 6
f 269 271 6
f 271 273 6
f 273 275 6
f 275 277 6
f 277 279 6
f 279 281 6
f 281 283 6
f 283 285 6
f 285 287 6
f 287 289 6
f 289 291 6
f 291 293 6
f 293 295 6
f 295 297 6
f 297 299 6
f 299 301 6
f 301 303 6
f 303 305 6
f 305 307 6
f 307 309 6
f 309 311 6
f 311 312 6
f 311 313 312
f 311 310 313
f 60 154 153
f 100 153 236
f 216 236 237
f 217 237 238
f 218 238 239
f 219 239 240
f 220 240 241
f 221 241 242
f 222 242 243
f 223 243 244
f 224 244 245
f 225 245 246
f 226 246 247
f 227 247 248
f 228 248 249
f 229 249 250
f 230 250 251
f 231 251 252
f 232 252 253
f 233 253 254
f 234 254 255
f 235 255 256
f 257 256 258
f 259 258 260
f 261 260 262
f 263 262 264
f 265 264 266
f 267 266 268
f 269 268 270
f 271 270 272
f 273 272 274
f 275 274 276
f 277 276 278
f 279 278 280
f 281 280 282
f 283 282 284
f 285 284 286
f 287 286 288
f 289 288 290
f 291 290 292
f 293 292 294
f 295 294 296
f 297 296 298
f 299 298 300
f 301 300 302
f 303 302 304
f 305 304 306
f 307 306 308
f 309 308 310
f 153 314 236
f 236 315 237
f 237 316 238
f 153 154 317
f 153 318 319
f 153 317 318
f 153 319 320
f 153 321 322
f 153 320 321
f 153 322 323
f 153 324 325
f 153 323 324
f 153 325 326
f 153 327 328
f 153 326 327
f 153 328 329
f 153 330 331
f 153 329 330
f 153 332 333
f 153 331 332
f 153 333 334
f 153 334 335
f 153 335 314
f 236 314 336
f 236 336 337
f 236 337 338
f 236 338 339
f 236 339 315
f 237 315 340
f 237 340 341
f 237 341 342
f 237 342 343
f 237 344 316
f 237 343 344
f 238 316 345
f 238 345 346
f 238 346 347
f 238 347 348
f 238 348 349
f 238 349 350
f 238 350 351
f 238 351 352
f 238 352 353
f 238 353 354
f 238 354 355
f 238 355 356
f 238 357 239
f 239 357 240
f 240 357 241
f 241 357 242
f 242 357 243
f 243 357 244
f 244 357 245
f 245 357 246
f 246 357 247
f 247 357 248
f 248 357 249
f 249 357 250
f 250 357 251
f 251 357 252
f 252 357 253
f 253 357 254
f 254 357 255
f 313 310 358
f 238 356 357
f 255 357 256
f 256 357 258
f 258 357 260
f 260 357 262
f 262 357 264
f 264 357 266
f 266 357 268
f 268 357 270
f 270 357 272
f 272 357 274
f 274 357 276
f 276 357 278
f 278 357 280
f 280 357 282
f 282 357 284
f 284 357 286
f 286 357 288
f 288 357 290
f 290 357 292
f 292 357 294
f 294 357 296
f 357 356 359
f 357 359 360
f 357 360 361
f 357 361 362
f 357 362 363
f 296 357 298
f 298 357 300
f 300 357 302
f 302 357 304
f 304 357 306
f 306 357 308
f 308 357 310
f 310 357 358
f 4 6 101
f 101 6 364
f 365 366 367
f 365 367 368
f 367 369 368
f 367 370 369
f 367 371 372
f 367 372 370
f 367 373 371
f 367 374 373
f 375 367 376
f 377 376 367
f 378 379 367
f 375 378 367
f 380 381 367
f 381 382 367
f 383 384 367
f 379 383 367
f 384 380 367
f 382 385 367
f 386 387 367
f 388 367 389
f 390 389 367
f 391 390 367
f 392 393 367
f 393 391 367
f 392 367 387
f 386 367 394
f 394 367 395
f 395 367 396
f 396 367 397
f 398 397 367
f 377 367 388
f 398 367 399
f 399 367 366
f 400 401 364
f 402 364 403
f 404 403 364
f 405 406 364
f 402 405 364
f 406 407 364
f 408 364 407
f 409 364 410
f 411 412 364
f 404 364 413
f 412 413 364
f 411 364 409
f 414 415 364
f 410 364 415
f 414 364 401
f 400 364 416
f 417 364 418
f 416 364 417
f 418 364 419
f 419 364 420
f 420 364 421
f 421 364 422
f 423 422 364
f 423 364 424
f 425 364 426
f 426 364 427
f 427 364 428
f 424 364 429
f 429 364 425
f 430 364 431
f 432 428 364
f 432 364 430
f 431 364 433
f 101 364 434
f 375 435 378
f 378 436 379
f 379 437 383
f 383 438 384
f 384 439 380
f 381 440 382
f 382 441 385
f 380 442 381
f 386 394 443
f 392 387 444
f 393 445 391
f 392 446 393
f 386 447 387
f 398 399 448
f 399 366 449
f 365 450 366
f 394 395 451
f 395 396 452
f 396 397 453
f 398 454 397
f 388 389 455
f 377 388 456
f 390 457 389
f 391 458 390
f 377 459 376
f 375 376 460
f 410 415 461
f 411 409 462
f 409 410 463
f 402 403 464
f 405 465 406
f 402 466 405
f 406 467 407
f 408 434 364
f 408 407 468
f 404 413 469
f 412 470 413
f 411 471 412
f 404 472 403
f 400 473 401
f 416 417 474
f 400 416 475
f 414 476 415
f 414 401 477
f 417 418 478
f 418 419 479
f 419 420 480
f 423 481 422
f 423 424 482
f 424 429 483
f 425 426 484
f 429 425 485
f 426 427 486
f 427 428 487
f 432 430 488
f 430 431 489
f 432 490 428
f 420 421 491
f 421 422 492
f 385 493 367
f 367 494 495
f 495 496 497
f 497 498 499
f 499 500 501
f 501 502 503
f 504 505 506
f 506 507 508
f 508 509 510
f 510 511 512
f 513 514 515
f 513 503 516
f 515 517 518
f 504 518 519
f 520 521 522
f 523 524 525
f 526 527 528
f 526 529 530
f 520 530 531
f 525 532 527
f 433 533 534
f 431 433 535
f 533 522 536
f 537 538 539
f 512 540 537
f 523 539 541
f 367 542 374
f 367 543 542
f 367 544 543
f 367 545 544
f 367 546 545
f 367 547 546
f 367 548 547
f 367 549 548
f 367 550 549
f 367 551 550
f 367 552 553
f 367 553 554
f 367 555 556
f 367 554 555
f 367 556 557
f 367 557 558
f 367 558 551
f 367 559 560
f 367 561 559
f 367 562 563
f 367 563 564
f 367 560 565
f 367 565 562
f 367 566 567
f 367 568 566
f 367 569 561
f 367 567 569
f 367 570 568
f 367 571 570
f 367 572 571
f 367 564 573
f 367 573 552
f 367 574 572
f 367 575 574
f 367 576 575
f 367 577 576
f 367 578 577
f 367 579 578
f 367 580 579
f 367 581 580
f 367 582 581
f 367 583 582
f 367 584 583
f 367 585 584
f 367 586 585
f 367 587 586
f 587 588 586
f 587 589 588
f 367 590 587
f 551 591 592
f 551 592 593
f 551 593 594
f 551 594 595
f 551 595 596
f 551 596 597
f 551 597 598
f 551 598 599
f 551 599 600
f 551 600 601
f 551 601 602
f 551 602 603
f 551 558 591
f 587 604 589
f 587 605 606
f 587 607 608
f 587 609 610
f 587 608 609
f 587 606 607
f 587 611 612
f 587 612 605
f 551 603 613
f 551 613 614
f 551 614 615
f 551 615 616
f 551 616 617
f 551 617 618
f 551 618 619
f 551 619 620
f 551 620 621
f 551 621 622
f 551 622 623
f 551 623 624
f 551 624 625
f 551 625 626
f 551 626 627
f 551 627 628
f 551 628 629
f 551 629 630
f 551 630 631
f 551 631 632
f 551 632 633
f 551 633 634
f 551 634 635
f 551 635 636
f 551 636 637
f 551 637 638
f 551 638 639
f 551 639 640
f 551 640 641
f 551 641 642
f 551 642 643
f 551 644 645
f 551 643 646
f 551 646 647
f 551 647 644
f 551 648 611
f 551 645 648
f 551 611 587
f 551 587 649
f 551 650 651
f 551 652 653
f 551 651 654
f 551 654 652
f 551 655 656
f 551 657 658
f 551 658 655
f 551 656 650
f 551 659 657
f 551 660 659
f 551 661 660
f 551 662 661
f 551 663 662
f 551 664 665
f 551 665 663
f 551 666 664
f 551 667 666
f 551 668 669
f 551 653 670
f 551 670 671
f 551 671 668
f 551 672 673
f 551 669 672
f 551 673 674
f 551 675 676
f 551 676 677
f 551 677 678
f 551 678 679
f 551 679 680
f 551 674 675
f 551 649 681
f 587 682 604
f 587 683 682
f 587 684 683
f 587 685 684
f 587 686 685
f 587 687 686
f 587 688 687
f 587 689 688
f 587 690 689
f 587 691 690
f 587 692 691
f 587 693 692
f 587 694 693
f 587 695 694
f 587 696 695
f 587 697 696
f 587 698 697
f 587 699 698
f 587 700 699
f 587 701 700
f 587 702 701
f 587 703 702
f 587 704 703
f 587 705 706
f 587 706 704
f 587 707 705
f 587 708 707
f 587 709 708
f 587 710 709
f 587 711 710
f 587 712 711
f 587 713 712
f 587 714 713
f 587 610 714
f 587 590 715
f 587 681 649
f 370 372 716
f 365 368 717
f 368 369 718
f 369 370 719
f 372 371 720
f 371 373 721
f 373 374 722
f 374 542 723
f 542 543 724
f 543 544 725
f 544 545 726
f 545 546 727
f 546 547 728
f 547 548 729
f 548 549 730
f 549 550 731
f 550 551 732
f 551 733 734
f 551 734 735
f 551 735 736
f 551 736 737
f 551 738 739
f 551 737 738
f 551 739 740
f 551 741 742
f 551 740 741
f 681 743 667
f 681 744 745
f 681 745 743
f 681 746 744
f 681 747 746
f 681 748 747
f 681 749 748
f 551 750 751
f 551 751 752
f 551 753 754
f 551 752 753
f 551 754 755
f 551 755 733
f 551 680 750
f 551 681 667
f 587 715 681
f 681 756 749
f 681 757 756
f 681 758 757
f 681 759 758
f 681 760 759
f 681 761 760
f 681 762 761
f 681 763 762
f 681 764 763
f 681 765 764
f 681 766 767
f 681 768 766
f 681 769 768
f 681 770 769
f 681 771 770
f 681 772 771
f 681 773 772
f 715 774 681
f 681 775 765
f 681 767 775
f 520 522 776
f 520 776 530
f 6 776 364
f 433 364 776
f 433 776 533
f 533 776 522
f 495 497 776
f 497 499 776
f 367 495 776
f 499 501 776
f 513 776 503
f 501 503 776
f 504 776 518
f 513 515 776
f 515 518 776
f 508 510 776
f 537 539 776
f 510 512 776
f 512 537 776
f 523 525 776
f 525 527 776
f 526 530 776
f 526 776 527
f 523 776 539
f 504 506 776
f 506 508 776
f 367 777 590
f 590 777 715
f 715 778 774
f 101 434 102
f 375 460 435
f 378 435 436
f 383 437 438
f 379 436 437
f 384 438 439
f 381 442 440
f 382 440 441
f 380 439 442
f 391 445 458
f 394 451 443
f 392 444 446
f 393 446 445
f 387 447 444
f 386 443 447
f 399 449 448
f 366 450 449
f 365 717 450
f 396 453 452
f 395 452 451
f 397 454 453
f 398 448 454
f 389 457 455
f 388 455 456
f 390 458 457
f 377 456 459
f 376 459 460
f 385 441 493
f 411 462 471
f 409 463 462
f 410 461 463
f 402 464 466
f 405 466 465
f 406 465 467
f 408 468 434
f 407 467 468
f 404 469 472
f 413 470 469
f 412 471 470
f 403 472 464
f 400 475 473
f 416 474 475
f 415 476 461
f 414 477 476
f 401 473 477
f 417 478 474
f 418 479 478
f 419 480 479
f 420 491 480
f 423 482 481
f 424 483 482
f 429 485 483
f 426 486 484
f 425 484 485
f 427 487 486
f 432 488 490
f 430 489 488
f 431 535 489
f 428 490 487
f 421 492 491
f 422 481 492
f 367 493 494
f 495 494 496
f 497 496 498
f 499 498 500
f 501 500 502
f 504 519 505
f 506 505 507
f 508 507 509
f 510 509 511
f 513 516 514
f 503 502 516
f 515 514 517
f 518 517 519
f 520 531 521
f 523 541 524
f 526 528 529
f 530 529 531
f 525 524 532
f 527 532 528
f 433 534 535
f 533 536 534
f 522 521 536
f 512 511 540
f 537 540 538
f 539 538 541
f 102 434 155
f 155 434 207
f 207 779 780
f 207 780 781
f 207 781 782
f 207 782 213
f 207 783 784
f 207 784 785
f 207 785 786
f 207 786 787
f 207 787 779
f 207 788 789
f 207 789 790
f 207 790 791
f 207 791 792
f 207 792 783
f 207 793 788
f 207 794 795
f 207 795 796
f 207 796 797
f 207 797 798
f 207 798 799
f 207 799 793
f 207 800 794
f 207 801 802
f 207 802 803
f 207 803 804
f 207 804 805
f 207 805 806
f 207 806 807
f 207 807 800
f 207 808 801
f 207 809 810
f 207 810 811
f 207 811 812
f 207 812 813
f 207 813 808
f 207 814 815
f 207 815 816
f 207 816 817
f 207 817 818
f 207 818 809
f 207 819 814
f 717 493 450
f 717 718 493
f 493 718 719
f 493 719 716
f 493 720 721
f 493 716 720
f 493 721 722
f 493 722 723
f 460 459 493
f 456 493 459
f 435 493 436
f 460 493 435
f 439 493 442
f 442 493 440
f 437 493 438
f 436 493 437
f 438 493 439
f 440 493 441
f 443 493 447
f 455 457 493
f 458 493 457
f 445 493 458
f 444 493 446
f 446 493 445
f 444 447 493
f 443 451 493
f 451 452 493
f 452 453 493
f 453 454 493
f 448 493 454
f 456 455 493
f 448 449 493
f 449 450 493
f 475 434 473
f 464 472 434
f 469 434 472
f 466 434 465
f 464 434 466
f 465 434 467
f 468 467 434
f 463 461 434
f 462 434 471
f 469 470 434
f 471 434 470
f 462 463 434
f 477 434 476
f 461 476 434
f 477 473 434
f 475 474 434
f 478 479 434
f 474 478 434
f 479 480 434
f 480 491 434
f 491 492 434
f 492 481 434
f 482 434 481
f 482 483 434
f 484 486 434
f 486 487 434
f 487 490 434
f 483 485 434
f 485 484 434
f 489 535 434
f 488 434 490
f 488 489 434
f 535 534 434
f 207 820 819
f 534 207 434
f 531 820 521
f 531 529 820
f 524 820 532
f 528 820 529
f 528 532 820
f 534 536 820
f 536 521 820
f 516 502 820
f 516 820 514
f 519 517 820
f 514 820 517
f 494 820 496
f 493 820 494
f 496 820 498
f 498 820 500
f 500 820 502
f 509 820 511
f 540 820 538
f 511 820 540
f 519 820 505
f 507 820 509
f 505 820 507
f 541 820 524
f 541 538 820
f 534 820 207
f 681 821 822
f 681 823 821
f 681 824 823
f 681 825 824
f 368 718 717
f 369 719 718
f 370 716 719
f 372 720 716
f 371 721 720
f 373 722 721
f 542 724 723
f 374 723 722
f 543 725 724
f 544 726 725
f 545 727 726
f 546 728 727
f 547 729 728
f 548 730 729
f 549 731 730
f 550 826 731
f 550 732 826
f 732 827 828
f 732 742 829
f 732 830 831
f 732 829 830
f 732 831 832
f 732 832 833
f 732 833 834
f 732 834 835
f 732 835 827
f 681 732 825
f 681 774 836
f 551 742 732
f 681 822 837
f 681 838 839
f 681 840 838
f 681 841 773
f 681 842 841
f 681 839 842
f 681 843 840
f 681 844 843
f 681 845 844
f 681 846 845
f 681 847 846
f 681 848 847
f 681 849 848
f 681 850 849
f 681 851 850
f 681 837 851
f 732 828 852
f 732 852 853
f 732 853 854
f 732 854 855
f 732 855 856
f 732 856 857
f 732 857 858
f 732 858 859
f 732 859 860
f 732 860 861
f 732 861 862
f 732 862 863
f 732 863 864
f 732 865 825
f 732 866 865
f 732 867 868
f 732 869 867
f 732 870 866
f 732 868 870
f 732 864 871
f 732 871 872
f 732 872 873
f 732 873 874
f 732 874 875
f 732 875 876
f 732 877 869
f 732 876 877
f 681 836 732
f 493 723 724
f 493 724 725
f 493 725 726
f 493 726 727
f 493 727 728
f 493 728 729
f 493 729 730
f 493 730 731
f 493 731 826
f 826 732 836
f 493 826 820
f 774 878 836
f 826 836 820
f 836 879 820
f 836 878 879
f 878 880 879
f 878 881 880
f 878 882 881
f 878 883 882
f 878 884 883
f 878 885 884
f 878 886 885
f 878 887 886
f 878 888 887
f 878 889 888
f 878 890 891
f 878 891 889
f 878 892 890
f 878 893 892
f 878 894 893
f 878 895 894
f 878 896 897
f 878 897 895
f 878 898 896
f 878 899 898
f 878 900 899
f 878 901 900
f 878 902 901
f 878 903 904
f 878 904 902
f 878 905 903
f 878 906 905
f 878 907 906
f 878 908 907
f 878 909 908
f 878 910 911
f 878 911 909
f 878 912 910
f 878 913 912
f 878 914 913
f 878 915 914
f 878 916 915
f 878 917 916
f 878 918 917
f 878 919 918
f 878 920 919
f 878 921 920
f 878 922 921
f 878 923 922
f 878 924 923
f 878 925 924
f 878 926 925
f 774 778 878
f 878 927 926
f 927 928 926
f 312 776 6
f 312 313 929
f 313 930 929
f 312 929 776
f 313 358 930
f 930 931 932
f 932 933 934
f 934 935 936
f 936 937 938
f 938 939 940
f 940 941 942
f 942 943 944
f 944 945 946
f 946 947 948
f 948 949 950
f 950 951 952
f 952 953 954
f 954 955 956
f 956 957 958
f 958 959 960
f 960 961 962
f 962 963 964
f 964 965 966
f 966 967 968
f 968 969 970
f 970 971 972
f 972 973 974
f 974 975 976
f 976 977 978
f 978 979 980
f 980 981 982
f 982 983 984
f 984 985 986
f 986 987 988
f 988 989 990
f 990 991 992
f 992 993 994
f 994 995 996
f 996 997 998
f 998 999 1000
f 1000 1001 1002
f 1002 1003 1004
f 1004 1005 1006
f 1006 1007 1008
f 1008 1009 1010
f 1010 1011 1012
f 1012 1013 1014
f 1014 1015 1016
f 1016 1017 1018
f 1018 1019 1020
f 1020 1021 1022
f 1022 1023 1024
f 1024 1025 1026
f 1026 1027 1028
f 1028 1029 1030
f 1030 1031 1032
f 1032 1033 1034
f 1034 1035 1036
f 1036 1037 1038
f 1038 1039 1040
f 1040 1041 1042
f 1042 1043 1044
f 1044 1045 1046
f 1046 1047 1048
f 1048 1049 1050
f 1050 1051 1052
f 1052 1053 1054
f 1054 1055 1056
f 1056 1057 1058
f 1058 1059 1060
f 1060 1061 1062
f 1062 1063 1064
f 1064 1065 1066
f 1066 1067 1068
f 1068 1069 1070
f 1070 1071 1072
f 1072 1073 1074
f 1074 1075 1076
f 1076 1077 1078
f 1078 1079 1080
f 1080 1081 1082
f 1082 1083 1084
f 1084 1085 1086
f 1086 1087 1088
f 1088 1089 1090
f 1090 1091 1092
f 1092 1093 1094
f 367 776 777
f 715 777 1095
f 715 1095 1096
f 715 1096 778
f 929 930 776
f 932 934 776
f 930 932 776
f 934 936 776
f 938 940 776
f 936 938 776
f 940 942 776
f 942 944 776
f 944 946 776
f 946 948 776
f 948 950 776
f 950 952 776
f 952 954 776
f 954 956 776
f 956 958 776
f 958 960 776
f 960 962 776
f 962 964 776
f 964 966 776
f 966 968 776
f 968 970 776
f 970 972 776
f 972 974 776
f 974 976 776
f 976 978 776
f 978 980 776
f 980 982 776
f 982 984 776
f 984 986 776
f 986 988 776
f 988 990 776
f 990 992 776
f 992 994 776
f 994 996 776
f 996 998 776
f 776 1097 1098
f 776 1098 1099
f 776 1099 1100
f 776 1101 1102
f 776 1102 1103
f 776 1100 1101
f 998 1000 776
f 1000 1002 776
f 1002 1004 776
f 1004 1006 776
f 1006 1008 776
f 1008 1010 776
f 1010 1012 776
f 1012 1014 776
f 1014 1016 776
f 1016 1018 776
f 1018 1020 776
f 1020 1022 776
f 1022 1024 776
f 1024 1026 776
f 1026 1028 776
f 1028 1030 776
f 1032 1034 776
f 1030 1032 776
f 1034 1036 776
f 1036 1038 776
f 1038 1040 776
f 1040 1042 776
f 1042 1044 776
f 1044 1046 776
f 1046 1048 776
f 1048 1050 776
f 1050 1052 776
f 1052 1054 776
f 1054 1056 776
f 1056 1058 776
f 1058 1060 776
f 1060 1062 776
f 1062 1064 776
f 1064 1066 776
f 1066 1068 776
f 1068 1070 776
f 1070 1072 776
f 1072 1074 776
f 1074 1076 776
f 1076 1078 776
f 1078 1080 776
f 1080 1082 776
f 1082 1084 776
f 1084 1086 776
f 1086 1088 776
f 1088 1090 776
f 1090 1092 776
f 1092 1094 776
f 1094 1104 776
f 1104 1105 776
f 1105 1106 776
f 1106 1107 776
f 1107 1108 776
f 1108 1109 776
f 1109 1110 776
f 1110 1111 776
f 1111 1112 776
f 1112 1113 776
f 1113 1114 776
f 1114 1115 776
f 1116 1117 1118
f 1116 1119 1117
f 1116 1118 1120
f 1116 1120 776
f 776 1120 1097
f 1115 1121 776
f 1121 1116 776
f 1116 1122 1123
f 1116 1124 1122
f 1116 1125 1124
f 1116 1126 1125
f 1116 1127 1128
f 1116 1129 1127
f 1116 1128 1119
f 1116 1130 1129
f 1116 1131 1130
f 1116 1123 1131
f 1116 1132 1126
f 1116 1133 1132
f 1116 1134 1133
f 1116 1135 1134
f 1116 1136 1135
f 1116 1137 1136
f 1116 1138 1137
f 1116 1139 1138
f 1116 1140 1139
f 1116 1141 1140
f 1116 1142 1141
f 1116 1143 1142
f 1116 1144 1143
f 1116 1145 1144
f 1116 1146 1145
f 1116 1147 1146
f 1116 1148 1147
f 1116 1149 1148
f 1116 1150 1149
f 1116 1151 1150
f 1116 1152 1151
f 1116 1153 1152
f 1116 1154 1153
f 1116 1155 1154
f 777 776 1095
f 776 1156 1157
f 776 1157 1158
f 776 1158 1159
f 776 1103 1160
f 776 1160 1156
f 776 1159 1161
f 776 1161 1162
f 776 1163 1164
f 776 1162 1165
f 776 1165 1163
f 776 1164 1166
f 776 1166 1167
f 776 1167 1168
f 776 1168 1169
f 776 1169 1170
f 776 1170 1171
f 776 1171 1172
f 776 1172 1173
f 776 1173 1174
f 776 1174 1175
f 776 1175 1176
f 776 1176 1177
f 776 1177 1178
f 776 1178 1179
f 1179 1178 1180
f 1179 1180 1181
f 1179 1181 1182
f 1179 1182 1183
f 1179 1183 1184
f 1179 1184 1185
f 1179 1185 1186
f 1179 1186 1187
f 1179 1187 1188
f 1179 1188 1189
f 1179 1189 1190
f 1095 776 1096
f 776 1179 1096
f 1179 1191 1192
f 1179 1192 1193
f 1179 1193 1194
f 1179 1194 1195
f 1179 1195 1196
f 1179 1196 1197
f 1179 1197 1198
f 1179 1198 1199
f 1116 1200 1155
f 1200 1201 1155
f 1200 1202 1201
f 1200 1203 1202
f 1200 1204 1203
f 1200 1205 1204
f 1200 1206 1205
f 1200 1207 1206
f 1200 1208 1207
f 1179 1190 1209
f 1179 1209 1210
f 1179 1210 1211
f 1179 1211 1212
f 1179 1212 1213
f 1179 1213 1214
f 1179 1214 1215
f 1179 1215 1216
f 1179 1216 1217
f 1179 1217 1218
f 1179 1218 1219
f 1179 1219 1220
f 1179 1220 1221
f 1179 1221 1222
f 1179 1222 1223
f 1179 1223 1224
f 1179 1225 1226
f 1179 1224 1225
f 1179 1226 1200
f 1179 1200 1227
f 1200 1228 1229
f 1200 1230 1228
f 1200 1231 1232
f 1200 1233 1234
f 1200 1234 1231
f 1200 1235 1236
f 1200 1237 1230
f 1200 1236 1237
f 1200 1232 1238
f 1200 1238 1235
f 1200 1239 1208
f 1200 1240 1239
f 1200 1241 1240
f 1200 1242 1241
f 1200 1243 1242
f 1200 1244 1243
f 1200 1245 1244
f 1200 1246 1247
f 1200 1247 1245
f 1200 1248 1246
f 1200 1249 1248
f 1200 1250 1249
f 1200 1229 1250
f 1200 1226 1233
f 1179 1251 1252
f 1179 1252 1253
f 1179 1253 1254
f 1179 1254 1255
f 1179 1255 1191
f 1179 1256 1257
f 1179 1258 1256
f 1179 1259 1251
f 1179 1260 1261
f 1179 1262 1260
f 1179 1261 1259
f 1179 1257 1262
f 1179 1263 1258
f 1179 1227 1263
f 1200 1264 1265
f 1200 1266 1264
f 1200 1267 1266
f 1200 1268 1267
f 1200 1269 1268
f 1200 1270 1269
f 1200 1271 1270
f 1200 1272 1271
f 1200 1273 1227
f 1200 1274 1273
f 1200 1275 1274
f 1200 1276 1275
f 1200 1265 1276
f 1200 1277 1272
f 1200 1278 1277
f 1200 1279 1278
f 1200 1280 1279
f 1200 1281 1280
f 1200 1282 1283
f 1200 1284 1282
f 1200 1285 1284
f 1200 1283 1281
f 1094 1286 1104
f 1104 1287 1105
f 1105 1288 1106
f 1106 1289 1107
f 1107 1290 1108
f 1108 1291 1109
f 1109 1292 1110
f 1110 1293 1111
f 1111 1294 1112
f 1112 1295 1113
f 1113 1296 1114
f 1114 1297 1115
f 1115 1298 1121
f 1121 1299 1116
f 1116 1299 1200
f 1179 1199 1096
f 1096 1199 1300
f 1096 1300 1301
f 1096 1301 1302
f 1096 1302 1303
f 1096 1303 1304
f 1096 1304 1305
f 1096 1305 1306
f 1096 1307 1308
f 1096 1308 1309
f 1096 1309 1310
f 1096 1310 1311
f 1096 1311 1312
f 1096 1312 1313
f 1096 1306 1307
f 1200 1314 1315
f 1200 1316 1314
f 1200 1317 1316
f 1200 1318 1319
f 1200 1319 1317
f 1200 1320 1318
f 1200 1321 1320
f 1200 1322 1321
f 1200 1323 1324
f 1200 1324 1285
f 1200 1325 1323
f 1200 1326 1325
f 1200 1327 1326
f 1200 1315 1327
f 358 1328 930
f 930 1328 931
f 932 931 933
f 934 933 935
f 936 935 937
f 938 937 939
f 940 939 941
f 942 941 943
f 944 943 945
f 946 945 947
f 948 947 949
f 950 949 951
f 952 951 953
f 954 953 955
f 956 955 957
f 958 957 959
f 960 959 961
f 962 961 963
f 964 963 965
f 966 965 967
f 968 967 969
f 970 969 971
f 972 971 973
f 974 973 975
f 976 975 977
f 978 977 979
f 980 979 981
f 982 981 983
f 984 983 985
f 986 985 987
f 988 987 989
f 990 989 991
f 992 991 993
f 994 993 995
f 996 995 997
f 998 997 999
f 1000 999 1001
f 1002 1001 1003
f 1004 1003 1005
f 1006 1005 1007
f 1008 1007 1009
f 1010 1009 1011
f 1012 1011 1013
f 1014 1013 1015
f 1016 1015 1017
f 1018 1017 1019
f 1020 1019 1021
f 1022 1021 1023
f 1024 1023 1025
f 1026 1025 1027
f 1028 1027 1029
f 1030 1029 1031
f 1032 1031 1033
f 1034 1033 1035
f 1036 1035 1037
f 1038 1037 1039
f 1040 1039 1041
f 1042 1041 1043
f 1044 1043 1045
f 1046 1045 1047
f 1048 1047 1049
f 1050 1049 1051
f 1052 1051 1053
f 1054 1053 1055
f 1056 1055 1057
f 1058 1057 1059
f 1060 1059 1061
f 1062 1061 1063
f 1064 1063 1065
f 1066 1065 1067
f 1068 1067 1069
f 1070 1069 1071
f 1072 1071 1073
f 1074 1073 1075
f 1076 1075 1077
f 1078 1077 1079
f 1080 1079 1081
f 1082 1081 1083
f 1084 1083 1085
f 1086 1085 1087
f 1088 1087 1089
f 1090 1089 1091
f 1092 1091 1093
f 1329 363 1330
f 1329 357 363
f 358 357 1328
f 1329 1330 357
f 357 1330 1331
f 357 1331 1328
f 931 1331 933
f 1328 1331 931
f 933 1331 935
f 937 1331 939
f 935 1331 937
f 939 1331 941
f 941 1331 943
f 943 1331 945
f 945 1331 947
f 947 1331 949
f 949 1331 951
f 951 1331 953
f 953 1331 955
f 955 1331 957
f 957 1331 959
f 959 1331 961
f 961 1331 963
f 963 1331 965
f 965 1331 967
f 967 1331 969
f 969 1331 971
f 971 1331 973
f 973 1331 975
f 975 1331 977
f 977 1331 979
f 979 1331 981
f 981 1331 983
f 983 1331 985
f 985 1331 987
f 987 1331 989
f 989 1331 991
f 991 1331 993
f 993 1331 995
f 995 1331 997
f 997 1331 999
f 999 1331 1001
f 1001 1331 1003
f 1003 1331 1005
f 1005 1331 1007
f 1007 1331 1009
f 1009 1331 1011
f 1011 1331 1013
f 1013 1331 1015
f 1015 1331 1017
f 1017 1331 1019
f 878 778 927
f 927 1332 928
f 1096 1333 1334
f 1096 1334 1335
f 1096 1335 1336
f 1096 1336 1337
f 778 1096 1338
f 1096 1337 1339
f 1096 1339 1331
f 1094 1093 1286
f 1104 1286 1287
f 1105 1287 1288
f 1106 1288 1289
f 1107 1289 1290
f 1108 1290 1291
f 1109 1291 1292
f 1110 1292 1293
f 1111 1293 1294
f 1112 1294 1295
f 1113 1295 1296
f 1114 1296 1297
f 1115 1297 1298
f 1121 1298 1299
f 1200 1299 1340
f 1340 1341 1342
f 1340 1343 1322
f 1340 1344 1343
f 1340 1345 1344
f 1340 1346 1345
f 1340 1342 1346
f 1096 1347 1348
f 1096 1313 1349
f 1096 1349 1347
f 1096 1348 1350
f 1096 1350 1351
f 1096 1351 1352
f 1096 1352 1353
f 1096 1353 1354
f 1096 1354 1355
f 1096 1355 1356
f 1096 1356 1357
f 1096 1357 1333
f 1200 1340 1322
f 1096 1331 1338
f 778 1338 927
f 1358 1330 1359
f 1358 1359 1338
f 1358 1331 1330
f 1358 1338 1331
f 1338 1359 927
f 927 1359 1360
f 927 1360 1361
f 927 1361 1362
f 927 1362 1363
f 927 1363 1364
f 927 1364 1365
f 927 1365 1366
f 927 1367 1368
f 927 1366 1367
f 927 1368 1369
f 927 1369 1370
f 927 1370 1371
f 927 1372 1373
f 927 1371 1374
f 927 1374 1375
f 927 1375 1372
f 927 1373 1376
f 927 1376 1377
f 927 1377 1378
f 927 1379 1380
f 927 1378 1381
f 927 1381 1379
f 1331 1339 1382
f 1331 1382 1383
f 1331 1383 1384
f 1331 1385 1386
f 1331 1386 1387
f 1331 1387 1388
f 1331 1384 1389
f 1331 1389 1390
f 1331 1390 1385
f 1340 1391 1392
f 1340 1393 1394
f 1340 1395 1393
f 1340 1394 1391
f 1340 1396 1395
f 1340 1397 1396
f 1340 1398 1397
f 1340 1399 1341
f 1340 1400 1399
f 1340 1392 1400
f 1340 1401 1402
f 1340 1388 1401
f 1340 1402 1403
f 1340 1403 1404
f 1340 1404 1405
f 1340 1406 1407
f 1340 1407 1408
f 1340 1405 1406
f 1340 1409 1410
f 1340 1411 1409
f 1340 1408 1411
f 1340 1412 1398
f 1340 1413 1412
f 1340 1410 1413
f 1331 1388 1340
f 1019 1331 1021
f 1021 1331 1023
f 1023 1331 1025
f 1025 1331 1027
f 1027 1331 1029
f 1029 1331 1031
f 1031 1331 1033
f 1033 1331 1035
f 1035 1331 1037
f 1039 1331 1041
f 1037 1331 1039
f 1041 1331 1340
f 1041 1340 1043
f 1043 1340 1045
f 1045 1340 1047
f 1047 1340 1049
f 1049 1340 1051
f 1051 1340 1053
f 1053 1340 1055
f 1055 1340 1057
f 1057 1340 1059
f 1059 1340 1061
f 1061 1340 1063
f 1063 1340 1065
f 1065 1340 1067
f 1067 1340 1069
f 1069 1340 1071
f 1071 1340 1073
f 1073 1340 1075
f 1075 1340 1077
f 1077 1340 1079
f 1079 1340 1081
f 1081 1340 1083
f 1083 1340 1085
f 1085 1340 1087
f 1087 1340 1089
f 1089 1340 1091
f 1091 1340 1093
f 1093 1340 1286
f 1286 1340 1287
f 1287 1340 1288
f 1288 1340 1289
f 1289 1340 1290
f 1290 1340 1291
f 1291 1340 1292
f 1292 1340 1293
f 1293 1340 1294
f 1294 1340 1295
f 1295 1340 1296
f 1296 1340 1297
f 1297 1340 1298
f 1298 1340 1299
f 927 1414 1332
f 927 1415 1414
f 927 1416 1417
f 927 1417 1415
f 927 1418 1416
f 927 1419 1418
f 927 1420 1419
f 927 1421 1422
f 927 1423 1421
f 927 1422 1420
f 927 1424 1425
f 927 1426 1427
f 927 1425 1426
f 927 1428 1429
f 927 1430 1428
f 927 1431 1432
f 927 1433 1431
f 927 1432 1430
f 927 1434 1435
f 927 1436 1433
f 927 1435 1436
f 927 1427 1434
f 927 1380 1437
f 927 1437 1438
f 927 1438 1424
f 927 1429 1423
f 1439 1440 124
f 1439 106 1441
f 1442 132 1443
f 1444 107 1445
f 1446 1445 130
f 1447 122 1448
f 1447 1441 123
f 1444 1448 136
f 1446 129 1449
f 1449 131 1450
f 1442 1450 108
f 1451 1452 128
f 1453 1454 127
f 1452 1453 126
f 1454 1455 104
f 1455 1456 117
f 1440 1457 125
f 1458 121 1457
f 1451 105 1458
f 1456 1459 118
f 1459 1460 119
f 1461 1462 116
f 1460 1461 120
f 1462 1463 137
f 1463 1464 138
f 1464 1465 139
f 1465 1466 140
f 1443 133 1467
f 1467 112 1468
f 1468 134 1469
f 1469 109 1470
f 1471 146 1472
f 1470 135 1473
f 1473 110 1471
f 1472 142 1474
f 1474 111 1475
f 1475 144 1476
f 1476 143 1477
f 1477 145 1478
f 1479 1478 113
f 1479 147 1480
f 1480 148 1481
f 1481 149 1482
f 1482 115 1483
f 1483 150 1484
f 1484 151 1485
f 1485 152 1486
f 1486 114 1487
f 1439 124 106
f 1441 106 123
f 1443 132 133
f 1444 136 107
f 1445 107 130
f 1446 130 129
f 1447 123 122
f 1448 122 136
f 1449 129 131
f 1450 131 108
f 1442 108 132
f 1452 126 128
f 1453 127 126
f 1454 104 127
f 1455 117 104
f 1457 121 125
f 1458 105 121
f 1451 128 105
f 1440 125 124
f 1456 118 117
f 1459 119 118
f 1460 120 119
f 1461 116 120
f 1462 137 116
f 1463 138 137
f 1464 139 138
f 1465 140 139
f 1467 133 112
f 1469 134 109
f 1468 112 134
f 1471 110 146
f 1470 109 135
f 1473 135 110
f 1472 146 142
f 1474 142 111
f 1475 111 144
f 1476 144 143
f 1477 143 145
f 1478 145 113
f 1479 113 147
f 1480 147 148
f 1481 148 149
f 1482 149 115
f 1483 115 150
f 1484 150 151
f 1485 151 152
f 1486 152 114
f 1487 114 141
f 1439 1488 1440
f 1447 1488 1441
f 1439 1441 1488
f 1447 1448 1488
f 1444 1488 1448
f 1446 1488 1445
f 1444 1445 1488
f 1446 1449 1488
f 1442 1488 1450
f 1449 1450 1488
f 1443 1467 1488
f 1442 1443 1488
f 1468 1469 1488
f 1467 1468 1488
f 1469 1470 1488
f 1470 1473 1488
f 1473 1471 1488
f 1472 1474 1488
f 1471 1472 1488
f 1474 1475 1488
f 1475 1476 1488
f 1476 1477 1488
f 1477 1478 1488
f 1479 1488 1478
f 1479 1480 1488
f 1480 1481 1488
f 1481 1482 1488
f 1482 1483 1488
f 1483 1484 1488
f 1484 1485 1488
f 1485 1486 1488
f 1486 1487 1488
f 1458 1457 1488
f 1451 1458 1488
f 1451 1488 1452
f 1452 1488 1453
f 1453 1488 1454
f 1454 1488 1455
f 1455 1488 1456
f 1456 1488 1459
f 1461 1488 1462
f 1459 1488 1460
f 1460 1488 1461
f 1440 1488 1457
f 1462 1488 1463
f 1463 1488 1464
f 1464 1488 1465
f 1465 1488 1466
f 1466 154 140
f 1487 141 1489
f 1489 141 205
f 1487 1489 1490
f 1491 1489 1492
f 1493 1489 1494
f 1495 1496 1489
f 1497 1498 1489
f 1495 1489 1498
f 1497 1489 1499
f 1491 1499 1489
f 1494 1489 1496
f 1500 1501 1489
f 1501 1502 1489
f 1503 1504 1489
f 1505 1489 1504
f 1503 1489 1493
f 1506 1507 1489
f 1508 1506 1489
f 1505 1508 1489
f 1500 1489 1509
f 1510 1509 1489
f 1507 1510 1489
f 1511 1489 1512
f 1502 1512 1489
f 1513 1489 1511
f 1513 1514 1489
f 1514 1515 1489
f 1515 1516 1489
f 1516 1517 1489
f 1518 1489 1517
f 1518 1519 1489
f 1520 1489 1521
f 1521 1489 1522
f 1523 1522 1489
f 1523 1489 1524
f 1524 1489 1525
f 1525 1489 1526
f 1492 1489 1527
f 1527 1489 1528
f 1528 1489 1529
f 1530 1529 1489
f 1530 1489 1531
f 1531 1489 1532
f 1532 1489 1533
f 1533 1489 1534
f 1534 1489 1535
f 1535 1489 1520
f 1519 1536 1489
f 1536 1537 1489
f 1537 1538 1489
f 1538 1539 1489
f 1491 158 1499
f 1491 1492 187
f 1497 159 1498
f 1497 1499 157
f 1521 1522 200
f 1523 201 1522
f 1523 1524 202
f 1524 1525 203
f 1525 1526 204
f 1530 192 1529
f 1528 1529 191
f 1530 1531 193
f 1531 1532 194
f 1532 1533 195
f 1533 1534 196
f 1492 1527 156
f 1527 1528 190
f 1534 1535 197
f 1535 1520 198
f 1520 1521 199
f 1505 165 1508
f 1505 1504 164
f 1495 161 1496
f 1493 1494 167
f 1494 1496 166
f 1495 1498 160
f 1503 1493 163
f 1503 162 1504
f 1507 174 1510
f 1506 173 1507
f 1508 172 1506
f 1500 177 1501
f 1501 169 1502
f 1500 1509 176
f 1510 175 1509
f 1526 1489 205
f 1511 1512 170
f 1513 1511 171
f 1502 168 1512
f 1513 178 1514
f 1514 179 1515
f 1515 180 1516
f 1516 181 1517
f 1518 1517 182
f 1518 186 1519
f 1519 185 1536
f 1536 184 1537
f 1537 183 1538
f 1538 189 1539
f 1539 1540 1489
f 1539 188 1540
f 1499 158 157
f 1491 187 158
f 1497 157 159
f 1522 201 200
f 1523 202 201
f 1524 203 202
f 1525 204 203
f 1529 192 191
f 1528 191 190
f 1530 193 192
f 1531 194 193
f 1532 195 194
f 1533 196 195
f 1492 156 187
f 1527 190 156
f 1534 197 196
f 1535 198 197
f 1520 199 198
f 1521 200 199
f 1505 164 165
f 1508 165 172
f 1493 167 163
f 1494 166 167
f 1496 161 166
f 1495 160 161
f 1498 159 160
f 1503 163 162
f 1504 162 164
f 1510 174 175
f 1507 173 174
f 1506 172 173
f 1501 177 169
f 1500 176 177
f 1509 175 176
f 1526 205 204
f 1511 170 171
f 1512 168 170
f 1502 169 168
f 1514 178 179
f 1513 171 178
f 1515 179 180
f 1516 180 181
f 1517 181 182
f 1518 182 186
f 1519 186 185
f 1536 185 184
f 1537 184 183
f 1538 183 189
f 1539 189 188
f 1487 1490 1488
f 1466 1488 154
f 1488 1541 1542
f 1488 1543 1541
f 1488 1544 1543
f 1488 1545 1544
f 1488 1546 1545
f 1488 1547 1546
f 1488 1548 1547
f 1488 1549 1548
f 1488 1550 1549
f 1488 1551 1550
f 1488 1552 1551
f 1488 1553 1552
f 1488 1554 1553
f 1488 1555 1554
f 1488 1556 1555
f 1488 1557 1556
f 1488 1558 1557
f 1488 1559 1558
f 1488 1560 1559
f 1488 1561 1560
f 1488 1562 1561
f 1488 1563 1562
f 1488 1564 1563
f 1488 1565 1564
f 1488 1566 1565
f 1488 1567 1566
f 1488 1568 1567
f 1488 1569 1568
f 1488 1570 1569
f 1488 1571 1570
f 1488 1572 1571
f 1488 1573 1572
f 1488 1574 1573
f 1488 1575 1574
f 1488 1576 1575
f 1488 1577 1576
f 1488 1578 1577
f 1488 1579 1578
f 1488 1580 1579
f 1488 1581 1580
f 1488 1582 1581
f 1488 1583 1582
f 1488 1584 1583
f 1488 1585 1584
f 1488 1586 1585
f 1488 1587 1586
f 1488 1588 1587
f 1488 1542 317
f 1542 1541 318
f 1541 1543 319
f 1543 1544 320
f 1544 1545 321
f 1545 1546 322
f 1546 1547 323
f 1547 1548 324
f 1548 1549 325
f 1549 1550 326
f 1550 1551 327
f 1551 1552 328
f 1552 1553 329
f 1553 1554 330
f 1554 1555 331
f 1555 1556 332
f 1556 1557 333
f 1557 1558 334
f 1558 1559 335
f 1559 1560 314
f 1560 1561 336
f 1561 1562 337
f 1562 1563 338
f 1563 1564 339
f 1564 1565 315
f 1565 1566 340
f 1566 1567 341
f 1567 1568 342
f 1568 1569 343
f 1569 1570 344
f 1570 1571 316
f 1571 1572 345
f 1572 1573 346
f 1573 1574 347
f 1574 1575 348
f 1575 1576 349
f 1576 1577 350
f 1577 1578 351
f 1578 1579 352
f 1579 1580 353
f 1580 1581 354
f 1581 1582 355
f 1582 1583 356
f 1583 1584 359
f 1584 1585 360
f 1585 1586 361
f 1586 1587 362
f 1587 1588 363
f 1488 317 154
f 1542 318 317
f 1541 319 318
f 1543 320 319
f 1544 321 320
f 1545 322 321
f 1546 323 322
f 1547 324 323
f 1548 325 324
f 1549 326 325
f 1550 327 326
f 1551 328 327
f 1552 329 328
f 1553 330 329
f 1554 331 330
f 1555 332 331
f 1556 333 332
f 1557 334 333
f 1558 335 334
f 1559 314 335
f 1560 336 314
f 1561 337 336
f 1562 338 337
f 1563 339 338
f 1564 315 339
f 1565 340 315
f 1566 341 340
f 1567 342 341
f 1568 343 342
f 1569 344 343
f 1570 316 344
f 1571 345 316
f 1572 346 345
f 1573 347 346
f 1574 348 347
f 1575 349 348
f 1576 350 349
f 1577 351 350
f 1578 352 351
f 1579 353 352
f 1580 354 353
f 1581 355 354
f 1582 356 355
f 1583 359 356
f 1584 360 359
f 1585 361 360
f 1586 362 361
f 1587 363 362
f 1488 1589 1588
f 1588 1330 363
f 557 556 834
f 552 573 853
f 573 564 854
f 555 554 827
f 554 553 828
f 556 555 835
f 553 552 852
f 565 560 858
f 564 563 855
f 563 562 856
f 562 565 857
f 560 559 859
f 567 566 863
f 559 561 860
f 561 569 861
f 569 567 862
f 566 568 864
f 568 570 871
f 570 571 872
f 571 572 873
f 572 574 874
f 574 575 875
f 575 576 876
f 576 577 877
f 577 578 869
f 578 579 867
f 582 583 865
f 579 580 868
f 580 581 870
f 581 582 866
f 685 686 847
f 589 604 837
f 588 589 822
f 604 682 851
f 683 684 849
f 682 683 850
f 684 685 848
f 583 584 825
f 585 586 823
f 584 585 824
f 586 588 821
f 626 625 674
f 629 628 669
f 628 627 672
f 627 626 673
f 623 622 677
f 624 623 676
f 622 621 678
f 621 620 679
f 625 624 675
f 608 607 746
f 609 608 747
f 610 609 748
f 713 714 756
f 714 610 749
f 711 712 758
f 710 711 759
f 709 710 760
f 708 709 761
f 712 713 757
f 631 630 671
f 632 631 670
f 630 629 668
f 633 632 653
f 634 633 652
f 636 635 651
f 635 634 654
f 637 636 650
f 638 637 656
f 639 638 655
f 640 639 658
f 641 640 657
f 646 643 661
f 647 646 662
f 644 647 663
f 605 612 743
f 645 644 665
f 648 645 664
f 611 648 666
f 612 611 667
f 642 641 659
f 643 642 660
f 607 606 744
f 606 605 745
f 603 602 734
f 596 595 741
f 594 593 829
f 595 594 742
f 600 599 737
f 598 597 739
f 599 598 738
f 601 600 736
f 602 601 735
f 597 596 740
f 616 615 753
f 618 617 751
f 617 616 752
f 614 613 755
f 615 614 754
f 613 603 733
f 619 618 750
f 620 619 680
f 592 591 831
f 593 592 830
f 591 558 832
f 558 557 833
f 629 669 668
f 626 674 673
f 628 672 669
f 627 673 672
f 623 677 676
f 625 675 674
f 624 676 675
f 621 679 678
f 622 678 677
f 620 680 679
f 700 701 768
f 699 700 769
f 693 694 842
f 692 693 839
f 691 692 838
f 690 691 840
f 696 697 772
f 695 696 773
f 694 695 841
f 697 698 771
f 698 699 770
f 707 708 762
f 703 704 775
f 706 705 764
f 705 707 763
f 704 706 765
f 702 703 767
f 701 702 766
f 687 688 845
f 688 689 844
f 686 687 846
f 689 690 843
f 746 747 608
f 747 748 609
f 748 749 610
f 749 756 714
f 757 758 712
f 758 759 711
f 756 757 713
f 759 760 710
f 760 761 709
f 761 762 708
f 631 671 670
f 630 668 671
f 636 651 650
f 634 652 654
f 633 653 652
f 635 654 651
f 638 656 655
f 639 655 658
f 637 650 656
f 640 658 657
f 641 657 659
f 661 662 646
f 662 663 647
f 663 665 644
f 665 664 645
f 664 666 648
f 666 667 611
f 667 743 612
f 659 660 642
f 660 661 643
f 632 670 653
f 743 745 605
f 745 744 606
f 744 746 607
f 556 835 834
f 555 827 835
f 554 828 827
f 553 852 828
f 552 853 852
f 573 854 853
f 564 855 854
f 560 859 858
f 563 856 855
f 562 857 856
f 565 858 857
f 846 847 686
f 847 848 685
f 848 849 684
f 849 850 683
f 850 851 682
f 822 821 588
f 837 822 589
f 851 837 604
f 561 861 860
f 559 860 859
f 569 862 861
f 567 863 862
f 568 871 864
f 566 864 863
f 570 872 871
f 571 873 872
f 572 874 873
f 825 865 583
f 875 874 574
f 876 875 575
f 869 877 577
f 867 869 578
f 877 876 576
f 870 868 580
f 865 866 582
f 866 870 581
f 868 867 579
f 824 825 584
f 823 824 585
f 821 823 586
f 603 734 733
f 602 735 734
f 618 751 750
f 615 754 753
f 617 752 751
f 616 753 752
f 619 750 680
f 614 755 754
f 613 733 755
f 601 736 735
f 600 737 736
f 599 738 737
f 598 739 738
f 596 741 740
f 595 742 741
f 594 829 742
f 593 830 829
f 597 740 739
f 768 769 700
f 769 770 699
f 762 763 707
f 763 764 705
f 765 775 704
f 775 767 703
f 764 765 706
f 767 766 702
f 766 768 701
f 771 772 697
f 770 771 698
f 772 773 696
f 773 841 695
f 842 839 693
f 839 838 692
f 840 843 690
f 838 840 691
f 841 842 694
f 592 831 830
f 591 832 831
f 558 833 832
f 557 834 833
f 844 845 688
f 845 846 687
f 843 844 689
f 1489 1590 1490
f 1489 1540 1591
f 1489 1591 1592
f 1489 1592 1593
f 1489 1593 1594
f 1489 1594 1595
f 1489 1595 1596
f 1489 1596 1597
f 1489 1597 1598
f 1489 1598 1599
f 1489 1599 1600
f 1489 1600 1601
f 1489 1601 1602
f 1489 1602 1603
f 1489 1603 1604
f 1489 1604 1605
f 1489 1605 1606
f 1489 1606 1607
f 1489 1607 1608
f 1489 1608 1609
f 1489 1609 1610
f 1489 1610 1611
f 1489 1611 1612
f 1489 1612 1613
f 1489 1613 1614
f 1489 1614 1615
f 1489 1615 1616
f 1489 1616 1617
f 1489 1617 1618
f 1489 1618 1619
f 1489 1619 1620
f 1489 1620 1621
f 1489 1621 1622
f 1489 1622 1623
f 1489 1623 1624
f 1489 1624 1625
f 1489 1625 1626
f 1489 1626 1627
f 1489 1627 1628
f 1489 1628 1629
f 1489 1629 1630
f 1489 1630 1631
f 1489 1631 1632
f 1489 1632 1633
f 1489 1633 1634
f 1489 1634 1635
f 1489 1635 1636
f 1489 1636 1637
f 1489 1637 1638
f 1489 1638 1590
f 1540 206 1591
f 1591 208 1592
f 1592 212 1593
f 1593 211 1594
f 1594 210 1595
f 1595 209 1596
f 1596 215 1597
f 1597 214 1598
f 1598 213 1599
f 1599 782 1600
f 1600 781 1601
f 1601 780 1602
f 1602 779 1603
f 1603 787 1604
f 1604 786 1605
f 1605 785 1606
f 1606 784 1607
f 1607 783 1608
f 1608 792 1609
f 1609 791 1610
f 1610 790 1611
f 1611 789 1612
f 1612 788 1613
f 1613 793 1614
f 1614 799 1615
f 1615 798 1616
f 1616 797 1617
f 1540 188 206
f 1591 206 208
f 1592 208 212
f 1593 212 211
f 1594 211 210
f 1595 210 209
f 1596 209 215
f 1597 215 214
f 1598 214 213
f 1599 213 782
f 1600 782 781
f 1601 781 780
f 1602 780 779
f 1603 779 787
f 1604 787 786
f 1605 786 785
f 1606 785 784
f 1607 784 783
f 1608 783 792
f 1609 792 791
f 1610 791 790
f 1611 790 789
f 1612 789 788
f 1613 788 793
f 1614 793 799
f 1615 799 798
f 1616 798 797
f 1617 797 796
f 1617 796 1618
f 1618 795 1619
f 1619 794 1620
f 1620 800 1621
f 1621 807 1622
f 1622 806 1623
f 1623 805 1624
f 1624 804 1625
f 1625 803 1626
f 1626 802 1627
f 1627 801 1628
f 1628 808 1629
f 1629 813 1630
f 1630 812 1631
f 1631 811 1632
f 1632 810 1633
f 1633 809 1634
f 1634 818 1635
f 1635 817 1636
f 1636 816 1637
f 1637 815 1638
f 1638 814 1590
f 1618 796 795
f 1619 795 794
f 1620 794 800
f 1621 800 807
f 1622 807 806
f 1623 806 805
f 1624 805 804
f 1625 804 803
f 1626 803 802
f 1627 802 801
f 1628 801 808
f 1629 808 813
f 1630 813 812
f 1631 812 811
f 1632 811 810
f 1633 810 809
f 1634 809 818
f 1635 818 817
f 1636 817 816
f 1637 816 815
f 1638 815 814
f 1590 814 819
f 1590 820 1490
f 1590 819 820
f 1488 1490 1639
f 1488 1639 1640
f 1488 1640 1641
f 1488 1641 1642
f 1488 1642 1643
f 1488 1643 1644
f 1488 1644 1645
f 1488 1645 1646
f 1488 1646 1647
f 1488 1647 1648
f 1488 1648 1649
f 1488 1649 1650
f 1488 1650 1651
f 1488 1651 1652
f 1488 1652 1653
f 1488 1653 1654
f 1488 1654 1655
f 1488 1655 1656
f 1488 1656 1657
f 1488 1657 1658
f 1488 1658 1659
f 1488 1659 1660
f 1488 1660 1661
f 1488 1661 1662
f 1488 1662 1663
f 1488 1663 1664
f 1488 1664 1665
f 1488 1665 1666
f 1488 1666 1667
f 1488 1667 1668
f 1488 1668 1669
f 1488 1669 1670
f 1488 1670 1671
f 1488 1671 1672
f 1488 1672 1673
f 1488 1673 1674
f 1488 1674 1675
f 1488 1675 1676
f 1488 1676 1677
f 1488 1677 1678
f 1488 1678 1679
f 1488 1679 1680
f 1488 1680 1681
f 1488 1681 1682
f 1488 1682 1683
f 1488 1683 1684
f 1488 1684 1685
f 1488 1685 1686
f 1490 879 1639
f 1639 880 1640
f 1640 881 1641
f 1641 882 1642
f 1642 883 1643
f 1643 884 1644
f 1644 885 1645
f 1645 886 1646
f 1646 887 1647
f 1647 888 1648
f 1648 889 1649
f 1649 891 1650
f 1650 890 1651
f 1651 892 1652
f 1652 893 1653
f 1653 894 1654
f 1654 895 1655
f 1655 897 1656
f 1656 896 1657
f 1657 898 1658
f 1658 899 1659
f 1659 900 1660
f 1660 901 1661
f 1661 902 1662
f 1662 904 1663
f 1663 903 1664
f 1664 905 1665
f 1665 906 1666
f 1666 907 1667
f 1667 908 1668
f 1668 909 1669
f 1669 911 1670
f 1670 910 1671
f 1671 912 1672
f 1672 913 1673
f 1490 820 879
f 1639 879 880
f 1640 880 881
f 1641 881 882
f 1642 882 883
f 1643 883 884
f 1644 884 885
f 1645 885 886
f 1646 886 887
f 1647 887 888
f 1648 888 889
f 1649 889 891
f 1650 891 890
f 1651 890 892
f 1652 892 893
f 1653 893 894
f 1654 894 895
f 1655 895 897
f 1656 897 896
f 1657 896 898
f 1658 898 899
f 1659 899 900
f 1660 900 901
f 1661 901 902
f 1662 902 904
f 1663 904 903
f 1664 903 905
f 1665 905 906
f 1666 906 907
f 1667 907 908
f 1668 908 909
f 1669 909 911
f 1670 911 910
f 1671 910 912
f 1672 912 913
f 1673 913 914
f 1673 914 1674
f 1674 915 1675
f 1675 916 1676
f 1676 917 1677
f 1677 918 1678
f 1678 919 1679
f 1679 920 1680
f 1680 921 1681
f 1681 922 1682
f 1682 923 1683
f 1683 924 1684
f 1684 925 1685
f 1685 926 1686
f 1674 914 915
f 1675 915 916
f 1676 916 917
f 1677 917 918
f 1678 918 919
f 1679 919 920
f 1680 920 921
f 1681 921 922
f 1682 922 923
f 1683 923 924
f 1684 924 925
f 1685 925 926
f 1686 926 928
f 1686 928 1687
f 1131 1123 1402
f 1123 1122 1403
f 1124 1125 1405
f 1125 1126 1406
f 1126 1132 1407
f 1159 1158 1354
f 1156 1160 1357
f 1160 1103 1333
f 1157 1156 1356
f 1158 1157 1355
f 1099 1098 1339
f 1101 1100 1336
f 1100 1099 1337
f 1120 1118 1384
f 1118 1117 1389
f 1117 1119 1390
f 1098 1097 1382
f 1097 1120 1383
f 1103 1102 1334
f 1102 1101 1335
f 1119 1128 1385
f 1128 1127 1386
f 1127 1129 1387
f 1129 1130 1388
f 1130 1131 1401
f 1132 1133 1408
f 1133 1134 1411
f 1134 1135 1409
f 1135 1136 1410
f 1136 1137 1413
f 1151 1152 1345
f 1150 1151 1346
f 1146 1147 1400
f 1147 1148 1399
f 1148 1149 1341
f 1149 1150 1342
f 1144 1145 1391
f 1142 1143 1393
f 1141 1142 1395
f 1143 1144 1394
f 1137 1138 1412
f 1138 1139 1398
f 1139 1140 1397
f 1140 1141 1396
f 1145 1146 1392
f 1185 1184 1197
f 1184 1183 1198
f 1182 1181 1300
f 1180 1178 1302
f 1181 1180 1301
f 1183 1182 1199
f 1250 1229 1278
f 1248 1249 1280
f 1249 1250 1279
f 1247 1246 1283
f 1245 1247 1282
f 1244 1245 1284
f 1246 1248 1281
f 1188 1187 1194
f 1189 1188 1193
f 1190 1189 1192
f 1209 1190 1191
f 1210 1209 1255
f 1211 1210 1254
f 1212 1211 1253
f 1187 1186 1195
f 1186 1185 1196
f 1213 1212 1252
f 1214 1213 1251
f 1234 1233 1265
f 1215 1214 1259
f 1216 1215 1261
f 1220 1219 1256
f 1217 1216 1260
f 1218 1217 1262
f 1219 1218 1257
f 1221 1220 1258
f 1222 1221 1263
f 1223 1222 1227
f 1224 1223 1273
f 1225 1224 1274
f 1226 1225 1275
f 1233 1226 1276
f 1231 1234 1264
f 1228 1230 1272
f 1237 1236 1270
f 1230 1237 1271
f 1238 1232 1267
f 1235 1238 1268
f 1232 1231 1266
f 1236 1235 1269
f 1229 1228 1277
f 1172 1171 1309
f 1171 1170 1310
f 1166 1164 1347
f 1163 1165 1350
f 1164 1163 1348
f 1169 1168 1312
f 1168 1167 1313
f 1170 1169 1311
f 1167 1166 1349
f 1177 1176 1304
f 1176 1175 1305
f 1175 1174 1306
f 1173 1172 1308
f 1174 1173 1307
f 1178 1177 1303
f 1162 1161 1352
f 1165 1162 1351
f 1161 1159 1353
f 1185 1197 1196
f 1184 1198 1197
f 1199 1198 1183
f 1181 1301 1300
f 1182 1300 1199
f 1180 1302 1301
f 1178 1303 1302
f 1206 1207 1314
f 1207 1208 1315
f 1154 1155 1322
f 1202 1203 1318
f 1201 1202 1320
f 1155 1201 1321
f 1203 1204 1319
f 1204 1205 1317
f 1205 1206 1316
f 1240 1241 1325
f 1242 1243 1324
f 1243 1244 1285
f 1241 1242 1323
f 1239 1240 1326
f 1208 1239 1327
f 1152 1153 1344
f 1153 1154 1343
f 1278 1279 1250
f 1279 1280 1249
f 1280 1281 1248
f 1281 1283 1246
f 1283 1282 1247
f 1282 1284 1245
f 1284 1285 1244
f 1212 1253 1252
f 1210 1255 1254
f 1211 1254 1253
f 1209 1191 1255
f 1189 1193 1192
f 1188 1194 1193
f 1190 1192 1191
f 1213 1252 1251
f 1276 1265 1233
f 1265 1264 1234
f 1219 1257 1256
f 1220 1256 1258
f 1216 1261 1260
f 1215 1259 1261
f 1214 1251 1259
f 1217 1260 1262
f 1218 1262 1257
f 1258 1263 1221
f 1263 1227 1222
f 1227 1273 1223
f 1273 1274 1224
f 1274 1275 1225
f 1275 1276 1226
f 1187 1195 1194
f 1186 1196 1195
f 1264 1266 1231
f 1267 1268 1238
f 1266 1267 1232
f 1268 1269 1235
f 1270 1271 1237
f 1271 1272 1230
f 1269 1270 1236
f 1272 1277 1228
f 1277 1278 1229
f 1122 1124 1404
f 1159 1354 1353
f 1158 1355 1354
f 1157 1356 1355
f 1160 1333 1357
f 1156 1357 1356
f 1131 1402 1401
f 1123 1403 1402
f 1122 1404 1403
f 1405 1404 1124
f 1406 1405 1125
f 1407 1406 1126
f 1101 1336 1335
f 1100 1337 1336
f 1339 1337 1099
f 1098 1382 1339
f 1103 1334 1333
f 1102 1335 1334
f 1120 1384 1383
f 1118 1389 1384
f 1097 1383 1382
f 1117 1390 1389
f 1119 1385 1390
f 1128 1386 1385
f 1127 1387 1386
f 1129 1388 1387
f 1130 1401 1388
f 1408 1407 1132
f 1413 1410 1136
f 1410 1409 1135
f 1411 1408 1133
f 1409 1411 1134
f 1345 1346 1151
f 1346 1342 1150
f 1342 1341 1149
f 1341 1399 1148
f 1399 1400 1147
f 1391 1394 1144
f 1394 1393 1143
f 1393 1395 1142
f 1395 1396 1141
f 1392 1391 1145
f 1400 1392 1146
f 1398 1412 1138
f 1397 1398 1139
f 1396 1397 1140
f 1412 1413 1137
f 1171 1310 1309
f 1177 1304 1303
f 1176 1305 1304
f 1174 1307 1306
f 1175 1306 1305
f 1173 1308 1307
f 1172 1309 1308
f 1170 1311 1310
f 1169 1312 1311
f 1168 1313 1312
f 1167 1349 1313
f 1166 1347 1349
f 1164 1348 1347
f 1163 1350 1348
f 1327 1315 1208
f 1315 1314 1207
f 1285 1324 1243
f 1324 1323 1242
f 1325 1326 1240
f 1323 1325 1241
f 1326 1327 1239
f 1316 1317 1205
f 1314 1316 1206
f 1317 1319 1204
f 1319 1318 1203
f 1318 1320 1202
f 1320 1321 1201
f 1321 1322 1155
f 1165 1351 1350
f 1162 1352 1351
f 1161 1353 1352
f 1322 1343 1154
f 1343 1344 1153
f 1344 1345 1152
f 1488 1686 1687
f 1488 1688 1589
f 1488 1689 1688
f 1488 1690 1689
f 1488 1691 1690
f 1488 1692 1691
f 1488 1693 1692
f 1488 1694 1693
f 1488 1695 1694
f 1488 1696 1695
f 1488 1697 1696
f 1488 1698 1697
f 1488 1699 1700
f 1488 1701 1699
f 1488 1702 1703
f 1488 1704 1701
f 1488 1703 1704
f 1488 1705 1706
f 1488 1706 1707
f 1488 1708 1709
f 1488 1709 1710
f 1488 1707 1708
f 1488 1711 1702
f 1488 1710 1712
f 1488 1712 1711
f 1488 1713 1698
f 1488 1714 1713
f 1488 1715 1714
f 1488 1716 1715
f 1488 1717 1716
f 1488 1718 1719
f 1488 1719 1717
f 1488 1720 1718
f 1488 1721 1722
f 1488 1722 1720
f 1488 1700 1721
f 1488 1687 1723
f 1488 1723 1724
f 1488 1724 1725
f 1488 1725 1726
f 1488 1726 1727
f 1488 1727 1728
f 1488 1729 1730
f 1488 1730 1731
f 1488 1732 1733
f 1488 1731 1734
f 1488 1734 1732
f 1488 1728 1729
f 1488 1733 1705
f 1588 1589 1359
f 1588 1359 1330
f 1687 928 1332
f 1589 1688 1360
f 1688 1689 1361
f 1689 1690 1362
f 1690 1691 1363
f 1691 1692 1364
f 1693 1365 1692
f 1693 1694 1366
f 1694 1695 1367
f 1695 1696 1368
f 1696 1697 1369
f 1697 1698 1370
f 1698 1713 1371
f 1713 1714 1374
f 1714 1715 1375
f 1717 1373 1716
f 1717 1719 1376
f 1715 1716 1372
f 1705 1430 1706
f 1708 1707 1431
f 1706 1432 1707
f 1700 1699 1437
f 1699 1701 1438
f 1701 1704 1424
f 1719 1718 1377
f 1718 1720 1378
f 1720 1722 1381
f 1722 1721 1379
f 1700 1380 1721
f 1702 1711 1427
f 1711 1712 1434
f 1704 1703 1425
f 1702 1426 1703
f 1708 1433 1709
f 1710 1709 1436
f 1710 1435 1712
f 1589 1360 1359
f 1688 1361 1360
f 1689 1362 1361
f 1690 1363 1362
f 1691 1364 1363
f 1692 1365 1364
f 1693 1366 1365
f 1694 1367 1366
f 1695 1368 1367
f 1696 1369 1368
f 1697 1370 1369
f 1698 1371 1370
f 1713 1374 1371
f 1714 1375 1374
f 1717 1376 1373
f 1719 1377 1376
f 1715 1372 1375
f 1716 1373 1372
f 1706 1430 1432
f 1707 1432 1431
f 1708 1431 1433
f 1700 1437 1380
f 1699 1438 1437
f 1701 1424 1438
f 1718 1378 1377
f 1720 1381 1378
f 1722 1379 1381
f 1721 1380 1379
f 1712 1435 1434
f 1711 1434 1427
f 1704 1425 1424
f 1703 1426 1425
f 1702 1427 1426
f 1710 1436 1435
f 1709 1433 1436
f 1687 1332 1723
f 1723 1414 1724
f 1724 1415 1725
f 1725 1417 1726
f 1727 1726 1416
f 1727 1418 1728
f 1728 1419 1729
f 1729 1420 1730
f 1731 1421 1734
f 1733 1732 1429
f 1734 1423 1732
f 1730 1422 1731
f 1733 1428 1705
f 1723 1332 1414
f 1724 1414 1415
f 1725 1415 1417
f 1726 1417 1416
f 1727 1416 1418
f 1728 1418 1419
f 1729 1419 1420
f 1730 1420 1422
f 1734 1421 1423
f 1733 1429 1428
f 1732 1423 1429
f 1731 1422 1421
f 1705 1428 1430

