# https://github.com/mikedh/trimesh
v 41.51075172 48.99198127 0.49999999
v 41.61107445 48.92132592 0.49999999
v 41.71474314 48.85567856 0.49999999
v 41.82150817 48.79519677 0.49999999
v 41.93111229 48.74002671 0.49999999
v 42.04329139 48.69030118 0.49999999
v 42.15777534 48.64613986 0.49999999
v 42.27428830 48.60764909 0.49999999
v 42.39254957 48.57492185 0.49999999
v 42.51227421 48.54803681 0.49999999
v 42.39040220 48.99042535 0.00000000
v 42.48974162 48.96293426 0.00000000
v 42.59031034 48.94035101 0.00000000
v 42.63317382 48.52705884 0.49999999
v 42.75495715 48.51203823 0.49999999
v 42.87733082 48.50301147 0.49999999
v 43.00000000 48.50000000 0.49999999
v 42.69186601 48.92272925 0.00000000
v 42.79416400 48.91011214 0.00000000
v 42.89695788 48.90252948 0.00000000
v 40.74002671 49.93111229 0.49999999
v 41.06747389 49.41401684 0.49999999
v 41.23223305 49.23223305 0.49999999
v 41.41401684 49.06747389 0.49999999
v 41.32110262 49.14762223 0.49999999
v 41.14762223 49.32110262 0.49999999
v 40.92132592 49.61107445 0.49999999
v 40.85567856 49.71474314 0.49999999
v 40.99198127 49.51075172 0.49999999
v 40.79519677 49.82150817 0.49999999
v 41.44400263 49.58972621 0.00000000
v 41.37667799 49.66777408 0.00000000
v 41.31326413 49.74903142 0.00000000
v 41.25391376 49.83330250 0.00000000
v 41.19876993 49.92038429 0.00000000
v 40.69030118 50.04329139 0.49999999
v 40.64613986 50.15777534 0.49999999
v 40.60764909 50.27428830 0.49999999
v 40.57492185 50.39254957 0.49999999
v 40.54803681 50.51227421 0.49999999
v 40.52705884 50.63317382 0.49999999
v 40.51203823 50.75495715 0.49999999
v 40.50301147 50.87733082 0.49999999
v 41.10162246 50.10213429 0.00000000
v 41.05985296 50.19636482 0.00000000
v 41.02275741 50.29253131 0.00000000
v 40.99042535 50.39040220 0.00000000
v 40.96293426 50.48974162 0.00000000
v 41.14796531 50.01006687 0.00000000
v 40.92272925 50.69186601 0.00000000
v 40.94035101 50.59031034 0.00000000
v 40.91011214 50.79416400 0.00000000
v 40.90252948 50.89695788 0.00000000
v 41.58972621 49.44400263 0.00000000
v 41.66777408 49.37667799 0.00000000
v 41.74903142 49.31326413 0.00000000
v 41.83330250 49.25391376 0.00000000
v 41.92038429 49.19876993 0.00000000
v 42.01006687 49.14796531 0.00000000
v 42.10213429 49.10162246 0.00000000
v 42.19636482 49.05985296 0.00000000
v 41.51507580 49.51507580 0.00000000
v 42.29253131 49.02275741 0.00000000
v 37.70789814 47.22619677 9.80000000
v 37.51098108 47.37224030 9.80000000
v 37.54840994 47.34048438 9.80000000
v 37.40520382 47.47461152 9.80000000
v 37.43933964 47.43933988 9.80000000
v 37.47461176 47.40520382 9.80000000
v 37.58685780 47.30996990 9.80000000
v 37.62628365 47.28073001 9.80000000
v 37.66664457 47.25279570 9.80000000
v 37.37224007 47.51098132 9.80000000
v 37.34048414 47.54841018 9.80000000
v 37.30996990 47.58685780 9.80000000
v 37.28072977 47.62628341 9.80000000
v 37.25279570 47.66664457 9.80000000
v 37.22619677 47.70789814 9.80000000
v 37.17711830 47.79290485 9.80000000
v 37.15469074 47.83656693 9.80000000
v 37.13370419 47.88093948 9.80000000
v 37.11418056 47.92597485 9.80000000
v 37.09614134 47.97162485 9.80000000
v 37.20096207 47.75000000 9.80000000
v 37.92597485 47.11418080 9.80000000
v 37.79290485 47.17711806 9.80000000
v 37.83656693 47.15469098 9.80000000
v 37.75000000 47.20096183 9.80000000
v 37.88093948 47.13370419 9.80000000
v 37.97162485 47.09614110 9.80000000
v 38.01784086 47.07960486 9.80000000
v 38.11177158 47.05111122 9.80000000
v 38.06457281 47.06458950 9.80000000
v 38.15938568 47.03918457 9.80000000
v 38.20736456 47.02882218 9.80000000
v 38.25565672 47.02003503 9.80000000
v 38.30421066 47.01283264 9.80000000
v 38.35297441 47.00722289 9.80000000
v 38.40189552 47.00321150 9.80000000
v 38.45092154 47.00080323 9.80000000
v 37.70789814 47.22619677 12.19999962
v 37.51098108 47.37224030 12.19999962
v 37.54840994 47.34048438 12.19999962
v 37.40520382 47.47461152 12.19999962
v 37.43933964 47.43933988 12.19999962
v 37.47461176 47.40520382 12.19999962
v 37.58685780 47.30996990 12.19999962
v 37.62628365 47.28073001 12.19999962
v 37.66664457 47.25279570 12.19999962
v 37.37224007 47.51098132 12.19999962
v 37.34048414 47.54841018 12.19999962
v 37.30996990 47.58685780 12.19999962
v 37.28072977 47.62628341 12.19999962
v 37.25279570 47.66664457 12.19999962
v 37.22619677 47.70789814 12.19999962
v 37.17711830 47.79290485 12.19999962
v 37.15469074 47.83656693 12.19999962
v 37.13370419 47.88093948 12.19999962
v 37.11418056 47.92597485 12.19999962
v 37.09614134 47.97162485 12.19999962
v 37.20096207 47.75000000 12.19999962
v 37.92597485 47.11418080 12.19999962
v 37.79290485 47.17711806 12.19999962
v 37.83656693 47.15469098 12.19999962
v 37.75000000 47.20096183 12.19999962
v 37.88093948 47.13370419 12.19999962
v 37.97162485 47.09614110 12.19999962
v 38.01784086 47.07960486 12.19999962
v 38.11177158 47.05111122 12.19999962
v 38.06457281 47.06458950 12.19999962
v 38.15938568 47.03918457 12.19999962
v 38.20736456 47.02882218 12.19999962
v 38.25565672 47.02003503 12.19999962
v 38.30421066 47.01283264 12.19999962
v 38.35297441 47.00722289 12.19999962
v 38.40189552 47.00321150 12.19999962
v 38.45092154 47.00080323 12.19999962
v 37.07960463 48.01784086 9.80000000
v 37.06458950 48.06457305 9.80000000
v 37.05111122 48.11177135 9.80000000
v 37.03918457 48.15938568 9.80000000
v 37.02882195 48.20736456 9.80000000
v 37.02003479 48.25565672 9.80000000
v 37.01283264 48.30421066 9.80000000
v 37.00722313 48.35297418 9.80000000
v 37.00321150 48.40189528 9.80000000
v 37.00080299 48.45092130 9.80000000
v 37.00000000 48.50000000 9.80000000
v 37.07960463 48.01784086 12.19999962
v 37.06458950 48.06457305 12.19999962
v 37.05111122 48.11177135 12.19999962
v 37.03918457 48.15938568 12.19999962
v 37.02882195 48.20736456 12.19999962
v 37.02003479 48.25565672 12.19999962
v 37.01283264 48.30421066 12.19999962
v 37.00722313 48.35297418 12.19999962
v 37.00321150 48.40189528 12.19999962
v 37.00080299 48.45092130 12.19999962
v 37.00000000 48.50000000 12.19999962
v 38.50000000 47.00000000 9.80000000
v 38.50000000 47.00000000 12.19999962
v 38.43156242 49.75109375 11.80000000
v 38.43156242 49.75109375 12.19999962
v 38.43156242 50.04874998 11.80000000
v 38.43156242 50.04874998 12.19999962
v 38.58144522 49.71007812 11.80000000
v 38.72640610 49.68078125 11.80000000
v 38.86808586 49.66320312 11.80000000
v 38.58144522 49.71007812 12.19999962
v 38.72640610 49.68078125 12.19999962
v 38.86808586 49.66320312 12.19999962
v 38.56550789 49.98617184 11.80000000
v 38.70390606 49.94187498 11.80000000
v 38.84851551 49.91550779 11.80000000
v 38.56550789 49.98617184 12.19999962
v 38.70390606 49.94187498 12.19999962
v 38.84851551 49.91550779 12.19999962
v 39.00718760 49.65734375 11.80000000
v 39.00718760 49.65734375 12.19999962
v 39.00109386 49.90671873 11.80000000
v 39.22820306 49.94000006 11.80000000
v 39.00109386 49.90671873 12.19999962
v 39.22820306 49.94000006 12.19999962
v 39.36203122 49.70621097 11.80000000
v 39.36203122 49.70621097 12.19999962
v 39.62687492 49.85281253 11.80000000
v 39.62687492 49.85281253 12.19999962
v 39.99290323 50.24676144 9.80000000
v 39.95956564 50.39521998 9.80000000
v 39.93355274 50.54513553 9.80000000
v 39.99172664 50.55376479 9.79711037
v 39.91492724 50.69614688 9.80000000
v 39.97345448 50.70191127 9.79711037
v 39.90373397 50.84789021 9.80000000
v 39.96247363 50.85077590 9.79711037
v 38.52390623 50.78843750 11.80000000
v 38.64542961 50.83683594 11.80000000
v 38.76437521 50.87046875 11.80000000
v 38.52390623 50.78843750 12.19999962
v 38.64542961 50.83683594 12.19999962
v 38.76437521 50.87046875 12.19999962
v 38.88261700 50.89015625 11.80000000
v 39.00109386 50.89671875 11.80000000
v 39.22820306 50.86332031 11.80000000
v 38.88261700 50.89015625 12.19999962
v 39.00109386 50.89671875 12.19999962
v 39.22820306 50.86332031 12.19999962
v 39.40234375 50.03984374 11.80000000
v 39.51343751 50.19687498 11.80000000
v 39.40234375 50.03984374 12.19999962
v 39.51343751 50.19687498 12.19999962
v 39.55046868 50.40171874 11.80000000
v 39.55046868 50.40171874 12.19999962
v 39.79175782 50.08800781 11.80000000
v 39.79175782 50.08800781 12.19999962
v 39.84671879 50.40171874 11.80000000
v 39.84671879 50.40171874 12.19999962
v 39.51343751 50.60621095 11.80000000
v 39.51343751 50.60621095 12.19999962
v 39.40234375 50.76312500 11.80000000
v 39.40234375 50.76312500 12.19999962
v 39.79316401 50.70886719 11.80000000
v 39.79316401 50.70886719 12.19999962
v 39.63249993 50.94500000 11.80000000
v 39.63249993 50.94500000 12.19999962
v 40.70305157 48.91816735 9.80000000
v 40.74662709 48.95766187 9.79711037
v 41.27773225 48.42244411 9.80000000
v 41.31040549 48.47134328 9.79711037
v 41.40628147 48.34104133 9.80000000
v 41.43651605 48.39148450 9.79711037
v 41.46645939 48.44144201 9.78847103
v 41.49582314 48.49043250 9.77416401
v 40.91816735 48.70305157 9.80000000
v 41.03338087 48.60366750 9.80000000
v 40.95766187 48.74662709 9.79711037
v 41.07068968 48.64912868 9.79711037
v 41.10763919 48.69415164 9.78847103
v 40.80796909 48.80796909 9.80000000
v 40.84955406 48.84955406 9.79711037
v 40.78978300 48.99677610 9.78847103
v 40.89073873 48.89073873 9.78847103
v 40.93112636 48.93112636 9.77416401
v 40.99677610 48.78978300 9.78847103
v 41.03513324 48.83210349 9.77416401
v 41.07236397 48.87318134 9.75432758
v 40.97032785 48.97032785 9.75432758
v 41.10810971 48.91262078 9.72915249
v 41.15333211 48.51005673 9.80000000
v 41.18836546 48.55729342 9.79711037
v 41.22306120 48.60407543 9.78847103
v 41.14387357 48.73830342 9.77416401
v 41.25708556 48.64995193 9.77416401
v 41.29011071 48.69448113 9.75432758
v 41.34276414 48.51977110 9.78847103
v 41.37449634 48.56726193 9.77416401
v 41.40529680 48.61335802 9.75432758
v 41.46292722 48.69960809 9.69888191
v 41.48920226 48.73893142 9.66380672
v 41.32181859 48.73723435 9.72915249
v 41.43486869 48.65761542 9.72915249
v 41.46854806 48.93507624 9.48283844
v 41.48354483 48.95529675 9.42961006
v 41.49536133 48.97122955 9.37417107
v 41.24485087 48.86134458 9.69888191
v 41.17904389 48.78115869 9.75432758
v 41.21281135 48.82230425 9.72915249
v 41.14202619 48.95004177 9.69888191
v 41.17378676 48.98508406 9.66380672
v 41.30253112 48.93162823 9.62426453
v 41.27485371 48.89790320 9.66380672
v 41.35190380 48.77779961 9.69888191
v 41.40606594 48.85082865 9.62426453
v 41.38007677 48.81578636 9.66380672
v 41.32761645 48.96219468 9.58063583
v 41.34986806 48.98930836 9.53334217
v 41.42962122 48.88258934 9.58063583
v 41.45051563 48.91076231 9.53334217
v 42.24676144 47.99290323 9.80000000
v 42.39521998 47.95956564 9.80000000
v 42.54513553 47.93355274 9.80000000
v 42.55376479 47.99172664 9.79711037
v 42.69614688 47.91492724 9.80000000
v 42.70191127 47.97345448 9.79711037
v 42.84789021 47.90373397 9.80000000
v 42.85077590 47.96247363 9.79711037
v 43.00000000 47.90000010 9.80000000
v 43.00000000 47.95881033 9.79711037
v 41.67457926 48.19763327 9.80000000
v 41.81368136 48.13597345 9.80000000
v 41.83618712 48.19030714 9.79711037
v 41.85847604 48.24411750 9.78847103
v 41.53867006 48.26604414 9.80000000
v 41.56639314 48.31791019 9.79711037
v 41.59384906 48.36927676 9.78847103
v 41.62077367 48.41964912 9.77416401
v 41.64690757 48.46854210 9.75432758
v 41.69972384 48.25079703 9.79711037
v 41.72462630 48.30344892 9.78847103
v 41.74904680 48.35508180 9.77416401
v 41.81710136 48.49897099 9.69888191
v 41.77275014 48.40519834 9.75432758
v 41.79550803 48.45331573 9.72915249
v 41.95564151 48.08121347 9.80000000
v 41.97545409 48.13658595 9.79711037
v 41.99507582 48.19142509 9.78847103
v 42.01431781 48.24520278 9.77416401
v 42.10011750 48.03348494 9.80000000
v 42.11718923 48.08976293 9.79711037
v 42.13409656 48.14549875 9.78847103
v 42.15067661 48.20015597 9.77416401
v 41.88033366 48.29688621 9.77416401
v 41.90154934 48.34810543 9.75432758
v 42.03299475 48.29740143 9.75432758
v 42.05092674 48.34751797 9.72915249
v 41.94124591 48.44394135 9.69888191
v 41.95934439 48.48763514 9.66380672
v 41.92191875 48.39728165 9.72915249
v 42.19688159 48.35247350 9.69888191
v 42.16676980 48.25320816 9.75432758
v 42.18222106 48.30414414 9.72915249
v 42.06794101 48.39506960 9.69888191
v 42.09857172 48.48067665 9.62426453
v 42.08387387 48.43959904 9.66380672
v 42.21061027 48.39773083 9.66380672
v 42.22327489 48.43948030 9.62426453
v 42.23475337 48.47731996 9.58063583
v 41.78811097 48.73271513 9.48283844
v 41.52432466 48.53798437 9.75432758
v 41.55168927 48.58363962 9.72915249
v 41.67199910 48.51548505 9.72915249
v 41.57765365 48.62695837 9.69888191
v 41.60196745 48.66752362 9.66380672
v 41.62439680 48.70494485 9.62426453
v 41.64472556 48.73886132 9.58063583
v 41.69580650 48.56002569 9.69888191
v 41.71810067 48.60173512 9.66380672
v 41.83732212 48.54172397 9.66380672
v 41.85597551 48.58116341 9.62426453
v 41.87288189 48.61690903 9.58063583
v 41.73866677 48.64021158 9.62426453
v 41.75730693 48.67508459 9.58063583
v 41.77384138 48.70601845 9.53334217
v 41.57171381 48.86241865 9.48283844
v 41.67832041 48.79491067 9.48283844
v 41.51075172 48.99198127 9.19999962
v 41.50903070 48.98966050 9.25880985
v 41.50388408 48.98272109 9.31705456
v 41.61107445 48.92132592 9.19999962
v 41.60946929 48.91892362 9.25880985
v 41.60466933 48.91174006 9.31705456
v 41.58570027 48.88335085 9.42961006
v 41.59672081 48.89984417 9.37417107
v 41.71474314 48.85567856 9.19999962
v 41.71325779 48.85320044 9.25880985
v 41.70881617 48.84578991 9.31705456
v 41.82150817 48.79519677 9.19999962
v 41.82014620 48.79264879 9.25880985
v 41.81607354 48.78502941 9.31705456
v 41.70146084 48.83351827 9.37417107
v 41.69126284 48.81650400 9.42961006
v 41.80932927 48.77241158 9.37417107
v 41.79997838 48.75491738 9.42961006
v 41.51344073 48.77520680 9.62426453
v 41.53540921 48.80808496 9.58063583
v 41.55489612 48.83724928 9.53334217
v 41.66275799 48.76894641 9.53334217
v 42.01617938 48.62484694 9.48283844
v 41.93111229 48.74002671 9.19999962
v 41.92987704 48.73741508 9.25880985
v 41.92618310 48.72960472 9.31705456
v 42.03887951 48.67964983 9.31705456
v 42.04329139 48.69030118 9.19999962
v 42.04218578 48.68763185 9.25880985
v 41.90082121 48.67598152 9.48283844
v 41.92006600 48.71667147 9.37417107
v 41.91158485 48.69873953 9.42961006
v 42.02581340 48.64810538 9.42961006
v 42.03340447 48.66643190 9.37417107
v 42.14907157 48.62181425 9.37417107
v 42.14238882 48.60313725 9.42961006
v 42.13390768 48.57943416 9.48283844
v 42.15389144 48.63528490 9.31705456
v 42.15777534 48.64613986 9.19999962
v 42.15680206 48.64341950 9.25880985
v 41.97604024 48.52794242 9.62426453
v 41.99117231 48.56447458 9.58063583
v 42.00459516 48.59688020 9.53334217
v 41.88787866 48.64861703 9.53334217
v 42.11189306 48.51790738 9.58063583
v 42.12370968 48.55093265 9.53334217
v 42.24493521 48.51088500 9.53334217
v 42.26105118 48.04995084 9.79711037
v 42.27520329 48.10644937 9.78847103
v 42.40669334 48.01724601 9.79711037
v 42.41805613 48.07437062 9.78847103
v 42.28908151 48.16185427 9.77416401
v 42.30255216 48.21563196 9.75432758
v 42.42919904 48.13038969 9.77416401
v 42.56231093 48.04934001 9.78847103
v 42.57069170 48.10583854 9.77416401
v 42.44001472 48.18476391 9.75432758
v 42.45039898 48.23696899 9.72915249
v 42.57882631 48.16067767 9.75432758
v 42.58663648 48.21332955 9.72915249
v 42.49845260 48.47855091 9.48283844
v 42.62277836 48.45697832 9.48283844
v 42.32775700 48.31625533 9.69888191
v 42.33924842 48.36213183 9.66380672
v 42.31548548 48.26726484 9.72915249
v 42.34984922 48.40445256 9.62426453
v 42.35945719 48.44280958 9.58063583
v 42.36797982 48.47683406 9.53334217
v 42.46025181 48.28650260 9.69888191
v 42.46947837 48.33288789 9.66380672
v 42.59404698 48.26328707 9.69888191
v 42.60098642 48.31006908 9.66380672
v 42.60738799 48.35322475 9.62426453
v 42.47798979 48.37567759 9.62426453
v 42.48570412 48.41445994 9.58063583
v 42.49254704 48.44886160 9.53334217
v 42.61319005 48.39233899 9.58063583
v 42.61833668 48.42703485 9.53334217
v 42.70762017 48.03141785 9.78847103
v 42.71321860 48.08825946 9.77416401
v 42.72882012 48.24666429 9.69888191
v 42.71865258 48.14343166 9.75432758
v 42.72386983 48.19640350 9.72915249
v 42.85363379 48.02064729 9.78847103
v 42.85643637 48.07769513 9.77416401
v 43.00000000 48.01705408 9.78847103
v 43.00000000 48.07417083 9.77416401
v 42.86424653 48.23667479 9.69888191
v 43.00000000 48.23334217 9.69888191
v 42.85915664 48.13306761 9.75432758
v 42.86176841 48.18623137 9.72915249
v 43.00000000 48.12961006 9.75432758
v 43.00000000 48.18283796 9.72915249
v 42.62647229 48.48188066 9.42961006
v 42.75048049 48.46658587 9.42961006
v 42.75242479 48.48632669 9.37417107
v 42.74801290 48.44153214 9.48283844
v 42.87676512 48.49149632 9.31705456
v 43.00000000 48.49711084 9.25880985
v 43.00000000 48.48847127 9.31705456
v 42.87385450 48.43224955 9.48283844
v 42.87508978 48.45739412 9.42961006
v 42.87606311 48.47720671 9.37417107
v 43.00000000 48.42915273 9.48283844
v 43.00000000 48.45432782 9.42961006
v 43.00000000 48.47416425 9.37417107
v 42.73345572 48.29373050 9.66380672
v 42.73773202 48.33714843 9.62426453
v 42.74160782 48.37650037 9.58063583
v 42.74504584 48.41140676 9.53334217
v 42.86656713 48.28391147 9.66380672
v 42.86870787 48.32748699 9.62426453
v 42.87064810 48.36698174 9.58063583
v 43.00000000 48.28063607 9.66380672
v 43.00000000 48.32426405 9.62426453
v 43.00000000 48.36380625 9.58063583
v 42.87236919 48.40201497 9.53334217
v 43.00000000 48.39888167 9.53334217
v 42.27428830 48.60764909 9.19999962
v 42.27344960 48.60488439 9.25880985
v 42.27094167 48.59661674 9.31705456
v 42.39254957 48.57492185 9.19999962
v 42.38974828 48.56373858 9.31705456
v 42.39184755 48.57211924 9.25880985
v 42.25372243 48.53985262 9.48283844
v 42.26678854 48.58292580 9.37417107
v 42.26103032 48.56394362 9.42961006
v 42.38145208 48.53061843 9.42961006
v 42.38627195 48.54986024 9.37417107
v 42.37533510 48.50619793 9.48283844
v 42.51227421 48.54803681 9.19999962
v 42.51171055 48.54520321 9.25880985
v 42.51002502 48.53672957 9.31705456
v 42.50723389 48.52269745 9.37417107
v 42.50336397 48.50324202 9.42961006
v 42.63317382 48.52705884 9.19999962
v 42.63274989 48.52420092 9.25880985
v 42.63148218 48.51565456 9.31705456
v 42.75495715 48.51203823 9.19999962
v 42.75467396 48.50916290 9.25880985
v 42.75382712 48.50056481 9.31705456
v 42.62938291 48.50150251 9.37417107
v 42.87733082 48.50301147 9.19999962
v 42.87718905 48.50012565 9.25880985
v 43.00000000 48.50000000 9.19999962
v 40.34104133 49.40628147 9.80000000
v 40.51005673 49.15333211 9.80000000
v 40.55729342 49.18836546 9.79711037
v 40.60366750 49.03338087 9.80000000
v 40.64912868 49.07068968 9.79711037
v 40.69415164 49.10763919 9.78847103
v 40.60407543 49.22306120 9.78847103
v 40.73830342 49.14387357 9.77416401
v 40.42244411 49.27773225 9.80000000
v 40.47134328 49.31040549 9.79711037
v 40.51977110 49.34276414 9.78847103
v 40.39148450 49.43651605 9.79711037
v 40.44144201 49.46645939 9.78847103
v 40.49043250 49.49582314 9.77416401
v 40.64995193 49.25708556 9.77416401
v 40.56726193 49.37449634 9.77416401
v 40.69448113 49.29011071 9.75432758
v 40.73723435 49.32181859 9.72915249
v 40.69960809 49.46292722 9.69888191
v 40.73893142 49.48920226 9.66380672
v 40.61335802 49.40529680 9.75432758
v 40.65761542 49.43486869 9.72915249
v 40.26604414 49.53867006 9.80000000
v 40.31791019 49.56639314 9.79711037
v 40.36927676 49.59384906 9.78847103
v 40.19763327 49.67457926 9.80000000
v 40.25079703 49.69972384 9.79711037
v 40.30344892 49.72462630 9.78847103
v 40.35508180 49.74904680 9.77416401
v 40.13597345 49.81368136 9.80000000
v 40.08121347 49.95564151 9.80000000
v 40.13658595 49.97545409 9.79711037
v 40.19030714 49.83618712 9.79711037
v 40.24411750 49.85847604 9.78847103
v 40.19142509 49.99507582 9.78847103
v 40.29688621 49.88033366 9.77416401
v 40.34810543 49.90154934 9.75432758
v 40.41964912 49.62077367 9.77416401
v 40.53798437 49.52432466 9.75432758
v 40.56002569 49.69580650 9.69888191
v 40.46854210 49.64690757 9.75432758
v 40.51548505 49.67199910 9.72915249
v 40.62695837 49.57765365 9.69888191
v 40.70494485 49.62439680 9.62426453
v 40.66752362 49.60196745 9.66380672
v 40.58363962 49.55168927 9.72915249
v 40.64021158 49.73866677 9.62426453
v 40.60173512 49.71810067 9.66380672
v 40.73886132 49.64472556 9.58063583
v 40.73271513 49.78811097 9.48283844
v 40.74002671 49.93111229 9.19999962
v 40.73741508 49.92987704 9.25880985
v 40.72960472 49.92618310 9.31705456
v 40.69873953 49.91158485 9.42961006
v 40.71667147 49.92006600 9.37417107
v 40.67598152 49.90082121 9.48283844
v 40.49897099 49.81710136 9.69888191
v 40.54172397 49.83732212 9.66380672
v 40.40519834 49.77275014 9.75432758
v 40.45331573 49.79550803 9.72915249
v 40.44394135 49.94124591 9.69888191
v 40.52794242 49.97604024 9.62426453
v 40.48763514 49.95934439 9.66380672
v 40.39728165 49.92191875 9.72915249
v 40.58116341 49.85597551 9.62426453
v 40.61690903 49.87288189 9.58063583
v 40.67508459 49.75730693 9.58063583
v 40.70601845 49.77384138 9.53334217
v 40.64861703 49.88787866 9.53334217
v 40.56447458 49.99117231 9.58063583
v 40.83210349 49.03513324 9.77416401
v 40.87318134 49.07236397 9.75432758
v 40.91262078 49.10810971 9.72915249
v 40.86134458 49.24485087 9.69888191
v 40.78115869 49.17904389 9.75432758
v 40.82230425 49.21281135 9.72915249
v 41.04367745 49.04367745 9.69888191
v 41.10796893 49.10796893 9.62426453
v 41.07711923 49.07711923 9.66380672
v 41.00796568 49.00796568 9.72915249
v 40.95004177 49.14202619 9.69888191
v 40.98508406 49.17378676 9.66380672
v 41.01741040 49.20308554 9.62426453
v 41.04670930 49.22964048 9.58063583
v 40.93507624 49.46854806 9.48283844
v 41.01270819 49.36907172 9.48283844
v 41.11378121 49.29043102 9.42961006
v 41.09512782 49.27352452 9.48283844
v 41.06747389 49.41401684 9.19999962
v 41.06524050 49.41218388 9.25880985
v 41.05856192 49.40670300 9.31705456
v 40.97122955 49.49536133 9.37417107
v 40.95529675 49.48354483 9.42961006
v 41.04750252 49.39762676 9.37417107
v 41.03216875 49.38504255 9.42961006
v 40.77779961 49.35190380 9.69888191
v 40.93162823 49.30253112 9.62426453
v 40.89790320 49.27485371 9.66380672
v 40.81578636 49.38007677 9.66380672
v 40.85082865 49.40606594 9.62426453
v 40.88258934 49.42962122 9.58063583
v 40.91076231 49.45051563 9.53334217
v 40.96219468 49.32761645 9.58063583
v 40.98930836 49.34986806 9.53334217
v 41.07269847 49.25319576 9.53334217
v 41.29043102 49.11378121 9.42961006
v 41.27352452 49.09512782 9.48283844
v 41.23223305 49.23223305 9.19999962
v 41.23019016 49.23019016 9.25880985
v 41.22408092 49.22408092 9.31705456
v 41.18213654 49.18213654 9.48283844
v 41.21396434 49.21396434 9.37417107
v 41.19993782 49.19993782 9.42961006
v 41.30375230 49.12847912 9.37417107
v 41.40670300 49.05856192 9.31705456
v 41.41401684 49.06747389 9.19999962
v 41.41218388 49.06524050 9.25880985
v 41.39762676 49.04750252 9.37417107
v 41.38504255 49.03216875 9.42961006
v 41.36907172 49.01270819 9.48283844
v 41.32110262 49.14762223 9.19999962
v 41.31916237 49.14548147 9.25880985
v 41.31336033 49.13907993 9.31705456
v 41.20308554 49.01741040 9.62426453
v 41.22964048 49.04670930 9.58063583
v 41.25319576 49.07269847 9.53334217
v 41.13592958 49.13592958 9.58063583
v 41.16073167 49.16073167 9.53334217
v 41.14762223 49.32110262 9.19999962
v 41.14548147 49.31916237 9.25880985
v 41.13907993 49.31336033 9.31705456
v 41.12847912 49.30375230 9.37417107
v 40.92132592 49.61107445 9.19999962
v 40.91892362 49.60946929 9.25880985
v 40.91174006 49.60466933 9.31705456
v 40.88335085 49.58570027 9.42961006
v 40.89984417 49.59672081 9.37417107
v 40.86241865 49.57171381 9.48283844
v 40.85567856 49.71474314 9.19999962
v 40.85320044 49.71325779 9.25880985
v 40.84578991 49.70881617 9.31705456
v 40.79491067 49.67832041 9.48283844
v 40.83351827 49.70146084 9.37417107
v 40.81650400 49.69126284 9.42961006
v 40.99198127 49.51075172 9.19999962
v 40.98272109 49.50388408 9.31705456
v 40.98966050 49.50903070 9.25880985
v 40.77520680 49.51344073 9.62426453
v 40.83724928 49.55489612 9.53334217
v 40.80808496 49.53540921 9.58063583
v 40.76894641 49.66275799 9.53334217
v 40.79519677 49.82150817 9.19999962
v 40.79264879 49.82014620 9.25880985
v 40.78502941 49.81607354 9.31705456
v 40.77241158 49.80932927 9.37417107
v 40.75491738 49.79997838 9.42961006
v 40.03348494 50.10011750 9.80000000
v 40.08976293 50.11718923 9.79711037
v 40.14549875 50.13409656 9.78847103
v 40.24520278 50.01431781 9.77416401
v 40.29740143 50.03299475 9.75432758
v 40.34751797 50.05092674 9.72915249
v 40.35247350 50.19688159 9.69888191
v 40.20015597 50.15067661 9.77416401
v 40.25320816 50.16676980 9.75432758
v 40.30414414 50.18222106 9.72915249
v 40.04995084 50.26105118 9.79711037
v 40.10644937 50.27520329 9.78847103
v 40.16185427 50.28908151 9.77416401
v 40.01724601 50.40669334 9.79711037
v 40.07437062 50.41805613 9.78847103
v 40.13038969 50.42919904 9.77416401
v 40.18476391 50.44001472 9.75432758
v 40.31625533 50.32775700 9.69888191
v 40.36213183 50.33924842 9.66380672
v 40.21563196 50.30255216 9.75432758
v 40.26726484 50.31548548 9.72915249
v 40.28650260 50.46025181 9.69888191
v 40.33288789 50.46947837 9.66380672
v 40.23696899 50.45039898 9.72915249
v 40.69030118 50.04329139 9.19999962
v 40.68763185 50.04218578 9.25880985
v 40.67964983 50.03887951 9.31705456
v 40.64810538 50.02581340 9.42961006
v 40.62484694 50.01617938 9.48283844
v 40.66643190 50.03340447 9.37417107
v 40.64613986 50.15777534 9.19999962
v 40.63528490 50.15389144 9.31705456
v 40.64341950 50.15680206 9.25880985
v 40.60313725 50.14238882 9.42961006
v 40.62181425 50.14907157 9.37417107
v 40.57943416 50.13390768 9.48283844
v 40.39506960 50.06794101 9.69888191
v 40.43959904 50.08387387 9.66380672
v 40.48067665 50.09857172 9.62426453
v 40.55093265 50.12370968 9.53334217
v 40.51790738 50.11189306 9.58063583
v 40.43948030 50.22327489 9.62426453
v 40.39773083 50.21061027 9.66380672
v 40.51088500 50.24493521 9.53334217
v 40.47731996 50.23475337 9.58063583
v 40.59688020 50.00459516 9.53334217
v 40.53985262 50.25372243 9.48283844
v 40.54986024 50.38627195 9.37417107
v 40.53061843 50.38145208 9.42961006
v 40.50619793 50.37533510 9.48283844
v 40.47855091 50.49845260 9.48283844
v 40.60764909 50.27428830 9.19999962
v 40.60488439 50.27344960 9.25880985
v 40.59661674 50.27094167 9.31705456
v 40.58292580 50.26678854 9.37417107
v 40.56394362 50.26103032 9.42961006
v 40.57492185 50.39254957 9.19999962
v 40.57211924 50.39184755 9.25880985
v 40.56373858 50.38974828 9.31705456
v 40.40445256 50.34984922 9.62426453
v 40.44280958 50.35945719 9.58063583
v 40.47683406 50.36797982 9.53334217
v 40.37567759 50.47798979 9.62426453
v 40.41445994 50.48570412 9.58063583
v 40.44886160 50.49254704 9.53334217
v 40.04934001 50.56231093 9.78847103
v 40.10583854 50.57069170 9.77416401
v 40.16067767 50.57882631 9.75432758
v 40.03141785 50.70762017 9.78847103
v 40.08825946 50.71321860 9.77416401
v 40.14343166 50.71865258 9.75432758
v 40.26328707 50.59404698 9.69888191
v 40.35322475 50.60738799 9.62426453
v 40.31006908 50.60098642 9.66380672
v 40.21332955 50.58663648 9.72915249
v 40.24666429 50.72882012 9.69888191
v 40.33714843 50.73773202 9.62426453
v 40.29373050 50.73345572 9.66380672
v 40.19640350 50.72386983 9.72915249
v 40.02064729 50.85363379 9.78847103
v 40.07769513 50.85643637 9.77416401
v 40.13306761 50.85915664 9.75432758
v 40.18623137 50.86176841 9.72915249
v 40.23667479 50.86424653 9.69888191
v 40.32748699 50.86870787 9.62426453
v 40.36698174 50.87064810 9.58063583
v 40.28391147 50.86656713 9.66380672
v 40.54803681 50.51227421 9.19999962
v 40.54520321 50.51171055 9.25880985
v 40.53672957 50.51002502 9.31705456
v 40.45697832 50.62277836 9.48283844
v 40.50324202 50.50336397 9.42961006
v 40.52269745 50.50723389 9.37417107
v 40.52705884 50.63317382 9.19999962
v 40.52420092 50.63274989 9.25880985
v 40.51565456 50.63148218 9.31705456
v 40.44153214 50.74801290 9.48283844
v 40.50150251 50.62938291 9.37417107
v 40.48188066 50.62647229 9.42961006
v 40.39233899 50.61319005 9.58063583
v 40.42703485 50.61833668 9.53334217
v 40.41140676 50.74504584 9.53334217
v 40.37650037 50.74160782 9.58063583
v 40.51203823 50.75495715 9.19999962
v 40.50916290 50.75467396 9.25880985
v 40.50056481 50.75382712 9.31705456
v 40.46658587 50.75048049 9.42961006
v 40.43224955 50.87385450 9.48283844
v 40.48632669 50.75242479 9.37417107
v 40.50301147 50.87733082 9.19999962
v 40.50012565 50.87718905 9.25880985
v 40.49149632 50.87676512 9.31705456
v 40.45739412 50.87508978 9.42961006
v 40.47720671 50.87606311 9.37417107
v 40.40201497 50.87236919 9.53334217
v 42.24887562 50.87615917 11.80000000
v 42.24131376 50.89284864 11.80000000
v 42.23485959 50.90999695 11.80000000
v 42.22954077 50.92753067 11.80000000
v 42.22538012 50.94537471 11.80000000
v 42.22239542 50.96345267 11.80000000
v 42.22059947 50.98168712 11.80000000
v 42.24887562 50.87615917 12.19999962
v 42.24131376 50.89284864 12.19999962
v 42.23485959 50.90999695 12.19999962
v 42.22954077 50.92753067 12.19999962
v 42.22538012 50.94537471 12.19999962
v 42.22239542 50.96345267 12.19999962
v 42.22059947 50.98168712 12.19999962
v 42.37615919 50.74887562 11.80000000
v 42.39284861 50.74131373 11.80000000
v 42.40999693 50.73485956 11.80000000
v 42.42753065 50.72954077 11.80000000
v 42.44537473 50.72538012 11.80000000
v 42.46345264 50.72239545 11.80000000
v 42.48168713 50.72059950 11.80000000
v 42.50000000 50.72000000 11.80000000
v 42.51831287 50.72059950 11.80000000
v 42.53654733 50.72239545 11.80000000
v 42.55462530 50.72538012 11.80000000
v 42.57246932 50.72954077 11.80000000
v 42.59000304 50.73485956 11.80000000
v 42.60715136 50.74131373 11.80000000
v 42.62384084 50.74887562 11.80000000
v 42.37615919 50.74887562 12.19999962
v 42.39284861 50.74131373 12.19999962
v 42.40999693 50.73485956 12.19999962
v 42.42753065 50.72954077 12.19999962
v 42.44537473 50.72538012 12.19999962
v 42.46345264 50.72239545 12.19999962
v 42.48168713 50.72059950 12.19999962
v 42.50000000 50.72000000 12.19999962
v 42.51831287 50.72059950 12.19999962
v 42.53654733 50.72239545 12.19999962
v 42.55462530 50.72538012 12.19999962
v 42.57246932 50.72954077 12.19999962
v 42.59000304 50.73485956 12.19999962
v 42.60715136 50.74131373 12.19999962
v 42.62384084 50.74887562 12.19999962
v 42.32954681 50.77786106 11.80000000
v 42.31538320 50.78948486 11.80000000
v 42.30201012 50.80201010 11.80000000
v 42.28948486 50.81538317 11.80000000
v 42.27786106 50.82954679 11.80000000
v 42.26718849 50.84444034 11.80000000
v 42.25751287 50.86000000 11.80000000
v 42.36000001 50.75751288 11.80000000
v 42.34444034 50.76718850 11.80000000
v 42.32954681 50.77786106 12.19999962
v 42.31538320 50.78948486 12.19999962
v 42.30201012 50.80201010 12.19999962
v 42.28948486 50.81538317 12.19999962
v 42.27786106 50.82954679 12.19999962
v 42.26718849 50.84444034 12.19999962
v 42.25751287 50.86000000 12.19999962
v 42.36000001 50.75751288 12.19999962
v 42.34444034 50.76718850 12.19999962
v 42.63999999 50.75751288 11.80000000
v 42.65555966 50.76718850 11.80000000
v 42.67045319 50.77786106 11.80000000
v 42.68461683 50.78948486 11.80000000
v 42.69798991 50.80201010 11.80000000
v 42.71051514 50.81538317 11.80000000
v 42.72213894 50.82954679 11.80000000
v 42.73281148 50.84444034 11.80000000
v 42.74248710 50.86000000 11.80000000
v 42.75112437 50.87615917 11.80000000
v 42.75868627 50.89284864 11.80000000
v 42.76514043 50.90999695 11.80000000
v 42.77045923 50.92753067 11.80000000
v 42.77461988 50.94537471 11.80000000
v 42.77760457 50.96345267 11.80000000
v 42.77940050 50.98168712 11.80000000
v 42.63999999 50.75751288 12.19999962
v 42.65555966 50.76718850 12.19999962
v 42.67045319 50.77786106 12.19999962
v 42.68461683 50.78948486 12.19999962
v 42.69798991 50.80201010 12.19999962
v 42.71051514 50.81538317 12.19999962
v 42.72213894 50.82954679 12.19999962
v 42.73281148 50.84444034 12.19999962
v 42.74248710 50.86000000 12.19999962
v 42.75112437 50.87615917 12.19999962
v 42.75868627 50.89284864 12.19999962
v 42.76514043 50.90999695 12.19999962
v 42.77045923 50.92753067 12.19999962
v 42.77461988 50.94537471 12.19999962
v 42.77760457 50.96345267 12.19999962
v 42.77940050 50.98168712 12.19999962
v 40.50000000 51.00000000 0.49999999
v 40.50301147 51.12266918 0.49999999
v 40.51203823 51.24504285 0.49999999
v 40.52705884 51.36682618 0.49999999
v 40.54803681 51.48772579 0.49999999
v 40.57492185 51.60745043 0.49999999
v 40.60764909 51.72571170 0.49999999
v 40.64613986 51.84222466 0.49999999
v 40.69030118 51.95670861 0.49999999
v 40.90000010 51.00000000 0.00000000
v 40.90252948 51.10304212 0.00000000
v 40.91011214 51.20583600 0.00000000
v 40.92272925 51.30813399 0.00000000
v 40.94035101 51.40968966 0.00000000
v 40.96293426 51.51025838 0.00000000
v 40.99042535 51.60959780 0.00000000
v 41.02275741 51.70746869 0.00000000
v 41.05985296 51.80363518 0.00000000
v 41.10162246 51.89786571 0.00000000
v 41.14796531 51.98993313 0.00000000
v 40.74002671 52.06888771 0.49999999
v 40.79519677 52.17849183 0.49999999
v 40.85567856 52.28525686 0.49999999
v 40.92132592 52.38892555 0.49999999
v 40.99198127 52.48924828 0.49999999
v 41.19876993 52.07961571 0.00000000
v 41.25391376 52.16669750 0.00000000
v 41.31326413 52.25096858 0.00000000
v 41.37667799 52.33222592 0.00000000
v 41.44400263 52.41027379 0.00000000
v 41.06747389 52.58598316 0.49999999
v 41.14762223 52.67889738 0.49999999
v 41.23223305 52.76776695 0.49999999
v 41.32110262 52.85237777 0.49999999
v 41.41401684 52.93252611 0.49999999
v 41.51507580 52.48492420 0.00000000
v 41.58972621 52.55599737 0.00000000
v 41.66777408 52.62332201 0.00000000
v 41.74903142 52.68673587 0.00000000
v 41.83330250 52.74608624 0.00000000
v 41.92038429 52.80123007 0.00000000
v 42.01006687 52.85203469 0.00000000
v 42.10213429 52.89837754 0.00000000
v 42.19636482 52.94014704 0.00000000
v 42.29253131 52.97724259 0.00000000
v 41.51075172 53.00801873 0.49999999
v 41.61107445 53.07867408 0.49999999
v 41.71474314 53.14432144 0.49999999
v 41.82150817 53.20480323 0.49999999
v 41.93111229 53.25997329 0.49999999
v 42.04329139 53.30969882 0.49999999
v 42.15777534 53.35386014 0.49999999
v 42.39040220 53.00957465 0.00000000
v 42.48974162 53.03706574 0.00000000
v 42.59031034 53.05964899 0.00000000
v 42.27428830 53.39235091 0.49999999
v 42.39254957 53.42507815 0.49999999
v 42.51227421 53.45196319 0.49999999
v 42.69186601 53.07727075 0.00000000
v 42.79416400 53.08988786 0.00000000
v 42.89695788 53.09747052 0.00000000
v 42.63317382 53.47294116 0.49999999
v 42.75495715 53.48796177 0.49999999
v 42.87733082 53.49698853 0.49999999
v 39.90000010 51.00000000 9.80000000
v 39.95881033 51.00000000 9.79711037
v 39.90373397 51.15210979 9.80000000
v 39.96247363 51.14922410 9.79711037
v 39.91492724 51.30385312 9.80000000
v 39.97345448 51.29808873 9.79711037
v 39.93355274 51.45486447 9.80000000
v 39.99172664 51.44623521 9.79711037
v 39.95956564 51.60478002 9.80000000
v 39.99290323 51.75323856 9.80000000
v 38.79484367 51.10203125 11.80000000
v 38.85906267 51.12125000 11.80000000
v 38.79484367 51.10203125 12.19999962
v 38.85906267 51.12125000 12.19999962
v 38.92328119 51.13484375 11.80000000
v 38.98796892 51.14292969 11.80000000
v 39.05265617 51.14562500 11.80000000
v 38.92328119 51.13484375 12.19999962
v 38.98796892 51.14292969 12.19999962
v 39.05265617 51.14562500 12.19999962
v 38.79484367 51.63781250 11.80000000
v 38.79484367 51.63781250 12.19999962
v 38.52390623 51.88718748 11.80000000
v 38.52390623 51.88718748 12.19999962
v 39.38066411 51.09546875 11.80000000
v 39.38066411 51.09546875 12.19999962
v 39.68546867 51.63781250 11.80000000
v 39.68546867 51.63781250 12.19999962
v 39.68546867 51.88718748 11.80000000
v 39.68546867 51.88718748 12.19999962
v 37.00000000 53.50000000 9.80000000
v 37.00080299 53.54907870 9.80000000
v 37.00321150 53.59810472 9.80000000
v 37.00722313 53.64702582 9.80000000
v 37.01283264 53.69578934 9.80000000
v 37.02003479 53.74434328 9.80000000
v 37.02882195 53.79263544 9.80000000
v 37.03918457 53.84061432 9.80000000
v 37.05111122 53.88822865 9.80000000
v 37.06458950 53.93542695 9.80000000
v 37.07960463 53.98215914 9.80000000
v 37.00000000 53.50000000 12.19999962
v 37.00080299 53.54907870 12.19999962
v 37.00321150 53.59810472 12.19999962
v 37.00722313 53.64702582 12.19999962
v 37.01283264 53.69578934 12.19999962
v 37.02003479 53.74434328 12.19999962
v 37.02882195 53.79263544 12.19999962
v 37.03918457 53.84061432 12.19999962
v 37.05111122 53.88822865 12.19999962
v 37.06458950 53.93542695 12.19999962
v 37.07960463 53.98215914 12.19999962
v 37.09614134 54.02837515 9.80000000
v 37.11418056 54.07402515 9.80000000
v 37.13370419 54.11906052 9.80000000
v 37.15469074 54.16343307 9.80000000
v 37.17711830 54.20709515 9.80000000
v 37.20096207 54.25000000 9.80000000
v 37.22619677 54.29210186 9.80000000
v 37.25279570 54.33335543 9.80000000
v 37.28072977 54.37371659 9.80000000
v 37.30996990 54.41314220 9.80000000
v 37.34048414 54.45158982 9.80000000
v 37.37224007 54.48901868 9.80000000
v 37.40520382 54.52538848 9.80000000
v 37.43933964 54.56066012 9.80000000
v 37.47461176 54.59479618 9.80000000
v 37.51098108 54.62775970 9.80000000
v 37.54840994 54.65951562 9.80000000
v 37.58685780 54.69003010 9.80000000
v 37.62628365 54.71926999 9.80000000
v 37.66664457 54.74720430 9.80000000
v 37.70789814 54.77380323 9.80000000
v 37.75000000 54.79903817 9.80000000
v 37.79290485 54.82288194 9.80000000
v 37.83656693 54.84530902 9.80000000
v 37.88093948 54.86629581 9.80000000
v 37.92597485 54.88581920 9.80000000
v 37.97162485 54.90385890 9.80000000
v 38.01784086 54.92039514 9.80000000
v 38.06457281 54.93541050 9.80000000
v 38.11177158 54.94888878 9.80000000
v 38.15938568 54.96081543 9.80000000
v 38.20736456 54.97117782 9.80000000
v 38.25565672 54.97996497 9.80000000
v 38.30421066 54.98716736 9.80000000
v 38.35297441 54.99277711 9.80000000
v 38.40189552 54.99678850 9.80000000
v 38.45092154 54.99919677 9.80000000
v 37.09614134 54.02837515 12.19999962
v 37.11418056 54.07402515 12.19999962
v 37.13370419 54.11906052 12.19999962
v 37.15469074 54.16343307 12.19999962
v 37.17711830 54.20709515 12.19999962
v 37.20096207 54.25000000 12.19999962
v 37.22619677 54.29210186 12.19999962
v 37.25279570 54.33335543 12.19999962
v 37.28072977 54.37371659 12.19999962
v 37.30996990 54.41314220 12.19999962
v 37.34048414 54.45158982 12.19999962
v 37.37224007 54.48901868 12.19999962
v 37.40520382 54.52538848 12.19999962
v 37.43933964 54.56066012 12.19999962
v 37.47461176 54.59479618 12.19999962
v 37.51098108 54.62775970 12.19999962
v 37.54840994 54.65951562 12.19999962
v 37.58685780 54.69003010 12.19999962
v 37.62628365 54.71926999 12.19999962
v 37.66664457 54.74720430 12.19999962
v 37.70789814 54.77380323 12.19999962
v 37.75000000 54.79903817 12.19999962
v 37.79290485 54.82288194 12.19999962
v 37.83656693 54.84530902 12.19999962
v 37.88093948 54.86629581 12.19999962
v 37.92597485 54.88581920 12.19999962
v 37.97162485 54.90385890 12.19999962
v 38.01784086 54.92039514 12.19999962
v 38.06457281 54.93541050 12.19999962
v 38.11177158 54.94888878 12.19999962
v 38.15938568 54.96081543 12.19999962
v 38.20736456 54.97117782 12.19999962
v 38.25565672 54.97996497 12.19999962
v 38.30421066 54.98716736 12.19999962
v 38.35297441 54.99277711 12.19999962
v 38.40189552 54.99678850 12.19999962
v 38.45092154 54.99919677 12.19999962
v 38.50000000 55.00000000 9.80000000
v 38.50000000 55.00000000 12.19999962
v 40.01705408 51.00000000 9.78847103
v 40.07417083 51.00000000 9.77416401
v 40.12961006 51.00000000 9.75432758
v 40.18283796 51.00000000 9.72915249
v 40.02064729 51.14636621 9.78847103
v 40.07769513 51.14356363 9.77416401
v 40.13306761 51.14084336 9.75432758
v 40.18623137 51.13823159 9.72915249
v 40.23334217 51.00000000 9.69888191
v 40.28063607 51.00000000 9.66380672
v 40.32426405 51.00000000 9.62426453
v 40.36380625 51.00000000 9.58063583
v 40.23667479 51.13575347 9.69888191
v 40.32748699 51.13129213 9.62426453
v 40.36698174 51.12935190 9.58063583
v 40.28391147 51.13343287 9.66380672
v 40.03141785 51.29237983 9.78847103
v 40.08825946 51.28678140 9.77416401
v 40.14343166 51.28134742 9.75432758
v 40.04934001 51.43768907 9.78847103
v 40.10583854 51.42930830 9.77416401
v 40.16067767 51.42117369 9.75432758
v 40.24666429 51.27117988 9.69888191
v 40.33714843 51.26226798 9.62426453
v 40.29373050 51.26654428 9.66380672
v 40.19640350 51.27613017 9.72915249
v 40.26328707 51.40595302 9.69888191
v 40.35322475 51.39261201 9.62426453
v 40.31006908 51.39901358 9.66380672
v 40.21332955 51.41336352 9.72915249
v 40.50000000 51.00000000 9.19999962
v 40.49711084 51.00000000 9.25880985
v 40.48847127 51.00000000 9.31705456
v 40.50301147 51.12266918 9.19999962
v 40.50012565 51.12281095 9.25880985
v 40.49149632 51.12323488 9.31705456
v 40.45432782 51.00000000 9.42961006
v 40.42915273 51.00000000 9.48283844
v 40.45739412 51.12491022 9.42961006
v 40.47416425 51.00000000 9.37417107
v 40.47720671 51.12393689 9.37417107
v 40.51203823 51.24504285 9.19999962
v 40.50916290 51.24532604 9.25880985
v 40.50056481 51.24617288 9.31705456
v 40.43224955 51.12614550 9.48283844
v 40.46658587 51.24951951 9.42961006
v 40.48632669 51.24757521 9.37417107
v 40.39888167 51.00000000 9.53334217
v 40.40201497 51.12763081 9.53334217
v 40.52705884 51.36682618 9.19999962
v 40.52420092 51.36725011 9.25880985
v 40.51565456 51.36851782 9.31705456
v 40.44153214 51.25198710 9.48283844
v 40.50150251 51.37061709 9.37417107
v 40.48188066 51.37352771 9.42961006
v 40.54803681 51.48772579 9.19999962
v 40.54520321 51.48828945 9.25880985
v 40.53672957 51.48997498 9.31705456
v 40.45697832 51.37722164 9.48283844
v 40.50324202 51.49663603 9.42961006
v 40.52269745 51.49276611 9.37417107
v 40.41140676 51.25495416 9.53334217
v 40.37650037 51.25839218 9.58063583
v 40.39233899 51.38680995 9.58063583
v 40.42703485 51.38166332 9.53334217
v 40.01724601 51.59330666 9.79711037
v 40.07437062 51.58194387 9.78847103
v 40.18476391 51.55998528 9.75432758
v 40.13038969 51.57080096 9.77416401
v 40.04995084 51.73894882 9.79711037
v 40.10644937 51.72479671 9.78847103
v 40.16185427 51.71091849 9.77416401
v 40.28650260 51.53974819 9.69888191
v 40.33288789 51.53052163 9.66380672
v 40.23696899 51.54960102 9.72915249
v 40.31625533 51.67224300 9.69888191
v 40.36213183 51.66075158 9.66380672
v 40.26726484 51.68451452 9.72915249
v 40.21563196 51.69744784 9.75432758
v 40.14549875 51.86590344 9.78847103
v 40.03348494 51.89988250 9.80000000
v 40.08976293 51.88281077 9.79711037
v 40.35247350 51.80311841 9.69888191
v 40.20015597 51.84932339 9.77416401
v 40.25320816 51.83323020 9.75432758
v 40.30414414 51.81777894 9.72915249
v 40.24520278 51.98568219 9.77416401
v 40.29740143 51.96700525 9.75432758
v 40.34751797 51.94907326 9.72915249
v 40.47855091 51.50154740 9.48283844
v 40.54986024 51.61372805 9.37417107
v 40.53061843 51.61854792 9.42961006
v 40.50619793 51.62466490 9.48283844
v 40.53985262 51.74627757 9.48283844
v 40.57492185 51.60745043 9.19999962
v 40.57211924 51.60815245 9.25880985
v 40.56373858 51.61025172 9.31705456
v 40.60764909 51.72571170 9.19999962
v 40.60488439 51.72655040 9.25880985
v 40.59661674 51.72905833 9.31705456
v 40.58292580 51.73321146 9.37417107
v 40.56394362 51.73896968 9.42961006
v 40.37567759 51.52201021 9.62426453
v 40.41445994 51.51429588 9.58063583
v 40.44886160 51.50745296 9.53334217
v 40.40445256 51.65015078 9.62426453
v 40.44280958 51.64054281 9.58063583
v 40.47683406 51.63202018 9.53334217
v 40.64613986 51.84222466 9.19999962
v 40.64341950 51.84319794 9.25880985
v 40.63528490 51.84610856 9.31705456
v 40.60313725 51.85761118 9.42961006
v 40.62181425 51.85092843 9.37417107
v 40.57943416 51.86609232 9.48283844
v 40.69030118 51.95670861 9.19999962
v 40.68763185 51.95781422 9.25880985
v 40.67964983 51.96112049 9.31705456
v 40.64810538 51.97418660 9.42961006
v 40.62484694 51.98382062 9.48283844
v 40.66643190 51.96659553 9.37417107
v 40.43948030 51.77672511 9.62426453
v 40.39773083 51.78938973 9.66380672
v 40.51088500 51.75506479 9.53334217
v 40.47731996 51.76524663 9.58063583
v 40.39506960 51.93205899 9.69888191
v 40.43959904 51.91612613 9.66380672
v 40.48067665 51.90142828 9.62426453
v 40.55093265 51.87629032 9.53334217
v 40.51790738 51.88810694 9.58063583
v 40.59688020 51.99540484 9.53334217
v 40.08121347 52.04435849 9.80000000
v 40.13658595 52.02454591 9.79711037
v 40.13597345 52.18631864 9.80000000
v 40.19142509 52.00492418 9.78847103
v 40.29688621 52.11966634 9.77416401
v 40.34810543 52.09845066 9.75432758
v 40.19030714 52.16381288 9.79711037
v 40.24411750 52.14152396 9.78847103
v 40.25079703 52.30027616 9.79711037
v 40.19763327 52.32542074 9.80000000
v 40.30344892 52.27537370 9.78847103
v 40.35508180 52.25095320 9.77416401
v 40.26604414 52.46132994 9.80000000
v 40.31791019 52.43360686 9.79711037
v 40.36927676 52.40615094 9.78847103
v 40.74002671 52.06888771 9.19999962
v 40.73741508 52.07012296 9.25880985
v 40.72960472 52.07381690 9.31705456
v 40.69873953 52.08841515 9.42961006
v 40.71667147 52.07993400 9.37417107
v 40.67598152 52.09917879 9.48283844
v 40.73271513 52.21188903 9.48283844
v 40.44394135 52.05875409 9.69888191
v 40.52794242 52.02395976 9.62426453
v 40.48763514 52.04065561 9.66380672
v 40.39728165 52.07808125 9.72915249
v 40.49897099 52.18289864 9.69888191
v 40.54172397 52.16267788 9.66380672
v 40.40519834 52.22724986 9.75432758
v 40.45331573 52.20449197 9.72915249
v 40.56447458 52.00882769 9.58063583
v 40.64861703 52.11212134 9.53334217
v 40.58116341 52.14402449 9.62426453
v 40.61690903 52.12711811 9.58063583
v 40.67508459 52.24269307 9.58063583
v 40.70601845 52.22615862 9.53334217
v 40.56002569 52.30419350 9.69888191
v 40.46854210 52.35309243 9.75432758
v 40.51548505 52.32800090 9.72915249
v 40.41964912 52.37922633 9.77416401
v 40.53798437 52.47567534 9.75432758
v 40.64021158 52.26133323 9.62426453
v 40.60173512 52.28189933 9.66380672
v 40.73886132 52.35527444 9.58063583
v 40.62695837 52.42234635 9.69888191
v 40.70494485 52.37560320 9.62426453
v 40.66752362 52.39803255 9.66380672
v 40.58363962 52.44831073 9.72915249
v 40.34104133 52.59371853 9.80000000
v 40.44144201 52.53354061 9.78847103
v 40.39148450 52.56348395 9.79711037
v 40.49043250 52.50417686 9.77416401
v 40.42244411 52.72226775 9.80000000
v 40.51977110 52.65723586 9.78847103
v 40.47134328 52.68959451 9.79711037
v 40.69960809 52.53707278 9.69888191
v 40.73893142 52.51079774 9.66380672
v 40.61335802 52.59470320 9.75432758
v 40.65761542 52.56513131 9.72915249
v 40.56726193 52.62550366 9.77416401
v 40.64995193 52.74291444 9.77416401
v 40.73723435 52.67818141 9.72915249
v 40.69448113 52.70988929 9.75432758
v 40.55729342 52.81163454 9.79711037
v 40.51005673 52.84666789 9.80000000
v 40.60407543 52.77693880 9.78847103
v 40.73830342 52.85612643 9.77416401
v 40.64912868 52.92931032 9.79711037
v 40.60366750 52.96661913 9.80000000
v 40.69415164 52.89236081 9.78847103
v 40.79519677 52.17849183 9.19999962
v 40.79264879 52.17985380 9.25880985
v 40.78502941 52.18392646 9.31705456
v 40.77241158 52.19067073 9.37417107
v 40.75491738 52.20002162 9.42961006
v 40.85567856 52.28525686 9.19999962
v 40.85320044 52.28674221 9.25880985
v 40.84578991 52.29118383 9.31705456
v 40.83351827 52.29853916 9.37417107
v 40.81650400 52.30873716 9.42961006
v 40.79491067 52.32167959 9.48283844
v 40.92132592 52.38892555 9.19999962
v 40.91892362 52.39053071 9.25880985
v 40.91174006 52.39533067 9.31705456
v 40.88335085 52.41429973 9.42961006
v 40.89984417 52.40327919 9.37417107
v 40.86241865 52.42828619 9.48283844
v 40.99198127 52.48924828 9.19999962
v 40.98272109 52.49611592 9.31705456
v 40.98966050 52.49096930 9.25880985
v 40.76894641 52.33724201 9.53334217
v 40.77520680 52.48655927 9.62426453
v 40.83724928 52.44510388 9.53334217
v 40.80808496 52.46459079 9.58063583
v 40.93507624 52.53145194 9.48283844
v 41.06747389 52.58598316 9.19999962
v 41.06524050 52.58781612 9.25880985
v 41.05856192 52.59329700 9.31705456
v 40.97122955 52.50463867 9.37417107
v 40.95529675 52.51645517 9.42961006
v 41.04750252 52.60237324 9.37417107
v 41.03216875 52.61495745 9.42961006
v 41.01270819 52.63092828 9.48283844
v 41.11378121 52.70956898 9.42961006
v 41.09512782 52.72647548 9.48283844
v 40.81578636 52.61992323 9.66380672
v 40.91076231 52.54948437 9.53334217
v 40.88258934 52.57037878 9.58063583
v 40.85082865 52.59393406 9.62426453
v 40.77779961 52.64809620 9.69888191
v 40.93162823 52.69746888 9.62426453
v 40.89790320 52.72514629 9.66380672
v 40.96219468 52.67238355 9.58063583
v 40.98930836 52.65013194 9.53334217
v 41.07269847 52.74680424 9.53334217
v 40.86134458 52.75514913 9.69888191
v 40.82230425 52.78718865 9.72915249
v 40.78115869 52.82095611 9.75432758
v 40.83210349 52.96486676 9.77416401
v 40.87318134 52.92763603 9.75432758
v 40.91262078 52.89189029 9.72915249
v 41.01741040 52.79691446 9.62426453
v 40.95004177 52.85797381 9.69888191
v 40.98508406 52.82621324 9.66380672
v 41.04670930 52.77035952 9.58063583
v 41.10796893 52.89203107 9.62426453
v 41.07711923 52.92288077 9.66380672
v 41.04367745 52.95632255 9.69888191
v 41.00796568 52.99203432 9.72915249
v 41.14762223 52.67889738 9.19999962
v 41.14548147 52.68083763 9.25880985
v 41.13907993 52.68663967 9.31705456
v 41.12847912 52.69624770 9.37417107
v 41.23223305 52.76776695 9.19999962
v 41.23019016 52.76980984 9.25880985
v 41.22408092 52.77591908 9.31705456
v 41.21396434 52.78603566 9.37417107
v 41.19993782 52.80006218 9.42961006
v 41.18213654 52.81786346 9.48283844
v 41.30375230 52.87152088 9.37417107
v 41.29043102 52.88621879 9.42961006
v 41.27352452 52.90487218 9.48283844
v 41.32110262 52.85237777 9.19999962
v 41.31916237 52.85451853 9.25880985
v 41.31336033 52.86092007 9.31705456
v 41.41401684 52.93252611 9.19999962
v 41.41218388 52.93475950 9.25880985
v 41.40670300 52.94143808 9.31705456
v 41.39762676 52.95249748 9.37417107
v 41.38504255 52.96783125 9.42961006
v 41.36907172 52.98729181 9.48283844
v 41.16073167 52.83926833 9.53334217
v 41.13592958 52.86407042 9.58063583
v 41.20308554 52.98258960 9.62426453
v 41.25319576 52.92730153 9.53334217
v 41.22964048 52.95329070 9.58063583
v 42.22000003 51.00000000 11.80000000
v 42.22059947 51.01831288 11.80000000
v 42.22239542 51.03654733 11.80000000
v 42.22538012 51.05462529 11.80000000
v 42.22954077 51.07246933 11.80000000
v 42.23485959 51.09000305 11.80000000
v 42.24131376 51.10715136 11.80000000
v 42.24887562 51.12384083 11.80000000
v 42.22000003 51.00000000 12.19999962
v 42.22059947 51.01831288 12.19999962
v 42.22239542 51.03654733 12.19999962
v 42.22538012 51.05462529 12.19999962
v 42.22954077 51.07246933 12.19999962
v 42.23485959 51.09000305 12.19999962
v 42.24131376 51.10715136 12.19999962
v 42.24887562 51.12384083 12.19999962
v 42.25751287 51.14000000 11.80000000
v 42.26718849 51.15555966 11.80000000
v 42.27786106 51.17045321 11.80000000
v 42.28948486 51.18461683 11.80000000
v 42.30201012 51.19798990 11.80000000
v 42.31538320 51.21051514 11.80000000
v 42.32954681 51.22213894 11.80000000
v 42.34444034 51.23281150 11.80000000
v 42.36000001 51.24248712 11.80000000
v 42.25751287 51.14000000 12.19999962
v 42.26718849 51.15555966 12.19999962
v 42.27786106 51.17045321 12.19999962
v 42.28948486 51.18461683 12.19999962
v 42.30201012 51.19798990 12.19999962
v 42.31538320 51.21051514 12.19999962
v 42.32954681 51.22213894 12.19999962
v 42.34444034 51.23281150 12.19999962
v 42.36000001 51.24248712 12.19999962
v 42.37615919 51.25112438 11.80000000
v 42.39284861 51.25868627 11.80000000
v 42.40999693 51.26514044 11.80000000
v 42.42753065 51.27045923 11.80000000
v 42.44537473 51.27461988 11.80000000
v 42.46345264 51.27760455 11.80000000
v 42.48168713 51.27940050 11.80000000
v 42.50000000 51.28000000 11.80000000
v 42.51831287 51.27940050 11.80000000
v 42.53654733 51.27760455 11.80000000
v 42.55462530 51.27461988 11.80000000
v 42.57246932 51.27045923 11.80000000
v 42.59000304 51.26514044 11.80000000
v 42.60715136 51.25868627 11.80000000
v 42.62384084 51.25112438 11.80000000
v 42.37615919 51.25112438 12.19999962
v 42.39284861 51.25868627 12.19999962
v 42.40999693 51.26514044 12.19999962
v 42.42753065 51.27045923 12.19999962
v 42.44537473 51.27461988 12.19999962
v 42.46345264 51.27760455 12.19999962
v 42.48168713 51.27940050 12.19999962
v 42.50000000 51.28000000 12.19999962
v 42.51831287 51.27940050 12.19999962
v 42.53654733 51.27760455 12.19999962
v 42.55462530 51.27461988 12.19999962
v 42.57246932 51.27045923 12.19999962
v 42.59000304 51.26514044 12.19999962
v 42.60715136 51.25868627 12.19999962
v 42.62384084 51.25112438 12.19999962
v 42.78000000 51.00000000 11.80000000
v 42.77940050 51.01831288 11.80000000
v 42.77760457 51.03654733 11.80000000
v 42.77461988 51.05462529 11.80000000
v 42.76514043 51.09000305 11.80000000
v 42.75868627 51.10715136 11.80000000
v 42.75112437 51.12384083 11.80000000
v 42.77045923 51.07246933 11.80000000
v 42.71051514 51.18461683 11.80000000
v 42.63999999 51.24248712 11.80000000
v 42.65555966 51.23281150 11.80000000
v 42.67045319 51.22213894 11.80000000
v 42.68461683 51.21051514 11.80000000
v 42.69798991 51.19798990 11.80000000
v 42.73281148 51.15555966 11.80000000
v 42.74248710 51.14000000 11.80000000
v 42.72213894 51.17045321 11.80000000
v 42.78000000 51.00000000 12.19999962
v 42.77940050 51.01831288 12.19999962
v 42.77760457 51.03654733 12.19999962
v 42.77461988 51.05462529 12.19999962
v 42.76514043 51.09000305 12.19999962
v 42.75868627 51.10715136 12.19999962
v 42.75112437 51.12384083 12.19999962
v 42.77045923 51.07246933 12.19999962
v 42.71051514 51.18461683 12.19999962
v 42.63999999 51.24248712 12.19999962
v 42.65555966 51.23281150 12.19999962
v 42.67045319 51.22213894 12.19999962
v 42.68461683 51.21051514 12.19999962
v 42.69798991 51.19798990 12.19999962
v 42.73281148 51.15555966 12.19999962
v 42.74248710 51.14000000 12.19999962
v 42.72213894 51.17045321 12.19999962
v 40.74662709 53.04233813 9.79711037
v 40.70305157 53.08183265 9.80000000
v 40.78978300 53.00322390 9.78847103
v 40.93112636 53.06887364 9.77416401
v 40.89073873 53.10926127 9.78847103
v 40.80796909 53.19203091 9.80000000
v 40.84955406 53.15044594 9.79711037
v 40.97032785 53.02967215 9.75432758
v 41.10810971 53.08737922 9.72915249
v 40.99677610 53.21021700 9.78847103
v 41.07236397 53.12681866 9.75432758
v 41.03513324 53.16789651 9.77416401
v 40.91816735 53.29694843 9.80000000
v 40.95766187 53.25337291 9.79711037
v 41.10763919 53.30584836 9.78847103
v 41.07068968 53.35087132 9.79711037
v 41.03338087 53.39633250 9.80000000
v 41.49536133 53.02877045 9.37417107
v 41.48354483 53.04470325 9.42961006
v 41.46854806 53.06492376 9.48283844
v 41.14202619 53.04995823 9.69888191
v 41.17378676 53.01491594 9.66380672
v 41.30253112 53.06837177 9.62426453
v 41.27485371 53.10209680 9.66380672
v 41.24485087 53.13865542 9.69888191
v 41.21281135 53.17769575 9.72915249
v 41.17904389 53.21884131 9.75432758
v 41.34986806 53.01069164 9.53334217
v 41.32761645 53.03780532 9.58063583
v 41.45051563 53.08923769 9.53334217
v 41.42962122 53.11741066 9.58063583
v 41.40606594 53.14917135 9.62426453
v 41.38007677 53.18421364 9.66380672
v 41.35190380 53.22220039 9.69888191
v 41.14387357 53.26169658 9.77416401
v 41.29011071 53.30551887 9.75432758
v 41.25708556 53.35004807 9.77416401
v 41.15333211 53.48994327 9.80000000
v 41.18836546 53.44270658 9.79711037
v 41.22306120 53.39592457 9.78847103
v 41.48920226 53.26106858 9.66380672
v 41.46292722 53.30039191 9.69888191
v 41.32181859 53.26276565 9.72915249
v 41.43486869 53.34238458 9.72915249
v 41.40529680 53.38664198 9.75432758
v 41.37449634 53.43273807 9.77416401
v 41.34276414 53.48022890 9.78847103
v 41.31040549 53.52865672 9.79711037
v 41.27773225 53.57755589 9.80000000
v 41.49582314 53.50956750 9.77416401
v 41.46645939 53.55855799 9.78847103
v 41.43651605 53.60851550 9.79711037
v 41.40628147 53.65895867 9.80000000
v 41.51075172 53.00801873 9.19999962
v 41.50903070 53.01033950 9.25880985
v 41.50388408 53.01727891 9.31705456
v 41.61107445 53.07867408 9.19999962
v 41.60946929 53.08107638 9.25880985
v 41.60466933 53.08825994 9.31705456
v 41.58570027 53.11664915 9.42961006
v 41.59672081 53.10015583 9.37417107
v 41.57171381 53.13758135 9.48283844
v 41.67832041 53.20508933 9.48283844
v 41.71474314 53.14432144 9.19999962
v 41.71325779 53.14679956 9.25880985
v 41.70881617 53.15421009 9.31705456
v 41.82150817 53.20480323 9.19999962
v 41.82014620 53.20735121 9.25880985
v 41.81607354 53.21497059 9.31705456
v 41.70146084 53.16648173 9.37417107
v 41.69126284 53.18349600 9.42961006
v 41.80932927 53.22758842 9.37417107
v 41.79997838 53.24508262 9.42961006
v 41.55489612 53.16275072 9.53334217
v 41.53540921 53.19191504 9.58063583
v 41.51344073 53.22479320 9.62426453
v 41.66275799 53.23105359 9.53334217
v 41.78811097 53.26728487 9.48283844
v 41.57765365 53.37304163 9.69888191
v 41.62439680 53.29505515 9.62426453
v 41.64472556 53.26113868 9.58063583
v 41.60196745 53.33247638 9.66380672
v 41.55168927 53.41636038 9.72915249
v 41.52432466 53.46201563 9.75432758
v 41.67199910 53.48451495 9.72915249
v 41.77384138 53.29398155 9.53334217
v 41.75730693 53.32491541 9.58063583
v 41.73866677 53.35978842 9.62426453
v 41.71810067 53.39826488 9.66380672
v 41.69580650 53.43997431 9.69888191
v 41.87288189 53.38309097 9.58063583
v 41.85597551 53.41883659 9.62426453
v 41.83732212 53.45827603 9.66380672
v 41.93111229 53.25997329 9.19999962
v 41.92987704 53.26258492 9.25880985
v 41.92618310 53.27039528 9.31705456
v 42.04329139 53.30969882 9.19999962
v 42.04218578 53.31236815 9.25880985
v 42.03887951 53.32035017 9.31705456
v 41.92006600 53.28332853 9.37417107
v 41.91158485 53.30126047 9.42961006
v 41.90082121 53.32401848 9.48283844
v 42.03340447 53.33356810 9.37417107
v 42.02581340 53.35189462 9.42961006
v 42.01617938 53.37515306 9.48283844
v 42.15389144 53.36471510 9.31705456
v 42.15777534 53.35386014 9.19999962
v 42.15680206 53.35658050 9.25880985
v 42.14907157 53.37818575 9.37417107
v 42.14238882 53.39686275 9.42961006
v 42.13390768 53.42056584 9.48283844
v 41.88787866 53.35138297 9.53334217
v 42.00459516 53.40311980 9.53334217
v 41.99117231 53.43552542 9.58063583
v 41.97604024 53.47205758 9.62426453
v 42.12370968 53.44906735 9.53334217
v 42.11189306 53.48209262 9.58063583
v 42.24493521 53.48911500 9.53334217
v 41.64690757 53.53145790 9.75432758
v 41.62077367 53.58035088 9.77416401
v 41.56639314 53.68208981 9.79711037
v 41.53867006 53.73395586 9.80000000
v 41.59384906 53.63072324 9.78847103
v 41.81710136 53.50102901 9.69888191
v 41.77275014 53.59480166 9.75432758
v 41.79550803 53.54668427 9.72915249
v 41.74904680 53.64491820 9.77416401
v 41.72462630 53.69655108 9.78847103
v 41.69972384 53.74920297 9.79711037
v 41.67457926 53.80236673 9.80000000
v 41.85847604 53.75588250 9.78847103
v 41.83618712 53.80969286 9.79711037
v 41.81368136 53.86402655 9.80000000
v 41.95934439 53.51236486 9.66380672
v 41.94124591 53.55605865 9.69888191
v 41.92191875 53.60271835 9.72915249
v 41.90154934 53.65189457 9.75432758
v 41.88033366 53.70311379 9.77416401
v 42.05092674 53.65248203 9.72915249
v 42.03299475 53.70259857 9.75432758
v 42.09857172 53.51932335 9.62426453
v 42.08387387 53.56040096 9.66380672
v 42.06794101 53.60493040 9.69888191
v 42.23475337 53.52268004 9.58063583
v 42.22327489 53.56051970 9.62426453
v 42.21061027 53.60226917 9.66380672
v 42.19688159 53.64752650 9.69888191
v 42.18222106 53.69585586 9.72915249
v 42.16676980 53.74679184 9.75432758
v 42.01431781 53.75479722 9.77416401
v 41.99507582 53.80857491 9.78847103
v 41.97545409 53.86341405 9.79711037
v 41.95564151 53.91878653 9.80000000
v 42.15067661 53.79984403 9.77416401
v 42.13409656 53.85450125 9.78847103
v 42.11718923 53.91023707 9.79711037
v 42.10011750 53.96651506 9.80000000
v 42.27428830 53.39235091 9.19999962
v 42.27344960 53.39511561 9.25880985
v 42.27094167 53.40338326 9.31705456
v 42.39254957 53.42507815 9.19999962
v 42.38974828 53.43626142 9.31705456
v 42.39184755 53.42788076 9.25880985
v 42.26678854 53.41707420 9.37417107
v 42.26103032 53.43605638 9.42961006
v 42.25372243 53.46014738 9.48283844
v 42.38627195 53.45013976 9.37417107
v 42.38145208 53.46938157 9.42961006
v 42.37533510 53.49380207 9.48283844
v 42.51227421 53.45196319 9.19999962
v 42.51171055 53.45479679 9.25880985
v 42.51002502 53.46327043 9.31705456
v 42.50723389 53.47730255 9.37417107
v 42.50336397 53.49675798 9.42961006
v 42.63317382 53.47294116 9.19999962
v 42.63274989 53.47579908 9.25880985
v 42.63148218 53.48434544 9.31705456
v 42.75495715 53.48796177 9.19999962
v 42.75467396 53.49083710 9.25880985
v 42.75382712 53.49943519 9.31705456
v 42.62938291 53.49849749 9.37417107
v 42.87733082 53.49698853 9.19999962
v 42.87718905 53.49987435 9.25880985
v 42.49845260 53.52144909 9.48283844
v 42.62277836 53.54302168 9.48283844
v 42.36797982 53.52316594 9.53334217
v 42.35945719 53.55719042 9.58063583
v 42.34984922 53.59554744 9.62426453
v 42.33924842 53.63786817 9.66380672
v 42.32775700 53.68374467 9.69888191
v 42.31548548 53.73273516 9.72915249
v 42.49254704 53.55113840 9.53334217
v 42.47798979 53.62432241 9.62426453
v 42.48570412 53.58554006 9.58063583
v 42.61833668 53.57296515 9.53334217
v 42.61319005 53.60766101 9.58063583
v 42.46947837 53.66711211 9.66380672
v 42.46025181 53.71349740 9.69888191
v 42.60738799 53.64677525 9.62426453
v 42.60098642 53.68993092 9.66380672
v 42.59404698 53.73671293 9.69888191
v 42.30255216 53.78436804 9.75432758
v 42.28908151 53.83814573 9.77416401
v 42.42919904 53.86961031 9.77416401
v 42.27520329 53.89355063 9.78847103
v 42.26105118 53.95004916 9.79711037
v 42.41805613 53.92562938 9.78847103
v 42.40669334 53.98275399 9.79711037
v 42.45039898 53.76303101 9.72915249
v 42.44001472 53.81523609 9.75432758
v 42.58663648 53.78667045 9.72915249
v 42.57882631 53.83932233 9.75432758
v 42.57069170 53.89416146 9.77416401
v 42.56231093 53.95065999 9.78847103
v 42.62647229 53.51811934 9.42961006
v 42.75242479 53.51367331 9.37417107
v 42.75048049 53.53341413 9.42961006
v 42.74801290 53.55846786 9.48283844
v 42.87676512 53.50850368 9.31705456
v 42.87606311 53.52279329 9.37417107
v 42.87508978 53.54260588 9.42961006
v 42.87385450 53.56775045 9.48283844
v 42.74504584 53.58859324 9.53334217
v 42.74160782 53.62349963 9.58063583
v 42.73773202 53.66285157 9.62426453
v 42.73345572 53.70626950 9.66380672
v 42.87236919 53.59798503 9.53334217
v 42.87064810 53.63301826 9.58063583
v 42.86870787 53.67251301 9.62426453
v 42.86656713 53.71608853 9.66380672
v 42.72882012 53.75333571 9.69888191
v 42.71865258 53.85656834 9.75432758
v 42.72386983 53.80359650 9.72915249
v 42.71321860 53.91174054 9.77416401
v 42.70762017 53.96858215 9.78847103
v 42.86424653 53.76332521 9.69888191
v 42.85915664 53.86693239 9.75432758
v 42.86176841 53.81376863 9.72915249
v 42.85643637 53.92230487 9.77416401
v 42.85363379 53.97935271 9.78847103
v 42.24676144 54.00709677 9.80000000
v 42.39521998 54.04043436 9.80000000
v 42.55376479 54.00827336 9.79711037
v 42.54513553 54.06644726 9.80000000
v 42.70191127 54.02654552 9.79711037
v 42.69614688 54.08507276 9.80000000
v 42.85077590 54.03752637 9.79711037
v 42.84789021 54.09626603 9.80000000
v 43.12266918 48.50301147 0.49999999
v 43.24504285 48.51203823 0.49999999
v 43.36682618 48.52705884 0.49999999
v 43.00000000 48.90000010 0.00000000
v 43.10304212 48.90252948 0.00000000
v 43.20583600 48.91011214 0.00000000
v 43.30813399 48.92272925 0.00000000
v 43.48772579 48.54803681 0.49999999
v 43.60745043 48.57492185 0.49999999
v 43.72571170 48.60764909 0.49999999
v 43.40968966 48.94035101 0.00000000
v 43.51025838 48.96293426 0.00000000
v 43.60959780 48.99042535 0.00000000
v 43.84222466 48.64613986 0.49999999
v 43.95670861 48.69030118 0.49999999
v 44.06888771 48.74002671 0.49999999
v 44.17849183 48.79519677 0.49999999
v 44.28525686 48.85567856 0.49999999
v 44.38892555 48.92132592 0.49999999
v 44.48924828 48.99198127 0.49999999
v 43.70746869 49.02275741 0.00000000
v 43.80363518 49.05985296 0.00000000
v 43.89786571 49.10162246 0.00000000
v 43.98993313 49.14796531 0.00000000
v 44.07961571 49.19876993 0.00000000
v 44.16669750 49.25391376 0.00000000
v 44.25096858 49.31326413 0.00000000
v 44.33222592 49.37667799 0.00000000
v 44.41027379 49.44400263 0.00000000
v 44.48492420 49.51507580 0.00000000
v 44.58598316 49.06747389 0.49999999
v 44.67889738 49.14762223 0.49999999
v 44.76776695 49.23223305 0.49999999
v 44.85237777 49.32110262 0.49999999
v 44.93252611 49.41401684 0.49999999
v 44.55599737 49.58972621 0.00000000
v 44.62332201 49.66777408 0.00000000
v 44.68673587 49.74903142 0.00000000
v 44.74608624 49.83330250 0.00000000
v 44.80123007 49.92038429 0.00000000
v 45.00801873 49.51075172 0.49999999
v 45.07867408 49.61107445 0.49999999
v 45.14432144 49.71474314 0.49999999
v 45.20480323 49.82150817 0.49999999
v 45.25997329 49.93111229 0.49999999
v 44.85203469 50.01006687 0.00000000
v 44.89837754 50.10213429 0.00000000
v 44.94014704 50.19636482 0.00000000
v 44.97724259 50.29253131 0.00000000
v 45.00957465 50.39040220 0.00000000
v 45.03706574 50.48974162 0.00000000
v 45.05964899 50.59031034 0.00000000
v 45.07727075 50.69186601 0.00000000
v 45.08988786 50.79416400 0.00000000
v 45.09747052 50.89695788 0.00000000
v 45.30969882 50.04329139 0.49999999
v 45.35386014 50.15777534 0.49999999
v 45.39235091 50.27428830 0.49999999
v 45.42507815 50.39254957 0.49999999
v 45.45196319 50.51227421 0.49999999
v 45.47294116 50.63317382 0.49999999
v 45.48796177 50.75495715 0.49999999
v 45.49698853 50.87733082 0.49999999
v 43.15210979 47.90373397 9.80000000
v 43.14922410 47.96247363 9.79711037
v 43.30385312 47.91492724 9.80000000
v 43.29808873 47.97345448 9.79711037
v 43.45486447 47.93355274 9.80000000
v 43.44623521 47.99172664 9.79711037
v 43.60478002 47.95956564 9.80000000
v 43.75323856 47.99290323 9.80000000
v 43.14636621 48.02064729 9.78847103
v 43.14356363 48.07769513 9.77416401
v 43.13575347 48.23667479 9.69888191
v 43.13823159 48.18623137 9.72915249
v 43.14084336 48.13306761 9.75432758
v 43.29237983 48.03141785 9.78847103
v 43.28678140 48.08825946 9.77416401
v 43.27117988 48.24666429 9.69888191
v 43.27613017 48.19640350 9.72915249
v 43.28134742 48.14343166 9.75432758
v 43.12323488 48.49149632 9.31705456
v 43.12614550 48.43224955 9.48283844
v 43.12491022 48.45739412 9.42961006
v 43.12393689 48.47720671 9.37417107
v 43.24951951 48.46658587 9.42961006
v 43.24757521 48.48632669 9.37417107
v 43.25198710 48.44153214 9.48283844
v 43.37352771 48.48188066 9.42961006
v 43.13343287 48.28391147 9.66380672
v 43.13129213 48.32748699 9.62426453
v 43.12935190 48.36698174 9.58063583
v 43.12763081 48.40201497 9.53334217
v 43.26654428 48.29373050 9.66380672
v 43.26226798 48.33714843 9.62426453
v 43.25839218 48.37650037 9.58063583
v 43.25495416 48.41140676 9.53334217
v 43.43768907 48.04934001 9.78847103
v 43.42930830 48.10583854 9.77416401
v 43.42117369 48.16067767 9.75432758
v 43.41336352 48.21332955 9.72915249
v 43.55998528 48.18476391 9.75432758
v 43.54960102 48.23696899 9.72915249
v 43.59330666 48.01724601 9.79711037
v 43.58194387 48.07437062 9.78847103
v 43.73894882 48.04995084 9.79711037
v 43.72479671 48.10644937 9.78847103
v 43.57080096 48.13038969 9.77416401
v 43.71091849 48.16185427 9.77416401
v 43.69744784 48.21563196 9.75432758
v 43.37722164 48.45697832 9.48283844
v 43.50154740 48.47855091 9.48283844
v 43.40595302 48.26328707 9.69888191
v 43.39901358 48.31006908 9.66380672
v 43.39261201 48.35322475 9.62426453
v 43.53974819 48.28650260 9.69888191
v 43.53052163 48.33288789 9.66380672
v 43.38680995 48.39233899 9.58063583
v 43.38166332 48.42703485 9.53334217
v 43.51429588 48.41445994 9.58063583
v 43.52201021 48.37567759 9.62426453
v 43.50745296 48.44886160 9.53334217
v 43.67224300 48.31625533 9.69888191
v 43.66075158 48.36213183 9.66380672
v 43.68451452 48.26726484 9.72915249
v 43.65015078 48.40445256 9.62426453
v 43.64054281 48.44280958 9.58063583
v 43.63202018 48.47683406 9.53334217
v 43.12266918 48.50301147 9.19999962
v 43.12281095 48.50012565 9.25880985
v 43.24504285 48.51203823 9.19999962
v 43.24532604 48.50916290 9.25880985
v 43.24617288 48.50056481 9.31705456
v 43.36682618 48.52705884 9.19999962
v 43.36725011 48.52420092 9.25880985
v 43.36851782 48.51565456 9.31705456
v 43.37061709 48.50150251 9.37417107
v 43.48772579 48.54803681 9.19999962
v 43.48828945 48.54520321 9.25880985
v 43.48997498 48.53672957 9.31705456
v 43.49276611 48.52269745 9.37417107
v 43.49663603 48.50324202 9.42961006
v 43.60745043 48.57492185 9.19999962
v 43.60815245 48.57211924 9.25880985
v 43.61025172 48.56373858 9.31705456
v 43.72571170 48.60764909 9.19999962
v 43.72655040 48.60488439 9.25880985
v 43.72905833 48.59661674 9.31705456
v 43.61854792 48.53061843 9.42961006
v 43.61372805 48.54986024 9.37417107
v 43.62466490 48.50619793 9.48283844
v 43.74627757 48.53985262 9.48283844
v 43.73321146 48.58292580 9.37417107
v 43.73896968 48.56394362 9.42961006
v 43.89988250 48.03348494 9.80000000
v 43.88281077 48.08976293 9.79711037
v 43.86590344 48.14549875 9.78847103
v 43.84932339 48.20015597 9.77416401
v 44.04435849 48.08121347 9.80000000
v 44.02454591 48.13658595 9.79711037
v 44.00492418 48.19142509 9.78847103
v 43.98568219 48.24520278 9.77416401
v 43.80311841 48.35247350 9.69888191
v 43.83323020 48.25320816 9.75432758
v 43.81777894 48.30414414 9.72915249
v 43.78938973 48.39773083 9.66380672
v 43.77672511 48.43948030 9.62426453
v 43.76524663 48.47731996 9.58063583
v 43.93205899 48.39506960 9.69888191
v 43.90142828 48.48067665 9.62426453
v 43.91612613 48.43959904 9.66380672
v 43.96700525 48.29740143 9.75432758
v 43.94907326 48.34751797 9.72915249
v 44.11966634 48.29688621 9.77416401
v 44.09845066 48.34810543 9.75432758
v 44.05875409 48.44394135 9.69888191
v 44.04065561 48.48763514 9.66380672
v 44.07808125 48.39728165 9.72915249
v 44.18631864 48.13597345 9.80000000
v 44.16381288 48.19030714 9.79711037
v 44.14152396 48.24411750 9.78847103
v 44.32542074 48.19763327 9.80000000
v 44.30027616 48.25079703 9.79711037
v 44.27537370 48.30344892 9.78847103
v 44.25095320 48.35508180 9.77416401
v 44.18289864 48.49897099 9.69888191
v 44.20449197 48.45331573 9.72915249
v 44.22724986 48.40519834 9.75432758
v 44.40615094 48.36927676 9.78847103
v 44.46132994 48.26604414 9.80000000
v 44.43360686 48.31791019 9.79711037
v 44.37922633 48.41964912 9.77416401
v 44.35309243 48.46854210 9.75432758
v 43.85092843 48.62181425 9.37417107
v 43.85761118 48.60313725 9.42961006
v 43.86609232 48.57943416 9.48283844
v 43.84222466 48.64613986 9.19999962
v 43.84319794 48.64341950 9.25880985
v 43.84610856 48.63528490 9.31705456
v 43.98382062 48.62484694 9.48283844
v 43.96112049 48.67964983 9.31705456
v 43.95670861 48.69030118 9.19999962
v 43.95781422 48.68763185 9.25880985
v 44.06888771 48.74002671 9.19999962
v 44.07012296 48.73741508 9.25880985
v 44.07381690 48.72960472 9.31705456
v 43.97418660 48.64810538 9.42961006
v 43.96659553 48.66643190 9.37417107
v 44.09917879 48.67598152 9.48283844
v 44.07993400 48.71667147 9.37417107
v 44.08841515 48.69873953 9.42961006
v 43.75506479 48.51088500 9.53334217
v 43.88810694 48.51790738 9.58063583
v 43.87629032 48.55093265 9.53334217
v 44.02395976 48.52794242 9.62426453
v 44.00882769 48.56447458 9.58063583
v 43.99540484 48.59688020 9.53334217
v 44.11212134 48.64861703 9.53334217
v 44.21188903 48.73271513 9.48283844
v 44.16267788 48.54172397 9.66380672
v 44.14402449 48.58116341 9.62426453
v 44.12711811 48.61690903 9.58063583
v 44.30419350 48.56002569 9.69888191
v 44.28189933 48.60173512 9.66380672
v 44.26133323 48.64021158 9.62426453
v 44.24269307 48.67508459 9.58063583
v 44.22615862 48.70601845 9.53334217
v 44.32800090 48.51548505 9.72915249
v 44.47567534 48.53798437 9.75432758
v 44.44831073 48.58363962 9.72915249
v 44.39803255 48.66752362 9.66380672
v 44.35527444 48.73886132 9.58063583
v 44.37560320 48.70494485 9.62426453
v 44.42234635 48.62695837 9.69888191
v 44.17849183 48.79519677 9.19999962
v 44.17985380 48.79264879 9.25880985
v 44.18392646 48.78502941 9.31705456
v 44.28525686 48.85567856 9.19999962
v 44.28674221 48.85320044 9.25880985
v 44.29118383 48.84578991 9.31705456
v 44.19067073 48.77241158 9.37417107
v 44.20002162 48.75491738 9.42961006
v 44.29853916 48.83351827 9.37417107
v 44.30873716 48.81650400 9.42961006
v 44.32167959 48.79491067 9.48283844
v 44.42828619 48.86241865 9.48283844
v 44.38892555 48.92132592 9.19999962
v 44.39053071 48.91892362 9.25880985
v 44.39533067 48.91174006 9.31705456
v 44.48924828 48.99198127 9.19999962
v 44.49096930 48.98966050 9.25880985
v 44.49611592 48.98272109 9.31705456
v 44.40327919 48.89984417 9.37417107
v 44.41429973 48.88335085 9.42961006
v 44.33724201 48.76894641 9.53334217
v 44.48655927 48.77520680 9.62426453
v 44.46459079 48.80808496 9.58063583
v 44.44510388 48.83724928 9.53334217
v 44.59371853 48.34104133 9.80000000
v 44.56348395 48.39148450 9.79711037
v 44.53354061 48.44144201 9.78847103
v 44.50417686 48.49043250 9.77416401
v 44.72226775 48.42244411 9.80000000
v 44.68959451 48.47134328 9.79711037
v 44.65723586 48.51977110 9.78847103
v 44.62550366 48.56726193 9.77416401
v 44.59470320 48.61335802 9.75432758
v 44.53707278 48.69960809 9.69888191
v 44.51079774 48.73893142 9.66380672
v 44.56513131 48.65761542 9.72915249
v 44.67818141 48.73723435 9.72915249
v 44.77693880 48.60407543 9.78847103
v 44.81163454 48.55729342 9.79711037
v 44.84666789 48.51005673 9.80000000
v 44.74291444 48.64995193 9.77416401
v 44.70988929 48.69448113 9.75432758
v 44.85612643 48.73830342 9.77416401
v 44.53145194 48.93507624 9.48283844
v 44.51645517 48.95529675 9.42961006
v 44.50463867 48.97122955 9.37417107
v 44.64809620 48.77779961 9.69888191
v 44.59393406 48.85082865 9.62426453
v 44.61992323 48.81578636 9.66380672
v 44.57037878 48.88258934 9.58063583
v 44.54948437 48.91076231 9.53334217
v 44.67238355 48.96219468 9.58063583
v 44.65013194 48.98930836 9.53334217
v 44.75514913 48.86134458 9.69888191
v 44.82095611 48.78115869 9.75432758
v 44.78718865 48.82230425 9.72915249
v 44.69746888 48.93162823 9.62426453
v 44.72514629 48.89790320 9.66380672
v 44.82621324 48.98508406 9.66380672
v 44.85797381 48.95004177 9.69888191
v 44.96661913 48.60366750 9.80000000
v 44.92931032 48.64912868 9.79711037
v 44.89236081 48.69415164 9.78847103
v 45.04233813 48.74662709 9.79711037
v 45.08183265 48.70305157 9.80000000
v 44.96486676 48.83210349 9.77416401
v 44.92763603 48.87318134 9.75432758
v 45.00322390 48.78978300 9.78847103
v 44.89189029 48.91262078 9.72915249
v 45.02967215 48.97032785 9.75432758
v 45.15044594 48.84955406 9.79711037
v 45.19203091 48.80796909 9.80000000
v 45.10926127 48.89073873 9.78847103
v 45.06887364 48.93112636 9.77416401
v 45.21021700 48.99677610 9.78847103
v 45.29694843 48.91816735 9.80000000
v 45.25337291 48.95766187 9.79711037
v 43.67615914 50.74887562 11.80000000
v 43.69284862 50.74131373 11.80000000
v 43.70999694 50.73485956 11.80000000
v 43.72753066 50.72954077 11.80000000
v 43.74537474 50.72538012 11.80000000
v 43.67615914 50.74887562 12.19999962
v 43.69284862 50.74131373 12.19999962
v 43.70999694 50.73485956 12.19999962
v 43.72753066 50.72954077 12.19999962
v 43.74537474 50.72538012 12.19999962
v 43.55751288 50.86000000 11.80000000
v 43.54887563 50.87615917 11.80000000
v 43.54131371 50.89284864 11.80000000
v 43.53485954 50.90999695 11.80000000
v 43.52954078 50.92753067 11.80000000
v 43.52538013 50.94537471 11.80000000
v 43.52239543 50.96345267 11.80000000
v 43.52059948 50.98168712 11.80000000
v 43.60201013 50.80201010 11.80000000
v 43.62954682 50.77786106 11.80000000
v 43.64444035 50.76718850 11.80000000
v 43.61538315 50.78948486 11.80000000
v 43.57786107 50.82954679 11.80000000
v 43.58948487 50.81538317 11.80000000
v 43.56718850 50.84444034 11.80000000
v 43.66000003 50.75751288 11.80000000
v 43.55751288 50.86000000 12.19999962
v 43.54887563 50.87615917 12.19999962
v 43.54131371 50.89284864 12.19999962
v 43.53485954 50.90999695 12.19999962
v 43.52954078 50.92753067 12.19999962
v 43.52538013 50.94537471 12.19999962
v 43.52239543 50.96345267 12.19999962
v 43.52059948 50.98168712 12.19999962
v 43.60201013 50.80201010 12.19999962
v 43.62954682 50.77786106 12.19999962
v 43.64444035 50.76718850 12.19999962
v 43.61538315 50.78948486 12.19999962
v 43.57786107 50.82954679 12.19999962
v 43.58948487 50.81538317 12.19999962
v 43.56718850 50.84444034 12.19999962
v 43.66000003 50.75751288 12.19999962
v 43.76345265 50.72239545 11.80000000
v 43.78168714 50.72059950 11.80000000
v 43.80000001 50.72000000 11.80000000
v 43.81831288 50.72059950 11.80000000
v 43.83654732 50.72239545 11.80000000
v 43.85462528 50.72538012 11.80000000
v 43.87246931 50.72954077 11.80000000
v 43.89000303 50.73485956 11.80000000
v 43.90715134 50.74131373 11.80000000
v 43.92384082 50.74887562 11.80000000
v 43.76345265 50.72239545 12.19999962
v 43.78168714 50.72059950 12.19999962
v 43.80000001 50.72000000 12.19999962
v 43.81831288 50.72059950 12.19999962
v 43.83654732 50.72239545 12.19999962
v 43.85462528 50.72538012 12.19999962
v 43.87246931 50.72954077 12.19999962
v 43.89000303 50.73485956 12.19999962
v 43.90715134 50.74131373 12.19999962
v 43.92384082 50.74887562 12.19999962
v 43.94000000 50.75751288 11.80000000
v 43.95555967 50.76718850 11.80000000
v 43.97045320 50.77786106 11.80000000
v 43.98461682 50.78948486 11.80000000
v 43.99798989 50.80201010 11.80000000
v 44.01051509 50.81538317 11.80000000
v 44.02213895 50.82954679 11.80000000
v 44.03281152 50.84444034 11.80000000
v 44.04248714 50.86000000 11.80000000
v 44.05112433 50.87615917 11.80000000
v 44.05868626 50.89284864 11.80000000
v 44.06514049 50.90999695 11.80000000
v 44.07045925 50.92753067 11.80000000
v 44.07461989 50.94537471 11.80000000
v 44.07760453 50.96345267 11.80000000
v 44.07940054 50.98168712 11.80000000
v 43.94000000 50.75751288 12.19999962
v 43.95555967 50.76718850 12.19999962
v 43.97045320 50.77786106 12.19999962
v 43.98461682 50.78948486 12.19999962
v 43.99798989 50.80201010 12.19999962
v 44.01051509 50.81538317 12.19999962
v 44.02213895 50.82954679 12.19999962
v 44.03281152 50.84444034 12.19999962
v 44.04248714 50.86000000 12.19999962
v 44.05112433 50.87615917 12.19999962
v 44.05868626 50.89284864 12.19999962
v 44.06514049 50.90999695 12.19999962
v 44.07045925 50.92753067 12.19999962
v 44.07461989 50.94537471 12.19999962
v 44.07760453 50.96345267 12.19999962
v 44.07940054 50.98168712 12.19999962
v 44.59329700 49.05856192 9.31705456
v 44.58598316 49.06747389 9.19999962
v 44.58781612 49.06524050 9.25880985
v 44.60237324 49.04750252 9.37417107
v 44.61495745 49.03216875 9.42961006
v 44.63092828 49.01270819 9.48283844
v 44.67889738 49.14762223 9.19999962
v 44.68083763 49.14548147 9.25880985
v 44.68663967 49.13907993 9.31705456
v 44.70956898 49.11378121 9.42961006
v 44.72647548 49.09512782 9.48283844
v 44.76776695 49.23223305 9.19999962
v 44.76980984 49.23019016 9.25880985
v 44.77591908 49.22408092 9.31705456
v 44.69624770 49.12847912 9.37417107
v 44.81786346 49.18213654 9.48283844
v 44.78603566 49.21396434 9.37417107
v 44.80006218 49.19993782 9.42961006
v 44.77035952 49.04670930 9.58063583
v 44.74680424 49.07269847 9.53334217
v 44.79691446 49.01741040 9.62426453
v 44.86407042 49.13592958 9.58063583
v 44.83926833 49.16073167 9.53334217
v 44.85237777 49.32110262 9.19999962
v 44.85451853 49.31916237 9.25880985
v 44.86092007 49.31336033 9.31705456
v 44.87152088 49.30375230 9.37417107
v 44.95632255 49.04367745 9.69888191
v 44.89203107 49.10796893 9.62426453
v 44.92288077 49.07711923 9.66380672
v 44.99203432 49.00796568 9.72915249
v 44.95329070 49.22964048 9.58063583
v 45.01491594 49.17378676 9.66380672
v 45.04995823 49.14202619 9.69888191
v 44.98258960 49.20308554 9.62426453
v 45.08737922 49.10810971 9.72915249
v 45.12681866 49.07236397 9.75432758
v 45.16789651 49.03513324 9.77416401
v 45.13865542 49.24485087 9.69888191
v 45.21884131 49.17904389 9.75432758
v 45.17769575 49.21281135 9.72915249
v 44.88621879 49.29043102 9.42961006
v 44.90487218 49.27352452 9.48283844
v 44.98729181 49.36907172 9.48283844
v 44.93252611 49.41401684 9.19999962
v 44.93475950 49.41218388 9.25880985
v 44.94143808 49.40670300 9.31705456
v 44.95249748 49.39762676 9.37417107
v 44.96783125 49.38504255 9.42961006
v 45.02877045 49.49536133 9.37417107
v 45.04470325 49.48354483 9.42961006
v 45.06492376 49.46854806 9.48283844
v 44.92730153 49.25319576 9.53334217
v 45.01069164 49.34986806 9.53334217
v 45.03780532 49.32761645 9.58063583
v 45.06837177 49.30253112 9.62426453
v 45.10209680 49.27485371 9.66380672
v 45.22220039 49.35190380 9.69888191
v 45.14917135 49.40606594 9.62426453
v 45.11741066 49.42962122 9.58063583
v 45.08923769 49.45051563 9.53334217
v 45.18421364 49.38007677 9.66380672
v 45.00801873 49.51075172 9.19999962
v 45.01033950 49.50903070 9.25880985
v 45.01727891 49.50388408 9.31705456
v 45.07867408 49.61107445 9.19999962
v 45.08107638 49.60946929 9.25880985
v 45.08825994 49.60466933 9.31705456
v 45.10015583 49.59672081 9.37417107
v 45.11664915 49.58570027 9.42961006
v 45.13758135 49.57171381 9.48283844
v 45.14432144 49.71474314 9.19999962
v 45.14679956 49.71325779 9.25880985
v 45.15421009 49.70881617 9.31705456
v 45.20508933 49.67832041 9.48283844
v 45.16648173 49.70146084 9.37417107
v 45.18349600 49.69126284 9.42961006
v 45.16275072 49.55489612 9.53334217
v 45.19191504 49.53540921 9.58063583
v 45.22479320 49.51344073 9.62426453
v 45.23105359 49.66275799 9.53334217
v 45.20480323 49.82150817 9.19999962
v 45.20735121 49.82014620 9.25880985
v 45.21497059 49.81607354 9.31705456
v 45.22758842 49.80932927 9.37417107
v 45.24508262 49.79997838 9.42961006
v 45.30584836 49.10763919 9.78847103
v 45.39633250 49.03338087 9.80000000
v 45.35087132 49.07068968 9.79711037
v 45.26169658 49.14387357 9.77416401
v 45.39592457 49.22306120 9.78847103
v 45.48994327 49.15333211 9.80000000
v 45.44270658 49.18836546 9.79711037
v 45.30551887 49.29011071 9.75432758
v 45.26276565 49.32181859 9.72915249
v 45.35004807 49.25708556 9.77416401
v 45.43273807 49.37449634 9.77416401
v 45.26106858 49.48920226 9.66380672
v 45.30039191 49.46292722 9.69888191
v 45.34238458 49.43486869 9.72915249
v 45.38664198 49.40529680 9.75432758
v 45.52865672 49.31040549 9.79711037
v 45.48022890 49.34276414 9.78847103
v 45.57755589 49.27773225 9.80000000
v 45.50956750 49.49582314 9.77416401
v 45.60851550 49.43651605 9.79711037
v 45.55855799 49.46645939 9.78847103
v 45.65895867 49.40628147 9.80000000
v 45.29505515 49.62439680 9.62426453
v 45.33247638 49.60196745 9.66380672
v 45.37304163 49.57765365 9.69888191
v 45.41636038 49.55168927 9.72915249
v 45.26113868 49.64472556 9.58063583
v 45.35978842 49.73866677 9.62426453
v 45.39826488 49.71810067 9.66380672
v 45.46201563 49.52432466 9.75432758
v 45.58035088 49.62077367 9.77416401
v 45.43997431 49.69580650 9.69888191
v 45.48451495 49.67199910 9.72915249
v 45.53145790 49.64690757 9.75432758
v 45.26728487 49.78811097 9.48283844
v 45.25997329 49.93111229 9.19999962
v 45.26258492 49.92987704 9.25880985
v 45.27039528 49.92618310 9.31705456
v 45.28332853 49.92006600 9.37417107
v 45.30126047 49.91158485 9.42961006
v 45.32401848 49.90082121 9.48283844
v 45.29398155 49.77384138 9.53334217
v 45.32491541 49.75730693 9.58063583
v 45.38309097 49.87288189 9.58063583
v 45.41883659 49.85597551 9.62426453
v 45.35138297 49.88787866 9.53334217
v 45.43552542 49.99117231 9.58063583
v 45.45827603 49.83732212 9.66380672
v 45.50102901 49.81710136 9.69888191
v 45.54668427 49.79550803 9.72915249
v 45.59480166 49.77275014 9.75432758
v 45.47205758 49.97604024 9.62426453
v 45.51236486 49.95934439 9.66380672
v 45.55605865 49.94124591 9.69888191
v 45.60271835 49.92191875 9.72915249
v 45.63072324 49.59384906 9.78847103
v 45.68208981 49.56639314 9.79711037
v 45.73395586 49.53867006 9.80000000
v 45.64491820 49.74904680 9.77416401
v 45.69655108 49.72462630 9.78847103
v 45.80236673 49.67457926 9.80000000
v 45.74920297 49.69972384 9.79711037
v 45.75588250 49.85847604 9.78847103
v 45.80969286 49.83618712 9.79711037
v 45.65189457 49.90154934 9.75432758
v 45.70311379 49.88033366 9.77416401
v 45.80857491 49.99507582 9.78847103
v 45.86402655 49.81368136 9.80000000
v 45.86341405 49.97545409 9.79711037
v 45.91878653 49.95564151 9.80000000
v 45.30969882 50.04329139 9.19999962
v 45.31236815 50.04218578 9.25880985
v 45.32035017 50.03887951 9.31705456
v 45.33356810 50.03340447 9.37417107
v 45.35189462 50.02581340 9.42961006
v 45.37515306 50.01617938 9.48283844
v 45.35386014 50.15777534 9.19999962
v 45.36471510 50.15389144 9.31705456
v 45.35658050 50.15680206 9.25880985
v 45.37818575 50.14907157 9.37417107
v 45.39686275 50.14238882 9.42961006
v 45.42056584 50.13390768 9.48283844
v 45.40311980 50.00459516 9.53334217
v 45.44906735 50.12370968 9.53334217
v 45.48209262 50.11189306 9.58063583
v 45.51932335 50.09857172 9.62426453
v 45.56040096 50.08387387 9.66380672
v 45.60493040 50.06794101 9.69888191
v 45.48911500 50.24493521 9.53334217
v 45.52268004 50.23475337 9.58063583
v 45.56051970 50.22327489 9.62426453
v 45.60226917 50.21061027 9.66380672
v 45.39235091 50.27428830 9.19999962
v 45.39511561 50.27344960 9.25880985
v 45.40338326 50.27094167 9.31705456
v 45.41707420 50.26678854 9.37417107
v 45.43605638 50.26103032 9.42961006
v 45.42507815 50.39254957 9.19999962
v 45.42788076 50.39184755 9.25880985
v 45.43626142 50.38974828 9.31705456
v 45.46014738 50.25372243 9.48283844
v 45.45013976 50.38627195 9.37417107
v 45.46938157 50.38145208 9.42961006
v 45.49380207 50.37533510 9.48283844
v 45.52144909 50.49845260 9.48283844
v 45.52316594 50.36797982 9.53334217
v 45.55719042 50.35945719 9.58063583
v 45.59554744 50.34984922 9.62426453
v 45.55113840 50.49254704 9.53334217
v 45.58554006 50.48570412 9.58063583
v 45.62432241 50.47798979 9.62426453
v 45.65248203 50.05092674 9.72915249
v 45.70259857 50.03299475 9.75432758
v 45.75479722 50.01431781 9.77416401
v 45.64752650 50.19688159 9.69888191
v 45.69585586 50.18222106 9.72915249
v 45.74679184 50.16676980 9.75432758
v 45.79984403 50.15067661 9.77416401
v 45.91023707 50.11718923 9.79711037
v 45.96651506 50.10011750 9.80000000
v 45.85450125 50.13409656 9.78847103
v 45.63786817 50.33924842 9.66380672
v 45.68374467 50.32775700 9.69888191
v 45.78436804 50.30255216 9.75432758
v 45.73273516 50.31548548 9.72915249
v 45.66711211 50.46947837 9.66380672
v 45.71349740 50.46025181 9.69888191
v 45.76303101 50.45039898 9.72915249
v 45.83814573 50.28908151 9.77416401
v 45.89355063 50.27520329 9.78847103
v 45.95004916 50.26105118 9.79711037
v 45.86961031 50.42919904 9.77416401
v 45.81523609 50.44001472 9.75432758
v 45.92562938 50.41805613 9.78847103
v 45.98275399 50.40669334 9.79711037
v 45.45196319 50.51227421 9.19999962
v 45.45479679 50.51171055 9.25880985
v 45.46327043 50.51002502 9.31705456
v 45.47730255 50.50723389 9.37417107
v 45.49675798 50.50336397 9.42961006
v 45.54302168 50.62277836 9.48283844
v 45.47294116 50.63317382 9.19999962
v 45.47579908 50.63274989 9.25880985
v 45.48434544 50.63148218 9.31705456
v 45.49849749 50.62938291 9.37417107
v 45.51811934 50.62647229 9.42961006
v 45.55846786 50.74801290 9.48283844
v 45.57296515 50.61833668 9.53334217
v 45.60766101 50.61319005 9.58063583
v 45.58859324 50.74504584 9.53334217
v 45.62349963 50.74160782 9.58063583
v 45.48796177 50.75495715 9.19999962
v 45.49083710 50.75467396 9.25880985
v 45.49943519 50.75382712 9.31705456
v 45.51367331 50.75242479 9.37417107
v 45.53341413 50.75048049 9.42961006
v 45.56775045 50.87385450 9.48283844
v 45.49698853 50.87733082 9.19999962
v 45.49987435 50.87718905 9.25880985
v 45.50850368 50.87676512 9.31705456
v 45.52279329 50.87606311 9.37417107
v 45.54260588 50.87508978 9.42961006
v 45.59798503 50.87236919 9.53334217
v 45.64677525 50.60738799 9.62426453
v 45.68993092 50.60098642 9.66380672
v 45.73671293 50.59404698 9.69888191
v 45.78667045 50.58663648 9.72915249
v 45.66285157 50.73773202 9.62426453
v 45.70626950 50.73345572 9.66380672
v 45.75333571 50.72882012 9.69888191
v 45.80359650 50.72386983 9.72915249
v 45.83932233 50.57882631 9.75432758
v 45.89416146 50.57069170 9.77416401
v 45.95065999 50.56231093 9.78847103
v 45.85656834 50.71865258 9.75432758
v 45.91174054 50.71321860 9.77416401
v 45.96858215 50.70762017 9.78847103
v 45.63301826 50.87064810 9.58063583
v 45.67251301 50.86870787 9.62426453
v 45.71608853 50.86656713 9.66380672
v 45.76332521 50.86424653 9.69888191
v 45.81376863 50.86176841 9.72915249
v 45.86693239 50.85915664 9.75432758
v 45.92230487 50.85643637 9.77416401
v 45.97935271 50.85363379 9.78847103
v 47.50000000 47.00000000 9.80000000
v 47.54907846 47.00080323 9.80000000
v 47.59810448 47.00321150 9.80000000
v 47.64702559 47.00722289 9.80000000
v 47.69578934 47.01283264 9.80000000
v 47.74434328 47.02003503 9.80000000
v 47.79263544 47.02882218 9.80000000
v 47.84061432 47.03918457 9.80000000
v 47.88822842 47.05111122 9.80000000
v 47.93542719 47.06458950 9.80000000
v 47.98215914 47.07960486 9.80000000
v 48.02837515 47.09614110 9.80000000
v 48.07402515 47.11418080 9.80000000
v 48.11906052 47.13370419 9.80000000
v 48.16343307 47.15469098 9.80000000
v 48.20709515 47.17711806 9.80000000
v 48.25000000 47.20096183 9.80000000
v 48.29210186 47.22619677 9.80000000
v 48.33335543 47.25279570 9.80000000
v 48.37371635 47.28073001 9.80000000
v 48.41314220 47.30996990 9.80000000
v 48.45159006 47.34048438 9.80000000
v 48.48901892 47.37224030 9.80000000
v 48.52538824 47.40520382 9.80000000
v 48.56066036 47.43933988 9.80000000
v 48.59479618 47.47461152 9.80000000
v 48.62775993 47.51098132 9.80000000
v 48.65951586 47.54841018 9.80000000
v 48.69003010 47.58685780 9.80000000
v 48.71927023 47.62628341 9.80000000
v 48.74720430 47.66664457 9.80000000
v 48.77380323 47.70789814 9.80000000
v 48.79903793 47.75000000 9.80000000
v 48.82288170 47.79290485 9.80000000
v 48.84530926 47.83656693 9.80000000
v 48.86629581 47.88093948 9.80000000
v 48.88581944 47.92597485 9.80000000
v 48.90385866 47.97162485 9.80000000
v 47.50000000 47.00000000 12.19999962
v 47.54907846 47.00080323 12.19999962
v 47.59810448 47.00321150 12.19999962
v 47.64702559 47.00722289 12.19999962
v 47.69578934 47.01283264 12.19999962
v 47.74434328 47.02003503 12.19999962
v 47.79263544 47.02882218 12.19999962
v 47.84061432 47.03918457 12.19999962
v 47.88822842 47.05111122 12.19999962
v 47.93542719 47.06458950 12.19999962
v 47.98215914 47.07960486 12.19999962
v 48.02837515 47.09614110 12.19999962
v 48.07402515 47.11418080 12.19999962
v 48.11906052 47.13370419 12.19999962
v 48.16343307 47.15469098 12.19999962
v 48.20709515 47.17711806 12.19999962
v 48.25000000 47.20096183 12.19999962
v 48.29210186 47.22619677 12.19999962
v 48.33335543 47.25279570 12.19999962
v 48.37371635 47.28073001 12.19999962
v 48.41314220 47.30996990 12.19999962
v 48.45159006 47.34048438 12.19999962
v 48.48901892 47.37224030 12.19999962
v 48.52538824 47.40520382 12.19999962
v 48.56066036 47.43933988 12.19999962
v 48.59479618 47.47461152 12.19999962
v 48.62775993 47.51098132 12.19999962
v 48.65951586 47.54841018 12.19999962
v 48.69003010 47.58685780 12.19999962
v 48.71927023 47.62628341 12.19999962
v 48.74720430 47.66664457 12.19999962
v 48.77380323 47.70789814 12.19999962
v 48.79903793 47.75000000 12.19999962
v 48.82288170 47.79290485 12.19999962
v 48.84530926 47.83656693 12.19999962
v 48.86629581 47.88093948 12.19999962
v 48.88581944 47.92597485 12.19999962
v 48.90385866 47.97162485 12.19999962
v 48.92039537 48.01784086 9.80000000
v 48.93541050 48.06457305 9.80000000
v 48.94888878 48.11177135 9.80000000
v 48.96081543 48.15938568 9.80000000
v 48.97117805 48.20736456 9.80000000
v 48.97996521 48.25565672 9.80000000
v 48.98716736 48.30421066 9.80000000
v 48.99277687 48.35297418 9.80000000
v 48.99678850 48.40189528 9.80000000
v 48.99919701 48.45092130 9.80000000
v 49.00000000 48.50000000 9.80000000
v 48.92039537 48.01784086 12.19999962
v 48.93541050 48.06457305 12.19999962
v 48.94888878 48.11177135 12.19999962
v 48.96081543 48.15938568 12.19999962
v 48.97117805 48.20736456 12.19999962
v 48.97996521 48.25565672 12.19999962
v 48.98716736 48.30421066 12.19999962
v 48.99277687 48.35297418 12.19999962
v 48.99678850 48.40189528 12.19999962
v 48.99919701 48.45092130 12.19999962
v 49.00000000 48.50000000 12.19999962
v 46.00709677 50.24676144 9.80000000
v 46.04043436 50.39521998 9.80000000
v 46.00827336 50.55376479 9.79711037
v 46.06644726 50.54513553 9.80000000
v 46.02654552 50.70191127 9.79711037
v 46.08507276 50.69614688 9.80000000
v 46.03752637 50.85077590 9.79711037
v 46.09626603 50.84789021 9.80000000
v 43.00000000 51.00000000 0.00000000
v 43.70746869 52.97724259 0.00000000
v 44.48492420 52.48492420 0.00000000
v 43.80363518 52.94014704 0.00000000
v 43.89786571 52.89837754 0.00000000
v 43.98993313 52.85203469 0.00000000
v 44.07961571 52.80123007 0.00000000
v 44.16669750 52.74608624 0.00000000
v 44.25096858 52.68673587 0.00000000
v 44.33222592 52.62332201 0.00000000
v 44.41027379 52.55599737 0.00000000
v 45.09999990 51.00000000 0.00000000
v 45.09747052 51.10304212 0.00000000
v 45.08988786 51.20583600 0.00000000
v 45.05964899 51.40968966 0.00000000
v 45.07727075 51.30813399 0.00000000
v 44.85203469 51.98993313 0.00000000
v 45.03706574 51.51025838 0.00000000
v 45.00957465 51.60959780 0.00000000
v 44.97724259 51.70746869 0.00000000
v 44.94014704 51.80363518 0.00000000
v 44.89837754 51.89786571 0.00000000
v 45.50000000 51.00000000 0.49999999
v 45.49698853 51.12266918 0.49999999
v 45.48796177 51.24504285 0.49999999
v 45.47294116 51.36682618 0.49999999
v 45.45196319 51.48772579 0.49999999
v 45.42507815 51.60745043 0.49999999
v 45.39235091 51.72571170 0.49999999
v 45.35386014 51.84222466 0.49999999
v 45.30969882 51.95670861 0.49999999
v 44.80123007 52.07961571 0.00000000
v 44.74608624 52.16669750 0.00000000
v 44.68673587 52.25096858 0.00000000
v 44.62332201 52.33222592 0.00000000
v 44.55599737 52.41027379 0.00000000
v 45.20480323 52.17849183 0.49999999
v 45.00801873 52.48924828 0.49999999
v 45.14432144 52.28525686 0.49999999
v 45.07867408 52.38892555 0.49999999
v 44.85237777 52.67889738 0.49999999
v 44.67889738 52.85237777 0.49999999
v 44.58598316 52.93252611 0.49999999
v 44.76776695 52.76776695 0.49999999
v 44.93252611 52.58598316 0.49999999
v 45.25997329 52.06888771 0.49999999
v 43.00000000 53.09999990 0.00000000
v 43.10304212 53.09747052 0.00000000
v 43.20583600 53.08988786 0.00000000
v 43.30813399 53.07727075 0.00000000
v 43.12266918 53.49698853 0.49999999
v 43.24504285 53.48796177 0.49999999
v 43.36682618 53.47294116 0.49999999
v 43.40968966 53.05964899 0.00000000
v 43.51025838 53.03706574 0.00000000
v 43.60959780 53.00957465 0.00000000
v 43.48772579 53.45196319 0.49999999
v 43.60745043 53.42507815 0.49999999
v 43.72571170 53.39235091 0.49999999
v 43.00000000 53.50000000 0.49999999
v 43.84222466 53.35386014 0.49999999
v 43.95670861 53.30969882 0.49999999
v 44.06888771 53.25997329 0.49999999
v 44.17849183 53.20480323 0.49999999
v 44.28525686 53.14432144 0.49999999
v 44.38892555 53.07867408 0.49999999
v 44.48924828 53.00801873 0.49999999
v 43.51999998 51.00000000 11.80000000
v 43.52059948 51.01831288 11.80000000
v 43.52239543 51.03654733 11.80000000
v 43.52538013 51.05462529 11.80000000
v 43.52954078 51.07246933 11.80000000
v 43.53485954 51.09000305 11.80000000
v 43.54131371 51.10715136 11.80000000
v 43.54887563 51.12384083 11.80000000
v 43.55751288 51.14000000 11.80000000
v 43.56718850 51.15555966 11.80000000
v 43.57786107 51.17045321 11.80000000
v 43.58948487 51.18461683 11.80000000
v 43.60201013 51.19798990 11.80000000
v 43.61538315 51.21051514 11.80000000
v 43.62954682 51.22213894 11.80000000
v 43.64444035 51.23281150 11.80000000
v 43.66000003 51.24248712 11.80000000
v 43.51999998 51.00000000 12.19999962
v 43.52059948 51.01831288 12.19999962
v 43.52239543 51.03654733 12.19999962
v 43.52538013 51.05462529 12.19999962
v 43.52954078 51.07246933 12.19999962
v 43.53485954 51.09000305 12.19999962
v 43.54131371 51.10715136 12.19999962
v 43.54887563 51.12384083 12.19999962
v 43.55751288 51.14000000 12.19999962
v 43.56718850 51.15555966 12.19999962
v 43.57786107 51.17045321 12.19999962
v 43.58948487 51.18461683 12.19999962
v 43.60201013 51.19798990 12.19999962
v 43.61538315 51.21051514 12.19999962
v 43.62954682 51.22213894 12.19999962
v 43.64444035 51.23281150 12.19999962
v 43.66000003 51.24248712 12.19999962
v 43.67615914 51.25112438 11.80000000
v 43.69284862 51.25868627 11.80000000
v 43.70999694 51.26514044 11.80000000
v 43.72753066 51.27045923 11.80000000
v 43.74537474 51.27461988 11.80000000
v 43.67615914 51.25112438 12.19999962
v 43.69284862 51.25868627 12.19999962
v 43.70999694 51.26514044 12.19999962
v 43.72753066 51.27045923 12.19999962
v 43.74537474 51.27461988 12.19999962
v 44.07760453 51.03654733 11.80000000
v 44.07461989 51.05462529 11.80000000
v 44.08000004 51.00000000 11.80000000
v 44.07940054 51.01831288 11.80000000
v 44.07045925 51.07246933 11.80000000
v 44.06514049 51.09000305 11.80000000
v 44.05112433 51.12384083 11.80000000
v 44.05868626 51.10715136 11.80000000
v 44.02213895 51.17045321 11.80000000
v 44.01051509 51.18461683 11.80000000
v 43.95555967 51.23281150 11.80000000
v 43.94000000 51.24248712 11.80000000
v 43.97045320 51.22213894 11.80000000
v 43.99798989 51.19798990 11.80000000
v 43.98461682 51.21051514 11.80000000
v 44.04248714 51.14000000 11.80000000
v 44.03281152 51.15555966 11.80000000
v 44.07760453 51.03654733 12.19999962
v 44.07461989 51.05462529 12.19999962
v 44.08000004 51.00000000 12.19999962
v 44.07940054 51.01831288 12.19999962
v 44.07045925 51.07246933 12.19999962
v 44.06514049 51.09000305 12.19999962
v 44.05112433 51.12384083 12.19999962
v 44.05868626 51.10715136 12.19999962
v 44.02213895 51.17045321 12.19999962
v 44.01051509 51.18461683 12.19999962
v 43.95555967 51.23281150 12.19999962
v 43.94000000 51.24248712 12.19999962
v 43.97045320 51.22213894 12.19999962
v 43.99798989 51.19798990 12.19999962
v 43.98461682 51.21051514 12.19999962
v 44.04248714 51.14000000 12.19999962
v 44.03281152 51.15555966 12.19999962
v 43.76345265 51.27760455 11.80000000
v 43.78168714 51.27940050 11.80000000
v 43.80000001 51.28000000 11.80000000
v 43.81831288 51.27940050 11.80000000
v 43.83654732 51.27760455 11.80000000
v 43.85462528 51.27461988 11.80000000
v 43.89000303 51.26514044 11.80000000
v 43.87246931 51.27045923 11.80000000
v 43.90715134 51.25868627 11.80000000
v 43.92384082 51.25112438 11.80000000
v 43.76345265 51.27760455 12.19999962
v 43.78168714 51.27940050 12.19999962
v 43.80000001 51.28000000 12.19999962
v 43.81831288 51.27940050 12.19999962
v 43.83654732 51.27760455 12.19999962
v 43.85462528 51.27461988 12.19999962
v 43.89000303 51.26514044 12.19999962
v 43.87246931 51.27045923 12.19999962
v 43.90715134 51.25868627 12.19999962
v 43.92384082 51.25112438 12.19999962
v 45.50000000 51.00000000 9.19999962
v 45.50288916 51.00000000 9.25880985
v 45.51152873 51.00000000 9.31705456
v 45.49698853 51.12266918 9.19999962
v 45.49987435 51.12281095 9.25880985
v 45.50850368 51.12323488 9.31705456
v 45.52583575 51.00000000 9.37417107
v 45.52279329 51.12393689 9.37417107
v 45.54567218 51.00000000 9.42961006
v 45.57084727 51.00000000 9.48283844
v 45.54260588 51.12491022 9.42961006
v 45.48796177 51.24504285 9.19999962
v 45.49083710 51.24532604 9.25880985
v 45.49943519 51.24617288 9.31705456
v 45.51367331 51.24757521 9.37417107
v 45.56775045 51.12614550 9.48283844
v 45.53341413 51.24951951 9.42961006
v 45.60111833 51.00000000 9.53334217
v 45.59798503 51.12763081 9.53334217
v 45.47294116 51.36682618 9.19999962
v 45.47579908 51.36725011 9.25880985
v 45.48434544 51.36851782 9.31705456
v 45.49849749 51.37061709 9.37417107
v 45.51811934 51.37352771 9.42961006
v 45.55846786 51.25198710 9.48283844
v 45.45196319 51.48772579 9.19999962
v 45.45479679 51.48828945 9.25880985
v 45.46327043 51.48997498 9.31705456
v 45.47730255 51.49276611 9.37417107
v 45.49675798 51.49663603 9.42961006
v 45.54302168 51.37722164 9.48283844
v 45.58859324 51.25495416 9.53334217
v 45.62349963 51.25839218 9.58063583
v 45.57296515 51.38166332 9.53334217
v 45.60766101 51.38680995 9.58063583
v 45.63619375 51.00000000 9.58063583
v 45.67573595 51.00000000 9.62426453
v 45.71936393 51.00000000 9.66380672
v 45.76665783 51.00000000 9.69888191
v 45.63301826 51.12935190 9.58063583
v 45.67251301 51.13129213 9.62426453
v 45.71608853 51.13343287 9.66380672
v 45.76332521 51.13575347 9.69888191
v 45.81716204 51.00000000 9.72915249
v 45.87038994 51.00000000 9.75432758
v 45.92582917 51.00000000 9.77416401
v 45.98294592 51.00000000 9.78847103
v 45.81376863 51.13823159 9.72915249
v 45.86693239 51.14084336 9.75432758
v 45.92230487 51.14356363 9.77416401
v 45.97935271 51.14636621 9.78847103
v 45.66285157 51.26226798 9.62426453
v 45.70626950 51.26654428 9.66380672
v 45.75333571 51.27117988 9.69888191
v 45.80359650 51.27613017 9.72915249
v 45.64677525 51.39261201 9.62426453
v 45.68993092 51.39901358 9.66380672
v 45.73671293 51.40595302 9.69888191
v 45.78667045 51.41336352 9.72915249
v 45.85656834 51.28134742 9.75432758
v 45.91174054 51.28678140 9.77416401
v 45.96858215 51.29237983 9.78847103
v 45.83932233 51.42117369 9.75432758
v 45.89416146 51.42930830 9.77416401
v 45.95065999 51.43768907 9.78847103
v 45.42507815 51.60745043 9.19999962
v 45.42788076 51.60815245 9.25880985
v 45.43626142 51.61025172 9.31705456
v 45.39235091 51.72571170 9.19999962
v 45.39511561 51.72655040 9.25880985
v 45.40338326 51.72905833 9.31705456
v 45.41707420 51.73321146 9.37417107
v 45.43605638 51.73896968 9.42961006
v 45.52144909 51.50154740 9.48283844
v 45.45013976 51.61372805 9.37417107
v 45.46938157 51.61854792 9.42961006
v 45.49380207 51.62466490 9.48283844
v 45.46014738 51.74627757 9.48283844
v 45.55113840 51.50745296 9.53334217
v 45.58554006 51.51429588 9.58063583
v 45.62432241 51.52201021 9.62426453
v 45.52316594 51.63202018 9.53334217
v 45.55719042 51.64054281 9.58063583
v 45.59554744 51.65015078 9.62426453
v 45.35386014 51.84222466 9.19999962
v 45.35658050 51.84319794 9.25880985
v 45.36471510 51.84610856 9.31705456
v 45.37818575 51.85092843 9.37417107
v 45.39686275 51.85761118 9.42961006
v 45.42056584 51.86609232 9.48283844
v 45.30969882 51.95670861 9.19999962
v 45.31236815 51.95781422 9.25880985
v 45.32035017 51.96112049 9.31705456
v 45.33356810 51.96659553 9.37417107
v 45.35189462 51.97418660 9.42961006
v 45.37515306 51.98382062 9.48283844
v 45.40311980 51.99540484 9.53334217
v 45.48911500 51.75506479 9.53334217
v 45.52268004 51.76524663 9.58063583
v 45.56051970 51.77672511 9.62426453
v 45.60226917 51.78938973 9.66380672
v 45.44906735 51.87629032 9.53334217
v 45.48209262 51.88810694 9.58063583
v 45.51932335 51.90142828 9.62426453
v 45.56040096 51.91612613 9.66380672
v 45.60493040 51.93205899 9.69888191
v 45.66711211 51.53052163 9.66380672
v 45.71349740 51.53974819 9.69888191
v 45.76303101 51.54960102 9.72915249
v 45.63786817 51.66075158 9.66380672
v 45.68374467 51.67224300 9.69888191
v 45.73273516 51.68451452 9.72915249
v 45.78436804 51.69744784 9.75432758
v 45.81523609 51.55998528 9.75432758
v 45.86961031 51.57080096 9.77416401
v 45.92562938 51.58194387 9.78847103
v 45.98275399 51.59330666 9.79711037
v 45.83814573 51.71091849 9.77416401
v 45.89355063 51.72479671 9.78847103
v 45.95004916 51.73894882 9.79711037
v 45.64752650 51.80311841 9.69888191
v 45.69585586 51.81777894 9.72915249
v 45.74679184 51.83323020 9.75432758
v 45.79984403 51.84932339 9.77416401
v 45.65248203 51.94907326 9.72915249
v 45.70259857 51.96700525 9.75432758
v 45.75479722 51.98568219 9.77416401
v 45.85450125 51.86590344 9.78847103
v 45.91023707 51.88281077 9.79711037
v 45.96651506 51.89988250 9.80000000
v 45.20480323 52.17849183 9.19999962
v 45.20735121 52.17985380 9.25880985
v 45.21497059 52.18392646 9.31705456
v 45.22758842 52.19067073 9.37417107
v 45.24508262 52.20002162 9.42961006
v 45.00801873 52.48924828 9.19999962
v 45.01033950 52.49096930 9.25880985
v 45.01727891 52.49611592 9.31705456
v 45.14432144 52.28525686 9.19999962
v 45.14679956 52.28674221 9.25880985
v 45.15421009 52.29118383 9.31705456
v 45.16648173 52.29853916 9.37417107
v 45.18349600 52.30873716 9.42961006
v 45.20508933 52.32167959 9.48283844
v 45.07867408 52.38892555 9.19999962
v 45.08107638 52.39053071 9.25880985
v 45.08825994 52.39533067 9.31705456
v 45.10015583 52.40327919 9.37417107
v 45.11664915 52.41429973 9.42961006
v 45.13758135 52.42828619 9.48283844
v 45.23105359 52.33724201 9.53334217
v 45.16275072 52.44510388 9.53334217
v 45.19191504 52.46459079 9.58063583
v 45.22479320 52.48655927 9.62426453
v 44.85237777 52.67889738 9.19999962
v 44.85451853 52.68083763 9.25880985
v 44.86092007 52.68663967 9.31705456
v 44.87152088 52.69624770 9.37417107
v 44.67889738 52.85237777 9.19999962
v 44.68083763 52.85451853 9.25880985
v 44.68663967 52.86092007 9.31705456
v 44.58598316 52.93252611 9.19999962
v 44.58781612 52.93475950 9.25880985
v 44.59329700 52.94143808 9.31705456
v 44.60237324 52.95249748 9.37417107
v 44.61495745 52.96783125 9.42961006
v 44.63092828 52.98729181 9.48283844
v 44.76776695 52.76776695 9.19999962
v 44.76980984 52.76980984 9.25880985
v 44.77591908 52.77591908 9.31705456
v 44.69624770 52.87152088 9.37417107
v 44.78603566 52.78603566 9.37417107
v 44.80006218 52.80006218 9.42961006
v 44.81786346 52.81786346 9.48283844
v 44.70956898 52.88621879 9.42961006
v 44.72647548 52.90487218 9.48283844
v 44.83926833 52.83926833 9.53334217
v 44.86407042 52.86407042 9.58063583
v 44.74680424 52.92730153 9.53334217
v 44.77035952 52.95329070 9.58063583
v 44.79691446 52.98258960 9.62426453
v 44.93252611 52.58598316 9.19999962
v 44.93475950 52.58781612 9.25880985
v 44.94143808 52.59329700 9.31705456
v 44.95249748 52.60237324 9.37417107
v 44.96783125 52.61495745 9.42961006
v 45.02877045 52.50463867 9.37417107
v 45.04470325 52.51645517 9.42961006
v 44.88621879 52.70956898 9.42961006
v 44.90487218 52.72647548 9.48283844
v 44.98729181 52.63092828 9.48283844
v 45.06492376 52.53145194 9.48283844
v 44.92730153 52.74680424 9.53334217
v 45.01069164 52.65013194 9.53334217
v 45.03780532 52.67238355 9.58063583
v 45.08923769 52.54948437 9.53334217
v 45.11741066 52.57037878 9.58063583
v 45.14917135 52.59393406 9.62426453
v 45.18421364 52.61992323 9.66380672
v 45.06837177 52.69746888 9.62426453
v 45.10209680 52.72514629 9.66380672
v 45.22220039 52.64809620 9.69888191
v 44.95329070 52.77035952 9.58063583
v 44.98258960 52.79691446 9.62426453
v 45.01491594 52.82621324 9.66380672
v 45.04995823 52.85797381 9.69888191
v 44.89203107 52.89203107 9.62426453
v 44.92288077 52.92288077 9.66380672
v 44.95632255 52.95632255 9.69888191
v 44.99203432 52.99203432 9.72915249
v 45.13865542 52.75514913 9.69888191
v 45.17769575 52.78718865 9.72915249
v 45.21884131 52.82095611 9.75432758
v 45.08737922 52.89189029 9.72915249
v 45.12681866 52.92763603 9.75432758
v 45.16789651 52.96486676 9.77416401
v 45.25997329 52.06888771 9.19999962
v 45.26258492 52.07012296 9.25880985
v 45.27039528 52.07381690 9.31705456
v 45.28332853 52.07993400 9.37417107
v 45.30126047 52.08841515 9.42961006
v 45.32401848 52.09917879 9.48283844
v 45.26728487 52.21188903 9.48283844
v 45.43552542 52.00882769 9.58063583
v 45.35138297 52.11212134 9.53334217
v 45.29398155 52.22615862 9.53334217
v 45.32491541 52.24269307 9.58063583
v 45.38309097 52.12711811 9.58063583
v 45.41883659 52.14402449 9.62426453
v 45.47205758 52.02395976 9.62426453
v 45.51236486 52.04065561 9.66380672
v 45.55605865 52.05875409 9.69888191
v 45.60271835 52.07808125 9.72915249
v 45.45827603 52.16267788 9.66380672
v 45.50102901 52.18289864 9.69888191
v 45.54668427 52.20449197 9.72915249
v 45.59480166 52.22724986 9.75432758
v 45.26113868 52.35527444 9.58063583
v 45.35978842 52.26133323 9.62426453
v 45.39826488 52.28189933 9.66380672
v 45.29505515 52.37560320 9.62426453
v 45.33247638 52.39803255 9.66380672
v 45.37304163 52.42234635 9.69888191
v 45.41636038 52.44831073 9.72915249
v 45.43997431 52.30419350 9.69888191
v 45.48451495 52.32800090 9.72915249
v 45.53145790 52.35309243 9.75432758
v 45.46201563 52.47567534 9.75432758
v 45.58035088 52.37922633 9.77416401
v 45.65189457 52.09845066 9.75432758
v 45.70311379 52.11966634 9.77416401
v 45.80857491 52.00492418 9.78847103
v 45.75588250 52.14152396 9.78847103
v 45.80969286 52.16381288 9.79711037
v 45.86341405 52.02454591 9.79711037
v 45.91878653 52.04435849 9.80000000
v 45.86402655 52.18631864 9.80000000
v 45.64491820 52.25095320 9.77416401
v 45.69655108 52.27537370 9.78847103
v 45.74920297 52.30027616 9.79711037
v 45.80236673 52.32542074 9.80000000
v 45.63072324 52.40615094 9.78847103
v 45.68208981 52.43360686 9.79711037
v 45.73395586 52.46132994 9.80000000
v 45.26106858 52.51079774 9.66380672
v 45.30039191 52.53707278 9.69888191
v 45.34238458 52.56513131 9.72915249
v 45.38664198 52.59470320 9.75432758
v 45.26276565 52.67818141 9.72915249
v 45.30551887 52.70988929 9.75432758
v 45.43273807 52.62550366 9.77416401
v 45.35004807 52.74291444 9.77416401
v 45.50956750 52.50417686 9.77416401
v 45.55855799 52.53354061 9.78847103
v 45.60851550 52.56348395 9.79711037
v 45.48022890 52.65723586 9.78847103
v 45.52865672 52.68959451 9.79711037
v 45.57755589 52.72226775 9.80000000
v 45.26169658 52.85612643 9.77416401
v 45.39592457 52.77693880 9.78847103
v 45.30584836 52.89236081 9.78847103
v 45.35087132 52.92931032 9.79711037
v 45.39633250 52.96661913 9.80000000
v 45.44270658 52.81163454 9.79711037
v 45.48994327 52.84666789 9.80000000
v 45.65895867 52.59371853 9.80000000
v 43.12266918 53.49698853 9.19999962
v 43.12281095 53.49987435 9.25880985
v 43.24504285 53.48796177 9.19999962
v 43.24532604 53.49083710 9.25880985
v 43.24617288 53.49943519 9.31705456
v 43.36682618 53.47294116 9.19999962
v 43.36725011 53.47579908 9.25880985
v 43.36851782 53.48434544 9.31705456
v 43.37061709 53.49849749 9.37417107
v 43.48772579 53.45196319 9.19999962
v 43.48828945 53.45479679 9.25880985
v 43.48997498 53.46327043 9.31705456
v 43.49276611 53.47730255 9.37417107
v 43.49663603 53.49675798 9.42961006
v 43.60745043 53.42507815 9.19999962
v 43.60815245 53.42788076 9.25880985
v 43.61025172 53.43626142 9.31705456
v 43.72571170 53.39235091 9.19999962
v 43.72655040 53.39511561 9.25880985
v 43.72905833 53.40338326 9.31705456
v 43.61372805 53.45013976 9.37417107
v 43.61854792 53.46938157 9.42961006
v 43.62466490 53.49380207 9.48283844
v 43.73321146 53.41707420 9.37417107
v 43.73896968 53.43605638 9.42961006
v 43.74627757 53.46014738 9.48283844
v 43.00000000 53.50000000 9.19999962
v 43.00000000 53.50288916 9.25880985
v 43.00000000 53.51152873 9.31705456
v 43.12323488 53.50850368 9.31705456
v 43.00000000 53.52583575 9.37417107
v 43.00000000 53.54567218 9.42961006
v 43.00000000 53.57084727 9.48283844
v 43.12393689 53.52279329 9.37417107
v 43.12491022 53.54260588 9.42961006
v 43.12614550 53.56775045 9.48283844
v 43.24757521 53.51367331 9.37417107
v 43.24951951 53.53341413 9.42961006
v 43.25198710 53.55846786 9.48283844
v 43.37352771 53.51811934 9.42961006
v 43.00000000 53.60111833 9.53334217
v 43.12763081 53.59798503 9.53334217
v 43.00000000 53.63619375 9.58063583
v 43.00000000 53.67573595 9.62426453
v 43.00000000 53.71936393 9.66380672
v 43.12935190 53.63301826 9.58063583
v 43.13129213 53.67251301 9.62426453
v 43.13343287 53.71608853 9.66380672
v 43.25495416 53.58859324 9.53334217
v 43.25839218 53.62349963 9.58063583
v 43.26226798 53.66285157 9.62426453
v 43.26654428 53.70626950 9.66380672
v 43.00000000 53.76665783 9.69888191
v 43.13575347 53.76332521 9.69888191
v 43.00000000 53.81716204 9.72915249
v 43.00000000 53.87038994 9.75432758
v 43.13823159 53.81376863 9.72915249
v 43.14084336 53.86693239 9.75432758
v 43.00000000 53.92582917 9.77416401
v 43.00000000 53.98294592 9.78847103
v 43.14356363 53.92230487 9.77416401
v 43.14636621 53.97935271 9.78847103
v 43.27117988 53.75333571 9.69888191
v 43.27613017 53.80359650 9.72915249
v 43.28134742 53.85656834 9.75432758
v 43.28678140 53.91174054 9.77416401
v 43.29237983 53.96858215 9.78847103
v 43.37722164 53.54302168 9.48283844
v 43.50154740 53.52144909 9.48283844
v 43.38166332 53.57296515 9.53334217
v 43.38680995 53.60766101 9.58063583
v 43.50745296 53.55113840 9.53334217
v 43.51429588 53.58554006 9.58063583
v 43.52201021 53.62432241 9.62426453
v 43.39261201 53.64677525 9.62426453
v 43.39901358 53.68993092 9.66380672
v 43.40595302 53.73671293 9.69888191
v 43.53052163 53.66711211 9.66380672
v 43.53974819 53.71349740 9.69888191
v 43.63202018 53.52316594 9.53334217
v 43.64054281 53.55719042 9.58063583
v 43.65015078 53.59554744 9.62426453
v 43.66075158 53.63786817 9.66380672
v 43.67224300 53.68374467 9.69888191
v 43.68451452 53.73273516 9.72915249
v 43.41336352 53.78667045 9.72915249
v 43.42117369 53.83932233 9.75432758
v 43.54960102 53.76303101 9.72915249
v 43.55998528 53.81523609 9.75432758
v 43.42930830 53.89416146 9.77416401
v 43.43768907 53.95065999 9.78847103
v 43.57080096 53.86961031 9.77416401
v 43.69744784 53.78436804 9.75432758
v 43.71091849 53.83814573 9.77416401
v 43.58194387 53.92562938 9.78847103
v 43.59330666 53.98275399 9.79711037
v 43.72479671 53.89355063 9.78847103
v 43.73894882 53.95004916 9.79711037
v 43.84222466 53.35386014 9.19999962
v 43.84319794 53.35658050 9.25880985
v 43.84610856 53.36471510 9.31705456
v 43.85092843 53.37818575 9.37417107
v 43.85761118 53.39686275 9.42961006
v 43.86609232 53.42056584 9.48283844
v 43.95670861 53.30969882 9.19999962
v 43.95781422 53.31236815 9.25880985
v 43.96112049 53.32035017 9.31705456
v 44.06888771 53.25997329 9.19999962
v 44.07012296 53.26258492 9.25880985
v 44.07381690 53.27039528 9.31705456
v 43.96659553 53.33356810 9.37417107
v 43.97418660 53.35189462 9.42961006
v 44.07993400 53.28332853 9.37417107
v 44.08841515 53.30126047 9.42961006
v 44.09917879 53.32401848 9.48283844
v 43.98382062 53.37515306 9.48283844
v 43.75506479 53.48911500 9.53334217
v 43.87629032 53.44906735 9.53334217
v 43.88810694 53.48209262 9.58063583
v 44.11212134 53.35138297 9.53334217
v 43.99540484 53.40311980 9.53334217
v 44.00882769 53.43552542 9.58063583
v 44.02395976 53.47205758 9.62426453
v 44.17849183 53.20480323 9.19999962
v 44.17985380 53.20735121 9.25880985
v 44.18392646 53.21497059 9.31705456
v 44.28525686 53.14432144 9.19999962
v 44.28674221 53.14679956 9.25880985
v 44.29118383 53.15421009 9.31705456
v 44.19067073 53.22758842 9.37417107
v 44.20002162 53.24508262 9.42961006
v 44.29853916 53.16648173 9.37417107
v 44.30873716 53.18349600 9.42961006
v 44.38892555 53.07867408 9.19999962
v 44.39053071 53.08107638 9.25880985
v 44.39533067 53.08825994 9.31705456
v 44.48924828 53.00801873 9.19999962
v 44.49096930 53.01033950 9.25880985
v 44.49611592 53.01727891 9.31705456
v 44.40327919 53.10015583 9.37417107
v 44.41429973 53.11664915 9.42961006
v 44.32167959 53.20508933 9.48283844
v 44.42828619 53.13758135 9.48283844
v 44.33724201 53.23105359 9.53334217
v 44.44510388 53.16275072 9.53334217
v 44.46459079 53.19191504 9.58063583
v 44.48655927 53.22479320 9.62426453
v 44.21188903 53.26728487 9.48283844
v 44.22615862 53.29398155 9.53334217
v 44.24269307 53.32491541 9.58063583
v 44.26133323 53.35978842 9.62426453
v 44.12711811 53.38309097 9.58063583
v 44.14402449 53.41883659 9.62426453
v 44.16267788 53.45827603 9.66380672
v 44.28189933 53.39826488 9.66380672
v 44.30419350 53.43997431 9.69888191
v 44.35527444 53.26113868 9.58063583
v 44.37560320 53.29505515 9.62426453
v 44.39803255 53.33247638 9.66380672
v 44.42234635 53.37304163 9.69888191
v 44.32800090 53.48451495 9.72915249
v 44.44831073 53.41636038 9.72915249
v 44.47567534 53.46201563 9.75432758
v 43.76524663 53.52268004 9.58063583
v 43.77672511 53.56051970 9.62426453
v 43.78938973 53.60226917 9.66380672
v 43.90142828 53.51932335 9.62426453
v 43.91612613 53.56040096 9.66380672
v 43.93205899 53.60493040 9.69888191
v 43.80311841 53.64752650 9.69888191
v 43.81777894 53.69585586 9.72915249
v 43.83323020 53.74679184 9.75432758
v 44.04065561 53.51236486 9.66380672
v 44.05875409 53.55605865 9.69888191
v 44.07808125 53.60271835 9.72915249
v 43.94907326 53.65248203 9.72915249
v 43.96700525 53.70259857 9.75432758
v 44.09845066 53.65189457 9.75432758
v 44.11966634 53.70311379 9.77416401
v 43.84932339 53.79984403 9.77416401
v 43.86590344 53.85450125 9.78847103
v 43.88281077 53.91023707 9.79711037
v 43.89988250 53.96651506 9.80000000
v 43.98568219 53.75479722 9.77416401
v 44.00492418 53.80857491 9.78847103
v 44.02454591 53.86341405 9.79711037
v 44.04435849 53.91878653 9.80000000
v 44.18289864 53.50102901 9.69888191
v 44.20449197 53.54668427 9.72915249
v 44.22724986 53.59480166 9.75432758
v 44.25095320 53.64491820 9.77416401
v 44.27537370 53.69655108 9.78847103
v 44.30027616 53.74920297 9.79711037
v 44.35309243 53.53145790 9.75432758
v 44.37922633 53.58035088 9.77416401
v 44.40615094 53.63072324 9.78847103
v 44.43360686 53.68208981 9.79711037
v 44.46132994 53.73395586 9.80000000
v 44.14152396 53.75588250 9.78847103
v 44.16381288 53.80969286 9.79711037
v 44.18631864 53.86402655 9.80000000
v 44.32542074 53.80236673 9.80000000
v 43.00000000 54.04118967 9.79711037
v 43.00000000 54.09999990 9.80000000
v 43.14922410 54.03752637 9.79711037
v 43.15210979 54.09626603 9.80000000
v 43.29808873 54.02654552 9.79711037
v 43.30385312 54.08507276 9.80000000
v 43.44623521 54.00827336 9.79711037
v 43.45486447 54.06644726 9.80000000
v 43.60478002 54.04043436 9.80000000
v 43.75323856 54.00709677 9.80000000
v 44.50463867 53.02877045 9.37417107
v 44.51645517 53.04470325 9.42961006
v 44.53145194 53.06492376 9.48283844
v 44.54948437 53.08923769 9.53334217
v 44.57037878 53.11741066 9.58063583
v 44.65013194 53.01069164 9.53334217
v 44.67238355 53.03780532 9.58063583
v 44.59393406 53.14917135 9.62426453
v 44.61992323 53.18421364 9.66380672
v 44.64809620 53.22220039 9.69888191
v 44.69746888 53.06837177 9.62426453
v 44.72514629 53.10209680 9.66380672
v 44.82621324 53.01491594 9.66380672
v 44.85797381 53.04995823 9.69888191
v 44.75514913 53.13865542 9.69888191
v 44.78718865 53.17769575 9.72915249
v 44.82095611 53.21884131 9.75432758
v 44.51079774 53.26106858 9.66380672
v 44.53707278 53.30039191 9.69888191
v 44.56513131 53.34238458 9.72915249
v 44.67818141 53.26276565 9.72915249
v 44.59470320 53.38664198 9.75432758
v 44.62550366 53.43273807 9.77416401
v 44.65723586 53.48022890 9.78847103
v 44.70988929 53.30551887 9.75432758
v 44.74291444 53.35004807 9.77416401
v 44.85612643 53.26169658 9.77416401
v 44.77693880 53.39592457 9.78847103
v 44.81163454 53.44270658 9.79711037
v 44.84666789 53.48994327 9.80000000
v 44.89189029 53.08737922 9.72915249
v 45.02967215 53.02967215 9.75432758
v 44.92763603 53.12681866 9.75432758
v 44.96486676 53.16789651 9.77416401
v 45.00322390 53.21021700 9.78847103
v 45.06887364 53.06887364 9.77416401
v 45.10926127 53.10926127 9.78847103
v 45.21021700 53.00322390 9.78847103
v 45.15044594 53.15044594 9.79711037
v 45.19203091 53.19203091 9.80000000
v 44.89236081 53.30584836 9.78847103
v 44.92931032 53.35087132 9.79711037
v 45.04233813 53.25337291 9.79711037
v 44.96661913 53.39633250 9.80000000
v 45.08183265 53.29694843 9.80000000
v 44.50417686 53.50956750 9.77416401
v 44.53354061 53.55855799 9.78847103
v 44.56348395 53.60851550 9.79711037
v 44.59371853 53.65895867 9.80000000
v 44.68959451 53.52865672 9.79711037
v 44.72226775 53.57755589 9.80000000
v 45.25337291 53.04233813 9.79711037
v 45.29694843 53.08183265 9.80000000
v 46.04118967 51.00000000 9.79711037
v 46.09999990 51.00000000 9.80000000
v 46.03752637 51.14922410 9.79711037
v 46.09626603 51.15210979 9.80000000
v 46.02654552 51.29808873 9.79711037
v 46.08507276 51.30385312 9.80000000
v 46.00827336 51.44623521 9.79711037
v 46.06644726 51.45486447 9.80000000
v 46.04043436 51.60478002 9.80000000
v 46.00709677 51.75323856 9.80000000
v 49.00000000 53.50000000 9.80000000
v 48.99919701 53.54907870 9.80000000
v 48.99678850 53.59810472 9.80000000
v 48.99277687 53.64702582 9.80000000
v 48.98716736 53.69578934 9.80000000
v 48.97996521 53.74434328 9.80000000
v 48.97117805 53.79263544 9.80000000
v 48.96081543 53.84061432 9.80000000
v 48.94888878 53.88822865 9.80000000
v 48.93541050 53.93542695 9.80000000
v 48.92039537 53.98215914 9.80000000
v 49.00000000 53.50000000 12.19999962
v 48.99919701 53.54907870 12.19999962
v 48.99678850 53.59810472 12.19999962
v 48.99277687 53.64702582 12.19999962
v 48.98716736 53.69578934 12.19999962
v 48.97996521 53.74434328 12.19999962
v 48.97117805 53.79263544 12.19999962
v 48.96081543 53.84061432 12.19999962
v 48.94888878 53.88822865 12.19999962
v 48.93541050 53.93542695 12.19999962
v 48.92039537 53.98215914 12.19999962
v 47.50000000 55.00000000 9.80000000
v 47.54907846 54.99919677 9.80000000
v 47.59810448 54.99678850 9.80000000
v 47.64702559 54.99277711 9.80000000
v 47.69578934 54.98716736 9.80000000
v 47.74434328 54.97996497 9.80000000
v 47.79263544 54.97117782 9.80000000
v 47.84061432 54.96081543 9.80000000
v 47.93542719 54.93541050 9.80000000
v 47.88822842 54.94888878 9.80000000
v 47.98215914 54.92039514 9.80000000
v 48.02837515 54.90385890 9.80000000
v 48.11906052 54.86629581 9.80000000
v 48.16343307 54.84530902 9.80000000
v 48.20709515 54.82288194 9.80000000
v 48.07402515 54.88581920 9.80000000
v 48.90385866 54.02837515 9.80000000
v 48.88581944 54.07402515 9.80000000
v 48.86629581 54.11906052 9.80000000
v 48.84530926 54.16343307 9.80000000
v 48.82288170 54.20709515 9.80000000
v 48.79903793 54.25000000 9.80000000
v 48.77380323 54.29210186 9.80000000
v 48.74720430 54.33335543 9.80000000
v 48.71927023 54.37371659 9.80000000
v 48.69003010 54.41314220 9.80000000
v 48.65951586 54.45158982 9.80000000
v 48.62775993 54.48901868 9.80000000
v 48.33335543 54.74720430 9.80000000
v 48.37371635 54.71926999 9.80000000
v 48.41314220 54.69003010 9.80000000
v 48.52538824 54.59479618 9.80000000
v 48.56066036 54.56066012 9.80000000
v 48.59479618 54.52538848 9.80000000
v 48.45159006 54.65951562 9.80000000
v 48.48901892 54.62775970 9.80000000
v 48.29210186 54.77380323 9.80000000
v 48.25000000 54.79903817 9.80000000
v 47.50000000 55.00000000 12.19999962
v 47.54907846 54.99919677 12.19999962
v 47.59810448 54.99678850 12.19999962
v 47.64702559 54.99277711 12.19999962
v 47.69578934 54.98716736 12.19999962
v 47.74434328 54.97996497 12.19999962
v 47.79263544 54.97117782 12.19999962
v 47.84061432 54.96081543 12.19999962
v 47.93542719 54.93541050 12.19999962
v 47.88822842 54.94888878 12.19999962
v 47.98215914 54.92039514 12.19999962
v 48.02837515 54.90385890 12.19999962
v 48.11906052 54.86629581 12.19999962
v 48.16343307 54.84530902 12.19999962
v 48.20709515 54.82288194 12.19999962
v 48.07402515 54.88581920 12.19999962
v 48.90385866 54.02837515 12.19999962
v 48.88581944 54.07402515 12.19999962
v 48.86629581 54.11906052 12.19999962
v 48.84530926 54.16343307 12.19999962
v 48.82288170 54.20709515 12.19999962
v 48.79903793 54.25000000 12.19999962
v 48.77380323 54.29210186 12.19999962
v 48.74720430 54.33335543 12.19999962
v 48.71927023 54.37371659 12.19999962
v 48.69003010 54.41314220 12.19999962
v 48.65951586 54.45158982 12.19999962
v 48.62775993 54.48901868 12.19999962
v 48.33335543 54.74720430 12.19999962
v 48.37371635 54.71926999 12.19999962
v 48.41314220 54.69003010 12.19999962
v 48.52538824 54.59479618 12.19999962
v 48.56066036 54.56066012 12.19999962
v 48.59479618 54.52538848 12.19999962
v 48.45159006 54.65951562 12.19999962
v 48.48901892 54.62775970 12.19999962
v 48.29210186 54.77380323 12.19999962
v 48.25000000 54.79903817 12.19999962
f 2 58 3
f 3 59 4
f 5 61 6
f 4 60 5
f 6 63 7
f 5 60 61
f 6 61 63
f 7 11 8
f 8 12 9
f 9 13 10
f 10 18 14
f 8 11 12
f 7 63 11
f 9 12 13
f 10 13 18
f 14 19 15
f 15 20 16
f 16 1683 17
f 14 18 19
f 15 19 20
f 16 20 1683
f 1 2 346
f 2 3 349
f 3 4 354
f 4 5 357
f 5 6 369
f 6 7 373
f 7 8 384
f 8 9 464
f 9 10 467
f 10 14 476
f 14 15 481
f 15 16 484
f 16 17 488
f 24 25 55
f 23 26 62
f 22 31 26
f 23 54 25
f 26 31 62
f 23 62 54
f 27 33 29
f 27 28 34
f 21 49 30
f 28 35 34
f 28 30 35
f 30 49 35
f 22 32 31
f 22 29 32
f 27 34 33
f 29 33 32
f 38 39 47
f 39 40 48
f 40 41 51
f 41 42 50
f 42 43 52
f 43 856 53
f 21 36 44
f 37 46 45
f 36 37 45
f 37 38 46
f 21 44 49
f 36 45 44
f 38 47 46
f 39 48 47
f 40 51 48
f 41 50 51
f 42 52 50
f 43 53 52
f 53 856 865
f 1 24 56
f 1 57 2
f 2 57 58
f 1 56 57
f 25 54 55
f 24 55 56
f 3 58 59
f 4 59 60
f 54 62 2462
f 56 2462 57
f 55 2462 56
f 54 2462 55
f 59 2462 60
f 60 2462 61
f 61 2462 63
f 11 63 2462
f 58 2462 59
f 57 2462 58
f 13 2462 18
f 11 2462 12
f 12 2462 13
f 18 2462 19
f 19 2462 20
f 20 2462 1683
f 33 34 2462
f 44 2462 49
f 34 35 2462
f 35 49 2462
f 44 45 2462
f 45 46 2462
f 31 32 2462
f 31 2462 62
f 32 33 2462
f 46 47 2462
f 47 48 2462
f 48 51 2462
f 50 2462 51
f 50 52 2462
f 52 53 2462
f 53 865 2462
f 22 635 29
f 22 26 579
f 23 25 598
f 24 611 25
f 1 606 24
f 23 619 26
f 27 629 28
f 27 29 623
f 28 642 30
f 21 30 541
f 21 671 36
f 36 677 37
f 37 698 38
f 39 734 40
f 38 703 39
f 40 740 41
f 41 750 42
f 42 756 43
f 43 1078 856
f 64 109 72
f 64 88 101
f 66 70 103
f 65 66 102
f 68 69 105
f 67 68 104
f 67 110 73
f 65 106 69
f 70 71 107
f 71 72 108
f 73 111 74
f 74 112 75
f 75 113 76
f 76 114 77
f 78 121 84
f 77 115 78
f 79 84 116
f 79 117 80
f 80 118 81
f 81 119 82
f 82 120 83
f 86 87 123
f 86 125 88
f 87 89 124
f 85 126 89
f 85 90 122
f 90 91 127
f 92 130 93
f 91 93 128
f 92 94 129
f 94 95 131
f 95 96 132
f 96 97 133
f 97 98 134
f 98 99 135
f 99 100 136
f 100 160 137
f 64 101 109
f 88 125 101
f 66 103 102
f 69 106 105
f 67 104 110
f 68 105 104
f 65 102 106
f 72 109 108
f 71 108 107
f 70 107 103
f 73 110 111
f 74 111 112
f 75 112 113
f 76 113 114
f 77 114 115
f 78 115 121
f 79 116 117
f 80 117 118
f 83 120 149
f 81 118 119
f 82 119 120
f 84 121 116
f 85 122 126
f 86 123 125
f 87 124 123
f 89 126 124
f 90 127 122
f 91 128 127
f 92 129 130
f 93 130 128
f 94 131 129
f 95 132 131
f 96 133 132
f 97 134 133
f 98 135 134
f 99 136 135
f 100 137 136
f 137 160 161
f 83 149 138
f 138 150 139
f 139 151 140
f 140 152 141
f 141 153 142
f 142 154 143
f 143 155 144
f 144 156 145
f 145 157 146
f 146 158 147
f 147 159 148
f 138 149 150
f 139 150 151
f 141 152 153
f 140 151 152
f 142 153 154
f 143 154 155
f 144 155 156
f 145 156 157
f 146 157 158
f 147 158 159
f 160 499 492
f 160 494 226
f 160 492 494
f 160 520 516
f 160 521 520
f 160 491 499
f 160 513 491
f 160 516 513
f 161 169 163
f 161 170 169
f 161 171 170
f 161 179 171
f 161 185 179
f 161 187 185
f 67 73 950
f 65 950 66
f 65 69 950
f 68 950 69
f 67 950 68
f 85 89 950
f 85 950 90
f 91 950 93
f 90 950 91
f 92 93 950
f 70 950 71
f 64 72 950
f 71 950 72
f 64 950 88
f 86 88 950
f 86 950 87
f 66 950 70
f 87 950 89
f 77 78 950
f 76 77 950
f 79 950 84
f 78 84 950
f 79 80 950
f 80 81 950
f 74 75 950
f 73 74 950
f 75 76 950
f 81 82 950
f 82 83 950
f 83 138 950
f 138 139 950
f 139 140 950
f 140 141 950
f 141 142 950
f 142 143 950
f 95 950 96
f 92 950 94
f 94 950 95
f 96 950 97
f 97 950 98
f 98 950 99
f 99 950 100
f 100 950 160
f 104 961 110
f 102 103 961
f 102 961 106
f 105 106 961
f 104 105 961
f 122 961 126
f 122 127 961
f 128 130 961
f 127 128 961
f 129 961 130
f 107 108 961
f 101 961 109
f 108 109 961
f 101 125 961
f 123 961 125
f 123 124 961
f 103 107 961
f 124 126 961
f 114 961 115
f 113 961 114
f 116 121 961
f 115 961 121
f 116 961 117
f 117 961 118
f 111 961 112
f 110 961 111
f 112 961 113
f 118 961 119
f 119 961 120
f 120 961 149
f 149 961 150
f 150 961 151
f 151 961 152
f 152 961 153
f 153 961 154
f 132 133 961
f 129 131 961
f 131 132 961
f 133 134 961
f 134 135 961
f 135 136 961
f 136 137 961
f 137 161 961
f 143 144 950
f 144 145 950
f 145 146 950
f 146 147 950
f 147 148 950
f 160 950 194
f 148 159 961
f 154 961 155
f 155 961 156
f 156 961 157
f 157 961 158
f 158 961 159
f 161 163 961
f 160 188 647
f 160 647 521
f 160 189 188
f 160 190 189
f 160 192 190
f 160 194 192
f 189 190 660
f 190 191 660
f 190 192 191
f 191 192 193
f 192 194 193
f 193 194 195
f 193 195 715
f 194 920 195
f 195 921 726
f 195 920 921
f 726 921 1048
f 177 201 176
f 175 199 165
f 176 200 175
f 182 205 177
f 183 206 182
f 210 206 183
f 175 200 199
f 176 201 200
f 177 205 201
f 182 206 205
f 221 207 206
f 211 206 210
f 213 206 211
f 219 206 213
f 221 206 219
f 2 349 346
f 3 354 349
f 4 357 354
f 6 373 369
f 8 464 384
f 7 384 373
f 5 369 357
f 9 467 464
f 10 476 467
f 14 481 476
f 15 484 481
f 16 488 484
f 17 490 488
f 160 249 228
f 160 230 293
f 160 228 230
f 160 293 289
f 160 289 290
f 160 290 304
f 160 304 308
f 160 308 279
f 160 279 280
f 160 281 283
f 160 280 281
f 160 283 285
f 160 285 287
f 160 234 235
f 160 239 234
f 160 226 239
f 160 235 249
f 226 494 227
f 228 249 229
f 230 231 294
f 228 229 231
f 228 231 230
f 229 232 231
f 229 255 232
f 231 232 295
f 232 255 233
f 235 237 250
f 234 237 235
f 234 236 237
f 236 244 238
f 236 238 237
f 238 244 252
f 226 240 239
f 236 239 240
f 234 239 236
f 236 240 244
f 240 242 244
f 226 227 240
f 227 242 240
f 227 241 242
f 241 243 242
f 241 561 243
f 243 561 247
f 242 245 244
f 244 245 252
f 245 266 252
f 245 246 266
f 248 570 268
f 268 567 269
f 242 243 245
f 243 246 245
f 243 247 246
f 247 570 248
f 246 247 248
f 235 250 249
f 229 249 250
f 237 251 250
f 250 251 255
f 229 250 255
f 251 253 256
f 237 238 251
f 238 253 251
f 238 252 253
f 252 266 254
f 252 254 253
f 254 266 260
f 233 255 256
f 251 256 255
f 253 257 256
f 233 256 329
f 256 257 329
f 257 330 329
f 257 261 330
f 258 260 272
f 258 332 261
f 258 261 260
f 258 272 259
f 253 254 257
f 254 261 257
f 254 260 261
f 262 276 610
f 262 344 278
f 263 609 264
f 262 610 263
f 262 278 276
f 248 265 267
f 260 267 272
f 265 272 267
f 265 271 274
f 246 267 266
f 246 248 267
f 260 266 267
f 248 268 265
f 268 269 271
f 265 268 271
f 275 615 276
f 270 614 275
f 269 270 271
f 269 614 270
f 265 274 272
f 271 273 274
f 273 365 364
f 259 272 274
f 259 274 364
f 273 277 365
f 273 364 274
f 270 275 277
f 270 277 273
f 275 278 277
f 270 273 271
f 275 276 278
f 277 278 366
f 160 2356 161
f 160 287 1743
f 160 1743 1745
f 160 1745 1747
f 160 1747 1749
f 279 395 280
f 280 395 282
f 280 282 281
f 281 282 284
f 281 284 283
f 282 424 284
f 283 286 285
f 283 284 286
f 284 429 286
f 285 286 288
f 285 288 287
f 286 431 288
f 161 2394 187
f 289 293 298
f 289 291 290
f 289 298 291
f 291 298 292
f 230 294 293
f 231 295 294
f 293 294 298
f 294 299 298
f 294 295 299
f 232 296 295
f 232 233 296
f 233 297 296
f 233 329 297
f 295 296 300
f 296 297 302
f 292 298 299
f 295 300 299
f 292 299 312
f 299 300 312
f 300 302 313
f 300 313 312
f 301 303 331
f 301 316 303
f 296 302 300
f 297 331 303
f 297 303 302
f 302 318 313
f 302 303 318
f 290 305 304
f 304 309 308
f 304 305 309
f 290 291 305
f 291 306 305
f 291 292 306
f 292 307 306
f 305 306 310
f 306 307 311
f 305 310 309
f 279 308 393
f 308 309 393
f 309 310 394
f 309 394 393
f 306 311 310
f 307 320 311
f 310 311 397
f 310 397 394
f 311 398 397
f 311 320 398
f 292 312 307
f 312 313 314
f 313 318 315
f 307 312 314
f 313 315 314
f 303 316 318
f 301 317 316
f 315 318 322
f 316 322 318
f 316 324 322
f 316 317 324
f 317 386 323
f 317 323 324
f 315 322 319
f 315 319 321
f 319 408 321
f 319 325 409
f 307 314 320
f 314 321 320
f 314 315 321
f 320 321 410
f 322 324 325
f 323 390 327
f 323 326 324
f 319 322 325
f 324 326 325
f 323 327 326
f 328 343 367
f 343 375 389
f 362 376 363
f 328 375 343
f 328 377 375
f 328 363 377
f 261 332 330
f 330 336 331
f 330 332 336
f 332 337 336
f 329 330 331
f 297 329 331
f 258 333 332
f 258 259 333
f 259 364 334
f 259 334 333
f 332 333 337
f 333 341 337
f 333 334 341
f 334 364 335
f 334 335 342
f 301 331 336
f 336 337 338
f 337 341 339
f 301 336 338
f 301 338 317
f 339 341 340
f 337 339 338
f 334 342 341
f 335 343 342
f 335 367 343
f 340 341 342
f 342 343 389
f 340 342 389
f 351 355 356
f 278 344 366
f 345 367 366
f 352 353 360
f 353 356 360
f 352 360 361
f 344 345 366
f 344 352 361
f 344 361 345
f 346 349 347
f 347 349 350
f 347 350 348
f 264 348 351
f 348 350 351
f 349 354 350
f 350 354 355
f 351 356 353
f 350 355 351
f 264 351 353
f 263 353 352
f 262 352 344
f 262 263 352
f 263 264 353
f 354 357 355
f 355 358 356
f 356 359 360
f 357 369 358
f 356 358 359
f 358 370 359
f 359 371 362
f 355 357 358
f 360 362 361
f 359 362 360
f 361 362 363
f 328 367 345
f 345 361 363
f 328 345 363
f 335 364 365
f 365 366 367
f 277 366 365
f 335 365 367
f 368 388 389
f 368 382 388
f 369 373 370
f 370 374 371
f 371 372 376
f 370 373 374
f 371 374 372
f 368 389 375
f 375 377 378
f 362 371 376
f 363 376 377
f 376 379 377
f 377 379 378
f 368 375 378
f 368 378 381
f 372 379 376
f 385 464 465
f 380 383 466
f 383 465 466
f 378 380 381
f 382 391 388
f 368 381 382
f 382 470 391
f 382 472 470
f 391 470 392
f 380 471 381
f 381 471 472
f 380 466 471
f 381 472 382
f 373 384 374
f 374 384 385
f 372 374 385
f 372 383 379
f 372 385 383
f 384 464 385
f 383 385 465
f 378 379 380
f 379 383 380
f 339 387 386
f 338 339 386
f 317 338 386
f 339 340 387
f 340 389 388
f 340 388 387
f 323 386 390
f 386 387 390
f 387 388 391
f 387 391 390
f 390 391 392
f 327 390 392
f 358 369 370
f 359 370 371
f 279 393 395
f 393 394 396
f 393 396 395
f 394 399 396
f 394 397 399
f 320 410 398
f 397 398 402
f 397 402 399
f 398 410 403
f 398 403 402
f 395 396 400
f 282 395 400
f 396 399 401
f 396 401 400
f 282 400 424
f 400 401 425
f 403 416 405
f 399 402 404
f 399 404 401
f 402 403 405
f 402 405 404
f 401 404 427
f 392 475 413
f 406 413 475
f 406 421 413
f 406 475 480
f 439 480 487
f 406 407 421
f 407 423 421
f 406 480 439
f 406 439 407
f 321 408 410
f 319 409 408
f 408 414 410
f 403 410 414
f 408 415 414
f 408 409 415
f 409 419 415
f 326 412 411
f 325 326 411
f 325 411 409
f 326 327 412
f 327 392 413
f 327 413 412
f 411 412 420
f 409 411 419
f 412 413 421
f 403 414 416
f 414 415 417
f 415 419 418
f 414 417 416
f 418 419 422
f 415 418 417
f 411 420 419
f 412 421 420
f 419 420 422
f 420 421 423
f 420 423 422
f 400 425 424
f 401 427 425
f 284 424 429
f 424 430 429
f 424 425 430
f 425 427 435
f 425 435 430
f 405 416 426
f 405 426 428
f 426 433 428
f 404 428 427
f 404 405 428
f 427 428 436
f 286 429 431
f 429 430 432
f 430 435 437
f 429 432 431
f 430 437 432
f 428 433 436
f 433 434 436
f 434 438 436
f 427 436 435
f 435 438 437
f 435 436 438
f 441 486 443
f 423 442 455
f 439 487 441
f 441 487 486
f 439 441 440
f 407 439 440
f 407 442 423
f 407 440 442
f 442 446 455
f 440 441 448
f 440 447 442
f 443 486 489
f 444 489 490
f 443 489 444
f 443 445 448
f 443 444 445
f 446 462 455
f 440 448 447
f 441 443 448
f 442 447 446
f 446 449 462
f 449 463 462
f 447 448 451
f 447 451 450
f 445 451 448
f 446 447 450
f 446 450 449
f 416 417 452
f 416 452 426
f 418 422 454
f 418 454 453
f 417 418 453
f 417 453 452
f 426 452 456
f 453 454 458
f 452 453 457
f 422 423 455
f 422 455 454
f 454 455 462
f 426 456 433
f 452 457 456
f 453 458 457
f 433 456 459
f 456 457 460
f 433 459 434
f 456 460 459
f 457 458 461
f 457 461 460
f 454 462 458
f 458 462 463
f 458 463 461
f 464 467 465
f 465 469 466
f 466 468 471
f 468 469 477
f 468 478 474
f 465 467 469
f 467 476 469
f 466 469 468
f 472 474 473
f 392 470 475
f 470 473 475
f 470 472 473
f 471 474 472
f 473 474 479
f 473 480 475
f 468 474 471
f 469 476 477
f 468 477 478
f 476 481 477
f 477 481 482
f 478 483 479
f 477 482 478
f 478 482 483
f 473 479 480
f 474 478 479
f 479 487 480
f 479 483 487
f 481 484 482
f 482 484 485
f 483 486 487
f 482 485 483
f 483 485 486
f 484 488 485
f 485 489 486
f 485 488 489
f 488 490 489
f 2394 215 187
f 21 541 671
f 26 619 579
f 22 579 635
f 25 611 598
f 24 606 611
f 1 346 606
f 23 598 619
f 27 623 629
f 29 635 623
f 28 629 642
f 30 642 541
f 36 671 677
f 37 677 698
f 38 698 703
f 39 703 734
f 40 734 740
f 41 740 750
f 42 750 756
f 43 756 1078
f 491 513 502
f 492 499 493
f 493 500 497
f 492 495 494
f 493 496 495
f 227 494 495
f 227 495 241
f 241 495 496
f 492 493 495
f 493 497 496
f 496 497 498
f 497 505 498
f 498 505 565
f 505 507 565
f 491 500 499
f 500 502 501
f 493 499 500
f 497 500 501
f 491 502 500
f 501 502 503
f 502 514 503
f 501 503 506
f 504 511 506
f 503 504 506
f 504 529 511
f 508 512 586
f 497 501 505
f 505 506 507
f 501 506 505
f 506 511 507
f 507 511 508
f 509 512 536
f 509 586 512
f 511 529 512
f 508 511 512
f 513 516 514
f 502 513 514
f 514 517 515
f 514 516 517
f 516 520 517
f 515 517 518
f 515 518 528
f 518 519 528
f 520 521 523
f 521 522 523
f 517 520 523
f 517 523 518
f 518 523 524
f 518 524 519
f 519 526 549
f 519 524 526
f 526 527 549
f 522 524 523
f 524 525 526
f 522 525 524
f 525 650 526
f 526 650 527
f 527 650 651
f 527 651 554
f 540 632 558
f 503 514 515
f 503 515 504
f 504 515 528
f 504 528 529
f 528 531 529
f 529 531 536
f 531 532 536
f 530 532 550
f 530 547 538
f 519 531 528
f 519 549 531
f 531 549 532
f 532 549 550
f 509 536 533
f 532 533 536
f 509 533 510
f 510 533 535
f 510 535 638
f 534 638 535
f 512 529 536
f 530 533 532
f 530 535 533
f 530 538 535
f 534 538 537
f 534 537 539
f 534 535 538
f 537 557 539
f 539 557 641
f 557 558 641
f 544 645 646
f 540 558 559
f 540 559 546
f 540 546 646
f 544 646 546
f 543 644 545
f 541 542 672
f 543 676 673
f 542 543 673
f 546 559 692
f 546 692 675
f 544 545 645
f 544 674 545
f 545 674 676
f 543 545 676
f 544 546 675
f 544 675 674
f 547 550 554
f 530 550 547
f 538 547 548
f 547 551 548
f 527 550 549
f 527 554 550
f 547 554 551
f 551 554 652
f 551 683 553
f 548 551 553
f 548 553 555
f 552 555 553
f 537 555 557
f 537 538 548
f 537 548 555
f 555 556 557
f 556 558 557
f 556 559 558
f 552 556 555
f 556 560 559
f 559 560 692
f 552 560 556
f 578 601 595
f 241 496 561
f 496 498 561
f 498 562 561
f 247 561 562
f 562 565 563
f 562 563 570
f 563 566 571
f 564 572 571
f 564 571 566
f 564 588 572
f 498 565 562
f 563 565 566
f 507 566 565
f 563 567 570
f 563 571 567
f 567 571 569
f 268 570 567
f 269 567 569
f 568 569 572
f 247 562 570
f 569 571 572
f 573 587 574
f 572 588 573
f 568 573 617
f 574 618 617
f 568 572 573
f 573 574 617
f 574 595 618
f 575 592 639
f 580 619 620
f 581 621 584
f 581 620 621
f 576 577 578
f 578 595 594
f 584 622 585
f 584 621 622
f 577 585 622
f 576 578 594
f 576 585 577
f 579 637 635
f 581 582 636
f 580 636 637
f 579 619 580
f 580 620 581
f 579 580 637
f 580 581 636
f 581 584 582
f 583 584 585
f 576 594 592
f 575 576 592
f 575 585 576
f 582 584 583
f 575 583 585
f 508 586 564
f 508 564 566
f 586 589 588
f 564 586 588
f 587 590 593
f 587 588 589
f 587 589 590
f 507 508 566
f 509 589 586
f 510 590 589
f 590 638 591
f 591 638 640
f 509 510 589
f 510 638 590
f 590 591 593
f 591 592 594
f 591 640 592
f 574 587 593
f 574 593 595
f 593 594 595
f 573 588 587
f 591 594 593
f 597 610 616
f 597 616 618
f 599 611 612
f 600 612 613
f 598 611 599
f 599 612 600
f 600 613 602
f 597 618 601
f 600 602 622
f 577 602 603
f 578 603 601
f 595 601 618
f 596 603 604
f 602 604 603
f 602 613 604
f 596 597 601
f 596 601 603
f 606 612 611
f 606 607 612
f 607 613 612
f 604 613 605
f 605 613 607
f 346 607 606
f 346 347 607
f 348 608 605
f 347 605 607
f 347 348 605
f 276 616 610
f 597 609 610
f 596 608 609
f 596 604 608
f 604 605 608
f 596 609 597
f 264 609 608
f 264 608 348
f 263 610 609
f 568 615 614
f 269 569 614
f 568 617 615
f 615 617 616
f 616 617 618
f 568 614 569
f 275 614 615
f 276 615 616
f 598 599 620
f 598 620 619
f 600 622 621
f 599 621 620
f 599 600 621
f 577 622 602
f 577 603 578
f 625 636 627
f 628 639 641
f 582 583 626
f 582 626 627
f 575 639 628
f 575 628 583
f 583 628 626
f 626 634 627
f 626 628 632
f 629 630 643
f 630 631 644
f 623 630 629
f 623 624 630
f 624 631 630
f 625 633 631
f 624 625 631
f 626 632 634
f 628 641 632
f 631 633 645
f 633 634 646
f 558 632 641
f 540 634 632
f 625 627 633
f 627 634 633
f 624 635 637
f 625 637 636
f 623 635 624
f 624 637 625
f 582 627 636
f 534 640 638
f 539 639 640
f 539 641 639
f 534 539 640
f 592 640 639
f 629 643 642
f 631 645 644
f 630 644 643
f 542 642 643
f 543 643 644
f 633 646 645
f 540 646 634
f 545 644 645
f 541 642 542
f 542 643 543
f 521 647 522
f 522 647 648
f 522 648 525
f 525 648 649
f 188 648 647
f 188 657 648
f 648 657 649
f 649 658 654
f 649 657 658
f 654 658 659
f 652 656 683
f 525 649 650
f 649 654 650
f 650 654 651
f 651 654 655
f 554 651 652
f 651 655 652
f 653 683 656
f 653 656 667
f 653 664 689
f 654 659 655
f 655 666 656
f 652 655 656
f 188 189 657
f 189 660 657
f 657 660 658
f 658 660 661
f 658 661 659
f 659 662 666
f 191 661 660
f 661 712 662
f 659 661 662
f 662 663 666
f 662 713 663
f 664 667 670
f 653 667 664
f 664 665 689
f 655 659 666
f 656 666 667
f 663 667 666
f 664 670 668
f 668 670 721
f 664 668 665
f 665 668 669
f 665 669 706
f 669 709 706
f 663 670 667
f 663 714 670
f 682 686 690
f 682 690 693
f 672 678 679
f 673 681 678
f 541 672 671
f 542 673 672
f 671 672 679
f 671 679 677
f 672 673 678
f 675 692 686
f 674 675 682
f 673 676 681
f 674 680 676
f 676 680 681
f 675 686 682
f 674 682 680
f 677 679 699
f 677 699 698
f 678 701 700
f 678 700 679
f 679 700 699
f 680 702 681
f 680 682 693
f 681 702 701
f 678 681 701
f 680 693 702
f 551 652 683
f 553 683 684
f 653 684 683
f 552 685 560
f 560 687 692
f 552 553 684
f 552 684 685
f 686 692 687
f 560 685 687
f 653 689 684
f 684 689 685
f 685 689 688
f 685 688 687
f 686 687 691
f 686 691 690
f 687 688 691
f 695 701 702
f 690 708 693
f 693 696 702
f 694 701 695
f 693 708 696
f 695 702 696
f 704 705 736
f 703 735 734
f 704 736 735
f 705 739 736
f 694 739 705
f 694 695 738
f 695 696 697
f 696 708 711
f 694 738 739
f 695 697 738
f 696 711 697
f 699 700 705
f 698 699 704
f 698 704 703
f 699 705 704
f 694 705 700
f 694 700 701
f 703 704 735
f 688 706 691
f 665 688 689
f 665 706 688
f 691 706 707
f 690 691 707
f 690 707 708
f 706 709 707
f 707 710 708
f 707 709 710
f 708 710 711
f 191 712 661
f 191 193 712
f 712 715 713
f 662 712 713
f 663 713 714
f 713 716 714
f 193 715 712
f 713 715 716
f 714 716 717
f 714 717 721
f 717 725 721
f 668 721 718
f 668 718 669
f 669 718 720
f 669 720 709
f 709 720 719
f 670 714 721
f 718 721 725
f 718 722 720
f 718 725 722
f 719 723 746
f 719 720 724
f 723 749 746
f 719 724 723
f 720 722 724
f 715 726 716
f 195 726 715
f 716 726 727
f 716 727 717
f 717 727 728
f 717 728 725
f 725 728 729
f 726 1048 727
f 727 1048 1049
f 727 1049 728
f 728 1050 729
f 728 1049 1050
f 729 1050 1051
f 722 725 729
f 722 730 724
f 722 729 730
f 724 730 733
f 723 731 749
f 723 724 733
f 731 732 749
f 723 733 731
f 729 1051 730
f 730 1056 733
f 730 1051 1056
f 733 1056 1057
f 731 1058 732
f 731 733 1057
f 732 1058 1059
f 731 1057 1058
f 734 735 741
f 735 736 742
f 734 741 740
f 735 742 741
f 736 744 742
f 697 711 747
f 697 747 737
f 738 745 739
f 736 739 744
f 697 737 738
f 739 745 744
f 737 745 738
f 740 741 751
f 741 742 752
f 740 751 750
f 741 752 751
f 742 755 752
f 737 743 745
f 737 747 748
f 743 753 745
f 737 748 743
f 742 744 755
f 744 745 753
f 744 753 755
f 710 746 711
f 709 719 710
f 710 719 746
f 711 746 747
f 746 749 747
f 747 749 748
f 750 751 757
f 751 752 758
f 750 757 756
f 751 758 757
f 752 760 758
f 743 748 761
f 743 754 753
f 753 754 759
f 743 761 754
f 752 755 760
f 753 759 755
f 755 759 760
f 756 757 1079
f 757 758 1080
f 756 1079 1078
f 757 1080 1079
f 758 1087 1080
f 759 1084 760
f 754 761 1095
f 754 1085 759
f 760 1084 1087
f 754 1095 1085
f 759 1085 1084
f 758 760 1087
f 732 748 749
f 732 761 748
f 732 1059 761
f 761 1059 1095
f 961 949 2400
f 2394 217 215
f 2394 223 217
f 2394 225 223
f 2394 947 225
f 2399 949 947
f 961 2420 791
f 856 857 865
f 857 858 866
f 858 859 867
f 859 860 868
f 860 861 869
f 861 862 870
f 862 863 871
f 857 866 865
f 858 867 866
f 859 868 867
f 860 869 868
f 861 870 869
f 862 871 870
f 863 872 871
f 864 873 872
f 863 864 872
f 864 876 873
f 873 876 874
f 874 876 877
f 875 877 878
f 874 877 875
f 875 878 881
f 879 882 881
f 878 879 881
f 879 880 882
f 880 886 883
f 880 883 882
f 883 886 884
f 884 887 885
f 884 886 887
f 885 887 888
f 885 888 891
f 889 892 891
f 888 889 891
f 889 890 892
f 865 866 2462
f 866 867 2462
f 867 868 2462
f 868 869 2462
f 869 870 2462
f 870 871 2462
f 871 872 2462
f 872 873 2462
f 873 874 2462
f 874 875 2462
f 875 881 2462
f 881 882 2462
f 882 883 2462
f 883 884 2462
f 884 885 2462
f 885 891 2462
f 891 892 2462
f 892 893 2462
f 893 894 2462
f 894 895 2462
f 890 893 892
f 893 901 894
f 890 901 893
f 894 901 902
f 894 902 895
f 895 903 896
f 895 902 903
f 896 904 897
f 895 896 2462
f 896 897 2462
f 897 898 2462
f 898 899 2462
f 899 900 2462
f 900 908 2462
f 908 909 2462
f 909 910 2462
f 910 914 2462
f 914 915 2462
f 915 916 2462
f 916 2508 2462
f 856 1081 857
f 857 1089 858
f 858 1097 859
f 859 1103 860
f 860 1142 861
f 861 1145 862
f 862 1156 863
f 863 1162 864
f 864 1193 876
f 876 1248 877
f 877 1253 878
f 878 1259 879
f 879 1265 880
f 880 1273 886
f 886 1307 887
f 887 1311 888
f 888 1320 889
f 889 1323 890
f 890 1485 901
f 896 903 904
f 897 905 898
f 897 904 905
f 898 905 906
f 898 906 899
f 899 907 900
f 899 906 907
f 900 907 911
f 900 911 908
f 908 912 909
f 909 913 910
f 908 911 912
f 909 912 913
f 910 913 917
f 910 917 914
f 914 918 915
f 915 919 916
f 916 2521 2508
f 914 917 918
f 915 918 919
f 916 919 2521
f 901 1488 902
f 902 1495 903
f 903 1498 904
f 904 1525 905
f 905 1528 906
f 906 1538 907
f 907 1589 911
f 911 1592 912
f 912 1601 913
f 913 1606 917
f 917 1609 918
f 918 1613 919
f 919 2939 2521
f 148 961 950
f 961 163 165
f 961 165 199
f 961 199 943
f 961 943 949
f 194 950 920
f 920 950 922
f 922 950 924
f 920 922 921
f 921 923 1048
f 921 922 923
f 922 924 923
f 923 925 1052
f 923 924 925
f 924 926 925
f 925 927 1064
f 925 926 927
f 926 928 927
f 927 928 1113
f 928 929 1113
f 933 941 932
f 937 941 933
f 938 941 937
f 939 941 938
f 945 941 939
f 225 947 945
f 945 947 941
f 924 950 926
f 926 950 928
f 928 950 929
f 929 950 1128
f 950 1178 1128
f 950 1180 1178
f 950 1187 1180
f 950 1190 1187
f 950 1226 1190
f 950 1230 1226
f 950 951 952
f 950 952 953
f 950 953 954
f 950 954 955
f 950 955 956
f 950 956 957
f 950 957 958
f 950 958 959
f 950 959 960
f 950 960 972
f 950 972 973
f 950 973 974
f 950 974 975
f 950 975 976
f 950 976 977
f 950 962 951
f 951 963 952
f 952 964 953
f 953 965 954
f 954 966 955
f 955 967 956
f 956 968 957
f 957 969 958
f 958 970 959
f 959 971 960
f 950 961 962
f 951 962 963
f 952 963 964
f 953 964 965
f 954 965 966
f 955 966 967
f 956 967 968
f 957 968 969
f 958 969 970
f 959 970 971
f 960 971 1009
f 961 963 962
f 961 964 963
f 961 965 964
f 961 966 965
f 961 967 966
f 961 968 967
f 961 969 968
f 961 970 969
f 961 971 970
f 961 1009 971
f 961 1010 1009
f 961 1011 1010
f 961 1012 1011
f 961 1013 1012
f 961 1014 1013
f 950 977 978
f 950 978 979
f 950 979 980
f 950 980 981
f 950 981 982
f 950 982 983
f 950 983 984
f 950 984 985
f 950 985 986
f 950 986 987
f 950 987 988
f 950 988 989
f 950 989 990
f 950 990 991
f 950 991 992
f 950 992 993
f 950 993 994
f 950 994 995
f 950 995 996
f 950 996 997
f 950 997 998
f 950 998 999
f 950 999 1000
f 950 1000 1001
f 960 1009 972
f 972 1010 973
f 973 1011 974
f 974 1012 975
f 975 1013 976
f 976 1014 977
f 977 1015 978
f 978 1016 979
f 979 1017 980
f 980 1018 981
f 981 1019 982
f 982 1020 983
f 983 1021 984
f 984 1022 985
f 985 1023 986
f 986 1024 987
f 987 1025 988
f 988 1026 989
f 989 1027 990
f 990 1028 991
f 991 1029 992
f 992 1030 993
f 950 1001 1002
f 950 1002 1003
f 950 1003 1004
f 950 1004 1005
f 950 1005 1006
f 950 1006 1007
f 950 1007 1008
f 950 1008 1046
f 993 1031 994
f 994 1032 995
f 995 1033 996
f 996 1034 997
f 997 1035 998
f 998 1036 999
f 999 1037 1000
f 1000 1038 1001
f 1001 1039 1002
f 1002 1040 1003
f 1003 1041 1004
f 1004 1042 1005
f 1005 1043 1006
f 1006 1044 1007
f 1007 1045 1008
f 1008 1047 1046
f 972 1009 1010
f 973 1010 1011
f 974 1011 1012
f 975 1012 1013
f 976 1013 1014
f 977 1014 1015
f 978 1015 1016
f 979 1016 1017
f 980 1017 1018
f 981 1018 1019
f 982 1019 1020
f 961 1015 1014
f 961 1016 1015
f 961 1017 1016
f 961 1018 1017
f 961 1019 1018
f 961 1020 1019
f 961 1021 1020
f 961 1022 1021
f 961 1023 1022
f 961 1024 1023
f 961 1025 1024
f 961 1026 1025
f 961 1027 1026
f 961 1028 1027
f 961 1029 1028
f 961 1030 1029
f 961 1031 1030
f 961 1032 1031
f 961 1033 1032
f 961 1034 1033
f 961 1035 1034
f 961 1036 1035
f 961 1037 1036
f 961 1038 1037
f 983 1020 1021
f 984 1021 1022
f 985 1022 1023
f 986 1023 1024
f 987 1024 1025
f 988 1025 1026
f 989 1026 1027
f 990 1027 1028
f 991 1028 1029
f 992 1029 1030
f 961 1039 1038
f 961 1040 1039
f 961 1041 1040
f 961 1042 1041
f 961 1043 1042
f 961 1044 1043
f 961 1045 1044
f 961 1047 1045
f 993 1030 1031
f 994 1031 1032
f 995 1032 1033
f 996 1033 1034
f 997 1034 1035
f 998 1035 1036
f 999 1036 1037
f 1000 1037 1038
f 1001 1038 1039
f 1002 1039 1040
f 1003 1040 1041
f 1004 1041 1042
f 1005 1042 1043
f 1006 1043 1044
f 1007 1044 1045
f 1008 1045 1047
f 950 1242 1230
f 950 1246 1242
f 950 1433 1246
f 950 1437 1433
f 950 1444 1437
f 950 1448 1444
f 950 1469 1448
f 950 1480 1469
f 950 1484 1480
f 950 1553 1484
f 856 1078 1081
f 857 1081 1089
f 858 1089 1097
f 859 1097 1103
f 860 1103 1142
f 861 1142 1145
f 862 1145 1156
f 863 1156 1162
f 864 1162 1193
f 876 1193 1248
f 877 1248 1253
f 878 1253 1259
f 879 1259 1265
f 880 1265 1273
f 886 1273 1307
f 887 1307 1311
f 888 1311 1320
f 889 1320 1323
f 890 1323 1485
f 1048 1052 1049
f 923 1052 1048
f 1049 1052 1053
f 1049 1053 1050
f 1050 1054 1051
f 1050 1053 1054
f 1051 1054 1055
f 1052 1064 1053
f 925 1064 1052
f 1053 1064 1065
f 1054 1066 1055
f 1053 1065 1054
f 1054 1065 1066
f 1055 1066 1073
f 1051 1055 1056
f 1056 1060 1057
f 1055 1060 1056
f 1057 1060 1063
f 1058 1061 1059
f 1057 1063 1058
f 1059 1061 1062
f 1058 1063 1061
f 1055 1073 1060
f 1060 1070 1063
f 1060 1073 1070
f 1063 1070 1072
f 1061 1071 1062
f 1061 1063 1072
f 1062 1071 1110
f 1061 1072 1071
f 1064 1067 1065
f 1065 1068 1066
f 1066 1069 1073
f 927 1067 1064
f 1065 1067 1068
f 927 1113 1067
f 1067 1114 1068
f 1066 1068 1069
f 1068 1116 1069
f 1069 1115 1077
f 1070 1073 1077
f 1070 1074 1072
f 1070 1077 1074
f 1071 1075 1110
f 1071 1072 1076
f 1075 1111 1110
f 1072 1074 1076
f 1071 1076 1075
f 1069 1077 1073
f 1074 1077 1122
f 1074 1122 1120
f 1075 1150 1111
f 1074 1120 1076
f 1076 1120 1121
f 1075 1076 1121
f 1075 1121 1150
f 1078 1079 1082
f 1079 1080 1083
f 1078 1082 1081
f 1079 1083 1082
f 1080 1088 1083
f 1084 1086 1087
f 1085 1095 1096
f 1084 1085 1092
f 1085 1096 1092
f 1084 1092 1086
f 1080 1087 1088
f 1086 1088 1087
f 1081 1082 1090
f 1082 1083 1091
f 1081 1090 1089
f 1082 1091 1090
f 1083 1094 1091
f 1086 1093 1088
f 1092 1096 1109
f 1086 1092 1100
f 1086 1100 1093
f 1092 1109 1100
f 1083 1088 1094
f 1088 1093 1094
f 1059 1062 1095
f 1062 1096 1095
f 1062 1110 1096
f 1096 1110 1109
f 1089 1090 1098
f 1090 1091 1099
f 1089 1098 1097
f 1091 1101 1099
f 1090 1099 1098
f 1093 1100 1106
f 1100 1109 1112
f 1093 1106 1102
f 1100 1112 1106
f 1091 1094 1101
f 1093 1102 1094
f 1094 1102 1101
f 1097 1098 1104
f 1098 1099 1105
f 1097 1104 1103
f 1098 1105 1104
f 1099 1108 1105
f 1106 1112 1152
f 1106 1152 1137
f 1099 1101 1108
f 1101 1102 1107
f 1102 1106 1137
f 1101 1107 1108
f 1102 1137 1107
f 1109 1110 1111
f 1109 1111 1112
f 1111 1151 1112
f 1111 1150 1151
f 1112 1151 1152
f 1067 1113 1114
f 1068 1114 1116
f 1069 1116 1115
f 1115 1116 1119
f 1113 1117 1114
f 1114 1117 1118
f 929 1117 1113
f 1114 1118 1116
f 1116 1118 1119
f 1115 1119 1126
f 1120 1122 1125
f 1120 1123 1121
f 1121 1124 1150
f 1121 1123 1124
f 1077 1115 1122
f 1115 1126 1122
f 1120 1125 1123
f 1123 1125 1133
f 1123 1130 1124
f 1122 1126 1125
f 1125 1126 1132
f 929 1128 1117
f 1117 1129 1118
f 1117 1128 1129
f 1118 1127 1119
f 1119 1127 1131
f 1118 1129 1127
f 1128 1178 1129
f 1127 1129 1179
f 1127 1181 1131
f 1129 1178 1179
f 1127 1179 1181
f 1123 1133 1130
f 1124 1130 1169
f 1130 1133 1136
f 1119 1131 1126
f 1126 1131 1132
f 1125 1132 1133
f 1132 1135 1133
f 1130 1136 1172
f 1131 1134 1132
f 1132 1134 1135
f 1131 1181 1134
f 1133 1135 1136
f 1103 1104 1143
f 1104 1105 1144
f 1104 1144 1143
f 1105 1138 1144
f 1137 1152 1155
f 1105 1108 1138
f 1107 1139 1108
f 1107 1137 1140
f 1108 1139 1138
f 1107 1140 1139
f 1137 1155 1140
f 1138 1139 1149
f 1140 1155 1170
f 1139 1140 1141
f 1139 1141 1149
f 1140 1170 1141
f 1103 1143 1142
f 1142 1143 1146
f 1142 1146 1145
f 1143 1144 1147
f 1143 1147 1146
f 1144 1148 1147
f 1138 1148 1144
f 1138 1149 1148
f 1150 1153 1151
f 1151 1154 1152
f 1151 1153 1154
f 1152 1154 1155
f 1124 1153 1150
f 1154 1171 1155
f 1153 1168 1154
f 1154 1168 1171
f 1124 1169 1153
f 1153 1169 1168
f 1155 1171 1170
f 1141 1161 1149
f 1141 1170 1175
f 1141 1175 1161
f 1145 1146 1157
f 1145 1157 1156
f 1146 1147 1158
f 1146 1158 1157
f 1147 1160 1158
f 1147 1148 1160
f 1148 1149 1159
f 1148 1159 1160
f 1149 1161 1159
f 1157 1158 1164
f 1156 1157 1163
f 1156 1163 1162
f 1157 1164 1163
f 1158 1167 1164
f 1162 1163 1194
f 1163 1164 1195
f 1158 1160 1167
f 1159 1165 1160
f 1160 1165 1167
f 1159 1161 1166
f 1161 1175 1177
f 1161 1177 1166
f 1159 1166 1165
f 1168 1174 1171
f 1130 1172 1169
f 1168 1169 1173
f 1168 1173 1174
f 1170 1171 1176
f 1171 1174 1176
f 1170 1176 1175
f 1169 1172 1173
f 1136 1203 1172
f 1172 1200 1173
f 1175 1176 1208
f 1174 1201 1176
f 1176 1201 1208
f 1173 1202 1174
f 1174 1202 1201
f 1175 1208 1177
f 961 823 815
f 961 819 820
f 961 821 769
f 961 820 821
f 961 818 819
f 961 817 818
f 961 815 816
f 961 816 817
f 961 791 822
f 961 822 823
f 961 770 771
f 961 771 772
f 961 769 770
f 961 772 773
f 961 773 774
f 961 775 1342
f 961 774 775
f 961 1342 1343
f 961 1343 1344
f 961 1344 1345
f 961 1345 1346
f 961 1346 1347
f 961 1347 1348
f 961 1348 1349
f 961 1349 1359
f 961 1359 1360
f 961 1360 1361
f 961 1361 1362
f 961 1362 1363
f 961 1363 1364
f 961 1364 1365
f 961 1365 1366
f 961 1366 1367
f 961 1367 1383
f 961 1396 2019
f 961 2019 2020
f 961 2020 2021
f 961 2021 2022
f 961 2022 2023
f 961 2024 2546
f 961 2023 2024
f 961 2546 2547
f 961 2547 2548
f 961 2548 2549
f 961 2549 2550
f 961 2550 2551
f 961 2551 2552
f 961 2552 2553
f 961 2553 2554
f 961 2554 2555
f 961 2555 2556
f 961 2556 2557
f 961 2557 2558
f 961 2558 2559
f 961 2559 2560
f 961 2560 2561
f 961 2561 2562
f 961 2562 2568
f 1178 1180 1179
f 1179 1184 1181
f 1179 1180 1184
f 1180 1187 1184
f 1134 1181 1185
f 1134 1182 1135
f 1181 1184 1185
f 1134 1185 1182
f 1135 1182 1183
f 1135 1183 1136
f 1136 1183 1203
f 1184 1186 1185
f 1185 1186 1188
f 1182 1185 1188
f 1182 1189 1183
f 1182 1188 1189
f 1183 1189 1206
f 1184 1187 1186
f 1186 1187 1190
f 1188 1192 1189
f 1186 1191 1188
f 1188 1191 1192
f 1186 1190 1191
f 1190 1226 1191
f 1191 1228 1192
f 1162 1194 1193
f 1163 1195 1194
f 1164 1197 1195
f 1165 1166 1198
f 1166 1177 1209
f 1166 1209 1198
f 1164 1167 1197
f 1165 1196 1167
f 1167 1196 1197
f 1165 1198 1196
f 1195 1197 1251
f 1196 1252 1197
f 1197 1252 1251
f 1196 1198 1199
f 1198 1209 1213
f 1196 1199 1252
f 1198 1213 1199
f 1172 1203 1200
f 1173 1200 1202
f 1200 1203 1207
f 1201 1210 1208
f 1200 1204 1202
f 1201 1202 1205
f 1201 1205 1210
f 1200 1207 1204
f 1202 1204 1205
f 1204 1207 1216
f 1204 1214 1205
f 1183 1206 1203
f 1203 1206 1207
f 1177 1208 1211
f 1208 1210 1211
f 1177 1211 1209
f 1209 1211 1212
f 1210 1219 1211
f 1211 1219 1212
f 1205 1220 1210
f 1210 1220 1219
f 1205 1214 1220
f 1209 1212 1213
f 1199 1213 1268
f 1204 1216 1214
f 1214 1216 1225
f 1189 1217 1206
f 1206 1215 1207
f 1189 1192 1217
f 1206 1217 1215
f 1207 1215 1216
f 1215 1217 1229
f 1192 1227 1217
f 1217 1227 1229
f 1215 1218 1216
f 1216 1218 1225
f 1215 1229 1218
f 1214 1222 1220
f 1219 1220 1224
f 1220 1222 1224
f 1212 1219 1223
f 1212 1221 1213
f 1213 1221 1268
f 1212 1223 1221
f 1219 1224 1223
f 1214 1225 1222
f 1222 1225 1236
f 1221 1223 1269
f 1223 1224 1234
f 1222 1233 1224
f 1224 1233 1234
f 1223 1234 1269
f 1191 1226 1228
f 1192 1228 1227
f 1227 1228 1232
f 1218 1229 1237
f 1227 1231 1229
f 1229 1231 1237
f 1226 1230 1228
f 1228 1230 1232
f 1227 1232 1231
f 1231 1232 1241
f 1231 1241 1243
f 1222 1236 1233
f 1233 1236 1239
f 1233 1287 1234
f 1233 1239 1287
f 1218 1235 1225
f 1225 1235 1236
f 1218 1237 1235
f 1235 1240 1236
f 1231 1243 1237
f 1235 1237 1238
f 1235 1238 1240
f 1237 1243 1238
f 1236 1240 1239
f 1239 1240 1295
f 1230 1242 1232
f 1232 1242 1241
f 1241 1242 1246
f 1238 1243 1247
f 1241 1245 1243
f 1243 1245 1247
f 1238 1244 1240
f 1240 1244 1295
f 1238 1247 1244
f 1241 1246 1245
f 1245 1246 1433
f 1244 1247 1434
f 1245 1432 1247
f 1247 1432 1434
f 1193 1194 1249
f 1194 1195 1250
f 1193 1249 1248
f 1194 1250 1249
f 1195 1251 1250
f 1248 1249 1254
f 1249 1250 1255
f 1251 1252 1257
f 1250 1251 1256
f 1199 1258 1252
f 1248 1254 1253
f 1249 1255 1254
f 1250 1256 1255
f 1253 1254 1260
f 1253 1260 1259
f 1254 1255 1261
f 1255 1263 1261
f 1254 1261 1260
f 1251 1257 1256
f 1252 1258 1257
f 1199 1268 1258
f 1257 1258 1264
f 1258 1268 1270
f 1255 1256 1263
f 1256 1257 1262
f 1256 1262 1263
f 1258 1270 1264
f 1261 1263 1276
f 1257 1264 1262
f 1262 1277 1263
f 1264 1270 1284
f 1262 1264 1272
f 1262 1272 1277
f 1259 1260 1267
f 1260 1261 1266
f 1259 1267 1265
f 1260 1266 1267
f 1261 1276 1266
f 1263 1277 1276
f 1221 1271 1268
f 1221 1269 1271
f 1268 1271 1270
f 1270 1271 1285
f 1264 1284 1272
f 1265 1267 1274
f 1266 1275 1267
f 1266 1278 1275
f 1265 1274 1273
f 1267 1275 1274
f 1273 1274 1308
f 1274 1275 1309
f 1266 1276 1278
f 1276 1277 1279
f 1272 1280 1277
f 1276 1279 1278
f 1272 1284 1291
f 1272 1291 1280
f 1277 1280 1279
f 1273 1308 1307
f 1274 1309 1308
f 1275 1310 1309
f 1280 1291 1292
f 1278 1279 1281
f 1275 1278 1310
f 1278 1281 1310
f 1279 1280 1282
f 1279 1282 1281
f 1280 1292 1282
f 1269 1286 1271
f 1234 1283 1269
f 1234 1287 1283
f 1269 1283 1286
f 1270 1285 1284
f 1271 1286 1285
f 1285 1286 1288
f 1284 1285 1290
f 1283 1287 1293
f 1239 1294 1287
f 1287 1294 1293
f 1285 1288 1290
f 1283 1289 1286
f 1286 1289 1288
f 1283 1293 1289
f 1284 1290 1291
f 1288 1299 1290
f 1290 1302 1291
f 1290 1299 1302
f 1288 1289 1301
f 1291 1302 1292
f 1282 1292 1329
f 1293 1294 1298
f 1289 1293 1300
f 1293 1298 1300
f 1239 1295 1294
f 1294 1295 1297
f 1294 1297 1298
f 1244 1296 1295
f 1295 1296 1297
f 1244 1434 1296
f 1296 1435 1297
f 1297 1439 1298
f 1288 1301 1299
f 1289 1300 1301
f 1299 1301 1304
f 1292 1302 1330
f 1299 1303 1302
f 1292 1330 1329
f 1302 1303 1330
f 1299 1304 1303
f 1298 1306 1300
f 1300 1305 1301
f 1300 1306 1305
f 1301 1305 1304
f 1303 1304 1453
f 1304 1305 1452
f 1298 1439 1306
f 1307 1308 1312
f 1307 1312 1311
f 1308 1309 1313
f 1308 1313 1312
f 1309 1314 1313
f 1309 1310 1314
f 1281 1315 1310
f 1311 1312 1321
f 1312 1313 1322
f 1311 1321 1320
f 1312 1322 1321
f 1313 1317 1322
f 1310 1315 1314
f 1281 1282 1316
f 1281 1316 1315
f 1282 1329 1316
f 1315 1316 1319
f 1316 1329 1332
f 1313 1314 1317
f 1314 1315 1318
f 1314 1318 1317
f 1315 1319 1318
f 1316 1332 1319
f 1318 1319 1328
f 1319 1332 1459
f 1320 1321 1324
f 1320 1324 1323
f 1321 1322 1325
f 1321 1325 1324
f 1322 1326 1325
f 1323 1324 1486
f 1323 1486 1485
f 1324 1325 1487
f 1324 1487 1486
f 1325 1449 1487
f 1317 1326 1322
f 1317 1318 1327
f 1317 1327 1326
f 1318 1328 1327
f 1319 1459 1328
f 1325 1326 1449
f 1326 1327 1450
f 1303 1331 1330
f 1329 1330 1333
f 1329 1333 1332
f 1330 1331 1333
f 1303 1453 1331
f 1304 1452 1453
f 1332 1333 1460
f 1332 1460 1459
f 961 1383 1384
f 961 1384 1385
f 961 1385 1386
f 961 1386 1387
f 961 1387 1388
f 961 1388 1389
f 961 1389 1390
f 961 1390 1391
f 961 1391 1392
f 961 1392 1393
f 961 1393 1394
f 961 1394 1395
f 961 1395 1396
f 961 2568 2569
f 961 2569 2570
f 961 2570 2571
f 961 2571 2572
f 1425 2019 1424
f 1429 2019 1431
f 1423 2019 1428
f 1431 2019 1423
f 1428 2019 1427
f 1427 2019 1426
f 1426 2019 1425
f 1397 2019 1396
f 1424 2019 1397
f 961 2572 2617
f 961 2617 2618
f 961 2618 2619
f 961 2619 2620
f 961 2620 2621
f 961 2621 2622
f 961 2622 2624
f 961 2624 2623
f 901 1485 1488
f 902 1488 1495
f 903 1495 1498
f 904 1498 1525
f 905 1525 1528
f 906 1528 1538
f 907 1538 1589
f 911 1589 1592
f 912 1592 1601
f 913 1601 1606
f 917 1606 1609
f 918 1609 1613
f 919 1613 2939
f 1245 1433 1432
f 950 1561 1553
f 950 1564 1561
f 950 1584 1564
f 950 1588 1584
f 950 1672 1588
f 950 1673 1672
f 950 1675 1673
f 950 1677 1675
f 1296 1434 1436
f 1432 1438 1434
f 1432 1433 1437
f 1434 1438 1436
f 1296 1436 1435
f 1297 1435 1439
f 1432 1437 1438
f 1436 1438 1445
f 1437 1444 1438
f 1438 1444 1445
f 1305 1306 1440
f 1305 1440 1452
f 1306 1439 1442
f 1435 1443 1439
f 1439 1443 1442
f 1306 1442 1440
f 1435 1436 1441
f 1435 1441 1443
f 1436 1445 1441
f 1440 1442 1458
f 1442 1443 1466
f 1441 1446 1443
f 1443 1446 1466
f 1441 1445 1447
f 1444 1448 1445
f 1445 1448 1447
f 1441 1447 1446
f 1446 1447 1470
f 1447 1448 1469
f 1328 1459 1461
f 1326 1450 1449
f 1327 1328 1451
f 1327 1451 1450
f 1328 1461 1451
f 1451 1461 1505
f 1331 1453 1455
f 1440 1457 1452
f 1452 1456 1453
f 1452 1457 1456
f 1331 1454 1333
f 1333 1454 1460
f 1331 1455 1454
f 1453 1456 1455
f 1455 1456 1465
f 1456 1457 1474
f 1456 1474 1465
f 1440 1458 1457
f 1442 1466 1458
f 1457 1458 1467
f 1457 1467 1474
f 1459 1460 1462
f 1454 1463 1460
f 1460 1463 1462
f 1454 1455 1464
f 1459 1462 1461
f 1455 1465 1464
f 1454 1464 1463
f 1464 1465 1473
f 1462 1463 1507
f 1461 1462 1506
f 1462 1507 1506
f 1463 1464 1472
f 1464 1473 1472
f 1463 1472 1507
f 1458 1466 1468
f 1446 1471 1466
f 1466 1471 1468
f 1458 1468 1467
f 1467 1468 1477
f 1447 1469 1470
f 1446 1470 1471
f 1468 1471 1478
f 1470 1479 1471
f 1471 1479 1478
f 1465 1474 1475
f 1465 1475 1473
f 1473 1475 1514
f 1467 1476 1474
f 1467 1477 1476
f 1474 1476 1475
f 1468 1478 1477
f 1477 1478 1482
f 1475 1476 1515
f 1476 1477 1481
f 1476 1481 1515
f 1469 1480 1470
f 1470 1480 1479
f 1478 1479 1483
f 1479 1480 1484
f 1479 1484 1483
f 1477 1482 1481
f 1478 1483 1482
f 1482 1483 1552
f 1483 1484 1553
f 950 1046 3210
f 961 3248 1047
f 1485 1486 1489
f 1485 1489 1488
f 1486 1487 1490
f 1486 1490 1489
f 1487 1492 1490
f 1488 1489 1496
f 1488 1496 1495
f 1489 1490 1497
f 1449 1492 1487
f 1449 1450 1491
f 1449 1491 1492
f 1450 1451 1493
f 1451 1505 1493
f 1450 1493 1491
f 1490 1492 1501
f 1489 1497 1496
f 1490 1501 1497
f 1491 1502 1492
f 1492 1502 1501
f 1491 1493 1494
f 1493 1505 1508
f 1491 1494 1502
f 1493 1508 1494
f 1495 1496 1499
f 1496 1497 1500
f 1497 1503 1500
f 1495 1499 1498
f 1498 1499 1526
f 1496 1500 1499
f 1499 1500 1527
f 1497 1501 1503
f 1501 1502 1504
f 1501 1504 1503
f 1494 1509 1502
f 1494 1508 1517
f 1502 1509 1504
f 1500 1503 1531
f 1461 1506 1505
f 1505 1506 1512
f 1506 1507 1511
f 1505 1512 1508
f 1506 1511 1512
f 1494 1517 1509
f 1503 1504 1532
f 1509 1517 1543
f 1504 1509 1533
f 1504 1533 1532
f 1509 1543 1533
f 1472 1513 1507
f 1472 1473 1510
f 1507 1513 1511
f 1473 1514 1510
f 1472 1510 1513
f 1511 1519 1512
f 1511 1513 1520
f 1510 1521 1513
f 1510 1514 1516
f 1513 1521 1520
f 1510 1516 1521
f 1475 1515 1514
f 1514 1515 1550
f 1514 1550 1516
f 1508 1512 1518
f 1508 1518 1517
f 1512 1519 1518
f 1511 1520 1519
f 1517 1518 1522
f 1518 1519 1523
f 1517 1522 1543
f 1519 1520 1524
f 1516 1557 1521
f 1520 1521 1555
f 1521 1557 1555
f 1518 1523 1522
f 1519 1524 1523
f 1520 1555 1524
f 1498 1526 1525
f 1499 1527 1526
f 1525 1526 1529
f 1500 1531 1527
f 1526 1527 1530
f 1525 1529 1528
f 1526 1530 1529
f 1527 1534 1530
f 1503 1532 1531
f 1527 1531 1534
f 1531 1532 1535
f 1532 1533 1536
f 1533 1543 1544
f 1531 1535 1534
f 1532 1536 1535
f 1533 1544 1536
f 1535 1536 1542
f 1536 1544 1547
f 1528 1529 1539
f 1528 1539 1538
f 1529 1530 1537
f 1529 1537 1539
f 1530 1540 1537
f 1538 1539 1590
f 1537 1591 1539
f 1530 1534 1540
f 1534 1535 1541
f 1534 1541 1540
f 1538 1590 1589
f 1539 1591 1590
f 1537 1595 1591
f 1535 1542 1541
f 1536 1547 1542
f 1537 1540 1595
f 1540 1541 1596
f 1540 1596 1595
f 1541 1542 1597
f 1541 1597 1596
f 1542 1547 1549
f 1542 1549 1597
f 1522 1545 1543
f 1522 1523 1546
f 1543 1545 1544
f 1522 1546 1545
f 1523 1524 1565
f 1523 1565 1546
f 1544 1545 1548
f 1545 1546 1572
f 1544 1548 1547
f 1545 1572 1548
f 1547 1548 1575
f 1547 1575 1549
f 1481 1551 1515
f 1481 1482 1554
f 1482 1552 1554
f 1481 1554 1551
f 1515 1551 1550
f 1550 1551 1558
f 1483 1553 1552
f 1552 1553 1561
f 1552 1560 1554
f 1551 1554 1559
f 1554 1560 1559
f 1552 1561 1560
f 1524 1555 1566
f 1555 1557 1567
f 1516 1550 1556
f 1516 1556 1557
f 1550 1558 1556
f 1556 1568 1557
f 1557 1568 1567
f 1551 1559 1558
f 1558 1559 1562
f 1556 1558 1569
f 1556 1569 1568
f 1558 1562 1569
f 1560 1561 1564
f 1559 1560 1563
f 1559 1563 1562
f 1560 1564 1563
f 1563 1564 1584
f 1524 1566 1565
f 1555 1567 1566
f 1546 1565 1573
f 1565 1566 1574
f 1546 1573 1572
f 1565 1574 1573
f 1566 1567 1570
f 1566 1570 1574
f 1567 1568 1571
f 1568 1569 1581
f 1567 1571 1570
f 1568 1581 1571
f 1548 1572 1576
f 1572 1573 1577
f 1573 1574 1578
f 1548 1576 1575
f 1572 1577 1576
f 1573 1578 1577
f 1570 1579 1574
f 1574 1579 1578
f 1577 1578 1621
f 1578 1579 1622
f 1570 1571 1580
f 1570 1580 1579
f 1571 1585 1580
f 1579 1580 1633
f 1562 1582 1569
f 1562 1563 1583
f 1569 1582 1581
f 1562 1583 1582
f 1563 1584 1583
f 1581 1582 1586
f 1582 1583 1587
f 1583 1584 1588
f 1571 1581 1585
f 1581 1586 1585
f 1582 1587 1586
f 1580 1585 1634
f 1585 1586 1636
f 1585 1636 1634
f 1583 1588 1587
f 1587 1588 1672
f 1586 1587 1637
f 1586 1637 1636
f 1587 1672 1637
f 1589 1590 1594
f 1590 1591 1593
f 1589 1594 1592
f 1592 1594 1602
f 1590 1593 1594
f 1591 1598 1593
f 1593 1603 1594
f 1591 1595 1598
f 1595 1596 1599
f 1596 1597 1600
f 1549 1617 1597
f 1596 1600 1599
f 1597 1617 1600
f 1595 1599 1598
f 1593 1598 1604
f 1598 1599 1605
f 1599 1600 1615
f 1592 1602 1601
f 1594 1603 1602
f 1593 1604 1603
f 1601 1602 1607
f 1601 1607 1606
f 1602 1603 1608
f 1602 1608 1607
f 1603 1612 1608
f 1598 1605 1604
f 1599 1615 1605
f 1603 1604 1612
f 1604 1605 1646
f 1604 1646 1612
f 1606 1607 1610
f 1606 1610 1609
f 1607 1611 1610
f 1607 1608 1611
f 1608 1647 1611
f 1609 1610 1614
f 1610 1611 1650
f 1608 1612 1647
f 1609 1614 1613
f 1610 1650 1614
f 1613 1614 2940
f 1613 2940 2939
f 1600 1617 1623
f 1600 1623 1615
f 1605 1615 1616
f 1615 1623 1626
f 1605 1616 1646
f 1615 1626 1616
f 1549 1575 1618
f 1575 1576 1619
f 1549 1618 1617
f 1575 1619 1618
f 1576 1577 1620
f 1576 1620 1619
f 1617 1618 1625
f 1618 1619 1624
f 1577 1621 1620
f 1578 1622 1621
f 1619 1620 1628
f 1620 1621 1629
f 1619 1628 1624
f 1620 1629 1628
f 1621 1622 1640
f 1621 1640 1629
f 1579 1633 1622
f 1617 1625 1623
f 1618 1624 1625
f 1623 1625 1627
f 1624 1630 1625
f 1623 1627 1626
f 1625 1630 1627
f 1624 1628 1631
f 1628 1629 1632
f 1624 1631 1630
f 1628 1632 1631
f 1629 1642 1632
f 1580 1634 1633
f 1633 1634 1635
f 1622 1633 1641
f 1622 1641 1640
f 1633 1635 1641
f 1634 1636 1638
f 1636 1637 1639
f 1637 1672 1673
f 1634 1638 1635
f 1636 1639 1638
f 1637 1673 1639
f 1629 1640 1642
f 1640 1641 1643
f 1635 1644 1641
f 1641 1644 1643
f 1640 1643 1642
f 1635 1638 1645
f 1635 1645 1644
f 1638 1639 1674
f 1638 1674 1645
f 1643 1644 1665
f 1644 1645 1666
f 1645 1674 1676
f 1612 1646 1648
f 1612 1648 1647
f 1616 1649 1646
f 1646 1649 1648
f 1616 1626 1654
f 1616 1654 1649
f 1611 1647 1651
f 1647 1648 1652
f 1648 1649 1653
f 1649 1654 1658
f 1611 1651 1650
f 1614 1650 2941
f 1614 2941 2940
f 1650 2943 2941
f 1647 1652 1651
f 1648 1653 1652
f 1649 1658 1653
f 1650 1651 2943
f 1651 1652 2944
f 1651 2944 2943
f 1652 1653 2945
f 1652 2945 2944
f 1653 1658 2953
f 1653 2953 2945
f 1626 1627 1655
f 1626 1655 1654
f 1654 1655 1659
f 1627 1630 1656
f 1627 1656 1655
f 1630 1631 1657
f 1630 1657 1656
f 1631 1632 1662
f 1631 1662 1657
f 1655 1656 1660
f 1656 1657 1661
f 1657 1662 1667
f 1654 1659 1658
f 1658 1659 2955
f 1658 2955 2953
f 1655 1660 1659
f 1656 1661 1660
f 1657 1667 1661
f 1659 1660 2956
f 1659 2956 2955
f 1660 1661 2957
f 1661 1667 2965
f 1660 2957 2956
f 1661 2965 2957
f 1632 1642 1664
f 1632 1664 1662
f 1662 1664 1669
f 1642 1643 1663
f 1643 1665 1663
f 1642 1663 1664
f 1663 1668 1664
f 1644 1666 1665
f 1645 1676 1666
f 1663 1665 1670
f 1663 1670 1668
f 1665 1666 1671
f 1665 1671 1670
f 1666 1678 1671
f 1662 1669 1667
f 1667 1669 2967
f 1667 2967 2965
f 1664 1668 1669
f 1668 2968 1669
f 1669 2968 2967
f 1668 1670 2971
f 1670 1671 2972
f 1668 2971 2968
f 1670 2972 2971
f 1639 1673 1675
f 1639 1675 1674
f 1674 1675 1677
f 1674 1677 1676
f 950 3240 1677
f 1666 1676 1678
f 1676 1679 1678
f 1676 1677 1679
f 1671 1678 3115
f 1678 1679 3116
f 1671 3115 2972
f 1678 3116 3115
f 1046 1047 3248
f 17 1684 1680
f 1680 1685 1681
f 1681 1686 1682
f 17 1683 1684
f 1680 1684 1685
f 1681 1685 1686
f 1682 1686 1690
f 1682 1690 1687
f 1687 1691 1688
f 1688 1692 1689
f 1687 1690 1691
f 1688 1691 1692
f 1689 1692 1700
f 1689 1700 1693
f 1693 1701 1694
f 1693 1700 1701
f 1694 1701 1702
f 1694 1702 1695
f 1695 1702 1703
f 1695 1703 1696
f 1696 1704 1697
f 17 1680 490
f 1680 1681 1808
f 1681 1682 1810
f 1682 1687 1813
f 1687 1688 1817
f 1688 1689 1822
f 1689 1693 1825
f 1693 1694 1876
f 1694 1695 1881
f 1695 1696 1883
f 1696 1697 1914
f 1697 1698 1917
f 1698 1699 1926
f 1683 2462 1684
f 1684 2462 1685
f 1685 2462 1686
f 1686 2462 1690
f 1690 2462 1691
f 1691 2462 1692
f 1692 2462 1700
f 1700 2462 1701
f 1701 2462 1702
f 1702 2462 1703
f 1703 2462 1704
f 1704 2462 1705
f 1696 1703 1704
f 1697 1704 1705
f 1697 1705 1698
f 1698 1705 1706
f 1698 1706 1699
f 1699 1706 1707
f 1699 1707 1710
f 1707 1708 1710
f 1705 2462 1706
f 1706 2462 1707
f 1707 2462 1708
f 1708 2462 1709
f 1709 2462 1715
f 1715 2462 1716
f 1716 2462 1717
f 1717 2462 1718
f 1718 2462 1719
f 1719 2462 1725
f 1725 2462 1726
f 1726 2462 1727
f 1727 2462 1728
f 1728 2462 1729
f 1729 2462 1730
f 1730 2462 1731
f 1731 2462 1732
f 1732 2462 1733
f 1733 2462 1734
f 1734 2462 2473
f 1708 1711 1710
f 1708 1709 1711
f 1709 1712 1711
f 1709 1715 1712
f 1712 1715 1713
f 1713 1716 1714
f 1713 1715 1716
f 1714 1716 1717
f 1717 1718 1720
f 1714 1717 1720
f 1718 1721 1720
f 1719 1722 1721
f 1718 1719 1721
f 1719 1725 1722
f 1723 1725 1726
f 1722 1725 1723
f 1723 1726 1724
f 1724 1726 1727
f 1724 1727 1735
f 1727 1728 1735
f 1728 1736 1735
f 1728 1729 1736
f 1729 1730 1737
f 1730 1731 1738
f 1731 1732 1739
f 1732 1733 1740
f 1733 1734 1741
f 1734 2473 1742
f 1729 1737 1736
f 1730 1738 1737
f 1731 1739 1738
f 1732 1740 1739
f 1733 1741 1740
f 1734 1742 1741
f 1742 2473 2484
f 1699 1710 1929
f 1710 1711 2086
f 1711 1712 2091
f 1712 1713 2096
f 1713 1714 2108
f 1714 1720 2129
f 1720 1721 2147
f 1721 1722 2150
f 1722 1723 2156
f 1723 1724 2166
f 1724 1735 2206
f 1735 1736 2241
f 1736 1737 2247
f 1737 1738 2263
f 1738 1739 2268
f 1739 1740 2306
f 1740 1741 2312
f 1741 1742 2322
f 1742 2484 2328
f 490 1680 1808
f 1681 1810 1808
f 1682 1813 1810
f 1687 1817 1813
f 1688 1822 1817
f 1689 1825 1822
f 1693 1876 1825
f 1694 1881 1876
f 1695 1883 1881
f 1696 1914 1883
f 1697 1917 1914
f 1698 1926 1917
f 1699 1929 1926
f 160 1749 2356
f 287 288 1744
f 288 431 1751
f 287 1744 1743
f 288 1751 1744
f 1743 1746 1745
f 1743 1744 1746
f 1744 1756 1746
f 1745 1746 1748
f 1745 1748 1747
f 1747 1748 1783
f 1747 1783 1749
f 431 432 1752
f 432 437 1755
f 431 1752 1751
f 432 1755 1752
f 434 1753 438
f 438 1753 1754
f 1753 1758 1754
f 437 438 1754
f 437 1754 1755
f 1754 1759 1755
f 1744 1751 1756
f 1751 1752 1757
f 1751 1757 1756
f 1752 1755 1760
f 1752 1760 1757
f 1746 1756 1777
f 1756 1757 1778
f 1754 1758 1759
f 1758 1792 1759
f 1759 1792 1780
f 1755 1759 1760
f 1759 1780 1760
f 1757 1760 1779
f 1760 1780 1779
f 444 1809 445
f 445 1761 451
f 445 1809 1761
f 1761 1812 1764
f 449 1762 463
f 463 1762 1772
f 450 451 1764
f 450 1764 1763
f 451 1761 1764
f 449 450 1763
f 449 1763 1762
f 1762 1767 1772
f 1763 1764 1766
f 1762 1763 1765
f 1767 1776 1772
f 1764 1812 1766
f 1763 1766 1765
f 1762 1765 1767
f 1767 1790 1776
f 1776 1790 1798
f 1765 1766 1816
f 1765 1816 1768
f 1765 1768 1767
f 1767 1768 1790
f 434 459 1769
f 459 460 1770
f 434 1769 1753
f 459 1770 1769
f 460 461 1771
f 460 1771 1770
f 1753 1769 1773
f 1770 1771 1775
f 1769 1770 1774
f 461 463 1772
f 461 1772 1771
f 1771 1772 1776
f 1753 1773 1758
f 1769 1774 1773
f 1770 1775 1774
f 1758 1773 1793
f 1758 1793 1792
f 1774 1775 1797
f 1774 1797 1794
f 1773 1774 1794
f 1773 1794 1793
f 1771 1776 1775
f 1775 1776 1798
f 1775 1798 1797
f 1746 1777 1748
f 1756 1778 1777
f 1757 1779 1778
f 1748 1777 1784
f 1748 1784 1783
f 1777 1778 1787
f 1777 1787 1784
f 1780 1795 1782
f 1779 1780 1782
f 1778 1779 1781
f 1778 1781 1787
f 1779 1782 1781
f 1749 1783 1785
f 1783 1784 1786
f 1784 1787 1788
f 1749 1785 1750
f 1783 1786 1785
f 1784 1788 1786
f 1781 1789 1787
f 1781 1782 1804
f 1781 1804 1789
f 1787 1789 1788
f 1788 1789 1843
f 1790 1791 1798
f 1768 1821 1790
f 1791 1801 1798
f 1790 1821 1791
f 1791 1830 1801
f 1801 1830 1807
f 1780 1792 1795
f 1792 1793 1796
f 1793 1794 1800
f 1792 1796 1795
f 1793 1800 1796
f 1794 1797 1799
f 1797 1798 1801
f 1794 1799 1800
f 1797 1801 1799
f 1799 1806 1800
f 1799 1801 1807
f 1782 1795 1802
f 1782 1802 1804
f 1795 1796 1803
f 1796 1800 1805
f 1795 1803 1802
f 1796 1805 1803
f 1802 1842 1804
f 1802 1803 1845
f 1789 1804 1844
f 1800 1806 1805
f 1799 1807 1806
f 1803 1805 1846
f 1803 1846 1845
f 1805 1806 1847
f 1806 1807 1891
f 1805 1847 1846
f 1806 1891 1847
f 444 490 1808
f 444 1808 1809
f 1808 1810 1809
f 1761 1809 1811
f 1809 1810 1811
f 1761 1811 1812
f 1810 1813 1811
f 1811 1813 1814
f 1811 1814 1812
f 1766 1812 1815
f 1812 1814 1815
f 1766 1815 1816
f 1813 1817 1814
f 1814 1817 1818
f 1814 1818 1815
f 1815 1819 1816
f 1815 1818 1819
f 1817 1822 1818
f 1818 1823 1819
f 1819 1824 1820
f 1768 1816 1820
f 1816 1819 1820
f 1768 1820 1821
f 1820 1829 1821
f 1791 1821 1828
f 1819 1823 1824
f 1818 1822 1823
f 1822 1825 1823
f 1823 1826 1824
f 1824 1827 1829
f 1823 1825 1826
f 1824 1826 1827
f 1821 1829 1828
f 1820 1824 1829
f 1828 1829 1832
f 1791 1828 1830
f 1828 1832 1833
f 1807 1830 1831
f 1828 1833 1830
f 1807 1831 1891
f 1830 1833 1831
f 1827 1832 1829
f 1750 1785 1835
f 1785 1786 1836
f 1785 1836 1835
f 1750 1835 1834
f 1834 1835 1839
f 1786 1788 1837
f 1786 1837 1836
f 1788 1843 1837
f 1835 1836 1840
f 1836 1837 1841
f 1837 1851 1841
f 1834 1839 1838
f 1835 1840 1839
f 1836 1841 1840
f 1838 1839 1859
f 1839 1840 1860
f 1840 1841 1853
f 1839 1860 1859
f 1840 1853 1860
f 1804 1842 1844
f 1802 1845 1842
f 1842 1848 1844
f 1844 1848 1852
f 1789 1844 1843
f 1837 1843 1851
f 1843 1844 1852
f 1843 1852 1851
f 1842 1845 1850
f 1846 1847 1892
f 1845 1846 1849
f 1842 1850 1848
f 1846 1892 1849
f 1845 1849 1850
f 1841 1851 1854
f 1851 1852 1857
f 1841 1854 1853
f 1851 1857 1854
f 1848 1855 1852
f 1852 1855 1857
f 1848 1850 1856
f 1849 1894 1850
f 1848 1856 1855
f 1850 1894 1856
f 1855 1865 1857
f 1855 1856 1899
f 1838 1859 1858
f 1858 1859 1862
f 1859 1860 1863
f 1859 1863 1862
f 1858 1862 1861
f 1853 1864 1860
f 1853 1854 1867
f 1853 1867 1864
f 1860 1864 1863
f 1863 1864 1871
f 1857 1865 1866
f 1855 1899 1865
f 1854 1857 1866
f 1854 1866 1867
f 1864 1867 1872
f 1866 1907 1867
f 1867 1907 1872
f 1861 1862 1870
f 1862 1863 1868
f 1863 1871 1868
f 1862 1868 1870
f 1861 1870 1869
f 1869 1870 1939
f 1864 1872 1871
f 1871 1872 1908
f 1868 1871 1941
f 1868 1940 1870
f 1868 1941 1940
f 1871 1908 1941
f 1825 1876 1826
f 1826 1877 1827
f 1827 1878 1832
f 1831 1875 1891
f 1875 1893 1891
f 1832 1873 1833
f 1832 1878 1873
f 1833 1873 1874
f 1831 1833 1874
f 1831 1874 1875
f 1875 1879 1893
f 1874 1886 1875
f 1826 1876 1877
f 1827 1877 1878
f 1876 1881 1877
f 1877 1881 1882
f 1877 1882 1878
f 1873 1878 1880
f 1878 1882 1880
f 1873 1880 1887
f 1873 1887 1874
f 1874 1887 1886
f 1879 1896 1893
f 1875 1886 1879
f 1881 1883 1882
f 1880 1882 1884
f 1880 1885 1887
f 1882 1883 1884
f 1880 1884 1885
f 1885 1916 1889
f 1886 1887 1889
f 1879 1888 1896
f 1879 1886 1890
f 1888 1897 1896
f 1879 1890 1888
f 1885 1889 1887
f 1886 1889 1890
f 1889 1920 1890
f 1847 1891 1893
f 1847 1893 1892
f 1849 1892 1895
f 1892 1893 1896
f 1849 1895 1894
f 1892 1896 1895
f 1856 1894 1900
f 1856 1900 1899
f 1894 1895 1901
f 1895 1896 1897
f 1894 1901 1900
f 1895 1897 1901
f 1883 1914 1884
f 1884 1915 1885
f 1888 1898 1897
f 1890 1920 1921
f 1888 1890 1921
f 1888 1921 1898
f 1897 1898 1906
f 1898 1924 1906
f 1865 1899 1903
f 1900 1901 1905
f 1899 1900 1904
f 1865 1902 1866
f 1865 1903 1902
f 1866 1902 1907
f 1899 1904 1903
f 1897 1906 1901
f 1900 1905 1904
f 1901 1906 1905
f 1904 1905 1911
f 1903 1904 1912
f 1905 1906 1934
f 1905 1934 1911
f 1902 1913 1907
f 1902 1903 1910
f 1907 1913 1909
f 1902 1910 1913
f 1872 1907 1909
f 1872 1909 1908
f 1908 1909 1949
f 1903 1912 1910
f 1904 1911 1912
f 1910 1948 1913
f 1909 1913 1947
f 1910 1912 1935
f 1913 1948 1947
f 1910 1935 1948
f 1884 1914 1915
f 1885 1915 1916
f 1915 1918 1916
f 1914 1917 1915
f 1916 1919 1920
f 1915 1917 1918
f 1916 1918 1919
f 1889 1916 1920
f 1920 1922 1921
f 1921 1922 1923
f 1898 1921 1923
f 1906 1924 1934
f 1898 1923 1924
f 1919 1922 1920
f 1918 1927 1919
f 1919 1928 1922
f 1924 1925 1934
f 1922 1932 1923
f 1923 1932 1933
f 1923 1933 1924
f 1925 1937 1934
f 1924 1933 1925
f 1917 1926 1918
f 1918 1926 1927
f 1919 1927 1928
f 1928 1931 1932
f 1926 1929 1927
f 1927 1929 1930
f 1927 1930 1928
f 1928 1930 1931
f 1922 1928 1932
f 1932 1959 1933
f 1933 1959 1958
f 1925 1933 1958
f 1925 1957 1937
f 1925 1958 1957
f 1931 1959 1932
f 1911 1936 1912
f 1911 1934 1937
f 1912 1936 1935
f 1911 1937 1936
f 1936 1937 1964
f 1749 1750 2356
f 1750 1834 2356
f 1834 1838 2356
f 1838 1858 2356
f 1858 1861 2356
f 1861 1869 2356
f 1869 1938 2356
f 1938 1942 2356
f 1942 1953 2356
f 161 2356 2394
f 1869 1939 1938
f 1870 1940 1939
f 1939 1940 1944
f 1940 1941 1945
f 1938 1939 1943
f 1938 1943 1942
f 1939 1944 1943
f 1942 1943 1952
f 1942 1952 1953
f 1908 1946 1941
f 1941 1946 1945
f 1908 1949 1946
f 1940 1945 1944
f 1944 1945 1954
f 1909 1947 1949
f 1947 1960 1949
f 1949 1960 1950
f 1946 1949 1950
f 1945 1946 1955
f 1946 1950 1955
f 1943 1944 1951
f 1943 1951 1952
f 1944 1954 1951
f 1951 1976 1952
f 1952 1975 1953
f 1945 1955 1954
f 1954 1955 1968
f 1951 1954 1956
f 1951 1956 1976
f 1954 1968 1956
f 1937 1957 1964
f 1958 1959 2088
f 1957 2090 1964
f 1957 1958 2089
f 1957 2089 2090
f 1964 2090 1966
f 1935 1961 1948
f 1947 1948 1962
f 1948 1961 1962
f 1935 1936 1963
f 1936 1964 1963
f 1935 1963 1961
f 1947 1962 1960
f 1961 1970 1962
f 1960 1962 1971
f 1963 1964 1966
f 1961 1963 1965
f 1961 1965 1970
f 1962 1970 1971
f 1963 1966 1965
f 1950 1960 1967
f 1950 1967 1969
f 1960 1971 1967
f 1950 1969 1955
f 1955 1969 1968
f 1956 1968 1980
f 1968 1969 1982
f 1967 1971 1972
f 1965 2103 1970
f 1970 2103 2105
f 1970 2105 1971
f 1967 1973 1969
f 1967 1972 1973
f 1969 1973 1982
f 1971 2105 1972
f 1953 1975 1974
f 1952 1976 1975
f 1975 1976 1981
f 1974 1975 1977
f 1974 1977 1978
f 1975 1981 1977
f 1956 1979 1976
f 1976 1979 1981
f 1956 1980 1979
f 1968 1982 1980
f 1977 1981 1986
f 1979 1987 1981
f 1981 1987 1986
f 1973 2112 1982
f 1982 2112 2115
f 1980 1982 2115
f 1979 1980 1983
f 1979 1983 1987
f 1980 2115 1983
f 1977 1984 1978
f 1978 1984 1985
f 1977 1986 1984
f 1984 1990 1985
f 1983 2121 1987
f 1986 1987 2122
f 1984 1986 1988
f 1985 1990 1989
f 1984 1988 1990
f 1986 2122 1988
f 1953 1974 2357
f 1974 1978 2363
f 1989 1990 2173
f 2394 2395 947
f 2395 2396 947
f 2396 2397 947
f 2397 2398 947
f 2398 2399 947
f 2399 2400 949
f 1710 2086 1929
f 1711 2091 2086
f 1712 2096 2091
f 1713 2108 2096
f 1714 2129 2108
f 1720 2147 2129
f 1721 2150 2147
f 1722 2156 2150
f 1723 2166 2156
f 1724 2206 2166
f 1735 2241 2206
f 1736 2247 2241
f 1737 2263 2247
f 1738 2268 2263
f 1739 2306 2268
f 1740 2312 2306
f 1741 2322 2312
f 1742 2328 2322
f 2328 2484 2627
f 961 2400 2401
f 961 2401 2402
f 961 2402 2403
f 961 2403 2404
f 961 2404 2405
f 961 2405 2406
f 961 2406 2407
f 961 2407 2408
f 961 2408 2409
f 961 2409 2410
f 2420 792 791
f 2420 793 792
f 2421 794 793
f 1430 2018 2019
f 1430 2030 2029
f 1430 2025 2030
f 1430 2028 2025
f 2027 1430 2032
f 2027 2026 1430
f 1430 2026 2028
f 2032 1430 1996
f 1996 1430 1997
f 1430 2031 2017
f 1430 2029 2031
f 1430 2017 2018
f 1929 2086 1930
f 1930 2086 2087
f 1930 2087 1931
f 1931 2085 1959
f 1931 2087 2085
f 2086 2091 2087
f 2087 2091 2092
f 2085 2087 2092
f 2085 2093 2088
f 2085 2092 2093
f 1959 2085 2088
f 1958 2088 2089
f 2089 2094 2090
f 1966 2090 2095
f 2088 2099 2089
f 2089 2099 2094
f 2088 2093 2099
f 1966 2095 2104
f 2090 2094 2095
f 2095 2100 2104
f 2091 2096 2092
f 2092 2097 2093
f 2093 2098 2099
f 2092 2096 2097
f 2093 2097 2098
f 2094 2099 2101
f 2094 2101 2102
f 2094 2102 2095
f 2098 2101 2099
f 2100 2107 2104
f 2095 2102 2100
f 2101 2111 2102
f 2100 2127 2107
f 2100 2102 2126
f 2100 2126 2127
f 1965 1966 2104
f 1965 2104 2103
f 1972 2114 1973
f 1972 2105 2113
f 2103 2104 2107
f 2103 2106 2105
f 2103 2107 2106
f 2105 2106 2113
f 2096 2108 2097
f 2097 2108 2109
f 2097 2109 2098
f 2098 2110 2101
f 2098 2109 2110
f 2101 2110 2111
f 2102 2111 2126
f 2107 2127 2137
f 1973 2114 2112
f 1972 2113 2114
f 2112 2114 2117
f 2112 2118 2115
f 2112 2117 2118
f 2115 2118 2120
f 1983 2115 2120
f 2106 2107 2137
f 2106 2116 2113
f 2113 2116 2119
f 2113 2119 2114
f 2106 2137 2116
f 2114 2119 2117
f 2117 2141 2118
f 2117 2119 2140
f 1983 2120 2121
f 1987 2121 2122
f 1988 2122 2174
f 2121 2124 2122
f 2122 2124 2174
f 2118 2123 2120
f 2118 2141 2123
f 2120 2123 2125
f 2120 2125 2121
f 2121 2125 2124
f 2124 2125 2179
f 2108 2129 2109
f 2110 2131 2111
f 2109 2130 2110
f 2127 2128 2137
f 2111 2132 2126
f 2111 2131 2132
f 2126 2132 2133
f 2126 2133 2127
f 2127 2133 2128
f 2128 2138 2137
f 2109 2129 2130
f 2110 2130 2131
f 2129 2147 2130
f 2130 2148 2131
f 2131 2149 2132
f 2130 2147 2148
f 2131 2148 2149
f 2132 2134 2133
f 2128 2133 2135
f 2128 2136 2138
f 2136 2145 2138
f 2132 2149 2134
f 2133 2134 2135
f 2128 2135 2136
f 2136 2155 2145
f 2116 2137 2138
f 2116 2139 2119
f 2116 2138 2139
f 2119 2139 2140
f 2117 2140 2141
f 2138 2145 2139
f 2123 2141 2146
f 2139 2144 2140
f 2140 2143 2141
f 2141 2143 2146
f 2123 2142 2125
f 2125 2142 2179
f 2123 2146 2142
f 2139 2145 2144
f 2140 2144 2143
f 2143 2144 2163
f 2144 2145 2162
f 2143 2164 2146
f 2142 2146 2182
f 2143 2163 2164
f 2146 2164 2182
f 2147 2150 2148
f 2148 2151 2149
f 2134 2149 2152
f 2148 2150 2151
f 2149 2151 2152
f 2134 2153 2135
f 2135 2153 2154
f 2135 2154 2136
f 2136 2154 2155
f 2145 2155 2162
f 2134 2152 2153
f 2154 2161 2155
f 2155 2159 2162
f 2150 2156 2151
f 2151 2156 2157
f 2151 2157 2152
f 2152 2158 2153
f 2152 2157 2158
f 2156 2166 2157
f 2157 2167 2158
f 2158 2168 2160
f 2153 2160 2154
f 2153 2158 2160
f 2154 2160 2161
f 2155 2161 2159
f 2159 2165 2162
f 2160 2169 2161
f 2159 2205 2165
f 2159 2161 2170
f 2144 2162 2163
f 2162 2165 2163
f 2163 2197 2164
f 2163 2165 2197
f 2157 2166 2167
f 2158 2167 2168
f 2166 2206 2167
f 2167 2207 2168
f 2168 2208 2169
f 2160 2168 2169
f 2161 2169 2170
f 2159 2170 2205
f 2167 2206 2207
f 2168 2207 2208
f 1988 2171 1990
f 1990 2171 2173
f 1988 2174 2171
f 1989 2173 2172
f 2172 2173 2177
f 2171 2174 2180
f 2124 2178 2174
f 2174 2178 2180
f 2171 2175 2173
f 2173 2175 2177
f 2171 2180 2175
f 2172 2177 2176
f 2176 2177 2186
f 2176 2186 2188
f 2124 2179 2178
f 2178 2179 2184
f 2175 2180 2181
f 2178 2185 2180
f 2180 2185 2181
f 2175 2181 2187
f 2142 2183 2179
f 2142 2182 2183
f 2179 2183 2184
f 2183 2195 2184
f 2178 2184 2185
f 2181 2185 2200
f 2184 2196 2185
f 2185 2196 2200
f 2175 2187 2177
f 2177 2187 2186
f 2186 2187 2191
f 2186 2190 2188
f 2188 2190 2192
f 2181 2189 2187
f 2187 2189 2191
f 2181 2200 2189
f 2186 2191 2190
f 2190 2191 2226
f 2190 2227 2192
f 2165 2205 2212
f 2164 2193 2182
f 2182 2194 2183
f 2183 2194 2195
f 2164 2197 2193
f 2182 2193 2194
f 2184 2195 2196
f 2195 2202 2196
f 2193 2197 2213
f 2193 2198 2194
f 2165 2212 2197
f 2197 2212 2213
f 2193 2213 2198
f 2194 2199 2195
f 2194 2198 2199
f 2195 2199 2202
f 2189 2200 2204
f 2196 2203 2200
f 2200 2203 2204
f 2189 2201 2191
f 2191 2201 2226
f 2189 2204 2201
f 2196 2202 2203
f 2202 2219 2203
f 2203 2220 2204
f 2201 2204 2221
f 2201 2229 2226
f 2204 2220 2221
f 2201 2221 2229
f 2169 2209 2170
f 2170 2210 2205
f 2205 2211 2212
f 2205 2210 2211
f 2211 2216 2212
f 2206 2241 2207
f 2207 2242 2208
f 2208 2243 2209
f 2169 2208 2209
f 2170 2209 2210
f 2209 2244 2210
f 2209 2243 2244
f 2210 2244 2245
f 2210 2245 2211
f 2211 2246 2216
f 2211 2245 2246
f 2216 2246 2253
f 2212 2216 2213
f 2198 2213 2214
f 2198 2215 2199
f 2199 2218 2202
f 2199 2215 2218
f 2213 2216 2214
f 2198 2214 2215
f 2214 2216 2253
f 2214 2217 2215
f 2214 2253 2217
f 2202 2218 2219
f 2203 2219 2220
f 2218 2223 2219
f 2219 2224 2220
f 2220 2225 2221
f 2221 2225 2235
f 2215 2222 2218
f 2218 2222 2223
f 2219 2223 2224
f 2215 2217 2222
f 2220 2224 2225
f 2223 2257 2224
f 2224 2258 2225
f 2190 2226 2227
f 2192 2227 2228
f 2227 2232 2228
f 2226 2230 2227
f 2227 2230 2232
f 2226 2229 2230
f 2228 2232 2231
f 2231 2232 2234
f 2221 2235 2229
f 2229 2236 2230
f 2229 2235 2236
f 2230 2236 2233
f 2230 2233 2232
f 2232 2233 2234
f 2225 2282 2235
f 2235 2282 2283
f 2235 2283 2236
f 2233 2236 2284
f 2233 2237 2234
f 2236 2283 2284
f 2233 2284 2237
f 2231 2234 2238
f 2234 2239 2238
f 2234 2237 2239
f 2238 2239 2240
f 961 2410 2411
f 961 2411 2412
f 961 2412 2413
f 961 2413 2414
f 961 2414 2415
f 961 2415 2416
f 961 2416 2417
f 961 2417 2418
f 961 2418 2419
f 961 2419 2420
f 2421 795 794
f 2421 796 795
f 2421 797 796
f 2422 798 797
f 2422 799 798
f 2422 800 799
f 2423 801 800
f 2423 802 801
f 2424 803 802
f 2424 804 803
f 2425 805 804
f 2426 840 805
f 2426 841 840
f 2427 842 841
f 2428 843 842
f 2429 844 843
f 2429 845 844
f 2430 846 845
f 2443 847 846
f 2444 848 847
f 2444 849 848
f 2445 850 849
f 2446 851 850
f 2453 1998 1997
f 2453 1999 1998
f 2453 2043 2000
f 2453 2000 1999
f 2453 2044 2043
f 2453 2045 2044
f 2453 2046 2045
f 2453 2047 2046
f 2453 2048 2047
f 2453 2049 2048
f 2453 2050 2049
f 2453 2051 2050
f 2453 2052 2051
f 2207 2241 2242
f 2208 2242 2243
f 2241 2247 2242
f 2242 2247 2249
f 2242 2249 2243
f 2243 2248 2244
f 2243 2249 2248
f 2245 2251 2246
f 2246 2252 2253
f 2244 2250 2245
f 2244 2248 2250
f 2245 2250 2251
f 2252 2254 2253
f 2246 2251 2252
f 2247 2263 2249
f 2249 2263 2264
f 2248 2249 2264
f 2248 2265 2250
f 2248 2264 2265
f 2250 2266 2251
f 2251 2267 2252
f 2250 2265 2266
f 2251 2266 2267
f 2252 2271 2254
f 2252 2267 2271
f 2254 2271 2259
f 2217 2253 2254
f 2217 2255 2222
f 2222 2255 2256
f 2222 2256 2223
f 2223 2256 2257
f 2217 2254 2255
f 2224 2257 2258
f 2225 2258 2282
f 2257 2262 2258
f 2254 2259 2255
f 2255 2260 2256
f 2255 2259 2260
f 2256 2260 2261
f 2256 2261 2257
f 2257 2261 2262
f 2258 2262 2285
f 2264 2269 2265
f 2265 2270 2266
f 2263 2268 2264
f 2264 2268 2269
f 2265 2269 2270
f 2266 2272 2267
f 2266 2270 2272
f 2268 2306 2269
f 2267 2273 2271
f 2259 2271 2274
f 2267 2272 2273
f 2271 2273 2274
f 2259 2274 2276
f 2269 2307 2270
f 2270 2308 2272
f 2269 2306 2307
f 2270 2307 2308
f 2272 2309 2273
f 2273 2310 2274
f 2274 2275 2276
f 2272 2308 2309
f 2273 2309 2310
f 2274 2310 2275
f 2275 2279 2276
f 2259 2276 2260
f 2260 2277 2261
f 2261 2277 2278
f 2261 2278 2262
f 2262 2278 2292
f 2260 2276 2277
f 2276 2279 2277
f 2277 2280 2278
f 2278 2281 2292
f 2277 2279 2280
f 2278 2280 2281
f 2258 2285 2282
f 2282 2286 2283
f 2237 2284 2288
f 2283 2287 2284
f 2284 2287 2288
f 2282 2285 2286
f 2262 2292 2285
f 2285 2293 2286
f 2283 2286 2287
f 2286 2295 2287
f 2287 2294 2288
f 2288 2294 2299
f 2237 2291 2239
f 2239 2289 2240
f 2237 2288 2291
f 2239 2291 2289
f 2240 2289 2290
f 2289 2291 2300
f 2288 2299 2291
f 2291 2299 2300
f 2289 2301 2290
f 2289 2300 2301
f 2290 2301 2454
f 2285 2292 2293
f 2286 2293 2295
f 2293 2297 2295
f 2287 2295 2294
f 2294 2295 2298
f 2292 2296 2293
f 2281 2296 2292
f 2293 2296 2297
f 2295 2297 2298
f 2294 2298 2303
f 2298 2337 2303
f 2294 2303 2299
f 2299 2302 2300
f 2300 2302 2304
f 2301 2305 2454
f 2300 2304 2301
f 2301 2304 2305
f 2299 2303 2302
f 2302 2303 2342
f 2302 2343 2304
f 2304 2344 2305
f 2306 2312 2307
f 2307 2313 2308
f 2308 2314 2309
f 2307 2312 2313
f 2308 2313 2314
f 2309 2315 2310
f 2275 2310 2316
f 2309 2314 2315
f 2310 2315 2316
f 2275 2316 2311
f 2275 2311 2279
f 2279 2311 2318
f 2312 2322 2313
f 2313 2323 2314
f 2314 2324 2315
f 2313 2322 2323
f 2314 2323 2324
f 2315 2325 2316
f 2315 2324 2325
f 2316 2325 2326
f 2311 2316 2326
f 2311 2317 2318
f 2311 2326 2317
f 2317 2320 2318
f 2279 2318 2280
f 2280 2319 2281
f 2280 2318 2319
f 2318 2320 2319
f 2319 2320 2321
f 2322 2328 2323
f 2323 2329 2324
f 2324 2330 2325
f 2323 2328 2329
f 2324 2329 2330
f 2325 2331 2326
f 2325 2330 2331
f 2317 2326 2332
f 2317 2327 2320
f 2326 2331 2332
f 2317 2332 2327
f 2320 2327 2333
f 2328 2627 2329
f 2329 2628 2330
f 2330 2629 2331
f 2329 2627 2628
f 2330 2628 2629
f 2331 2633 2332
f 2331 2629 2633
f 2327 2332 2635
f 2327 2636 2333
f 2332 2633 2635
f 2327 2635 2636
f 2333 2636 2644
f 2320 2333 2321
f 2321 2333 2348
f 2333 2644 2348
f 2348 2644 2662
f 2281 2334 2296
f 2296 2334 2335
f 2296 2335 2297
f 2297 2335 2336
f 2281 2319 2334
f 2297 2336 2298
f 2298 2336 2337
f 2319 2321 2334
f 2334 2338 2335
f 2335 2339 2336
f 2321 2338 2334
f 2335 2338 2339
f 2336 2340 2337
f 2336 2339 2340
f 2337 2340 2341
f 2337 2341 2342
f 2303 2337 2342
f 2302 2342 2343
f 2342 2345 2343
f 2304 2343 2344
f 2305 2344 2456
f 2343 2346 2344
f 2344 2347 2456
f 2341 2345 2342
f 2343 2345 2346
f 2344 2346 2347
f 2321 2348 2338
f 2338 2349 2339
f 2338 2348 2349
f 2339 2349 2350
f 2339 2350 2340
f 2340 2351 2341
f 2340 2350 2351
f 2341 2351 2352
f 2348 2662 2349
f 2349 2663 2350
f 2349 2662 2663
f 2350 2663 2664
f 2350 2664 2351
f 2351 2665 2352
f 2351 2664 2665
f 2352 2665 2670
f 2341 2352 2345
f 2345 2353 2346
f 2346 2353 2354
f 2345 2352 2353
f 2346 2354 2347
f 2347 2355 2458
f 2347 2354 2355
f 2352 2670 2353
f 2353 2671 2354
f 2353 2670 2671
f 2354 2671 2672
f 2354 2672 2355
f 2355 2673 2460
f 2355 2672 2673
f 2447 852 851
f 2447 853 852
f 2448 854 853
f 2449 855 854
f 2450 1415 855
f 2450 1416 1415
f 2451 1417 1416
f 2452 1418 1417
f 2453 1422 1418
f 2453 1419 1422
f 2453 1420 1419
f 2453 1421 1420
f 2453 1430 1421
f 2453 1997 1430
f 2453 2069 2052
f 2453 2070 2069
f 2453 2071 2070
f 2453 2072 2071
f 2453 2073 2072
f 2453 2074 2073
f 2453 2075 2074
f 2453 2076 2075
f 2453 2077 2076
f 2453 2078 2077
f 2453 2079 2078
f 2453 2080 2079
f 2453 2081 2080
f 2453 2082 2081
f 2453 2083 2082
f 2453 2084 2083
f 2453 2592 2084
f 1953 2357 2356
f 1974 2358 2357
f 1974 2359 2358
f 1974 2360 2359
f 1974 2361 2360
f 1974 2362 2361
f 1974 2363 2362
f 1978 2364 2363
f 1978 2365 2364
f 1978 2366 2365
f 1978 2367 2366
f 1978 2368 2367
f 1985 2369 2368
f 1985 2370 2369
f 1985 2371 2370
f 1985 2372 2371
f 1985 2373 2372
f 1989 2374 2373
f 1989 2375 2374
f 1989 2376 2375
f 1989 2377 2376
f 1989 2378 2377
f 2172 2379 2378
f 2172 2380 2379
f 1978 1985 2368
f 1985 1989 2373
f 1989 2172 2378
f 2172 2176 2382
f 2176 2188 2386
f 2188 2192 2391
f 2420 2421 793
f 2421 2422 797
f 2422 2423 800
f 2423 2424 802
f 2424 2425 804
f 2425 2426 805
f 2426 2427 841
f 2427 2428 842
f 2428 2429 843
f 2429 2430 845
f 2430 2431 846
f 2431 2443 846
f 2443 2444 847
f 2356 2357 2394
f 2357 2358 2395
f 2358 2359 2396
f 2359 2360 2397
f 2360 2361 2398
f 2361 2362 2399
f 2362 2363 2400
f 2363 2364 2401
f 2364 2365 2402
f 2365 2366 2403
f 2366 2367 2404
f 2367 2368 2405
f 2368 2369 2406
f 2369 2370 2407
f 2370 2371 2408
f 2371 2372 2409
f 2172 2381 2380
f 2372 2373 2410
f 2373 2374 2411
f 2374 2375 2412
f 2375 2376 2413
f 2376 2377 2414
f 2377 2378 2415
f 2378 2379 2416
f 2379 2380 2417
f 2380 2381 2418
f 2381 2382 2419
f 2382 2383 2420
f 2383 2384 2421
f 2384 2385 2422
f 2385 2386 2423
f 2386 2387 2424
f 2387 2388 2425
f 2388 2389 2426
f 2389 2390 2427
f 2390 2391 2428
f 2391 2392 2429
f 2392 2393 2430
f 2393 2432 2431
f 2357 2395 2394
f 2358 2396 2395
f 2359 2397 2396
f 2360 2398 2397
f 2361 2399 2398
f 2362 2400 2399
f 2363 2401 2400
f 2364 2402 2401
f 2365 2403 2402
f 2366 2404 2403
f 2367 2405 2404
f 2368 2406 2405
f 2369 2407 2406
f 2370 2408 2407
f 2371 2409 2408
f 2372 2410 2409
f 2373 2411 2410
f 2374 2412 2411
f 2375 2413 2412
f 2376 2414 2413
f 2377 2415 2414
f 2378 2416 2415
f 2379 2417 2416
f 2380 2418 2417
f 2381 2419 2418
f 2382 2420 2419
f 2383 2421 2420
f 2384 2422 2421
f 2385 2423 2422
f 2386 2424 2423
f 2387 2425 2424
f 2388 2426 2425
f 2389 2427 2426
f 2390 2428 2427
f 2391 2429 2428
f 2392 2430 2429
f 2393 2431 2430
f 2172 2382 2381
f 2176 2383 2382
f 2176 2384 2383
f 2176 2385 2384
f 2176 2386 2385
f 2188 2387 2386
f 2188 2388 2387
f 2188 2389 2388
f 2188 2390 2389
f 2188 2391 2390
f 2192 2392 2391
f 2192 2393 2392
f 2192 2432 2393
f 2192 2433 2432
f 2192 2434 2433
f 2228 2435 2434
f 2228 2436 2435
f 2228 2437 2436
f 2228 2438 2437
f 2231 2439 2438
f 2231 2440 2439
f 2231 2441 2440
f 2231 2442 2441
f 2432 2433 2443
f 2433 2434 2444
f 2434 2435 2445
f 2435 2436 2446
f 2436 2437 2447
f 2437 2438 2448
f 2438 2439 2449
f 2439 2440 2450
f 2440 2441 2451
f 2441 2442 2452
f 2431 2432 2443
f 2433 2444 2443
f 2434 2445 2444
f 2435 2446 2445
f 2436 2447 2446
f 2437 2448 2447
f 2438 2449 2448
f 2439 2450 2449
f 2440 2451 2450
f 2441 2452 2451
f 2442 2453 2452
f 2192 2228 2434
f 2228 2231 2438
f 2231 2238 2442
f 2238 2240 2442
f 2240 2290 2442
f 2290 2454 2442
f 2442 2454 2455
f 2442 2455 2457
f 2442 2457 2459
f 2444 2445 849
f 2445 2446 850
f 2446 2447 851
f 2447 2448 853
f 2448 2449 854
f 2449 2450 855
f 2450 2451 1416
f 2451 2452 1417
f 2452 2453 1418
f 2305 2455 2454
f 2305 2456 2455
f 2455 2456 2457
f 2456 2458 2457
f 2347 2458 2456
f 2457 2458 2459
f 2458 2460 2459
f 2355 2460 2458
f 2459 2460 2461
f 2460 3178 2461
f 2460 2673 3178
f 2461 3178 3179
f 2442 2459 2461
f 2442 2461 3179
f 2442 3179 3181
f 2442 3181 3183
f 2442 3183 3185
f 2442 3188 2453
f 2462 2474 2473
f 2462 2475 2474
f 2462 2477 2475
f 2462 2476 2477
f 2462 2479 2476
f 2462 2480 2479
f 2462 2481 2480
f 2462 2496 2495
f 2462 2464 2497
f 2462 2497 2496
f 2462 2482 2481
f 2462 2483 2482
f 2462 2493 2478
f 2462 2494 2493
f 2462 2478 2483
f 2462 2495 2494
f 2462 2508 2509
f 2462 2509 2510
f 2462 2510 2511
f 2462 2515 2516
f 2462 2516 2517
f 2462 2511 2515
f 2462 2468 2469
f 2462 2467 2468
f 2462 2517 2463
f 2462 2463 2465
f 2462 2465 2466
f 2462 2466 2467
f 2462 2471 2472
f 2462 2470 2471
f 2462 2469 2470
f 2462 2472 2464
f 2466 2525 2467
f 2467 2526 2468
f 2470 2504 2471
f 2471 2503 2472
f 2469 2528 2470
f 2468 2527 2469
f 2469 2527 2528
f 2470 2528 2504
f 2473 2474 2484
f 2474 2475 2485
f 2475 2477 2486
f 2476 2487 2477
f 2476 2479 2488
f 2479 2480 2489
f 2480 2481 2490
f 2482 2483 2492
f 2478 2507 2483
f 2481 2482 2491
f 2481 2491 2490
f 2482 2492 2491
f 2483 2507 2492
f 2474 2485 2484
f 2475 2486 2485
f 2477 2487 2486
f 2476 2488 2487
f 2479 2489 2488
f 2480 2490 2489
f 2495 2496 2499
f 2494 2495 2501
f 2496 2497 2506
f 2496 2506 2499
f 2478 2493 2498
f 2493 2494 2500
f 2493 2500 2498
f 2478 2498 2507
f 2494 2501 2500
f 2495 2499 2501
f 2464 2472 2505
f 2464 2502 2497
f 2472 2503 2505
f 2497 2502 2506
f 2464 2505 2502
f 2471 2504 2503
f 2484 2485 2627
f 2485 2486 2630
f 2486 2487 2638
f 2487 2488 2646
f 2489 2490 2692
f 2488 2489 2652
f 2490 2491 2695
f 2491 2492 2711
f 2492 2507 2717
f 2498 2843 2507
f 2498 2500 2757
f 2499 2771 2501
f 2500 2501 2765
f 2502 2505 2781
f 2504 2528 2788
f 2503 2504 2785
f 2503 2794 2505
f 2502 2808 2506
f 2499 2506 2762
f 2508 2512 2509
f 2509 2513 2510
f 2510 2514 2511
f 2508 2521 2512
f 2509 2512 2513
f 2510 2513 2514
f 2511 2518 2515
f 2515 2519 2516
f 2463 2517 2522
f 2516 2520 2517
f 2511 2514 2518
f 2515 2518 2519
f 2516 2519 2520
f 2517 2520 2522
f 2463 2523 2465
f 2465 2524 2466
f 2463 2522 2523
f 2466 2524 2525
f 2465 2523 2524
f 2467 2525 2526
f 2468 2526 2527
f 2512 2521 2913
f 2512 2915 2513
f 2513 2918 2514
f 2514 2922 2518
f 2518 2927 2519
f 2519 2930 2520
f 2520 3011 2522
f 2522 3017 2523
f 2523 3020 2524
f 2524 3036 2525
f 2525 3039 2526
f 2526 3046 2527
f 2527 3049 2528
f 2485 2630 2627
f 2486 2638 2630
f 2487 2646 2638
f 2488 2652 2646
f 2489 2692 2652
f 2490 2695 2692
f 2491 2711 2695
f 2492 2717 2711
f 2498 2757 2843
f 2500 2765 2757
f 2499 2762 2771
f 2501 2771 2765
f 2505 2794 2781
f 2528 3049 2788
f 2504 2788 2785
f 2503 2785 2794
f 2506 2808 2762
f 2502 2781 2808
f 2507 2843 2717
f 1430 2019 1429
f 961 2623 3199
f 2627 2630 2628
f 2628 2631 2629
f 2629 2632 2633
f 2628 2630 2631
f 2629 2631 2632
f 2632 2634 2633
f 2633 2634 2635
f 2635 2637 2636
f 2636 2642 2644
f 2634 2637 2635
f 2636 2637 2642
f 2642 2645 2644
f 2630 2638 2631
f 2631 2639 2632
f 2632 2640 2634
f 2631 2638 2639
f 2632 2639 2640
f 2634 2641 2637
f 2634 2640 2641
f 2637 2641 2643
f 2637 2643 2642
f 2642 2651 2645
f 2642 2643 2651
f 2645 2651 2658
f 2644 2645 2662
f 2645 2666 2662
f 2645 2658 2666
f 2658 2659 2666
f 2638 2646 2639
f 2639 2647 2640
f 2640 2648 2641
f 2639 2646 2647
f 2640 2647 2648
f 2641 2649 2643
f 2641 2648 2649
f 2643 2649 2650
f 2643 2650 2651
f 2651 2657 2658
f 2650 2657 2651
f 2657 2660 2658
f 2646 2652 2647
f 2647 2653 2648
f 2648 2654 2649
f 2647 2652 2653
f 2648 2653 2654
f 2649 2655 2650
f 2650 2656 2657
f 2649 2654 2655
f 2650 2655 2656
f 2656 2700 2657
f 2657 2700 2660
f 2660 2700 2705
f 2658 2660 2659
f 2659 2660 2661
f 2660 2705 2661
f 2661 2706 2682
f 2661 2705 2706
f 2682 2706 2707
f 2662 2666 2663
f 2663 2667 2664
f 2663 2666 2667
f 2664 2667 2668
f 2664 2668 2665
f 2665 2669 2670
f 2665 2668 2669
f 2669 2674 2670
f 2659 2667 2666
f 2667 2678 2668
f 2659 2678 2667
f 2668 2678 2679
f 2668 2679 2669
f 2669 2680 2674
f 2669 2679 2680
f 2674 2680 2681
f 2670 2674 2671
f 2671 2675 2672
f 2671 2674 2675
f 2672 2675 2676
f 2672 2676 2673
f 2673 2676 2677
f 2674 2681 2675
f 2675 2681 2686
f 2675 2686 2676
f 2676 2686 2687
f 2676 2687 2677
f 2677 2688 3180
f 2677 2687 2688
f 2659 2661 2678
f 2678 2682 2679
f 2679 2683 2680
f 2661 2682 2678
f 2679 2682 2683
f 2680 2684 2681
f 2680 2683 2684
f 2681 2684 2685
f 2682 2707 2683
f 2683 2707 2733
f 2683 2733 2684
f 2684 2733 2734
f 2684 2734 2685
f 2685 2735 2689
f 2681 2685 2686
f 2685 2689 2686
f 2686 2689 2687
f 2687 2690 2688
f 2688 2691 3182
f 2687 2689 2690
f 2689 2740 2690
f 2690 2741 2691
f 2688 2690 2691
f 2691 3184 3182
f 2691 2742 3184
f 2653 2692 2693
f 2692 2695 2693
f 2693 2695 2696
f 2693 2696 2694
f 2694 2697 2701
f 2694 2696 2697
f 2697 2698 2701
f 2652 2692 2653
f 2653 2693 2654
f 2654 2694 2655
f 2654 2693 2694
f 2655 2701 2656
f 2656 2702 2700
f 2700 2703 2705
f 2655 2694 2701
f 2656 2701 2702
f 2700 2702 2703
f 2703 2708 2705
f 2698 2702 2701
f 2699 2703 2702
f 2703 2704 2708
f 2698 2699 2702
f 2699 2704 2703
f 2704 2724 2708
f 2705 2708 2706
f 2706 2709 2707
f 2706 2708 2709
f 2707 2709 2710
f 2708 2724 2709
f 2709 2724 2725
f 2709 2725 2710
f 2710 2725 2726
f 2710 2726 2736
f 2726 2727 2736
f 2695 2711 2696
f 2696 2711 2712
f 2696 2712 2697
f 2697 2712 2713
f 2697 2713 2698
f 2698 2713 2714
f 2698 2714 2699
f 2699 2715 2704
f 2699 2714 2715
f 2704 2715 2716
f 2711 2717 2712
f 2712 2717 2718
f 2713 2718 2719
f 2717 2843 2718
f 2718 2844 2719
f 2712 2718 2713
f 2713 2719 2714
f 2714 2720 2715
f 2714 2719 2720
f 2715 2720 2721
f 2715 2721 2716
f 2716 2722 2728
f 2716 2721 2722
f 2722 2723 2728
f 2704 2716 2724
f 2716 2728 2724
f 2724 2728 2725
f 2725 2729 2726
f 2725 2728 2729
f 2726 2729 2730
f 2726 2730 2727
f 2727 2730 2731
f 2727 2731 2747
f 2723 2729 2728
f 2729 2850 2730
f 2723 2850 2729
f 2730 2850 2856
f 2730 2856 2731
f 2731 2856 2857
f 2731 2732 2747
f 2731 2857 2732
f 2732 2858 2751
f 2707 2710 2733
f 2710 2736 2733
f 2733 2736 2734
f 2734 2736 2737
f 2685 2734 2735
f 2734 2737 2735
f 2689 2735 2740
f 2735 2738 2740
f 2727 2737 2736
f 2737 2747 2738
f 2735 2737 2738
f 2738 2739 2740
f 2738 2748 2739
f 2739 2749 2744
f 2690 2740 2741
f 2739 2741 2740
f 2741 2744 2742
f 2691 2741 2742
f 2742 2743 3184
f 2739 2744 2741
f 2742 2744 2745
f 2742 2745 2743
f 2743 2745 2746
f 2743 2746 3186
f 2746 3187 3186
f 2727 2747 2737
f 2738 2747 2748
f 2732 2748 2747
f 2748 2751 2749
f 2739 2748 2749
f 2744 2749 2750
f 2732 2751 2748
f 2749 2751 2752
f 2751 2859 2752
f 2749 2752 2750
f 2750 2752 2753
f 2750 2753 2754
f 2753 2878 2754
f 2744 2750 2745
f 2745 2754 2746
f 2745 2750 2754
f 2746 2754 2755
f 2746 2755 3187
f 2755 2756 3187
f 2754 2878 2755
f 2755 2878 2881
f 2755 2881 2756
f 2756 2881 2882
f 3199 2626 2601
f 3199 2591 2590
f 3199 2593 2592
f 3199 2590 2593
f 3199 2594 2591
f 3199 2595 2594
f 3199 2597 2595
f 3199 2606 2605
f 3199 2596 2597
f 3199 2605 2596
f 3199 2603 2599
f 3199 2601 2600
f 3199 2600 2602
f 3199 2602 2604
f 3199 2604 2603
f 3199 2599 2598
f 3199 2598 2606
f 2757 2844 2843
f 2758 2845 2844
f 2757 2758 2844
f 2758 2759 2845
f 2757 2765 2758
f 2758 2766 2759
f 2759 2767 2760
f 2759 2760 2846
f 2760 2768 2761
f 2761 2769 2849
f 2762 2772 2771
f 2763 2773 2772
f 2762 2763 2772
f 2763 2764 2773
f 2764 2813 2774
f 2766 2771 2772
f 2765 2771 2766
f 2767 2772 2773
f 2766 2772 2767
f 2767 2773 2768
f 2758 2765 2766
f 2759 2766 2767
f 2768 2774 2769
f 2768 2773 2774
f 2760 2767 2768
f 2761 2768 2769
f 2769 2770 2849
f 2770 2777 2852
f 2769 2775 2770
f 2770 2776 2777
f 2764 2774 2773
f 2769 2774 2775
f 2770 2775 2776
f 2774 2813 2775
f 2775 2813 2814
f 2775 2814 2776
f 2776 2814 2818
f 2776 2818 2778
f 2776 2778 2777
f 2778 2822 2779
f 2777 2778 2864
f 2779 2867 2864
f 2778 2779 2864
f 2779 2780 2867
f 2781 2794 2782
f 2782 2794 2795
f 2783 2795 2796
f 2782 2795 2783
f 2783 2796 2784
f 2784 2798 2815
f 2799 2816 2815
f 2789 3049 3050
f 2788 3049 2789
f 2790 3050 3051
f 2789 3050 2790
f 2790 3051 2791
f 2786 2788 2789
f 2785 2788 2786
f 2787 2789 2790
f 2786 2789 2787
f 2787 2790 2797
f 2791 3051 3125
f 2791 3125 2792
f 2792 3126 2793
f 2790 2791 2797
f 2791 2801 2797
f 2791 2792 2801
f 2792 2802 2801
f 2792 2793 2802
f 2793 3130 2805
f 2785 2795 2794
f 2786 2796 2795
f 2787 2798 2796
f 2785 2786 2795
f 2786 2787 2796
f 2787 2797 2798
f 2797 2799 2798
f 2797 2801 2799
f 2799 2801 2800
f 2800 2801 2802
f 2784 2796 2798
f 2798 2799 2815
f 2799 2800 2816
f 2800 2803 2819
f 2800 2802 2803
f 2802 2805 2803
f 2793 2805 2802
f 2805 3130 2806
f 2806 3131 2807
f 2803 2805 2804
f 2804 2805 2806
f 2804 2806 2833
f 2807 2834 2833
f 2806 2807 2833
f 2807 3137 2834
f 2763 2808 2809
f 2764 2809 2810
f 2781 2809 2808
f 2782 2810 2809
f 2762 2808 2763
f 2763 2809 2764
f 2764 2810 2813
f 2811 2814 2813
f 2812 2818 2814
f 2810 2811 2813
f 2811 2812 2814
f 2812 2817 2818
f 2817 2822 2818
f 2817 2820 2822
f 2781 2782 2809
f 2782 2783 2810
f 2783 2811 2810
f 2783 2784 2811
f 2784 2815 2812
f 2784 2812 2811
f 2812 2815 2817
f 2816 2820 2817
f 2815 2816 2817
f 2816 2819 2820
f 2778 2818 2822
f 2820 2821 2823
f 2819 2821 2820
f 2819 2829 2821
f 2821 2829 2826
f 2826 2830 2827
f 2779 2822 2823
f 2820 2823 2822
f 2821 2824 2823
f 2779 2823 2780
f 2780 2823 2824
f 2780 2824 2891
f 2825 2892 2891
f 2824 2825 2891
f 2825 2828 2892
f 2821 2826 2824
f 2824 2826 2825
f 2825 2826 2827
f 2827 2837 2828
f 2825 2827 2828
f 2837 2838 2895
f 2828 2837 2895
f 2838 2896 2895
f 2800 2819 2816
f 2803 2829 2819
f 2804 2830 2829
f 2803 2804 2829
f 2804 2833 2830
f 2830 2833 2831
f 2826 2829 2830
f 2827 2830 2831
f 2831 2834 2832
f 2831 2833 2834
f 2834 3137 2835
f 2835 3138 2836
f 2832 2834 2835
f 2832 2835 2840
f 2835 2836 2840
f 2836 3156 2841
f 2827 2831 2837
f 2832 2838 2837
f 2831 2832 2837
f 2832 2840 2838
f 2838 2839 2896
f 2838 2840 2839
f 2839 2841 2905
f 2836 2841 2840
f 2839 2840 2841
f 2841 3156 2842
f 2841 2842 2905
f 2842 2907 2905
f 2842 3162 2907
f 2718 2843 2844
f 2719 2844 2845
f 2719 2845 2720
f 2759 2846 2845
f 2720 2845 2846
f 2720 2846 2721
f 2721 2846 2847
f 2721 2847 2722
f 2722 2847 2848
f 2760 2847 2846
f 2722 2848 2723
f 2723 2848 2851
f 2760 2761 2847
f 2761 2848 2847
f 2761 2849 2848
f 2848 2849 2851
f 2849 2852 2851
f 2723 2851 2850
f 2850 2854 2856
f 2850 2851 2854
f 2854 2855 2856
f 2851 2852 2854
f 2852 2853 2854
f 2853 2855 2854
f 2853 2865 2855
f 2855 2865 2860
f 2860 2865 2866
f 2855 2857 2856
f 2855 2860 2857
f 2857 2860 2858
f 2732 2857 2858
f 2751 2858 2859
f 2858 2861 2859
f 2858 2860 2861
f 2860 2866 2861
f 2861 2871 2862
f 2859 2861 2862
f 2859 2862 2876
f 2862 2863 2876
f 2770 2852 2849
f 2777 2853 2852
f 2777 2864 2853
f 2853 2864 2865
f 2864 2867 2865
f 2866 2867 2868
f 2865 2867 2866
f 2866 2868 2871
f 2868 2869 2871
f 2869 2872 2871
f 2780 2868 2867
f 2780 2891 2868
f 2868 2891 2869
f 2869 2891 2892
f 2869 2870 2872
f 2869 2892 2870
f 2870 2893 2874
f 2861 2866 2871
f 2862 2871 2872
f 2862 2872 2863
f 2863 2872 2873
f 2863 2873 2884
f 2873 2875 2884
f 2870 2873 2872
f 2870 2874 2873
f 2873 2874 2875
f 2874 2899 2875
f 2875 2899 2888
f 2888 2899 2900
f 2888 2900 2889
f 2752 2859 2876
f 2752 2876 2753
f 2753 2876 2877
f 2753 2877 2878
f 2878 2879 2881
f 2877 2879 2878
f 2879 2880 2881
f 2863 2877 2876
f 2877 2884 2879
f 2863 2884 2877
f 2879 2884 2885
f 2879 2885 2880
f 2880 2885 2886
f 2880 2886 2883
f 2880 2882 2881
f 2880 2883 2882
f 2875 2885 2884
f 2875 2888 2885
f 2885 2888 2886
f 2883 2886 2887
f 2886 2889 2887
f 2886 2888 2889
f 2889 2901 2890
f 2887 2889 2890
f 2828 2893 2892
f 2870 2892 2893
f 2893 2895 2894
f 2874 2893 2894
f 2828 2895 2893
f 2894 2895 2896
f 2894 2896 2897
f 2897 2898 2902
f 2896 2898 2897
f 2898 2906 2902
f 2874 2894 2899
f 2897 2900 2899
f 2894 2897 2899
f 2897 2902 2900
f 2889 2900 2901
f 2900 2902 2901
f 2901 2903 2912
f 2902 2906 2903
f 2903 2910 2904
f 2901 2902 2903
f 2903 2904 2912
f 2839 2898 2896
f 2839 2905 2898
f 2898 2905 2906
f 2905 2907 2906
f 2906 2907 2910
f 2908 2911 2910
f 2907 3162 2908
f 2908 3162 3176
f 2908 3176 2909
f 2907 2908 2910
f 2908 2909 2911
f 2903 2906 2910
f 2904 2910 2911
f 2890 2901 2912
f 3199 2623 2625
f 3199 2625 2626
f 2521 2939 2913
f 2512 2913 2915
f 2513 2915 2918
f 2514 2918 2922
f 2518 2922 2927
f 2519 2927 2930
f 2524 3020 3036
f 2522 3011 3017
f 2520 2930 3011
f 2523 3017 3020
f 2525 3036 3039
f 2526 3039 3046
f 2527 3046 3049
f 2913 2939 2914
f 2913 2914 2916
f 2913 2916 2915
f 2914 2917 2916
f 2915 2916 2919
f 2915 2919 2918
f 2916 2920 2919
f 2916 2917 2920
f 2917 2921 2920
f 2918 2919 2923
f 2918 2923 2922
f 2919 2920 2924
f 2919 2924 2923
f 2920 2925 2924
f 2922 2923 2928
f 2923 2924 2929
f 2920 2921 2925
f 2921 2926 2925
f 2924 2925 2933
f 2925 2926 2934
f 2922 2928 2927
f 2927 2928 2931
f 2928 2929 2932
f 2923 2929 2928
f 2924 2933 2929
f 2927 2931 2930
f 2928 2932 2931
f 2929 2936 2932
f 2929 2933 2936
f 2925 2934 2933
f 2926 2935 2934
f 2933 2937 2936
f 2933 2934 2937
f 2934 2938 2937
f 2934 2935 2938
f 2935 3029 2938
f 2914 2939 2940
f 2940 2941 2942
f 2914 2940 2942
f 2941 2946 2942
f 2914 2942 2917
f 2941 2943 2946
f 2943 2944 2947
f 2943 2947 2946
f 2944 2945 2948
f 2944 2948 2947
f 2945 2953 2954
f 2945 2954 2948
f 2942 2946 2949
f 2946 2947 2950
f 2947 2948 2951
f 2948 2954 2961
f 2917 2942 2949
f 2946 2950 2949
f 2947 2951 2950
f 2948 2961 2951
f 2917 2949 2921
f 2949 2950 2952
f 2921 2949 2952
f 2950 2951 2980
f 2950 2980 2952
f 2951 2982 2980
f 2951 2961 2982
f 2953 2955 2958
f 2953 2958 2954
f 2954 2958 2962
f 2955 2956 2959
f 2955 2959 2958
f 2956 2957 2960
f 2957 2965 2966
f 2956 2960 2959
f 2957 2966 2960
f 2958 2959 2963
f 2959 2960 2964
f 2960 2966 2975
f 2954 2962 2961
f 2961 2962 2983
f 2961 2983 2982
f 2958 2963 2962
f 2959 2964 2963
f 2960 2975 2964
f 2962 2963 2987
f 2962 2987 2983
f 2963 2964 2988
f 2963 2988 2987
f 2964 2975 2989
f 2964 2989 2988
f 2965 2967 2969
f 2965 2969 2966
f 2966 2969 2976
f 2967 2970 2969
f 2967 2968 2970
f 2969 2970 2977
f 2968 2971 2973
f 2971 2972 2974
f 2968 2973 2970
f 2971 2974 2973
f 2972 3117 2974
f 2966 2976 2975
f 2975 2976 2998
f 2975 2998 2989
f 2969 2977 2976
f 2976 2999 2998
f 2976 2977 2999
f 2970 2973 2978
f 2970 2978 2977
f 2973 2979 2978
f 2973 2974 2979
f 2974 3119 2979
f 2977 2978 3002
f 2978 2979 3003
f 2921 2952 2926
f 2952 2980 2981
f 2926 2952 2981
f 2980 2982 2984
f 2980 2984 2981
f 2926 2981 2935
f 2981 2984 2992
f 2935 2981 2992
f 2935 2992 3029
f 2982 2983 2985
f 2982 2985 2984
f 2983 2986 2985
f 2984 2985 2993
f 2985 2986 2994
f 2983 2987 2986
f 2987 2988 2990
f 2988 2989 2991
f 2986 2987 2990
f 2988 2991 2990
f 2989 3000 2991
f 2984 2993 2992
f 2985 2994 2993
f 2986 2995 2994
f 2992 2993 3076
f 2992 3076 3029
f 2993 3077 3076
f 2993 2994 3077
f 2994 2995 3078
f 2994 3078 3077
f 2986 2990 2995
f 2990 2996 2995
f 2990 2991 2996
f 2991 3000 2997
f 2991 2997 2996
f 2995 2996 3082
f 2996 2997 3083
f 2989 2998 3000
f 2977 3002 2999
f 2998 2999 3001
f 2998 3001 3000
f 2999 3002 3004
f 2999 3004 3001
f 2978 3003 3002
f 2979 3121 3003
f 3002 3003 3007
f 3002 3007 3004
f 3003 3121 3008
f 3003 3008 3007
f 3000 3001 3005
f 2997 3000 3005
f 3001 3004 3006
f 3001 3006 3005
f 2997 3005 3084
f 3004 3009 3006
f 3004 3007 3009
f 3007 3008 3010
f 3007 3010 3009
f 3008 3124 3010
f 3020 3021 3037
f 3021 3022 3038
f 2930 3012 3011
f 2931 3013 3012
f 3011 3012 3018
f 3011 3018 3017
f 3012 3013 3019
f 3012 3019 3018
f 3013 3023 3019
f 3013 3014 3023
f 3014 3024 3023
f 2930 2931 3012
f 2931 2932 3013
f 2932 3014 3013
f 2932 2936 3014
f 2936 2937 3015
f 2936 3015 3014
f 2937 3016 3015
f 2937 2938 3016
f 2938 3029 3030
f 2938 3030 3016
f 3014 3015 3024
f 3015 3016 3028
f 3016 3030 3033
f 3017 3018 3021
f 3018 3019 3022
f 3017 3021 3020
f 3018 3022 3021
f 3019 3025 3022
f 3019 3023 3025
f 3023 3024 3026
f 3015 3028 3024
f 3024 3028 3027
f 3023 3026 3025
f 3022 3025 3042
f 3025 3026 3043
f 3024 3027 3026
f 3027 3028 3032
f 3016 3033 3028
f 3028 3033 3032
f 3029 3076 3031
f 3029 3031 3030
f 3030 3031 3034
f 3030 3034 3033
f 3031 3035 3034
f 3031 3079 3035
f 3033 3034 3064
f 3032 3033 3064
f 3034 3065 3064
f 3034 3035 3065
f 3035 3085 3066
f 3035 3066 3065
f 3036 3037 3040
f 3020 3037 3036
f 3021 3038 3037
f 3022 3042 3038
f 3037 3038 3041
f 3036 3040 3039
f 3037 3041 3040
f 3038 3044 3041
f 3038 3042 3044
f 3042 3043 3045
f 3042 3045 3044
f 3043 3060 3054
f 3043 3054 3045
f 3054 3060 3056
f 3039 3040 3047
f 3039 3047 3046
f 3040 3048 3047
f 3041 3052 3048
f 3046 3047 3050
f 3046 3050 3049
f 3047 3048 3051
f 3047 3051 3050
f 3048 3125 3051
f 3052 3126 3125
f 3048 3052 3125
f 3052 3053 3126
f 3053 3127 3126
f 3053 3055 3127
f 3040 3041 3048
f 3041 3044 3052
f 3044 3045 3053
f 3044 3053 3052
f 3045 3054 3055
f 3045 3055 3053
f 3054 3057 3055
f 3054 3056 3057
f 3055 3057 3128
f 3056 3069 3058
f 3057 3058 3129
f 3056 3058 3057
f 3058 3069 3059
f 3025 3043 3042
f 3026 3060 3043
f 3026 3027 3060
f 3027 3061 3060
f 3027 3032 3061
f 3056 3060 3061
f 3032 3064 3062
f 3032 3062 3061
f 3062 3064 3063
f 3056 3061 3069
f 3061 3062 3069
f 3062 3063 3070
f 3063 3064 3065
f 3065 3066 3067
f 3066 3085 3100
f 3066 3100 3068
f 3063 3065 3067
f 3066 3068 3067
f 3068 3100 3073
f 3062 3070 3069
f 3059 3069 3070
f 3063 3071 3070
f 3063 3067 3071
f 3067 3072 3071
f 3070 3071 3142
f 3059 3070 3142
f 3071 3143 3142
f 3071 3072 3143
f 3067 3068 3072
f 3068 3074 3072
f 3068 3073 3074
f 3072 3074 3144
f 3073 3106 3075
f 3073 3075 3074
f 3076 3077 3079
f 3077 3078 3080
f 3078 3082 3081
f 3031 3076 3079
f 3077 3080 3079
f 3078 3081 3080
f 2995 3082 3078
f 2996 3083 3082
f 3082 3083 3088
f 3081 3082 3088
f 2997 3084 3083
f 3083 3089 3088
f 3083 3084 3089
f 3084 3096 3089
f 3079 3080 3085
f 3035 3079 3085
f 3080 3086 3085
f 3080 3081 3086
f 3081 3087 3086
f 3081 3088 3087
f 3085 3086 3100
f 3086 3087 3101
f 3088 3089 3090
f 3089 3096 3091
f 3087 3088 3090
f 3089 3091 3090
f 3091 3096 3111
f 3005 3092 3084
f 3005 3006 3092
f 3006 3009 3093
f 3006 3093 3092
f 3084 3092 3096
f 3092 3093 3097
f 3009 3010 3094
f 3009 3094 3093
f 3010 3095 3094
f 3010 3124 3095
f 3093 3094 3098
f 3092 3097 3096
f 3093 3098 3097
f 3096 3097 3111
f 3097 3112 3111
f 3097 3098 3112
f 3098 3113 3112
f 3094 3099 3098
f 3094 3095 3099
f 3098 3099 3113
f 3086 3101 3100
f 3073 3100 3101
f 3087 3102 3101
f 3087 3090 3102
f 3101 3102 3106
f 3073 3101 3106
f 3102 3103 3107
f 3090 3091 3103
f 3090 3103 3102
f 3091 3104 3103
f 3091 3111 3104
f 3103 3104 3108
f 3104 3111 3105
f 3102 3107 3106
f 3103 3108 3107
f 3075 3106 3170
f 3106 3107 3170
f 3107 3171 3170
f 3107 3108 3171
f 3104 3109 3108
f 3104 3105 3109
f 3105 3110 3109
f 3108 3109 3172
f 3109 3110 3173
f 3105 3111 3112
f 3105 3112 3114
f 3112 3113 3114
f 3105 3114 3110
f 2972 3115 3117
f 3115 3116 3118
f 3115 3118 3117
f 2974 3117 3119
f 3117 3120 3119
f 3117 3118 3120
f 2979 3119 3121
f 3119 3120 3122
f 3119 3122 3121
f 3121 3122 3123
f 3008 3121 3123
f 3008 3123 3124
f 950 3210 3211
f 950 3211 3212
f 950 3212 3213
f 950 3213 3214
f 950 3214 3215
f 950 3215 3216
f 950 3216 3217
f 950 3217 3219
f 950 3219 3218
f 950 3218 3220
f 950 3224 3247
f 950 3221 3225
f 950 3225 3222
f 950 3220 3221
f 950 3222 3223
f 950 3223 3224
f 961 3249 3248
f 961 3250 3249
f 961 3251 3250
f 961 3252 3251
f 961 3253 3252
f 961 3254 3253
f 961 3255 3254
f 961 3257 3255
f 961 3256 3257
f 961 3258 3256
f 961 3285 3262
f 961 3263 3259
f 961 3260 3263
f 961 3259 3258
f 961 3261 3260
f 961 3262 3261
f 2792 3125 3126
f 2793 3126 3127
f 3127 3128 3130
f 3055 3128 3127
f 2793 3127 3130
f 3057 3129 3128
f 3128 3131 3130
f 3128 3129 3131
f 3129 3132 3135
f 3129 3135 3131
f 3132 3136 3135
f 3058 3132 3129
f 3059 3133 3132
f 3058 3059 3132
f 3059 3142 3133
f 3133 3142 3134
f 3132 3133 3136
f 3133 3134 3139
f 2806 3130 3131
f 2807 3131 3135
f 2807 3135 3137
f 3135 3136 3137
f 3136 3139 3138
f 3136 3138 3137
f 3138 3139 3155
f 3133 3139 3136
f 3134 3140 3139
f 3134 3145 3140
f 3139 3140 3155
f 3140 3145 3141
f 3140 3157 3155
f 3140 3141 3157
f 3134 3142 3143
f 3143 3144 3145
f 3072 3144 3143
f 3134 3143 3145
f 3144 3149 3145
f 3144 3146 3149
f 3146 3150 3149
f 3074 3146 3144
f 3074 3075 3146
f 3075 3147 3146
f 3075 3170 3147
f 3146 3147 3150
f 3147 3148 3152
f 3147 3170 3148
f 3141 3145 3149
f 3149 3150 3151
f 3141 3149 3151
f 3150 3165 3151
f 3150 3152 3165
f 3152 3166 3165
f 3147 3152 3150
f 3148 3174 3153
f 3148 3153 3152
f 3152 3153 3166
f 3153 3174 3154
f 3153 3154 3168
f 2835 3137 3138
f 2836 3138 3155
f 3155 3157 3156
f 2836 3155 3156
f 3156 3157 3160
f 3157 3158 3160
f 3158 3161 3160
f 3141 3158 3157
f 3141 3151 3158
f 3151 3159 3158
f 3158 3159 3161
f 2842 3156 3160
f 2842 3160 3162
f 3160 3161 3162
f 3161 3176 3162
f 3161 3163 3176
f 3163 3177 3176
f 3159 3163 3161
f 3159 3167 3163
f 3164 3167 3169
f 3163 3167 3164
f 3163 3164 3177
f 3151 3165 3159
f 3165 3166 3167
f 3159 3165 3167
f 3166 3169 3167
f 3166 3168 3169
f 3153 3168 3166
f 3148 3170 3171
f 3108 3172 3171
f 3148 3171 3174
f 3171 3172 3174
f 3172 3173 3175
f 3172 3175 3174
f 3109 3173 3172
f 3154 3174 3175
f 2909 3176 3177
f 3099 3230 3113
f 3113 3228 3114
f 3110 3114 3226
f 961 3268 3269
f 961 3199 3200
f 961 3200 3201
f 961 3201 3202
f 961 3202 3203
f 961 3203 3204
f 961 3204 3205
f 961 3205 3206
f 961 3206 3207
f 961 3207 3208
f 961 3208 3209
f 961 3209 3264
f 961 3264 3265
f 961 3265 3266
f 961 3266 3267
f 961 3267 3268
f 950 3246 3238
f 950 3247 3246
f 950 3238 3239
f 950 3239 3240
f 1677 3240 1679
f 1679 3240 3116
f 3116 3244 3118
f 3120 3241 3122
f 3122 3243 3123
f 3118 3245 3120
f 1046 3248 3210
f 3123 3237 3124
f 3095 3233 3099
f 3095 3124 3235
f 961 3279 3283
f 961 3269 3270
f 961 3270 3271
f 961 3271 3272
f 961 3272 3273
f 961 3273 3274
f 961 3274 3275
f 961 3275 3281
f 961 3280 3279
f 961 3281 3280
f 961 3276 3284
f 961 3284 3285
f 961 3277 3276
f 961 3278 3277
f 961 3282 3278
f 961 3283 3282
f 2673 2677 3178
f 3178 3180 3179
f 2677 3180 3178
f 3179 3180 3181
f 2688 3182 3180
f 3180 3182 3181
f 3181 3182 3183
f 3182 3184 3183
f 3183 3184 3185
f 2743 3185 3184
f 2743 3186 3185
f 2453 3199 2592
f 2904 3188 2912
f 3185 3186 3188
f 3186 3187 3188
f 2756 3188 3187
f 2756 2882 3188
f 2882 2883 3188
f 2883 2887 3188
f 2890 2912 3188
f 2887 2890 3188
f 2442 3185 3188
f 2453 3188 3199
f 3154 3188 3168
f 3168 3188 3169
f 2909 3188 2911
f 2904 2911 3188
f 2909 3177 3188
f 3164 3169 3188
f 3164 3188 3177
f 3154 3175 3191
f 3173 3194 3175
f 3110 3196 3173
f 3110 3197 3196
f 3114 3228 3227
f 3114 3227 3226
f 3110 3198 3197
f 3110 3226 3198
f 3116 3240 3244
f 3118 3244 3245
f 3095 3234 3233
f 3120 3245 3241
f 3122 3242 3243
f 3122 3241 3242
f 3123 3243 3237
f 3124 3237 3236
f 3124 3236 3235
f 3095 3235 3234
f 3113 3229 3228
f 3113 3230 3229
f 3099 3232 3231
f 3099 3233 3232
f 3099 3231 3230
f 3154 3189 3188
f 3154 3190 3189
f 3154 3191 3190
f 3175 3192 3191
f 3175 3193 3192
f 3175 3194 3193
f 3173 3195 3194
f 3173 3196 3195
f 3188 3189 3199
f 3189 3190 3200
f 3190 3191 3201
f 3191 3192 3202
f 3192 3193 3203
f 3193 3194 3204
f 3194 3195 3205
f 3195 3196 3206
f 3196 3197 3207
f 3197 3198 3208
f 3198 3226 3209
f 3189 3200 3199
f 3190 3201 3200
f 3191 3202 3201
f 3192 3203 3202
f 3193 3204 3203
f 3194 3205 3204
f 3196 3207 3206
f 3195 3206 3205
f 3197 3208 3207
f 3198 3209 3208
f 3210 3249 3211
f 3211 3250 3212
f 3212 3251 3213
f 3213 3252 3214
f 3214 3253 3215
f 3215 3254 3216
f 3216 3255 3217
f 3217 3257 3219
f 3218 3258 3220
f 3218 3219 3256
f 3220 3259 3221
f 3221 3263 3225
f 3222 3225 3260
f 3222 3261 3223
f 3224 3285 3247
f 3223 3262 3224
f 3226 3227 3264
f 3227 3228 3265
f 3228 3229 3266
f 3229 3230 3267
f 3230 3231 3268
f 3232 3233 3270
f 3231 3232 3269
f 3233 3234 3271
f 3234 3235 3272
f 3235 3236 3273
f 3236 3237 3274
f 3238 3277 3239
f 3239 3278 3240
f 3241 3245 3279
f 3237 3243 3275
f 3242 3281 3243
f 3241 3280 3242
f 3244 3283 3245
f 3240 3282 3244
f 3246 3247 3284
f 3238 3246 3276
f 3210 3248 3249
f 3211 3249 3250
f 3212 3250 3251
f 3213 3251 3252
f 3214 3252 3253
f 3215 3253 3254
f 3216 3254 3255
f 3217 3255 3257
f 3218 3256 3258
f 3219 3257 3256
f 3220 3258 3259
f 3221 3259 3263
f 3222 3260 3261
f 3223 3261 3262
f 3224 3262 3285
f 3225 3263 3260
f 3231 3269 3268
f 3227 3265 3264
f 3228 3266 3265
f 3209 3226 3264
f 3229 3267 3266
f 3230 3268 3267
f 3232 3270 3269
f 3233 3271 3270
f 3234 3272 3271
f 3235 3273 3272
f 3236 3274 3273
f 3237 3275 3274
f 3240 3278 3282
f 3239 3277 3278
f 3238 3276 3277
f 3245 3283 3279
f 3242 3280 3281
f 3243 3281 3275
f 3241 3279 3280
f 3244 3282 3283
f 3247 3285 3284
f 3246 3284 3276
f 166 162 163
f 162 172 164
f 162 165 163
f 162 164 165
f 164 175 165
f 166 169 167
f 166 163 169
f 167 169 170
f 167 170 168
f 168 170 171
f 166 172 162
f 166 167 172
f 167 168 172
f 168 178 172
f 172 173 176
f 172 176 175
f 174 177 173
f 173 177 176
f 168 171 178
f 178 171 179
f 178 179 184
f 184 179 185
f 178 184 172
f 174 173 184
f 172 184 173
f 174 184 180
f 180 184 181
f 174 180 182
f 174 182 177
f 180 181 183
f 180 183 182
f 184 208 181
f 184 209 208
f 184 186 214
f 181 210 183
f 184 185 186
f 186 185 187
f 186 187 214
f 172 175 164
f 198 202 930
f 196 199 197
f 197 200 198
f 197 199 200
f 198 200 201
f 198 201 202
f 202 201 205
f 202 203 930
f 203 204 930
f 222 931 930
f 222 934 931
f 222 935 934
f 202 205 203
f 203 205 206
f 204 206 207
f 203 206 204
f 184 222 209
f 181 208 210
f 208 211 210
f 208 209 211
f 209 222 212
f 209 212 213
f 209 213 211
f 212 219 213
f 184 214 216
f 214 187 215
f 214 215 216
f 184 216 222
f 216 215 217
f 212 222 218
f 220 218 222
f 212 218 219
f 220 221 218
f 218 221 219
f 222 930 204
f 222 936 935
f 222 944 936
f 220 222 204
f 222 224 944
f 220 204 207
f 220 207 221
f 224 225 944
f 222 217 223
f 222 216 217
f 222 223 224
f 224 223 225
f 762 763 770
f 763 764 771
f 764 765 772
f 766 767 774
f 766 773 765
f 767 768 775
f 768 1334 1342
f 762 770 769
f 763 771 770
f 764 772 771
f 765 773 772
f 766 774 773
f 767 775 774
f 768 1342 775
f 776 791 777
f 777 792 778
f 778 793 779
f 780 779 794
f 777 791 792
f 778 792 793
f 779 793 794
f 780 795 781
f 781 796 782
f 782 797 783
f 783 798 784
f 784 799 785
f 785 800 786
f 786 801 787
f 787 802 788
f 788 803 789
f 789 804 790
f 780 794 795
f 781 795 796
f 782 796 797
f 783 797 798
f 784 798 799
f 785 799 800
f 786 800 801
f 787 801 802
f 788 802 803
f 789 803 804
f 790 804 805
f 811 839 812
f 812 839 762
f 762 839 763
f 763 839 764
f 766 765 839
f 766 839 767
f 764 839 765
f 767 839 768
f 768 839 1334
f 808 839 809
f 808 807 839
f 806 839 807
f 814 813 839
f 814 839 806
f 776 839 813
f 776 777 839
f 777 778 839
f 780 839 779
f 780 781 839
f 781 782 839
f 782 783 839
f 783 784 839
f 784 785 839
f 785 786 839
f 778 779 839
f 809 839 810
f 810 839 811
f 808 809 818
f 814 806 815
f 806 807 816
f 808 817 807
f 810 811 820
f 809 810 819
f 811 812 821
f 812 762 769
f 814 823 813
f 776 813 822
f 814 815 823
f 807 817 816
f 808 818 817
f 806 816 815
f 809 819 818
f 810 820 819
f 811 821 820
f 812 769 821
f 813 823 822
f 776 822 791
f 786 787 839
f 787 788 839
f 788 789 839
f 789 790 839
f 790 824 839
f 824 825 839
f 825 826 839
f 826 827 839
f 827 828 839
f 828 829 839
f 829 830 839
f 830 831 839
f 831 832 839
f 832 833 839
f 833 834 839
f 834 835 839
f 835 836 839
f 836 837 839
f 837 838 839
f 790 805 824
f 824 840 825
f 825 841 826
f 826 842 827
f 827 843 828
f 828 844 829
f 829 845 830
f 830 846 831
f 831 847 832
f 832 848 833
f 824 805 840
f 825 840 841
f 826 841 842
f 827 842 843
f 828 843 844
f 829 844 845
f 830 845 846
f 831 846 847
f 832 847 848
f 833 848 849
f 833 849 834
f 834 850 835
f 835 851 836
f 836 852 837
f 837 853 838
f 838 854 839
f 839 855 1398
f 834 849 850
f 835 850 851
f 836 851 852
f 837 852 853
f 838 853 854
f 839 854 855
f 1398 855 1415
f 196 197 942
f 197 198 942
f 198 930 940
f 196 943 199
f 930 931 933
f 930 933 932
f 198 940 942
f 930 932 941
f 930 941 940
f 931 934 937
f 934 935 938
f 935 936 939
f 931 937 933
f 934 938 937
f 935 939 938
f 936 945 939
f 196 942 943
f 942 940 946
f 940 941 946
f 942 949 943
f 936 944 945
f 944 225 945
f 946 941 947
f 942 946 948
f 942 948 949
f 946 947 948
f 948 947 949
f 1334 1335 1343
f 1335 1336 1344
f 1336 1337 1345
f 1337 1338 1346
f 1338 1339 1347
f 1339 1340 1348
f 1340 1341 1349
f 1334 1343 1342
f 1335 1344 1343
f 1336 1345 1344
f 1337 1346 1345
f 1338 1347 1346
f 1339 1348 1347
f 1340 1349 1348
f 1334 839 1335
f 1335 839 1336
f 1336 839 1337
f 1337 839 1338
f 1338 839 1339
f 1339 839 1340
f 1340 839 1341
f 1341 839 1350
f 1350 839 1351
f 1351 839 1352
f 1352 839 1353
f 1353 839 1354
f 1354 839 1355
f 1355 839 1356
f 1356 839 1357
f 1357 839 1358
f 1358 839 1368
f 1368 839 1369
f 1369 839 1370
f 1370 839 1371
f 1371 839 1372
f 1372 839 1373
f 1373 839 1374
f 1374 839 1375
f 1375 839 1376
f 1376 839 1377
f 1378 1377 839
f 1341 1350 1359
f 1350 1351 1360
f 1351 1352 1361
f 1352 1353 1362
f 1353 1354 1363
f 1354 1355 1364
f 1355 1356 1365
f 1356 1357 1366
f 1357 1358 1367
f 1358 1368 1383
f 1341 1359 1349
f 1350 1360 1359
f 1351 1361 1360
f 1352 1362 1361
f 1353 1363 1362
f 1354 1364 1363
f 1355 1365 1364
f 1356 1366 1365
f 1357 1367 1366
f 1358 1383 1367
f 1368 1369 1384
f 1369 1370 1385
f 1370 1371 1386
f 1368 1384 1383
f 1369 1385 1384
f 1370 1386 1385
f 1371 1387 1386
f 1371 1372 1387
f 1372 1373 1388
f 1373 1374 1389
f 1374 1375 1390
f 1375 1376 1391
f 1376 1377 1392
f 1378 1393 1377
f 1378 1379 1394
f 1381 1396 1380
f 1379 1380 1395
f 1381 1382 1397
f 1372 1388 1387
f 1373 1389 1388
f 1374 1390 1389
f 1375 1391 1390
f 1376 1392 1391
f 1377 1393 1392
f 1378 1394 1393
f 1380 1396 1395
f 1379 1395 1394
f 1381 1397 1396
f 839 1398 1399
f 839 1399 1400
f 839 1400 1401
f 839 1401 1405
f 839 1405 1402
f 839 1402 1403
f 839 1403 1404
f 839 1413 1412
f 839 1404 1413
f 839 1406 1411
f 839 1414 1406
f 839 1412 1414
f 1378 839 1379
f 1379 839 1380
f 1381 1380 839
f 1381 839 1382
f 1407 839 1408
f 839 1410 1409
f 1408 839 1409
f 1407 1382 839
f 839 1411 1410
f 1398 1415 1399
f 1399 1416 1400
f 1400 1417 1401
f 1401 1418 1405
f 1402 1419 1403
f 1403 1420 1404
f 1405 1422 1402
f 1399 1415 1416
f 1400 1416 1417
f 1401 1417 1418
f 1403 1419 1420
f 1404 1420 1421
f 1405 1418 1422
f 1402 1422 1419
f 1406 1414 1431
f 1407 1424 1382
f 1408 1409 1426
f 1407 1408 1425
f 1411 1428 1410
f 1410 1427 1409
f 1406 1423 1411
f 1413 1430 1412
f 1404 1421 1413
f 1412 1429 1414
f 1406 1431 1423
f 1382 1424 1397
f 1407 1425 1424
f 1408 1426 1425
f 1409 1427 1426
f 1410 1428 1427
f 1411 1423 1428
f 1412 1430 1429
f 1413 1421 1430
f 1414 1429 1431
f 1991 1996 1992
f 1993 1992 1997
f 1993 1998 1994
f 1995 1994 1999
f 1992 1996 1997
f 1994 1998 1999
f 1993 1997 1998
f 1995 1999 2000
f 2014 2068 2013
f 2013 2068 2015
f 2015 2068 2001
f 2002 2001 2068
f 2002 2068 2003
f 2003 2068 2004
f 2004 2068 2005
f 2005 2068 2006
f 2006 2068 2007
f 2007 2068 2008
f 2008 2068 2529
f 2015 2001 2017
f 2002 2018 2001
f 2001 2018 2017
f 2003 2004 2020
f 2002 2003 2019
f 2004 2005 2021
f 2005 2006 2022
f 2006 2007 2023
f 2007 2008 2024
f 2008 2529 2546
f 2002 2019 2018
f 2003 2020 2019
f 2004 2021 2020
f 2005 2022 2021
f 2006 2023 2022
f 2007 2024 2023
f 2008 2546 2024
f 2009 2014 2030
f 2012 2009 2025
f 2016 2011 2027
f 2011 2010 2026
f 2012 2028 2010
f 2014 2013 2029
f 2013 2015 2031
f 1991 2016 2032
f 2009 2030 2025
f 2016 2027 2032
f 2011 2026 2027
f 2012 2025 2028
f 2010 2028 2026
f 2014 2029 2030
f 2013 2031 2029
f 2015 2017 2031
f 1991 2032 1996
f 1995 2000 2033
f 2033 2043 2034
f 2035 2034 2044
f 2035 2045 2036
f 2036 2046 2037
f 2037 2047 2038
f 2038 2048 2039
f 2039 2049 2040
f 2040 2050 2041
f 2041 2051 2042
f 2033 2000 2043
f 2034 2043 2044
f 2035 2044 2045
f 2036 2045 2046
f 2037 2046 2047
f 2038 2047 2048
f 2039 2048 2049
f 2040 2049 2050
f 2041 2050 2051
f 2042 2051 2052
f 2011 2068 2010
f 2016 2068 2011
f 2012 2068 2009
f 2009 2068 2014
f 2012 2010 2068
f 1991 1992 2068
f 1991 2068 2016
f 1993 2068 1992
f 1993 1994 2068
f 1995 2068 1994
f 1995 2033 2068
f 2033 2034 2068
f 2035 2068 2034
f 2035 2036 2068
f 2036 2037 2068
f 2037 2038 2068
f 2038 2039 2068
f 2039 2040 2068
f 2040 2041 2068
f 2041 2042 2068
f 2042 2053 2068
f 2053 2054 2068
f 2054 2055 2068
f 2055 2056 2068
f 2056 2057 2068
f 2057 2058 2068
f 2058 2059 2068
f 2059 2060 2068
f 2060 2061 2068
f 2061 2062 2068
f 2062 2063 2068
f 2063 2064 2068
f 2064 2065 2068
f 2065 2066 2068
f 2066 2067 2068
f 2042 2052 2053
f 2053 2052 2069
f 2053 2069 2054
f 2054 2070 2055
f 2055 2071 2056
f 2056 2072 2057
f 2057 2073 2058
f 2058 2074 2059
f 2059 2075 2060
f 2060 2076 2061
f 2061 2077 2062
f 2054 2069 2070
f 2055 2070 2071
f 2056 2071 2072
f 2057 2072 2073
f 2058 2073 2074
f 2059 2074 2075
f 2060 2075 2076
f 2061 2076 2077
f 2062 2077 2078
f 2062 2078 2063
f 2063 2079 2064
f 2064 2080 2065
f 2065 2081 2066
f 2066 2082 2067
f 2067 2083 2068
f 2068 2084 2575
f 2063 2078 2079
f 2064 2079 2080
f 2065 2080 2081
f 2066 2081 2082
f 2067 2082 2083
f 2068 2083 2084
f 2575 2084 2592
f 2529 2068 2530
f 2530 2068 2531
f 2531 2068 2532
f 2068 2533 2532
f 2068 2534 2533
f 2068 2535 2534
f 2068 2536 2535
f 2068 2537 2536
f 2068 2538 2537
f 2068 2539 2538
f 2068 2540 2539
f 2529 2530 2547
f 2530 2531 2548
f 2531 2532 2549
f 2532 2533 2550
f 2533 2534 2551
f 2534 2535 2552
f 2535 2536 2553
f 2529 2547 2546
f 2530 2548 2547
f 2531 2549 2548
f 2532 2550 2549
f 2533 2551 2550
f 2534 2552 2551
f 2535 2553 2552
f 2536 2537 2554
f 2536 2554 2553
f 2537 2555 2554
f 2537 2538 2555
f 2538 2539 2556
f 2539 2540 2557
f 2540 2541 2558
f 2541 2542 2559
f 2542 2543 2560
f 2543 2544 2561
f 2544 2545 2562
f 2545 2563 2568
f 2538 2556 2555
f 2539 2557 2556
f 2540 2558 2557
f 2541 2559 2558
f 2542 2560 2559
f 2543 2561 2560
f 2544 2562 2561
f 2545 2568 2562
f 2563 2564 2569
f 2564 2565 2570
f 2565 2566 2571
f 2566 2567 2572
f 2563 2569 2568
f 2564 2570 2569
f 2565 2571 2570
f 2566 2572 2571
f 2068 2541 2540
f 2068 2542 2541
f 2068 2543 2542
f 2068 2544 2543
f 2068 2545 2544
f 2068 2563 2545
f 2068 2564 2563
f 2068 2565 2564
f 2068 2566 2565
f 2068 2567 2566
f 2068 2607 2567
f 2068 2608 2607
f 2068 2609 2608
f 2068 2610 2609
f 2068 2611 2610
f 2068 2612 2611
f 2068 2614 2612
f 2068 2582 2586
f 2068 2573 2574
f 2068 2574 2577
f 2068 2577 2578
f 2068 2578 2580
f 2068 2575 2576
f 2068 2576 2573
f 2068 2588 2589
f 2068 2580 2579
f 2068 2579 2588
f 2068 2589 2581
f 2068 2581 2582
f 2068 2615 2613
f 2068 2613 2614
f 2068 2616 2615
f 2068 2584 2616
f 2068 2583 2584
f 2068 2585 2583
f 2068 2587 2585
f 2068 2586 2587
f 2584 2601 2616
f 2616 2601 2626
f 2573 2590 2574
f 2574 2591 2577
f 2575 2592 2576
f 2576 2593 2573
f 2577 2594 2578
f 2578 2595 2580
f 2580 2597 2579
f 2574 2590 2591
f 2576 2592 2593
f 2573 2593 2590
f 2577 2591 2594
f 2578 2594 2595
f 2579 2597 2596
f 2580 2595 2597
f 2589 2606 2581
f 2581 2598 2582
f 2587 2604 2585
f 2584 2583 2600
f 2585 2602 2583
f 2587 2586 2603
f 2582 2599 2586
f 2579 2596 2588
f 2588 2605 2589
f 2581 2606 2598
f 2582 2598 2599
f 2585 2604 2602
f 2583 2602 2600
f 2584 2600 2601
f 2586 2599 2603
f 2587 2603 2604
f 2588 2596 2605
f 2589 2605 2606
f 2567 2607 2617
f 2607 2608 2618
f 2608 2609 2619
f 2609 2610 2620
f 2610 2611 2621
f 2612 2622 2611
f 2612 2614 2624
f 2614 2613 2623
f 2613 2615 2625
f 2616 2626 2615
f 2567 2617 2572
f 2607 2618 2617
f 2608 2619 2618
f 2609 2620 2619
f 2610 2621 2620
f 2611 2622 2621
f 2612 2624 2622
f 2614 2623 2624
f 2613 2625 2623
f 2615 2626 2625

