# https://github.com/mikedh/trimesh
v 41.45397913 -4.26878655 0.49999999
v 41.28454280 -4.02820551 0.49999999
v 41.39358497 -4.19139862 0.49999999
v 41.33706081 -4.11114049 0.49999999
v 41.11691189 -3.67377973 0.49999999
v 41.08611929 -3.58056933 0.49999999
v 41.23615742 -3.94279349 0.49999999
v 41.19202137 -3.85511017 0.49999999
v 41.15224099 -3.76536685 0.49999999
v 41.49352944 -3.53902376 0.00000000
v 41.05993748 -3.48596036 0.49999999
v 41.03842950 -3.39018065 0.49999999
v 41.02164698 -3.29346094 0.49999999
v 41.00963056 -3.19603428 0.49999999
v 41.00240910 -3.09813535 0.49999999
v 41.46889544 -3.46445549 0.00000000
v 41.44795001 -3.38876829 0.00000000
v 41.43074358 -3.31214452 0.00000000
v 41.41731763 -3.23476876 0.00000000
v 41.40770447 -3.15682742 0.00000000
v 41.40192723 -3.07850828 0.00000000
v 41.73121345 -4.54602087 0.49999999
v 41.80860138 -4.60641503 0.49999999
v 42.05720651 -4.76384258 0.49999999
v 42.14488983 -4.80797863 0.49999999
v 42.23463315 -4.84775901 0.49999999
v 41.88885951 -4.66293919 0.49999999
v 41.97179449 -4.71545720 0.49999999
v 41.58578646 -4.41421354 0.49999999
v 41.65688205 -4.48190224 0.49999999
v 41.51809776 -4.34311795 0.49999999
v 41.86862910 -4.13137090 0.00000000
v 41.76318324 -4.01502931 0.00000000
v 41.81447816 -4.07449436 0.00000000
v 42.04688114 -4.28513205 0.00000000
v 42.24576521 -4.41107404 0.00000000
v 42.11108762 -4.33035135 0.00000000
v 42.17743564 -4.37236583 0.00000000
v 41.92550564 -4.18552184 0.00000000
v 41.98497069 -4.23681676 0.00000000
v 42.32622027 -4.88308811 0.49999999
v 42.41943067 -4.91388071 0.49999999
v 42.51403964 -4.94006252 0.49999999
v 42.60981935 -4.96157050 0.49999999
v 42.46097624 -4.50647056 0.00000000
v 42.53554451 -4.53110456 0.00000000
v 42.61123171 -4.55204999 0.00000000
v 42.70653906 -4.97835302 0.49999999
v 42.80396572 -4.99036944 0.49999999
v 42.90186465 -4.99759090 0.49999999
v 42.68785548 -4.56925642 0.00000000
v 42.76523124 -4.58268237 0.00000000
v 42.84317258 -4.59229553 0.00000000
v 42.92149172 -4.59807277 0.00000000
v 42.31591183 -4.44638288 0.00000000
v 42.38770652 -4.47820723 0.00000000
v 41.66964865 -3.88891238 0.00000000
v 41.58892596 -3.75423479 0.00000000
v 41.62763417 -3.82256436 0.00000000
v 41.71486795 -3.95311886 0.00000000
v 41.55361712 -3.68408817 0.00000000
v 41.52179277 -3.61229348 0.00000000
v 37.70789814 -6.77380323 9.80000000
v 37.51098108 -6.62775970 9.80000000
v 37.54840994 -6.65951562 9.80000000
v 37.40520382 -6.52538848 9.80000000
v 37.43933964 -6.56066012 9.80000000
v 37.47461176 -6.59479618 9.80000000
v 37.58685780 -6.69003010 9.80000000
v 37.62628365 -6.71926999 9.80000000
v 37.66664457 -6.74720430 9.80000000
v 37.37224007 -6.48901868 9.80000000
v 37.34048414 -6.45158982 9.80000000
v 37.30996990 -6.41314220 9.80000000
v 37.28072977 -6.37371659 9.80000000
v 37.25279570 -6.33335543 9.80000000
v 37.22619677 -6.29210186 9.80000000
v 37.17711830 -6.20709515 9.80000000
v 37.15469074 -6.16343307 9.80000000
v 37.13370419 -6.11906052 9.80000000
v 37.11418056 -6.07402515 9.80000000
v 37.09614134 -6.02837515 9.80000000
v 37.20096207 -6.25000000 9.80000000
v 37.92597485 -6.88581920 9.80000000
v 37.79290485 -6.82288194 9.80000000
v 37.83656693 -6.84530902 9.80000000
v 37.75000000 -6.79903817 9.80000000
v 37.88093948 -6.86629581 9.80000000
v 37.97162485 -6.90385890 9.80000000
v 38.01784086 -6.92039514 9.80000000
v 38.11177158 -6.94888878 9.80000000
v 38.06457281 -6.93541050 9.80000000
v 38.15938568 -6.96081543 9.80000000
v 38.20736456 -6.97117782 9.80000000
v 38.25565672 -6.97996497 9.80000000
v 38.30421066 -6.98716736 9.80000000
v 38.35297441 -6.99277711 9.80000000
v 38.40189552 -6.99678850 9.80000000
v 38.45092154 -6.99919677 9.80000000
v 37.70789814 -6.77380323 12.19999962
v 37.51098108 -6.62775970 12.19999962
v 37.54840994 -6.65951562 12.19999962
v 37.40520382 -6.52538848 12.19999962
v 37.43933964 -6.56066012 12.19999962
v 37.47461176 -6.59479618 12.19999962
v 37.58685780 -6.69003010 12.19999962
v 37.62628365 -6.71926999 12.19999962
v 37.66664457 -6.74720430 12.19999962
v 37.37224007 -6.48901868 12.19999962
v 37.34048414 -6.45158982 12.19999962
v 37.30996990 -6.41314220 12.19999962
v 37.28072977 -6.37371659 12.19999962
v 37.25279570 -6.33335543 12.19999962
v 37.22619677 -6.29210186 12.19999962
v 37.17711830 -6.20709515 12.19999962
v 37.15469074 -6.16343307 12.19999962
v 37.13370419 -6.11906052 12.19999962
v 37.11418056 -6.07402515 12.19999962
v 37.09614134 -6.02837515 12.19999962
v 37.20096207 -6.25000000 12.19999962
v 37.92597485 -6.88581920 12.19999962
v 37.79290485 -6.82288194 12.19999962
v 37.83656693 -6.84530902 12.19999962
v 37.75000000 -6.79903817 12.19999962
v 37.88093948 -6.86629581 12.19999962
v 37.97162485 -6.90385890 12.19999962
v 38.01784086 -6.92039514 12.19999962
v 38.11177158 -6.94888878 12.19999962
v 38.06457281 -6.93541050 12.19999962
v 38.15938568 -6.96081543 12.19999962
v 38.20736456 -6.97117782 12.19999962
v 38.25565672 -6.97996497 12.19999962
v 38.30421066 -6.98716736 12.19999962
v 38.35297441 -6.99277711 12.19999962
v 38.40189552 -6.99678850 12.19999962
v 38.45092154 -6.99919677 12.19999962
v 37.07960463 -5.98215914 9.80000000
v 37.06458950 -5.93542695 9.80000000
v 37.05111122 -5.88822865 9.80000000
v 37.03918457 -5.84061432 9.80000000
v 37.02882195 -5.79263544 9.80000000
v 37.02003479 -5.74434328 9.80000000
v 37.01283264 -5.69578934 9.80000000
v 37.00722313 -5.64702582 9.80000000
v 37.00321150 -5.59810472 9.80000000
v 37.00080299 -5.54907870 9.80000000
v 37.00000000 -5.50000000 9.80000000
v 37.07960463 -5.98215914 12.19999962
v 37.06458950 -5.93542695 12.19999962
v 37.05111122 -5.88822865 12.19999962
v 37.03918457 -5.84061432 12.19999962
v 37.02882195 -5.79263544 12.19999962
v 37.02003479 -5.74434328 12.19999962
v 37.01283264 -5.69578934 12.19999962
v 37.00722313 -5.64702582 12.19999962
v 37.00321150 -5.59810472 12.19999962
v 37.00080299 -5.54907870 12.19999962
v 37.00000000 -5.50000000 12.19999962
v 38.50000000 -7.00000000 9.80000000
v 38.50000000 -7.00000000 12.19999962
v 38.34671879 -3.78437501 11.80000000
v 38.34671879 -3.78437501 12.19999962
v 38.34671879 -3.49890625 11.80000000
v 38.34671879 -3.49890625 12.19999962
v 39.33390617 -4.29999995 11.80000000
v 39.33390617 -4.29999995 12.19999962
v 39.62828135 -4.29999995 11.80000000
v 39.62828135 -4.29999995 12.19999962
v 38.58671856 -3.53828126 11.80000000
v 38.58671856 -3.53828126 12.19999962
v 39.33390617 -3.78437501 11.80000000
v 39.33390617 -3.78437501 12.19999962
v 39.33390617 -3.53828126 11.80000000
v 39.33390617 -3.53828126 12.19999962
v 39.62828135 -3.78437501 11.80000000
v 39.94046879 -3.78437501 11.80000000
v 39.62828135 -3.78437501 12.19999962
v 39.94046879 -3.78437501 12.19999962
v 39.62828135 -3.53828126 11.80000000
v 39.94046879 -3.53828126 11.80000000
v 39.62828135 -3.53828126 12.19999962
v 39.94046879 -3.53828126 12.19999962
v 41.35057747 -5.00982714 9.80000000
v 41.45118177 -5.08833957 9.80000000
v 41.48621500 -5.04110265 9.79711037
v 41.77436852 -5.29299521 9.80000000
v 41.55551744 -5.16182089 9.80000000
v 41.66333282 -5.23009443 9.80000000
v 41.58819067 -5.11292195 9.79711037
v 41.62054920 -5.06449389 9.78847103
v 41.65228152 -5.01700330 9.77416401
v 41.69356740 -5.17965102 9.79711037
v 41.72351074 -5.12969375 9.78847103
v 41.80209148 -5.24112916 9.79711037
v 41.82954741 -5.18976259 9.78847103
v 41.85647202 -5.13939047 9.77416401
v 41.75287461 -5.08070302 9.77416401
v 41.78137600 -5.03315115 9.75432758
v 42.00502306 -5.40208673 9.80000000
v 41.88835680 -5.35037208 9.80000000
v 41.91350138 -5.29720831 9.79711037
v 42.02752882 -5.34775305 9.79711037
v 42.04981780 -5.29394293 9.78847103
v 42.12408638 -5.44801450 9.80000000
v 42.14389896 -5.39264202 9.79711037
v 42.24525982 -5.48804498 9.80000000
v 42.16352075 -5.33780289 9.78847103
v 42.18276274 -5.28402519 9.77416401
v 41.93840384 -5.24455643 9.78847103
v 41.96282434 -5.19292355 9.77416401
v 41.98652768 -5.14280725 9.75432758
v 42.03087890 -5.04903436 9.69888191
v 42.05109960 -5.00628138 9.66380672
v 41.88260591 -5.09049726 9.75432758
v 41.90769744 -5.04355431 9.72915249
v 42.00928563 -5.09468961 9.72915249
v 42.23638594 -5.13415837 9.69888191
v 42.07167536 -5.24117398 9.77416401
v 42.09289104 -5.18995476 9.75432758
v 42.11326051 -5.14077854 9.72915249
v 42.20143968 -5.23182654 9.75432758
v 42.21937168 -5.18171000 9.72915249
v 42.13258761 -5.09411883 9.69888191
v 42.15068614 -5.05042505 9.66380672
v 42.16738188 -5.01011801 9.62426453
v 42.36825150 -5.52208138 9.80000000
v 42.49276519 -5.55004168 9.80000000
v 42.61850077 -5.57185888 9.80000000
v 42.62713003 -5.51368523 9.79711037
v 42.74515542 -5.58748031 9.80000000
v 42.75091985 -5.52895308 9.79711037
v 42.87242405 -5.59686828 9.80000000
v 42.87530973 -5.53812885 9.79711037
v 43.00000000 -5.59999990 9.80000000
v 43.00000000 -5.54118967 9.79711037
v 42.26233155 -5.43176699 9.79711037
v 42.27923888 -5.37603092 9.78847103
v 42.38254124 -5.46503353 9.79711037
v 42.39669341 -5.40853500 9.78847103
v 42.29581898 -5.32137370 9.77416401
v 42.31191212 -5.26832175 9.75432758
v 42.41057158 -5.35313010 9.77416401
v 42.42404222 -5.29935241 9.75432758
v 42.50423849 -5.49236155 9.79711037
v 42.51560131 -5.43523669 9.78847103
v 42.52674419 -5.37921762 9.77416401
v 42.53755987 -5.32484365 9.75432758
v 42.54794413 -5.27263832 9.72915249
v 42.49682516 -5.00878644 9.48283844
v 42.60090914 -5.00636530 9.42961006
v 42.59599775 -5.03105640 9.48283844
v 42.34202397 -5.16905642 9.69888191
v 42.32736337 -5.21738577 9.72915249
v 42.43697560 -5.24771953 9.72915249
v 42.25231880 -5.08962893 9.66380672
v 42.26701665 -5.04855132 9.62426453
v 42.28033799 -5.01132059 9.58063583
v 42.36841720 -5.08204937 9.62426453
v 42.35575265 -5.12379885 9.66380672
v 42.37989569 -5.04420996 9.58063583
v 42.39007759 -5.01064467 9.53334217
v 42.44924706 -5.19872904 9.69888191
v 42.46073854 -5.15285254 9.66380672
v 42.55779698 -5.22310472 9.69888191
v 42.57553497 -5.13392973 9.62426453
v 42.56702355 -5.17671967 9.66380672
v 42.47133929 -5.11053181 9.62426453
v 42.48094726 -5.07217479 9.58063583
v 42.48946989 -5.03815031 9.53334217
v 42.58324927 -5.09514737 9.58063583
v 42.59009218 -5.06074572 9.53334217
v 42.63567618 -5.45607162 9.78847103
v 42.64405695 -5.39957333 9.77416401
v 42.75662875 -5.47098970 9.78847103
v 42.76222716 -5.41414809 9.77416401
v 42.77782868 -5.25574327 9.69888191
v 42.65219155 -5.34473395 9.75432758
v 42.66000172 -5.29208207 9.72915249
v 42.76766115 -5.35897589 9.75432758
v 42.77287841 -5.30600429 9.72915249
v 42.87816762 -5.47995496 9.78847103
v 42.88097020 -5.42290711 9.77416401
v 43.00000000 -5.48294592 9.78847103
v 43.00000000 -5.42582917 9.77416401
v 42.88878037 -5.26392746 9.69888191
v 42.88369048 -5.36753464 9.75432758
v 42.88630226 -5.31437087 9.72915249
v 42.80283570 -5.00184274 9.31705456
v 42.70274815 -5.00390911 9.37417107
v 42.69983754 -5.02353096 9.42961006
v 42.69614360 -5.04843354 9.48283844
v 42.79948905 -5.03582191 9.42961006
v 42.80143337 -5.01608086 9.37417107
v 42.79702148 -5.06087565 9.48283844
v 42.90172289 -5.00047660 9.25880985
v 42.90129896 -5.00910592 9.31705456
v 42.89838834 -5.06835270 9.48283844
v 42.89962362 -5.04320812 9.42961006
v 42.90059695 -5.02339554 9.37417107
v 42.66741222 -5.24212480 9.69888191
v 42.67435166 -5.19534278 9.66380672
v 42.68075323 -5.15218687 9.62426453
v 42.78246428 -5.20867729 9.66380672
v 42.78674059 -5.16525912 9.62426453
v 42.79061639 -5.12590742 9.58063583
v 42.68655527 -5.11307263 9.58063583
v 42.69170192 -5.07837677 9.53334217
v 42.79405440 -5.09100080 9.53334217
v 42.89110097 -5.21669078 9.66380672
v 42.89324170 -5.17311525 9.62426453
v 42.89518194 -5.13362050 9.58063583
v 42.89690302 -5.09858727 9.53334217
v 40.70700479 -4.22563148 9.80000000
v 40.64962792 -4.11164320 9.80000000
v 40.70279169 -4.08649862 9.79711037
v 40.91166043 -4.54881823 9.80000000
v 40.99017286 -4.64942253 9.80000000
v 41.07352710 -4.74605334 9.80000000
v 41.11710262 -4.70655870 9.79711037
v 40.95889735 -4.51378500 9.79711037
v 41.03563380 -4.61211371 9.79711037
v 41.08065689 -4.57516420 9.78847103
v 41.12480867 -4.53892970 9.77416401
v 41.25394666 -4.92647290 9.80000000
v 41.29344130 -4.88289738 9.79711037
v 41.16152239 -4.83847761 9.80000000
v 41.20310748 -4.79689252 9.79711037
v 41.24429214 -4.75570786 9.78847103
v 41.38788629 -4.96436620 9.79711037
v 41.42483580 -4.91934311 9.78847103
v 41.46107030 -4.87519133 9.77416401
v 41.33255553 -4.83974147 9.78847103
v 41.37091267 -4.79742086 9.77416401
v 41.49624050 -4.83233619 9.75432758
v 41.40814340 -4.75634313 9.75432758
v 41.16025853 -4.66744447 9.78847103
v 41.20257914 -4.62908733 9.77416401
v 41.28467977 -4.71532023 9.77416401
v 41.16766381 -4.50375950 9.75432758
v 41.24365687 -4.59185660 9.75432758
v 41.28309619 -4.55611086 9.72915249
v 41.47780561 -4.67948270 9.69888191
v 41.32388115 -4.67611885 9.75432758
v 41.36151910 -4.63848090 9.72915249
v 41.44388914 -4.71690381 9.72915249
v 41.39723086 -4.60276914 9.69888191
v 41.32051730 -4.52219439 9.69888191
v 41.43067265 -4.56932735 9.66380672
v 41.46152234 -4.53847766 9.62426453
v 41.48948288 -4.51051712 9.58063583
v 40.83817911 -4.44448256 9.80000000
v 40.88707805 -4.41180933 9.79711037
v 40.93550611 -4.37945080 9.78847103
v 40.76990557 -4.33666718 9.80000000
v 40.82034898 -4.30643260 9.79711037
v 40.87030625 -4.27648926 9.78847103
v 41.00567925 -4.47908914 9.78847103
v 41.05155575 -4.44506478 9.77416401
v 41.09608495 -4.41203964 9.75432758
v 41.11534286 -4.25928760 9.69888191
v 40.98299670 -4.34771848 9.77416401
v 41.02909279 -4.31691813 9.75432758
v 41.07335019 -4.28734624 9.72915249
v 40.75887084 -4.19790852 9.79711037
v 40.81023741 -4.17045259 9.78847103
v 40.91929698 -4.24712539 9.77416401
v 40.86060953 -4.14352798 9.77416401
v 40.75544357 -4.06159616 9.78847103
v 40.80707645 -4.03717566 9.77416401
v 40.90950274 -4.11739409 9.75432758
v 40.85719275 -4.01347232 9.75432758
v 41.05582273 -4.16529500 9.69888191
v 41.09638798 -4.14098120 9.66380672
v 40.96684885 -4.21862400 9.75432758
v 41.01250386 -4.19125926 9.72915249
v 41.00098622 -4.06849515 9.69888191
v 41.08117223 -4.02563477 9.62426453
v 41.11604536 -4.00699472 9.58063583
v 41.04269564 -4.04620099 9.66380672
v 40.95644569 -4.09230256 9.72915249
v 41.46560335 -4.39069605 9.48283844
v 41.45397913 -4.26878655 9.19999962
v 41.45174575 -4.27061939 9.25880985
v 41.44506717 -4.27610040 9.31705456
v 41.39921343 -4.31373155 9.48283844
v 41.49895465 -4.36046815 9.37417107
v 41.48425686 -4.37378955 9.42961006
v 41.43400776 -4.28517663 9.37417107
v 41.41867399 -4.29776073 9.42961006
v 41.24784982 -4.43795252 9.69888191
v 41.28440845 -4.40794969 9.66380672
v 41.20880961 -4.46999204 9.72915249
v 41.13883805 -4.38033175 9.72915249
v 41.17940331 -4.35024655 9.69888191
v 41.21739006 -4.32207358 9.66380672
v 41.25243247 -4.29608440 9.62426453
v 41.31236601 -4.25163472 9.53334217
v 41.28419316 -4.27252913 9.58063583
v 41.38788605 -4.46113491 9.62426453
v 41.35555971 -4.49043381 9.66380672
v 41.31813335 -4.38027227 9.62426453
v 41.44317412 -4.41102481 9.53334217
v 41.41718483 -4.43457997 9.58063583
v 41.34869993 -4.35518694 9.58063583
v 41.37581360 -4.33293533 9.53334217
v 41.29908562 -4.13651466 9.42961006
v 41.27815342 -4.15050113 9.48283844
v 41.28454280 -4.02820551 9.19999962
v 41.27465415 -4.03413248 9.31705456
v 41.28206468 -4.02969086 9.25880985
v 41.22377503 -4.06462824 9.48283844
v 41.26238263 -4.04148769 9.37417107
v 41.24536836 -4.05168569 9.42961006
v 41.39358497 -4.19139862 9.19999962
v 41.39126432 -4.19311965 9.25880985
v 41.38432491 -4.19826627 9.31705456
v 41.35690057 -4.21860552 9.42961006
v 41.37283337 -4.20678902 9.37417107
v 41.33667994 -4.23360229 9.48283844
v 41.31557906 -4.12549412 9.37417107
v 41.33706081 -4.11114049 9.19999962
v 41.33465850 -4.11274564 9.25880985
v 41.32747495 -4.11754549 9.31705456
v 41.19094169 -4.20877409 9.62426453
v 41.15466630 -4.23301256 9.66380672
v 41.25298405 -4.16731870 9.53334217
v 41.22381985 -4.18680561 9.58063583
v 41.13380909 -4.11855185 9.62426453
v 41.16772556 -4.09822309 9.58063583
v 41.19781077 -4.08019066 9.53334217
v 40.55198550 -3.87591362 9.80000000
v 40.51195502 -3.75474018 9.80000000
v 40.59791327 -3.99497694 9.80000000
v 40.65224695 -3.97247118 9.79711037
v 40.70605707 -3.95018220 9.78847103
v 40.60735798 -3.85610104 9.79711037
v 40.66219711 -3.83647925 9.78847103
v 40.71597481 -3.81723726 9.77416401
v 40.47791862 -3.63174850 9.80000000
v 40.44995832 -3.50723481 9.80000000
v 40.53496647 -3.61745876 9.79711037
v 40.56823301 -3.73766845 9.79711037
v 40.62396908 -3.72076112 9.78847103
v 40.67862630 -3.70418102 9.77416401
v 40.73167825 -3.68808788 9.75432758
v 40.59146500 -3.60330659 9.78847103
v 40.64686990 -3.58942842 9.77416401
v 40.70064759 -3.57595778 9.75432758
v 40.42814112 -3.38149923 9.80000000
v 40.50763845 -3.49576151 9.79711037
v 40.41251969 -3.25484458 9.80000000
v 40.48631477 -3.37286997 9.79711037
v 40.54392838 -3.36432382 9.78847103
v 40.56476331 -3.48439869 9.78847103
v 40.62078238 -3.47325581 9.77416401
v 40.67515635 -3.46244013 9.75432758
v 40.72736168 -3.45205587 9.72915249
v 40.60042667 -3.35594305 9.77416401
v 40.65526605 -3.34780845 9.75432758
v 40.70791793 -3.33999828 9.72915249
v 40.40313172 -3.12757595 9.80000000
v 40.47104692 -3.24908015 9.79711037
v 40.52901030 -3.24337125 9.78847103
v 40.46187115 -3.12469027 9.79711037
v 40.52004504 -3.12183238 9.78847103
v 40.74425673 -3.22217132 9.69888191
v 40.58585191 -3.23777284 9.77416401
v 40.64102411 -3.23233885 9.75432758
v 40.69399571 -3.22712159 9.72915249
v 40.73607254 -3.11121963 9.69888191
v 40.57709289 -3.11902980 9.77416401
v 40.63246536 -3.11630952 9.75432758
v 40.68562913 -3.11369774 9.72915249
v 41.11004519 -3.78284490 9.42961006
v 41.08678663 -3.79247892 9.48283844
v 40.75882602 -3.92832464 9.77416401
v 40.81004524 -3.90710896 9.75432758
v 40.90531039 -3.99071437 9.72915249
v 40.85922146 -3.88673949 9.72915249
v 40.90588117 -3.86741239 9.69888191
v 40.86584163 -3.76361406 9.69888191
v 40.76817346 -3.79856032 9.75432758
v 40.81829000 -3.78062832 9.72915249
v 40.95096564 -3.96912110 9.69888191
v 40.99371862 -3.94890040 9.66380672
v 41.03315806 -3.93024701 9.62426453
v 41.06890368 -3.91334051 9.58063583
v 41.10061157 -3.89834380 9.53334217
v 40.98988199 -3.83261812 9.62426453
v 41.02641439 -3.81748593 9.58063583
v 40.94957495 -3.84931386 9.66380672
v 41.05881989 -3.80406314 9.53334217
v 41.11691189 -3.67377973 9.19999962
v 41.11419165 -3.67475301 9.25880985
v 41.10605693 -3.67766362 9.31705456
v 41.07390940 -3.68916625 9.42961006
v 41.05020607 -3.69764745 9.48283844
v 41.09258628 -3.68248355 9.37417107
v 41.08611929 -3.58056933 9.19999962
v 41.07508695 -3.58391601 9.31705456
v 41.08335459 -3.58140802 9.25880985
v 41.01832271 -3.60113519 9.48283844
v 40.99121356 -3.50317484 9.48283844
v 41.04241371 -3.59382731 9.42961006
v 41.06139600 -3.58806908 9.37417107
v 40.83094358 -3.65797603 9.69888191
v 40.91037107 -3.74768120 9.66380672
v 40.91795063 -3.63158280 9.62426453
v 40.87620115 -3.64424735 9.66380672
v 40.78261423 -3.67263663 9.72915249
v 40.80127096 -3.55075294 9.69888191
v 40.88946819 -3.52866071 9.62426453
v 40.92782521 -3.51905274 9.58063583
v 40.84714746 -3.53926146 9.66380672
v 40.75228047 -3.56302440 9.72915249
v 40.95144868 -3.73298335 9.62426453
v 40.98867941 -3.71966201 9.58063583
v 41.02170455 -3.70784539 9.53334217
v 40.95579004 -3.62010431 9.58063583
v 40.98935533 -3.60992241 9.53334217
v 40.96184969 -3.51053011 9.53334217
v 41.23615742 -3.94279349 9.19999962
v 41.23360944 -3.94415540 9.25880985
v 41.22598994 -3.94822812 9.31705456
v 41.21337235 -3.95497239 9.37417107
v 41.19587815 -3.96432322 9.42961006
v 41.17367578 -3.97619063 9.48283844
v 41.12797630 -3.88540131 9.48283844
v 41.19202137 -3.85511017 9.19999962
v 41.18940961 -3.85634547 9.25880985
v 41.18159950 -3.86003941 9.31705456
v 41.15224099 -3.76536685 9.19999962
v 41.14957166 -3.76647252 9.25880985
v 41.14158964 -3.76977873 9.31705456
v 41.16866612 -3.86615640 9.37417107
v 41.15073419 -3.87463760 9.42961006
v 41.12837172 -3.77525377 9.37417107
v 41.14697909 -3.99046028 9.53334217
v 41.02712214 -3.39242980 9.31705456
v 41.05993748 -3.48596036 9.19999962
v 41.05713487 -3.48666236 9.25880985
v 41.04875422 -3.48876163 9.31705456
v 41.03842950 -3.39018065 9.19999962
v 41.03559577 -3.39074430 9.25880985
v 41.01563394 -3.49705783 9.42961006
v 41.01309001 -3.39522097 9.37417107
v 40.99363470 -3.39909086 9.42961006
v 40.96894360 -3.40400225 9.48283844
v 41.03487599 -3.49223796 9.37417107
v 41.02164698 -3.29346094 9.19999962
v 41.01878905 -3.29388487 9.25880985
v 41.01024294 -3.29515257 9.31705456
v 40.97646904 -3.30016246 9.42961006
v 40.99609089 -3.29725185 9.37417107
v 40.95156646 -3.30385640 9.48283844
v 40.77689528 -3.44220302 9.69888191
v 40.82328033 -3.43297645 9.66380672
v 40.86607027 -3.42446503 9.62426453
v 40.90485263 -3.41675073 9.58063583
v 40.75787520 -3.33258778 9.69888191
v 40.80465722 -3.32564834 9.66380672
v 40.84781313 -3.31924677 9.62426453
v 40.88692737 -3.31344473 9.58063583
v 40.92162323 -3.30829808 9.53334217
v 40.93925428 -3.40990782 9.53334217
v 40.93164730 -3.10161166 9.48283844
v 41.00963056 -3.19603428 9.19999962
v 41.00675535 -3.19631746 9.25880985
v 40.99815726 -3.19716430 9.31705456
v 40.98391914 -3.19856663 9.37417107
v 40.96417809 -3.20051095 9.42961006
v 40.93912435 -3.20297852 9.48283844
v 41.00240910 -3.09813535 9.19999962
v 40.99952340 -3.09827711 9.25880985
v 40.99089408 -3.09870104 9.31705456
v 40.97660446 -3.09940305 9.37417107
v 40.95679188 -3.10037638 9.42961006
v 40.83474088 -3.21325941 9.62426453
v 40.79132271 -3.21753572 9.66380672
v 40.87409258 -3.20938361 9.58063583
v 40.90899920 -3.20594560 9.53334217
v 40.82688475 -3.10675830 9.62426453
v 40.78330922 -3.10889903 9.66380672
v 40.86637950 -3.10481806 9.58063583
v 40.90141273 -3.10309698 9.53334217
v 41.52091086 -4.99432075 9.78847103
v 41.55493522 -4.94844425 9.77416401
v 41.58796036 -4.90391505 9.75432758
v 41.68308187 -4.97090721 9.75432758
v 41.56204748 -4.75215018 9.69888191
v 41.64975345 -4.82059669 9.69888191
v 41.67792642 -4.78260994 9.66380672
v 41.53000796 -4.79119039 9.72915249
v 41.61966825 -4.86116195 9.72915249
v 41.74071240 -4.88465714 9.69888191
v 41.83470500 -4.94417727 9.69888191
v 41.85901880 -4.90361202 9.66380672
v 41.71265376 -4.92664981 9.72915249
v 41.80874074 -4.98749614 9.72915249
v 41.76698744 -4.84533370 9.66380672
v 41.79122591 -4.80905831 9.62426453
v 41.81319439 -4.77618015 9.58063583
v 41.68626845 -4.60078657 9.48283844
v 41.63953185 -4.50104535 9.37417107
v 41.62621045 -4.51574314 9.42961006
v 41.60930395 -4.53439665 9.48283844
v 41.76639771 -4.66332006 9.48283844
v 41.86348534 -4.70091438 9.42961006
v 41.84949887 -4.72184658 9.48283844
v 41.79321098 -4.62716663 9.37417107
v 41.78139448 -4.64309943 9.42961006
v 41.87450588 -4.68442094 9.37417107
v 41.73121345 -4.54602087 9.19999962
v 41.72938061 -4.54825425 9.25880985
v 41.72389960 -4.55493283 9.31705456
v 41.80860138 -4.60641503 9.19999962
v 41.80688035 -4.60873568 9.25880985
v 41.80173373 -4.61567509 9.31705456
v 41.71482337 -4.56599224 9.37417107
v 41.70223927 -4.58132601 9.42961006
v 41.59205031 -4.71559155 9.66380672
v 41.50956619 -4.64444029 9.66380672
v 41.61972773 -4.68186665 9.62426453
v 41.64481306 -4.65130007 9.58063583
v 41.53886509 -4.61211395 9.62426453
v 41.56542003 -4.58281517 9.58063583
v 41.58897519 -4.55682588 9.53334217
v 41.66706467 -4.62418640 9.53334217
v 41.70391560 -4.74756753 9.62426453
v 41.72747087 -4.71580684 9.58063583
v 41.74836528 -4.68763399 9.53334217
v 41.83268130 -4.74701595 9.53334217
v 42.05720651 -4.76384258 9.19999962
v 42.05584460 -4.76639056 9.25880985
v 42.05177188 -4.77401006 9.31705456
v 41.94831431 -4.75463164 9.42961006
v 41.93537176 -4.77622497 9.48283844
v 42.02380937 -4.82632422 9.48283844
v 42.04502761 -4.78662765 9.37417107
v 42.03567678 -4.80412185 9.42961006
v 42.21715510 -4.88995481 9.42961006
v 42.20752108 -4.91321337 9.48283844
v 42.13996059 -4.81840050 9.31705456
v 42.14488983 -4.80797863 9.19999962
v 42.14365453 -4.81059039 9.25880985
v 42.23463315 -4.84775901 9.19999962
v 42.23352748 -4.85042834 9.25880985
v 42.23022127 -4.85841036 9.31705456
v 42.12536240 -4.84926581 9.42961006
v 42.13384360 -4.83133388 9.37417107
v 42.11459869 -4.87202370 9.48283844
v 42.22474623 -4.87162828 9.37417107
v 41.93150485 -4.99901378 9.69888191
v 41.95379901 -4.95730436 9.66380672
v 41.97436523 -4.91882777 9.62426453
v 41.99300528 -4.88395464 9.58063583
v 41.88144815 -4.86619091 9.62426453
v 41.90177691 -4.83227444 9.58063583
v 41.91980934 -4.80218923 9.53334217
v 42.00953972 -4.85302091 9.53334217
v 42.06975299 -4.96684194 9.62426453
v 42.08665949 -4.93109632 9.58063583
v 42.10165620 -4.89938843 9.53334217
v 42.18251407 -4.97358561 9.58063583
v 42.19593686 -4.94118011 9.53334217
v 41.96586752 -4.72534585 9.31705456
v 41.88885951 -4.66293919 9.19999962
v 41.88725436 -4.66534150 9.25880985
v 41.88245451 -4.67252505 9.31705456
v 41.97179449 -4.71545720 9.19999962
v 41.97030914 -4.71793532 9.25880985
v 41.95851231 -4.73761737 9.37417107
v 41.58578646 -4.41421354 9.19999962
v 41.58374345 -4.41625655 9.25880985
v 41.57763433 -4.42236567 9.31705456
v 41.65688205 -4.48190224 9.19999962
v 41.65494180 -4.48404300 9.25880985
v 41.64913976 -4.49044454 9.31705456
v 41.55349123 -4.44650877 9.42961006
v 41.53568983 -4.46431017 9.48283844
v 41.56751776 -4.43248224 9.37417107
v 41.51809776 -4.34311795 9.19999962
v 41.51595700 -4.34505820 9.25880985
v 41.50955546 -4.35086024 9.31705456
v 41.51428509 -4.48571491 9.53334217
v 42.32622027 -4.88308811 9.19999962
v 42.32524699 -4.88580835 9.25880985
v 42.32233638 -4.89394307 9.31705456
v 42.41943067 -4.91388071 9.19999962
v 42.41859198 -4.91664541 9.25880985
v 42.41608399 -4.92491305 9.31705456
v 42.30235255 -4.94979393 9.48283844
v 42.31751645 -4.90741372 9.37417107
v 42.31083375 -4.92609060 9.42961006
v 42.41193092 -4.93860400 9.37417107
v 42.40617269 -4.95758629 9.42961006
v 42.39886481 -4.98167729 9.48283844
v 42.51403964 -4.94006252 9.19999962
v 42.51333764 -4.94286513 9.25880985
v 42.51123837 -4.95124578 9.31705456
v 42.60981935 -4.96157050 9.19999962
v 42.60757020 -4.97287786 9.31705456
v 42.60925570 -4.96440423 9.25880985
v 42.50294217 -4.98436606 9.42961006
v 42.50776204 -4.96512401 9.37417107
v 42.60477903 -4.98690999 9.37417107
v 42.29215461 -4.97829545 9.53334217
v 42.70653906 -4.97835302 9.19999962
v 42.70611513 -4.98121095 9.25880985
v 42.70484743 -4.98975706 9.31705456
v 42.80396572 -4.99036944 9.19999962
v 42.80368254 -4.99324465 9.25880985
v 42.90186465 -4.99759090 9.19999962
v 42.24887562 -3.12384083 11.80000000
v 42.24131376 -3.10715136 11.80000000
v 42.23485959 -3.09000305 11.80000000
v 42.22954077 -3.07246933 11.80000000
v 42.22538012 -3.05462529 11.80000000
v 42.22239542 -3.03654733 11.80000000
v 42.22059947 -3.01831288 11.80000000
v 42.24887562 -3.12384083 12.19999962
v 42.24131376 -3.10715136 12.19999962
v 42.23485959 -3.09000305 12.19999962
v 42.22954077 -3.07246933 12.19999962
v 42.22538012 -3.05462529 12.19999962
v 42.22239542 -3.03654733 12.19999962
v 42.22059947 -3.01831288 12.19999962
v 42.37615919 -3.25112438 11.80000000
v 42.39284861 -3.25868627 11.80000000
v 42.40999693 -3.26514044 11.80000000
v 42.42753065 -3.27045923 11.80000000
v 42.44537473 -3.27461988 11.80000000
v 42.46345264 -3.27760455 11.80000000
v 42.48168713 -3.27940050 11.80000000
v 42.50000000 -3.28000000 11.80000000
v 42.51831287 -3.27940050 11.80000000
v 42.53654733 -3.27760455 11.80000000
v 42.55462530 -3.27461988 11.80000000
v 42.57246932 -3.27045923 11.80000000
v 42.59000304 -3.26514044 11.80000000
v 42.60715136 -3.25868627 11.80000000
v 42.62384084 -3.25112438 11.80000000
v 42.37615919 -3.25112438 12.19999962
v 42.39284861 -3.25868627 12.19999962
v 42.40999693 -3.26514044 12.19999962
v 42.42753065 -3.27045923 12.19999962
v 42.44537473 -3.27461988 12.19999962
v 42.46345264 -3.27760455 12.19999962
v 42.48168713 -3.27940050 12.19999962
v 42.50000000 -3.28000000 12.19999962
v 42.51831287 -3.27940050 12.19999962
v 42.53654733 -3.27760455 12.19999962
v 42.55462530 -3.27461988 12.19999962
v 42.57246932 -3.27045923 12.19999962
v 42.59000304 -3.26514044 12.19999962
v 42.60715136 -3.25868627 12.19999962
v 42.62384084 -3.25112438 12.19999962
v 42.32954681 -3.22213894 11.80000000
v 42.31538320 -3.21051514 11.80000000
v 42.30201012 -3.19798990 11.80000000
v 42.28948486 -3.18461683 11.80000000
v 42.27786106 -3.17045321 11.80000000
v 42.26718849 -3.15555966 11.80000000
v 42.25751287 -3.14000000 11.80000000
v 42.36000001 -3.24248712 11.80000000
v 42.34444034 -3.23281150 11.80000000
v 42.32954681 -3.22213894 12.19999962
v 42.31538320 -3.21051514 12.19999962
v 42.30201012 -3.19798990 12.19999962
v 42.28948486 -3.18461683 12.19999962
v 42.27786106 -3.17045321 12.19999962
v 42.26718849 -3.15555966 12.19999962
v 42.25751287 -3.14000000 12.19999962
v 42.36000001 -3.24248712 12.19999962
v 42.34444034 -3.23281150 12.19999962
v 42.63999999 -3.24248712 11.80000000
v 42.65555966 -3.23281150 11.80000000
v 42.67045319 -3.22213894 11.80000000
v 42.68461683 -3.21051514 11.80000000
v 42.69798991 -3.19798990 11.80000000
v 42.71051514 -3.18461683 11.80000000
v 42.72213894 -3.17045321 11.80000000
v 42.73281148 -3.15555966 11.80000000
v 42.74248710 -3.14000000 11.80000000
v 42.75112437 -3.12384083 11.80000000
v 42.75868627 -3.10715136 11.80000000
v 42.76514043 -3.09000305 11.80000000
v 42.77045923 -3.07246933 11.80000000
v 42.77461988 -3.05462529 11.80000000
v 42.77760457 -3.03654733 11.80000000
v 42.77940050 -3.01831288 11.80000000
v 42.63999999 -3.24248712 12.19999962
v 42.65555966 -3.23281150 12.19999962
v 42.67045319 -3.22213894 12.19999962
v 42.68461683 -3.21051514 12.19999962
v 42.69798991 -3.19798990 12.19999962
v 42.71051514 -3.18461683 12.19999962
v 42.72213894 -3.17045321 12.19999962
v 42.73281148 -3.15555966 12.19999962
v 42.74248710 -3.14000000 12.19999962
v 42.75112437 -3.12384083 12.19999962
v 42.75868627 -3.10715136 12.19999962
v 42.76514043 -3.09000305 12.19999962
v 42.77045923 -3.07246933 12.19999962
v 42.77461988 -3.05462529 12.19999962
v 42.77760457 -3.03654733 12.19999962
v 42.77940050 -3.01831288 12.19999962
v 41.00000000 -3.00000000 0.49999999
v 41.00240910 -2.90186465 0.49999999
v 41.00963056 -2.80396572 0.49999999
v 41.02164698 -2.70653906 0.49999999
v 41.03842950 -2.60981935 0.49999999
v 41.05993748 -2.51403964 0.49999999
v 41.39999998 -3.00000000 0.00000000
v 41.40192723 -2.92149172 0.00000000
v 41.40770447 -2.84317258 0.00000000
v 41.41731763 -2.76523124 0.00000000
v 41.43074358 -2.68785548 0.00000000
v 41.44795001 -2.61123171 0.00000000
v 41.46889544 -2.53554451 0.00000000
v 41.08611929 -2.41943067 0.49999999
v 41.11691189 -2.32622027 0.49999999
v 41.49352944 -2.46097624 0.00000000
v 41.15224099 -2.23463315 0.49999999
v 41.19202137 -2.14488983 0.49999999
v 41.23615742 -2.05720651 0.49999999
v 41.28454280 -1.97179449 0.49999999
v 41.33706081 -1.88885951 0.49999999
v 41.39358497 -1.80860138 0.49999999
v 41.45397913 -1.73121345 0.49999999
v 41.52179277 -2.38770652 0.00000000
v 41.55361712 -2.31591183 0.00000000
v 41.58892596 -2.24576521 0.00000000
v 41.62763417 -2.17743564 0.00000000
v 41.66964865 -2.11108762 0.00000000
v 41.71486795 -2.04688114 0.00000000
v 41.76318324 -1.98497069 0.00000000
v 41.81447816 -1.92550564 0.00000000
v 41.86862910 -1.86862910 0.00000000
v 41.51809776 -1.65688205 0.49999999
v 41.58578646 -1.58578646 0.49999999
v 41.65688205 -1.51809776 0.49999999
v 41.92550564 -1.81447816 0.00000000
v 41.98497069 -1.76318324 0.00000000
v 42.04688114 -1.71486795 0.00000000
v 42.11108762 -1.66964865 0.00000000
v 42.17743564 -1.62763417 0.00000000
v 42.24576521 -1.58892596 0.00000000
v 41.73121345 -1.45397913 0.49999999
v 41.80860138 -1.39358497 0.49999999
v 41.88885951 -1.33706081 0.49999999
v 41.97179449 -1.28454280 0.49999999
v 42.05720651 -1.23615742 0.49999999
v 42.14488983 -1.19202137 0.49999999
v 42.23463315 -1.15224099 0.49999999
v 42.31591183 -1.55361712 0.00000000
v 42.38770652 -1.52179277 0.00000000
v 42.46097624 -1.49352944 0.00000000
v 42.53554451 -1.46889544 0.00000000
v 42.61123171 -1.44795001 0.00000000
v 42.32622027 -1.11691189 0.49999999
v 42.41943067 -1.08611929 0.49999999
v 42.51403964 -1.05993748 0.49999999
v 42.60981935 -1.03842950 0.49999999
v 42.68785548 -1.43074358 0.00000000
v 42.76523124 -1.41731763 0.00000000
v 42.84317258 -1.40770447 0.00000000
v 42.92149172 -1.40192723 0.00000000
v 42.70653906 -1.02164698 0.49999999
v 42.80396572 -1.00963056 0.49999999
v 42.90186465 -1.00240910 0.49999999
v 39.33390617 -2.37062502 11.80000000
v 39.33390617 -2.37062502 12.19999962
v 39.25609374 -2.11281252 11.80000000
v 39.25609374 -2.11281252 12.19999962
v 39.62828135 -2.11281252 11.80000000
v 39.62828135 -2.11281252 12.19999962
v 37.00000000 -0.50000000 9.80000000
v 37.00080299 -0.45092130 9.80000000
v 37.00321150 -0.40189528 9.80000000
v 37.00722313 -0.35297418 9.80000000
v 37.01283264 -0.30421066 9.80000000
v 37.02003479 -0.25565672 9.80000000
v 37.02882195 -0.20736456 9.80000000
v 37.03918457 -0.15938568 9.80000000
v 37.05111122 -0.11177135 9.80000000
v 37.06458950 -0.06457305 9.80000000
v 37.07960463 -0.01784086 9.80000000
v 37.00000000 -0.50000000 12.19999962
v 37.00080299 -0.45092130 12.19999962
v 37.00321150 -0.40189528 12.19999962
v 37.00722313 -0.35297418 12.19999962
v 37.01283264 -0.30421066 12.19999962
v 37.02003479 -0.25565672 12.19999962
v 37.02882195 -0.20736456 12.19999962
v 37.03918457 -0.15938568 12.19999962
v 37.05111122 -0.11177135 12.19999962
v 37.06458950 -0.06457305 12.19999962
v 37.07960463 -0.01784086 12.19999962
v 37.09614134 0.02837515 9.80000000
v 37.11418056 0.07402515 9.80000000
v 37.13370419 0.11906052 9.80000000
v 37.15469074 0.16343307 9.80000000
v 37.17711830 0.20709515 9.80000000
v 37.20096207 0.25000000 9.80000000
v 37.22619677 0.29210186 9.80000000
v 37.25279570 0.33335543 9.80000000
v 37.28072977 0.37371659 9.80000000
v 37.30996990 0.41314220 9.80000000
v 37.34048414 0.45158982 9.80000000
v 37.37224007 0.48901868 9.80000000
v 37.40520382 0.52538848 9.80000000
v 37.43933964 0.56066012 9.80000000
v 37.47461176 0.59479618 9.80000000
v 37.51098108 0.62775970 9.80000000
v 37.54840994 0.65951562 9.80000000
v 37.58685780 0.69003010 9.80000000
v 37.62628365 0.71926999 9.80000000
v 37.66664457 0.74720430 9.80000000
v 37.70789814 0.77380323 9.80000000
v 37.75000000 0.79903817 9.80000000
v 37.79290485 0.82288194 9.80000000
v 37.83656693 0.84530902 9.80000000
v 37.88093948 0.86629581 9.80000000
v 37.92597485 0.88581920 9.80000000
v 37.97162485 0.90385890 9.80000000
v 38.01784086 0.92039514 9.80000000
v 38.06457281 0.93541050 9.80000000
v 38.11177158 0.94888878 9.80000000
v 38.15938568 0.96081543 9.80000000
v 38.20736456 0.97117782 9.80000000
v 38.25565672 0.97996497 9.80000000
v 38.30421066 0.98716736 9.80000000
v 38.35297441 0.99277711 9.80000000
v 38.40189552 0.99678850 9.80000000
v 38.45092154 0.99919677 9.80000000
v 37.09614134 0.02837515 12.19999962
v 37.11418056 0.07402515 12.19999962
v 37.13370419 0.11906052 12.19999962
v 37.15469074 0.16343307 12.19999962
v 37.17711830 0.20709515 12.19999962
v 37.20096207 0.25000000 12.19999962
v 37.22619677 0.29210186 12.19999962
v 37.25279570 0.33335543 12.19999962
v 37.28072977 0.37371659 12.19999962
v 37.30996990 0.41314220 12.19999962
v 37.34048414 0.45158982 12.19999962
v 37.37224007 0.48901868 12.19999962
v 37.40520382 0.52538848 12.19999962
v 37.43933964 0.56066012 12.19999962
v 37.47461176 0.59479618 12.19999962
v 37.51098108 0.62775970 12.19999962
v 37.54840994 0.65951562 12.19999962
v 37.58685780 0.69003010 12.19999962
v 37.62628365 0.71926999 12.19999962
v 37.66664457 0.74720430 12.19999962
v 37.70789814 0.77380323 12.19999962
v 37.75000000 0.79903817 12.19999962
v 37.79290485 0.82288194 12.19999962
v 37.83656693 0.84530902 12.19999962
v 37.88093948 0.86629581 12.19999962
v 37.92597485 0.88581920 12.19999962
v 37.97162485 0.90385890 12.19999962
v 38.01784086 0.92039514 12.19999962
v 38.06457281 0.93541050 12.19999962
v 38.11177158 0.94888878 12.19999962
v 38.15938568 0.96081543 12.19999962
v 38.20736456 0.97117782 12.19999962
v 38.25565672 0.97996497 12.19999962
v 38.30421066 0.98716736 12.19999962
v 38.35297441 0.99277711 12.19999962
v 38.40189552 0.99678850 12.19999962
v 38.45092154 0.99919677 12.19999962
v 38.50000000 1.00000000 9.80000000
v 38.50000000 1.00000000 12.19999962
v 40.40000010 -3.00000000 9.80000000
v 40.45881033 -3.00000000 9.79711037
v 40.46187115 -2.87530973 9.79711037
v 40.51705408 -3.00000000 9.78847103
v 40.52004504 -2.87816762 9.78847103
v 40.40313172 -2.87242405 9.80000000
v 40.47104692 -2.75091985 9.79711037
v 40.52901030 -2.75662875 9.78847103
v 40.73334217 -3.00000000 9.69888191
v 40.73607254 -2.88878037 9.69888191
v 40.57417083 -3.00000000 9.77416401
v 40.62961006 -3.00000000 9.75432758
v 40.57709289 -2.88097020 9.77416401
v 40.63246536 -2.88369048 9.75432758
v 40.68283796 -3.00000000 9.72915249
v 40.68562913 -2.88630226 9.72915249
v 40.74425673 -2.77782868 9.69888191
v 40.58585191 -2.76222716 9.77416401
v 40.64102411 -2.76766115 9.75432758
v 40.69399571 -2.77287841 9.72915249
v 40.41251969 -2.74515542 9.80000000
v 40.48631477 -2.62713003 9.79711037
v 40.54392838 -2.63567618 9.78847103
v 40.42814112 -2.61850077 9.80000000
v 40.50763845 -2.50423849 9.79711037
v 40.60042667 -2.64405695 9.77416401
v 40.65526605 -2.65219155 9.75432758
v 40.70791793 -2.66000172 9.72915249
v 40.56476331 -2.51560131 9.78847103
v 40.62078238 -2.52674419 9.77416401
v 40.67515635 -2.53755987 9.75432758
v 40.72736168 -2.54794413 9.72915249
v 40.44995832 -2.49276519 9.80000000
v 40.53496647 -2.38254124 9.79711037
v 40.47791862 -2.36825150 9.80000000
v 40.59146500 -2.39669341 9.78847103
v 40.64686990 -2.41057158 9.77416401
v 40.70064759 -2.42404222 9.75432758
v 40.56823301 -2.26233155 9.79711037
v 40.62396908 -2.27923888 9.78847103
v 40.67862630 -2.29581898 9.77416401
v 40.73167825 -2.31191212 9.75432758
v 40.51195502 -2.24525982 9.80000000
v 40.55198550 -2.12408638 9.80000000
v 40.60735798 -2.14389896 9.79711037
v 40.66219711 -2.16352075 9.78847103
v 40.71597481 -2.18276274 9.77416401
v 40.59791327 -2.00502306 9.80000000
v 40.65224695 -2.02752882 9.79711037
v 40.70605707 -2.04981780 9.78847103
v 40.92915273 -3.00000000 9.48283844
v 40.93164730 -2.89838834 9.48283844
v 41.00000000 -3.00000000 9.19999962
v 40.99711084 -3.00000000 9.25880985
v 40.98847127 -3.00000000 9.31705456
v 41.00240910 -2.90186465 9.19999962
v 40.99952340 -2.90172289 9.25880985
v 40.99089408 -2.90129896 9.31705456
v 40.97416425 -3.00000000 9.37417107
v 40.95432782 -3.00000000 9.42961006
v 40.97660446 -2.90059695 9.37417107
v 40.95679188 -2.89962362 9.42961006
v 41.00963056 -2.80396572 9.19999962
v 41.00675535 -2.80368254 9.25880985
v 40.99815726 -2.80283570 9.31705456
v 40.98391914 -2.80143337 9.37417107
v 40.96417809 -2.79948905 9.42961006
v 40.93912435 -2.79702148 9.48283844
v 40.82426405 -3.00000000 9.62426453
v 40.78063607 -3.00000000 9.66380672
v 40.82688475 -2.89324170 9.62426453
v 40.78330922 -2.89110097 9.66380672
v 40.86380625 -3.00000000 9.58063583
v 40.89888167 -3.00000000 9.53334217
v 40.86637950 -2.89518194 9.58063583
v 40.90141273 -2.89690302 9.53334217
v 40.83474088 -2.78674059 9.62426453
v 40.79132271 -2.78246428 9.66380672
v 40.87409258 -2.79061639 9.58063583
v 40.90899920 -2.79405440 9.53334217
v 41.02164698 -2.70653906 9.19999962
v 41.01878905 -2.70611513 9.25880985
v 41.01024294 -2.70484743 9.31705456
v 40.97646904 -2.69983754 9.42961006
v 40.99609089 -2.70274815 9.37417107
v 40.95156646 -2.69614360 9.48283844
v 41.02712214 -2.60757020 9.31705456
v 41.03842950 -2.60981935 9.19999962
v 41.03559577 -2.60925570 9.25880985
v 41.05993748 -2.51403964 9.19999962
v 41.05713487 -2.51333764 9.25880985
v 41.04875422 -2.51123837 9.31705456
v 41.01309001 -2.60477903 9.37417107
v 40.99363470 -2.60090914 9.42961006
v 40.96894360 -2.59599775 9.48283844
v 41.01563394 -2.50294217 9.42961006
v 41.03487599 -2.50776204 9.37417107
v 40.75787520 -2.66741222 9.69888191
v 40.80465722 -2.67435166 9.66380672
v 40.92162323 -2.69170192 9.53334217
v 40.84781313 -2.68075323 9.62426453
v 40.88692737 -2.68655527 9.58063583
v 40.82328033 -2.56702355 9.66380672
v 40.77689528 -2.55779698 9.69888191
v 40.86607027 -2.57553497 9.62426453
v 40.90485263 -2.58324927 9.58063583
v 40.93925428 -2.59009218 9.53334217
v 41.08611929 -2.41943067 9.19999962
v 41.07508695 -2.41608399 9.31705456
v 41.08335459 -2.41859198 9.25880985
v 40.99121356 -2.49682516 9.48283844
v 41.01832271 -2.39886481 9.48283844
v 41.06139600 -2.41193092 9.37417107
v 41.04241371 -2.40617269 9.42961006
v 41.11691189 -2.32622027 9.19999962
v 41.11419165 -2.32524699 9.25880985
v 41.10605693 -2.32233638 9.31705456
v 41.09258628 -2.31751645 9.37417107
v 41.07390940 -2.31083375 9.42961006
v 41.05020607 -2.30235255 9.48283844
v 40.80127096 -2.44924706 9.69888191
v 40.88946819 -2.47133929 9.62426453
v 40.92782521 -2.48094726 9.58063583
v 40.84714746 -2.46073854 9.66380672
v 40.75228047 -2.43697560 9.72915249
v 40.83094358 -2.34202397 9.69888191
v 40.91795063 -2.36841720 9.62426453
v 40.87620115 -2.35575265 9.66380672
v 40.91037107 -2.25231880 9.66380672
v 40.78261423 -2.32736337 9.72915249
v 40.96184969 -2.48946989 9.53334217
v 40.95579004 -2.37989569 9.58063583
v 40.98935533 -2.39007759 9.53334217
v 40.95144868 -2.26701665 9.62426453
v 41.02170455 -2.29215461 9.53334217
v 40.98867941 -2.28033799 9.58063583
v 41.11004519 -2.21715510 9.42961006
v 41.08678663 -2.20752108 9.48283844
v 40.86584163 -2.23638594 9.69888191
v 40.90588117 -2.13258761 9.69888191
v 40.76817346 -2.20143968 9.75432758
v 40.81829000 -2.21937168 9.72915249
v 40.75882602 -2.07167536 9.77416401
v 40.81004524 -2.09289104 9.75432758
v 40.85922146 -2.11326051 9.72915249
v 40.90531039 -2.00928563 9.72915249
v 40.98988199 -2.16738188 9.62426453
v 41.02641439 -2.18251407 9.58063583
v 40.94957495 -2.15068614 9.66380672
v 41.05881989 -2.19593686 9.53334217
v 40.95096564 -2.03087890 9.69888191
v 40.99371862 -2.05109960 9.66380672
v 41.03315806 -2.06975299 9.62426453
v 41.06890368 -2.08665949 9.58063583
v 41.10061157 -2.10165620 9.53334217
v 41.15224099 -2.23463315 9.19999962
v 41.14957166 -2.23352748 9.25880985
v 41.14158964 -2.23022127 9.31705456
v 41.19202137 -2.14488983 9.19999962
v 41.18940961 -2.14365453 9.25880985
v 41.18159950 -2.13996059 9.31705456
v 41.12837172 -2.22474623 9.37417107
v 41.16866612 -2.13384360 9.37417107
v 41.15073419 -2.12536240 9.42961006
v 41.23615742 -2.05720651 9.19999962
v 41.23360944 -2.05584460 9.25880985
v 41.22598994 -2.05177188 9.31705456
v 41.12797630 -2.11459869 9.48283844
v 41.21337235 -2.04502761 9.37417107
v 41.19587815 -2.03567678 9.42961006
v 41.17367578 -2.02380937 9.48283844
v 41.14697909 -2.00953972 9.53334217
v 40.64962792 -1.88835680 9.80000000
v 40.70279169 -1.91350138 9.79711037
v 40.70700479 -1.77436852 9.80000000
v 40.75544357 -1.93840384 9.78847103
v 40.80707645 -1.96282434 9.77416401
v 40.85719275 -1.98652768 9.75432758
v 40.90950274 -1.88260591 9.75432758
v 40.81023741 -1.82954741 9.78847103
v 40.75887084 -1.80209148 9.79711037
v 40.86060953 -1.85647202 9.77416401
v 40.91929698 -1.75287461 9.77416401
v 41.00098622 -1.93150485 9.69888191
v 41.08117223 -1.97436523 9.62426453
v 41.11604536 -1.99300528 9.58063583
v 41.04269564 -1.95379901 9.66380672
v 40.95644569 -1.90769744 9.72915249
v 41.05582273 -1.83470500 9.69888191
v 41.09638798 -1.85901880 9.66380672
v 40.96684885 -1.78137600 9.75432758
v 41.01250386 -1.80874074 9.72915249
v 40.82034898 -1.69356740 9.79711037
v 40.76990557 -1.66333282 9.80000000
v 40.87030625 -1.72351074 9.78847103
v 40.83817911 -1.55551744 9.80000000
v 40.88707805 -1.58819067 9.79711037
v 40.93550611 -1.62054920 9.78847103
v 41.11534286 -1.74071240 9.69888191
v 40.98299670 -1.65228152 9.77416401
v 41.02909279 -1.68308187 9.75432758
v 41.07335019 -1.71265376 9.72915249
v 41.00567925 -1.52091086 9.78847103
v 41.09608495 -1.58796036 9.75432758
v 41.05155575 -1.55493522 9.77416401
v 41.28454280 -1.97179449 9.19999962
v 41.28206468 -1.97030914 9.25880985
v 41.27465415 -1.96586752 9.31705456
v 41.26238263 -1.95851231 9.37417107
v 41.24536836 -1.94831431 9.42961006
v 41.22377503 -1.93537176 9.48283844
v 41.29908562 -1.86348534 9.42961006
v 41.27815342 -1.84949887 9.48283844
v 41.33706081 -1.88885951 9.19999962
v 41.33465850 -1.88725436 9.25880985
v 41.32747495 -1.88245451 9.31705456
v 41.39358497 -1.80860138 9.19999962
v 41.39126432 -1.80688035 9.25880985
v 41.38432491 -1.80173373 9.31705456
v 41.31557906 -1.87450588 9.37417107
v 41.35690057 -1.78139448 9.42961006
v 41.37283337 -1.79321098 9.37417107
v 41.33667994 -1.76639771 9.48283844
v 41.13380909 -1.88144815 9.62426453
v 41.16772556 -1.90177691 9.58063583
v 41.19781077 -1.91980934 9.53334217
v 41.19094169 -1.79122591 9.62426453
v 41.15466630 -1.76698744 9.66380672
v 41.25298405 -1.83268130 9.53334217
v 41.22381985 -1.81319439 9.58063583
v 41.45397913 -1.73121345 9.19999962
v 41.45174575 -1.72938061 9.25880985
v 41.44506717 -1.72389960 9.31705456
v 41.39921343 -1.68626845 9.48283844
v 41.43400776 -1.71482337 9.37417107
v 41.41867399 -1.70223927 9.42961006
v 41.49895465 -1.63953185 9.37417107
v 41.48425686 -1.62621045 9.42961006
v 41.46560335 -1.60930395 9.48283844
v 41.21739006 -1.67792642 9.66380672
v 41.17940331 -1.64975345 9.69888191
v 41.25243247 -1.70391560 9.62426453
v 41.31236601 -1.74836528 9.53334217
v 41.28419316 -1.72747087 9.58063583
v 41.28440845 -1.59205031 9.66380672
v 41.24784982 -1.56204748 9.69888191
v 41.13883805 -1.61966825 9.72915249
v 41.20880961 -1.53000796 9.72915249
v 41.34869993 -1.64481306 9.58063583
v 41.37581360 -1.66706467 9.53334217
v 41.31813335 -1.61972773 9.62426453
v 41.38788605 -1.53886509 9.62426453
v 41.35555971 -1.50956619 9.66380672
v 41.44317412 -1.58897519 9.53334217
v 41.41718483 -1.56542003 9.58063583
v 40.91166043 -1.45118177 9.80000000
v 40.95889735 -1.48621500 9.79711037
v 41.12480867 -1.46107030 9.77416401
v 41.03563380 -1.38788629 9.79711037
v 41.08065689 -1.42483580 9.78847103
v 40.99017286 -1.35057747 9.80000000
v 41.07352710 -1.25394666 9.80000000
v 41.11710262 -1.29344130 9.79711037
v 41.16766381 -1.49624050 9.75432758
v 41.28309619 -1.44388914 9.72915249
v 41.24365687 -1.40814340 9.75432758
v 41.16025853 -1.33255553 9.78847103
v 41.20257914 -1.37091267 9.77416401
v 41.28467977 -1.28467977 9.77416401
v 41.32051730 -1.47780561 9.69888191
v 41.39723086 -1.39723086 9.69888191
v 41.48948288 -1.48948288 9.58063583
v 41.46152234 -1.46152234 9.62426453
v 41.43067265 -1.43067265 9.66380672
v 41.47780561 -1.32051730 9.69888191
v 41.32388115 -1.32388115 9.75432758
v 41.36151910 -1.36151910 9.72915249
v 41.44388914 -1.28309619 9.72915249
v 41.20310748 -1.20310748 9.79711037
v 41.16152239 -1.16152239 9.80000000
v 41.24429214 -1.24429214 9.78847103
v 41.25394666 -1.07352710 9.80000000
v 41.29344130 -1.11710262 9.79711037
v 41.37091267 -1.20257914 9.77416401
v 41.33255553 -1.16025853 9.78847103
v 41.40814340 -1.24365687 9.75432758
v 41.49624050 -1.16766381 9.75432758
v 41.38788629 -1.03563380 9.79711037
v 41.42483580 -1.08065689 9.78847103
v 41.46107030 -1.12480867 9.77416401
v 42.22000003 -3.00000000 11.80000000
v 42.22059947 -2.98168712 11.80000000
v 42.22239542 -2.96345267 11.80000000
v 42.22538012 -2.94537471 11.80000000
v 42.22954077 -2.92753067 11.80000000
v 42.23485959 -2.90999695 11.80000000
v 42.24131376 -2.89284864 11.80000000
v 42.24887562 -2.87615917 11.80000000
v 42.22000003 -3.00000000 12.19999962
v 42.22059947 -2.98168712 12.19999962
v 42.22239542 -2.96345267 12.19999962
v 42.22538012 -2.94537471 12.19999962
v 42.22954077 -2.92753067 12.19999962
v 42.23485959 -2.90999695 12.19999962
v 42.24131376 -2.89284864 12.19999962
v 42.24887562 -2.87615917 12.19999962
v 42.25751287 -2.86000000 11.80000000
v 42.26718849 -2.84444034 11.80000000
v 42.27786106 -2.82954679 11.80000000
v 42.28948486 -2.81538317 11.80000000
v 42.30201012 -2.80201010 11.80000000
v 42.31538320 -2.78948486 11.80000000
v 42.32954681 -2.77786106 11.80000000
v 42.34444034 -2.76718850 11.80000000
v 42.36000001 -2.75751288 11.80000000
v 42.25751287 -2.86000000 12.19999962
v 42.26718849 -2.84444034 12.19999962
v 42.27786106 -2.82954679 12.19999962
v 42.28948486 -2.81538317 12.19999962
v 42.30201012 -2.80201010 12.19999962
v 42.31538320 -2.78948486 12.19999962
v 42.32954681 -2.77786106 12.19999962
v 42.34444034 -2.76718850 12.19999962
v 42.36000001 -2.75751288 12.19999962
v 42.37615919 -2.74887562 11.80000000
v 42.39284861 -2.74131373 11.80000000
v 42.40999693 -2.73485956 11.80000000
v 42.42753065 -2.72954077 11.80000000
v 42.44537473 -2.72538012 11.80000000
v 42.46345264 -2.72239545 11.80000000
v 42.48168713 -2.72059950 11.80000000
v 42.50000000 -2.72000000 11.80000000
v 42.51831287 -2.72059950 11.80000000
v 42.53654733 -2.72239545 11.80000000
v 42.55462530 -2.72538012 11.80000000
v 42.57246932 -2.72954077 11.80000000
v 42.59000304 -2.73485956 11.80000000
v 42.60715136 -2.74131373 11.80000000
v 42.62384084 -2.74887562 11.80000000
v 42.37615919 -2.74887562 12.19999962
v 42.39284861 -2.74131373 12.19999962
v 42.40999693 -2.73485956 12.19999962
v 42.42753065 -2.72954077 12.19999962
v 42.44537473 -2.72538012 12.19999962
v 42.46345264 -2.72239545 12.19999962
v 42.48168713 -2.72059950 12.19999962
v 42.50000000 -2.72000000 12.19999962
v 42.51831287 -2.72059950 12.19999962
v 42.53654733 -2.72239545 12.19999962
v 42.55462530 -2.72538012 12.19999962
v 42.57246932 -2.72954077 12.19999962
v 42.59000304 -2.73485956 12.19999962
v 42.60715136 -2.74131373 12.19999962
v 42.62384084 -2.74887562 12.19999962
v 42.78000000 -3.00000000 11.80000000
v 42.77940050 -2.98168712 11.80000000
v 42.77760457 -2.96345267 11.80000000
v 42.77461988 -2.94537471 11.80000000
v 42.76514043 -2.90999695 11.80000000
v 42.75868627 -2.89284864 11.80000000
v 42.75112437 -2.87615917 11.80000000
v 42.77045923 -2.92753067 11.80000000
v 42.71051514 -2.81538317 11.80000000
v 42.63999999 -2.75751288 11.80000000
v 42.65555966 -2.76718850 11.80000000
v 42.67045319 -2.77786106 11.80000000
v 42.68461683 -2.78948486 11.80000000
v 42.69798991 -2.80201010 11.80000000
v 42.73281148 -2.84444034 11.80000000
v 42.74248710 -2.86000000 11.80000000
v 42.72213894 -2.82954679 11.80000000
v 42.78000000 -3.00000000 12.19999962
v 42.77940050 -2.98168712 12.19999962
v 42.77760457 -2.96345267 12.19999962
v 42.77461988 -2.94537471 12.19999962
v 42.76514043 -2.90999695 12.19999962
v 42.75868627 -2.89284864 12.19999962
v 42.75112437 -2.87615917 12.19999962
v 42.77045923 -2.92753067 12.19999962
v 42.71051514 -2.81538317 12.19999962
v 42.63999999 -2.75751288 12.19999962
v 42.65555966 -2.76718850 12.19999962
v 42.67045319 -2.77786106 12.19999962
v 42.68461683 -2.78948486 12.19999962
v 42.69798991 -2.80201010 12.19999962
v 42.73281148 -2.84444034 12.19999962
v 42.74248710 -2.86000000 12.19999962
v 42.72213894 -2.82954679 12.19999962
v 41.51809776 -1.65688205 9.19999962
v 41.51595700 -1.65494180 9.25880985
v 41.50955546 -1.64913976 9.31705456
v 41.58578646 -1.58578646 9.19999962
v 41.58374345 -1.58374345 9.25880985
v 41.57763433 -1.57763433 9.31705456
v 41.65688205 -1.51809776 9.19999962
v 41.65494180 -1.51595700 9.25880985
v 41.64913976 -1.50955546 9.31705456
v 41.56751776 -1.56751776 9.37417107
v 41.55349123 -1.55349123 9.42961006
v 41.53568983 -1.53568983 9.48283844
v 41.51428509 -1.51428509 9.53334217
v 41.63953185 -1.49895465 9.37417107
v 41.62621045 -1.48425686 9.42961006
v 41.60930395 -1.46560335 9.48283844
v 41.68626845 -1.39921343 9.48283844
v 41.73121345 -1.45397913 9.19999962
v 41.72938061 -1.45174575 9.25880985
v 41.72389960 -1.44506717 9.31705456
v 41.80860138 -1.39358497 9.19999962
v 41.80688035 -1.39126432 9.25880985
v 41.80173373 -1.38432491 9.31705456
v 41.71482337 -1.43400776 9.37417107
v 41.70223927 -1.41867399 9.42961006
v 41.76639771 -1.33667994 9.48283844
v 41.79321098 -1.37283337 9.37417107
v 41.78139448 -1.35690057 9.42961006
v 41.87450588 -1.31557906 9.37417107
v 41.86348534 -1.29908562 9.42961006
v 41.84949887 -1.27815342 9.48283844
v 41.58897519 -1.44317412 9.53334217
v 41.53886509 -1.38788605 9.62426453
v 41.56542003 -1.41718483 9.58063583
v 41.66706467 -1.37581360 9.53334217
v 41.50956619 -1.35555971 9.66380672
v 41.59205031 -1.28440845 9.66380672
v 41.61972773 -1.31813335 9.62426453
v 41.64481306 -1.34869993 9.58063583
v 41.72747087 -1.28419316 9.58063583
v 41.70391560 -1.25243247 9.62426453
v 41.74836528 -1.31236601 9.53334217
v 41.83268130 -1.25298405 9.53334217
v 41.56204748 -1.24784982 9.69888191
v 41.67792642 -1.21739006 9.66380672
v 41.64975345 -1.17940331 9.69888191
v 41.53000796 -1.20880961 9.72915249
v 41.61966825 -1.13883805 9.72915249
v 41.58796036 -1.09608495 9.75432758
v 41.52091086 -1.00567925 9.78847103
v 41.55493522 -1.05155575 9.77416401
v 41.68308187 -1.02909279 9.75432758
v 41.76698744 -1.15466630 9.66380672
v 41.81319439 -1.22381985 9.58063583
v 41.79122591 -1.19094169 9.62426453
v 41.74071240 -1.11534286 9.69888191
v 41.85901880 -1.09638798 9.66380672
v 41.83470500 -1.05582273 9.69888191
v 41.71265376 -1.07335019 9.72915249
v 41.80874074 -1.01250386 9.72915249
v 41.88885951 -1.33706081 9.19999962
v 41.88725436 -1.33465850 9.25880985
v 41.88245451 -1.32747495 9.31705456
v 41.96586752 -1.27465415 9.31705456
v 41.97179449 -1.28454280 9.19999962
v 41.97030914 -1.28206468 9.25880985
v 41.95851231 -1.26238263 9.37417107
v 42.05720651 -1.23615742 9.19999962
v 42.05584460 -1.23360944 9.25880985
v 42.05177188 -1.22598994 9.31705456
v 41.94831431 -1.24536836 9.42961006
v 41.93537176 -1.22377503 9.48283844
v 42.04502761 -1.21337235 9.37417107
v 42.03567678 -1.19587815 9.42961006
v 42.02380937 -1.17367578 9.48283844
v 42.14488983 -1.19202137 9.19999962
v 42.14365453 -1.18940961 9.25880985
v 42.13996059 -1.18159950 9.31705456
v 42.23463315 -1.15224099 9.19999962
v 42.23352748 -1.14957166 9.25880985
v 42.23022127 -1.14158964 9.31705456
v 42.13384360 -1.16866612 9.37417107
v 42.12536240 -1.15073419 9.42961006
v 42.11459869 -1.12797630 9.48283844
v 42.22474623 -1.12837172 9.37417107
v 42.21715510 -1.11004519 9.42961006
v 42.20752108 -1.08678663 9.48283844
v 41.91980934 -1.19781077 9.53334217
v 41.90177691 -1.16772556 9.58063583
v 41.88144815 -1.13380909 9.62426453
v 42.00953972 -1.14697909 9.53334217
v 41.95379901 -1.04269564 9.66380672
v 41.93150485 -1.00098622 9.69888191
v 41.99300528 -1.11604536 9.58063583
v 41.97436523 -1.08117223 9.62426453
v 42.10165620 -1.10061157 9.53334217
v 42.08665949 -1.06890368 9.58063583
v 42.06975299 -1.03315806 9.62426453
v 42.19593686 -1.05881989 9.53334217
v 42.18251407 -1.02641439 9.58063583
v 42.32622027 -1.11691189 9.19999962
v 42.32524699 -1.11419165 9.25880985
v 42.32233638 -1.10605693 9.31705456
v 42.41943067 -1.08611929 9.19999962
v 42.41859198 -1.08335459 9.25880985
v 42.41608399 -1.07508695 9.31705456
v 42.31751645 -1.09258628 9.37417107
v 42.31083375 -1.07390940 9.42961006
v 42.30235255 -1.05020607 9.48283844
v 42.41193092 -1.06139600 9.37417107
v 42.40617269 -1.04241371 9.42961006
v 42.39886481 -1.01832271 9.48283844
v 42.51403964 -1.05993748 9.19999962
v 42.51333764 -1.05713487 9.25880985
v 42.51123837 -1.04875422 9.31705456
v 42.60981935 -1.03842950 9.19999962
v 42.60925570 -1.03559577 9.25880985
v 42.60757020 -1.02712214 9.31705456
v 42.50776204 -1.03487599 9.37417107
v 42.50294217 -1.01563394 9.42961006
v 42.60477903 -1.01309001 9.37417107
v 42.29215461 -1.02170455 9.53334217
v 42.70653906 -1.02164698 9.19999962
v 42.70611513 -1.01878905 9.25880985
v 42.70484743 -1.01024294 9.31705456
v 42.80396572 -1.00963056 9.19999962
v 42.80368254 -1.00675535 9.25880985
v 42.90186465 -1.00240910 9.19999962
v 41.35057747 -0.99017286 9.80000000
v 41.48621500 -0.95889735 9.79711037
v 41.45118177 -0.91166043 9.80000000
v 41.58819067 -0.88707805 9.79711037
v 41.65228152 -0.98299670 9.77416401
v 41.62054920 -0.93550611 9.78847103
v 41.55551744 -0.83817911 9.80000000
v 41.66333282 -0.76990557 9.80000000
v 41.75287461 -0.91929698 9.77416401
v 41.78137600 -0.96684885 9.75432758
v 41.72351074 -0.87030625 9.78847103
v 41.69356740 -0.82034898 9.79711037
v 41.85647202 -0.86060953 9.77416401
v 41.80209148 -0.75887084 9.79711037
v 41.82954741 -0.81023741 9.78847103
v 41.77436852 -0.70700479 9.80000000
v 42.05109960 -0.99371862 9.66380672
v 42.03087890 -0.95096564 9.69888191
v 41.90769744 -0.95644569 9.72915249
v 41.88260591 -0.90950274 9.75432758
v 42.00928563 -0.90531039 9.72915249
v 41.96282434 -0.80707645 9.77416401
v 41.93840384 -0.75544357 9.78847103
v 41.98652768 -0.85719275 9.75432758
v 42.15068614 -0.94957495 9.66380672
v 42.13258761 -0.90588117 9.69888191
v 42.16738188 -0.98988199 9.62426453
v 42.23638594 -0.86584163 9.69888191
v 42.11326051 -0.85922146 9.72915249
v 42.09289104 -0.81004524 9.75432758
v 42.07167536 -0.75882602 9.77416401
v 42.21937168 -0.81829000 9.72915249
v 42.20143968 -0.76817346 9.75432758
v 41.91350138 -0.70279169 9.79711037
v 41.88835680 -0.64962792 9.80000000
v 42.04981780 -0.70605707 9.78847103
v 42.02752882 -0.65224695 9.79711037
v 42.00502306 -0.59791327 9.80000000
v 42.18276274 -0.71597481 9.77416401
v 42.16352075 -0.66219711 9.78847103
v 42.14389896 -0.60735798 9.79711037
v 42.12408638 -0.55198550 9.80000000
v 42.24525982 -0.51195502 9.80000000
v 42.49682516 -0.99121356 9.48283844
v 42.60090914 -0.99363470 9.42961006
v 42.59599775 -0.96894360 9.48283844
v 42.28033799 -0.98867941 9.58063583
v 42.26701665 -0.95144868 9.62426453
v 42.25231880 -0.91037107 9.66380672
v 42.39007759 -0.98935533 9.53334217
v 42.37989569 -0.95579004 9.58063583
v 42.36841720 -0.91795063 9.62426453
v 42.35575265 -0.87620115 9.66380672
v 42.34202397 -0.83094358 9.69888191
v 42.32736337 -0.78261423 9.72915249
v 42.43697560 -0.75228047 9.72915249
v 42.48946989 -0.96184969 9.53334217
v 42.48094726 -0.92782521 9.58063583
v 42.47133929 -0.88946819 9.62426453
v 42.59009218 -0.93925428 9.53334217
v 42.58324927 -0.90485263 9.58063583
v 42.46073854 -0.84714746 9.66380672
v 42.44924706 -0.80127096 9.69888191
v 42.57553497 -0.86607027 9.62426453
v 42.56702355 -0.82328033 9.66380672
v 42.55779698 -0.77689528 9.69888191
v 42.31191212 -0.73167825 9.75432758
v 42.29581898 -0.67862630 9.77416401
v 42.42404222 -0.70064759 9.75432758
v 42.41057158 -0.64686990 9.77416401
v 42.27923888 -0.62396908 9.78847103
v 42.26233155 -0.56823301 9.79711037
v 42.39669341 -0.59146500 9.78847103
v 42.38254124 -0.53496647 9.79711037
v 42.54794413 -0.72736168 9.72915249
v 42.53755987 -0.67515635 9.75432758
v 42.52674419 -0.62078238 9.77416401
v 42.51560131 -0.56476331 9.78847103
v 42.50423849 -0.50763845 9.79711037
v 42.80283570 -0.99815726 9.31705456
v 42.70274815 -0.99609089 9.37417107
v 42.69983754 -0.97646904 9.42961006
v 42.69614360 -0.95156646 9.48283844
v 42.80143337 -0.98391914 9.37417107
v 42.79948905 -0.96417809 9.42961006
v 42.79702148 -0.93912435 9.48283844
v 42.90172289 -0.99952340 9.25880985
v 42.90129896 -0.99089408 9.31705456
v 42.90059695 -0.97660446 9.37417107
v 42.89962362 -0.95679188 9.42961006
v 42.89838834 -0.93164730 9.48283844
v 42.69170192 -0.92162323 9.53334217
v 42.68655527 -0.88692737 9.58063583
v 42.79405440 -0.90899920 9.53334217
v 42.68075323 -0.84781313 9.62426453
v 42.66741222 -0.75787520 9.69888191
v 42.67435166 -0.80465722 9.66380672
v 42.79061639 -0.87409258 9.58063583
v 42.78674059 -0.83474088 9.62426453
v 42.78246428 -0.79132271 9.66380672
v 42.89690302 -0.90141273 9.53334217
v 42.89518194 -0.86637950 9.58063583
v 42.89324170 -0.82688475 9.62426453
v 42.89110097 -0.78330922 9.66380672
v 42.77782868 -0.74425673 9.69888191
v 42.66000172 -0.70791793 9.72915249
v 42.65219155 -0.65526605 9.75432758
v 42.77287841 -0.69399571 9.72915249
v 42.76766115 -0.64102411 9.75432758
v 42.64405695 -0.60042667 9.77416401
v 42.63567618 -0.54392838 9.78847103
v 42.76222716 -0.58585191 9.77416401
v 42.75662875 -0.52901030 9.78847103
v 42.88878037 -0.73607254 9.69888191
v 42.88630226 -0.68562913 9.72915249
v 42.88369048 -0.63246536 9.75432758
v 42.88097020 -0.57709289 9.77416401
v 42.87816762 -0.52004504 9.78847103
v 42.36825150 -0.47791862 9.80000000
v 42.49276519 -0.44995832 9.80000000
v 42.61850077 -0.42814112 9.80000000
v 42.62713003 -0.48631477 9.79711037
v 42.75091985 -0.47104692 9.79711037
v 42.74515542 -0.41251969 9.80000000
v 42.87530973 -0.46187115 9.79711037
v 42.87242405 -0.40313172 9.80000000
v 43.00000000 -5.00000000 0.49999999
v 43.09813535 -4.99759090 0.49999999
v 43.19603428 -4.99036944 0.49999999
v 43.29346094 -4.97835302 0.49999999
v 43.00000000 -4.60000002 0.00000000
v 43.07850828 -4.59807277 0.00000000
v 43.15682742 -4.59229553 0.00000000
v 43.23476876 -4.58268237 0.00000000
v 43.31214452 -4.56925642 0.00000000
v 43.39018065 -4.96157050 0.49999999
v 43.48596036 -4.94006252 0.49999999
v 43.58056933 -4.91388071 0.49999999
v 43.67377973 -4.88308811 0.49999999
v 43.38876829 -4.55204999 0.00000000
v 43.46445549 -4.53110456 0.00000000
v 43.53902376 -4.50647056 0.00000000
v 43.61229348 -4.47820723 0.00000000
v 43.68408817 -4.44638288 0.00000000
v 43.76536685 -4.84775901 0.49999999
v 43.85511017 -4.80797863 0.49999999
v 43.94279349 -4.76384258 0.49999999
v 44.02820551 -4.71545720 0.49999999
v 44.11114049 -4.66293919 0.49999999
v 44.19139862 -4.60641503 0.49999999
v 44.26878655 -4.54602087 0.49999999
v 43.75423479 -4.41107404 0.00000000
v 43.82256436 -4.37236583 0.00000000
v 43.88891238 -4.33035135 0.00000000
v 43.95311886 -4.28513205 0.00000000
v 44.01502931 -4.23681676 0.00000000
v 44.07449436 -4.18552184 0.00000000
v 44.34311795 -4.48190224 0.49999999
v 44.41421354 -4.41421354 0.49999999
v 44.48190224 -4.34311795 0.49999999
v 44.13137090 -4.13137090 0.00000000
v 44.18552184 -4.07449436 0.00000000
v 44.23681676 -4.01502931 0.00000000
v 44.28513205 -3.95311886 0.00000000
v 44.33035135 -3.88891238 0.00000000
v 44.37236583 -3.82256436 0.00000000
v 44.41107404 -3.75423479 0.00000000
v 44.44638288 -3.68408817 0.00000000
v 44.47820723 -3.61229348 0.00000000
v 44.54602087 -4.26878655 0.49999999
v 44.60641503 -4.19139862 0.49999999
v 44.66293919 -4.11114049 0.49999999
v 44.71545720 -4.02820551 0.49999999
v 44.76384258 -3.94279349 0.49999999
v 44.80797863 -3.85511017 0.49999999
v 44.84775901 -3.76536685 0.49999999
v 44.50647056 -3.53902376 0.00000000
v 44.88308811 -3.67377973 0.49999999
v 44.91388071 -3.58056933 0.49999999
v 44.53110456 -3.46445549 0.00000000
v 44.55204999 -3.38876829 0.00000000
v 44.56925642 -3.31214452 0.00000000
v 44.58268237 -3.23476876 0.00000000
v 44.59229553 -3.15682742 0.00000000
v 44.59807277 -3.07850828 0.00000000
v 44.94006252 -3.48596036 0.49999999
v 44.96157050 -3.39018065 0.49999999
v 44.97835302 -3.29346094 0.49999999
v 44.99036944 -3.19603428 0.49999999
v 44.99759090 -3.09813535 0.49999999
v 43.12757595 -5.59686828 9.80000000
v 43.12469027 -5.53812885 9.79711037
v 43.25484458 -5.58748031 9.80000000
v 43.24908015 -5.52895308 9.79711037
v 43.37286997 -5.51368523 9.79711037
v 43.38149923 -5.57185888 9.80000000
v 43.50723481 -5.55004168 9.80000000
v 43.63174850 -5.52208138 9.80000000
v 43.12183238 -5.47995496 9.78847103
v 43.11902980 -5.42290711 9.77416401
v 43.00000000 -5.26665783 9.69888191
v 43.11121963 -5.26392746 9.69888191
v 43.00000000 -5.37038994 9.75432758
v 43.00000000 -5.31716204 9.72915249
v 43.11630952 -5.36753464 9.75432758
v 43.11369774 -5.31437087 9.72915249
v 43.24337125 -5.47098970 9.78847103
v 43.23777284 -5.41414809 9.77416401
v 43.36432382 -5.45607162 9.78847103
v 43.35594305 -5.39957333 9.77416401
v 43.22217132 -5.25574327 9.69888191
v 43.23233885 -5.35897589 9.75432758
v 43.22712159 -5.30600429 9.72915249
v 43.34780845 -5.34473395 9.75432758
v 43.33999828 -5.29208207 9.72915249
v 43.00000000 -5.00288916 9.25880985
v 43.00000000 -5.01152873 9.31705456
v 43.09827711 -5.00047660 9.25880985
v 43.09870104 -5.00910592 9.31705456
v 43.00000000 -5.07084727 9.48283844
v 43.00000000 -5.04567218 9.42961006
v 43.00000000 -5.02583575 9.37417107
v 43.10161166 -5.06835270 9.48283844
v 43.10037638 -5.04320812 9.42961006
v 43.09940305 -5.02339554 9.37417107
v 43.19716430 -5.00184274 9.31705456
v 43.20051095 -5.03582191 9.42961006
v 43.19856663 -5.01608086 9.37417107
v 43.20297852 -5.06087565 9.48283844
v 43.29725185 -5.00390911 9.37417107
v 43.30016246 -5.02353096 9.42961006
v 43.30385640 -5.04843354 9.48283844
v 43.00000000 -5.21936393 9.66380672
v 43.00000000 -5.17573595 9.62426453
v 43.00000000 -5.13619375 9.58063583
v 43.10889903 -5.21669078 9.66380672
v 43.10675830 -5.17311525 9.62426453
v 43.10481806 -5.13362050 9.58063583
v 43.00000000 -5.10111833 9.53334217
v 43.10309698 -5.09858727 9.53334217
v 43.21753572 -5.20867729 9.66380672
v 43.21325941 -5.16525912 9.62426453
v 43.20938361 -5.12590742 9.58063583
v 43.32564834 -5.19534278 9.66380672
v 43.33258778 -5.24212480 9.69888191
v 43.31924677 -5.15218687 9.62426453
v 43.20594560 -5.09100080 9.53334217
v 43.31344473 -5.11307263 9.58063583
v 43.30829808 -5.07837677 9.53334217
v 43.49576151 -5.49236155 9.79711037
v 43.48439869 -5.43523669 9.78847103
v 43.47325581 -5.37921762 9.77416401
v 43.46244013 -5.32484365 9.75432758
v 43.45205587 -5.27263832 9.72915249
v 43.61745876 -5.46503353 9.79711037
v 43.60330659 -5.40853500 9.78847103
v 43.73766845 -5.43176699 9.79711037
v 43.72076112 -5.37603092 9.78847103
v 43.58942842 -5.35313010 9.77416401
v 43.57595778 -5.29935241 9.75432758
v 43.70418102 -5.32137370 9.77416401
v 43.68808788 -5.26832175 9.75432758
v 43.39909086 -5.00636530 9.42961006
v 43.40400225 -5.03105640 9.48283844
v 43.50317484 -5.00878644 9.48283844
v 43.44220302 -5.22310472 9.69888191
v 43.42446503 -5.13392973 9.62426453
v 43.43297645 -5.17671967 9.66380672
v 43.55075294 -5.19872904 9.69888191
v 43.53926146 -5.15285254 9.66380672
v 43.41675073 -5.09514737 9.58063583
v 43.40990782 -5.06074572 9.53334217
v 43.52866071 -5.11053181 9.62426453
v 43.51905274 -5.07217479 9.58063583
v 43.51053011 -5.03815031 9.53334217
v 43.65797603 -5.16905642 9.69888191
v 43.56302440 -5.24771953 9.72915249
v 43.67263663 -5.21738577 9.72915249
v 43.63158280 -5.08204937 9.62426453
v 43.64424735 -5.12379885 9.66380672
v 43.62010431 -5.04420996 9.58063583
v 43.60992241 -5.01064467 9.53334217
v 43.74768120 -5.08962893 9.66380672
v 43.73298335 -5.04855132 9.62426453
v 43.71966201 -5.01132059 9.58063583
v 43.75474018 -5.48804498 9.80000000
v 43.87591362 -5.44801450 9.80000000
v 43.85610104 -5.39264202 9.79711037
v 43.83647925 -5.33780289 9.78847103
v 43.81723726 -5.28402519 9.77416401
v 43.99497694 -5.40208673 9.80000000
v 43.97247118 -5.34775305 9.79711037
v 43.95018220 -5.29394293 9.78847103
v 44.11164320 -5.35037208 9.80000000
v 44.08649862 -5.29720831 9.79711037
v 43.76361406 -5.13415837 9.69888191
v 43.79856032 -5.23182654 9.75432758
v 43.78062832 -5.18171000 9.72915249
v 43.92832464 -5.24117398 9.77416401
v 43.90710896 -5.18995476 9.75432758
v 43.88673949 -5.14077854 9.72915249
v 43.83261812 -5.01011801 9.62426453
v 43.86741239 -5.09411883 9.69888191
v 43.84931386 -5.05042505 9.66380672
v 44.01347232 -5.14280725 9.75432758
v 44.06159616 -5.24455643 9.78847103
v 44.03717566 -5.19292355 9.77416401
v 43.96912110 -5.04903436 9.69888191
v 43.94890040 -5.00628138 9.66380672
v 43.99071437 -5.09468961 9.72915249
v 44.11739409 -5.09049726 9.75432758
v 44.09230256 -5.04355431 9.72915249
v 44.22563148 -5.29299521 9.80000000
v 44.17045259 -5.18976259 9.78847103
v 44.19790852 -5.24112916 9.79711037
v 44.14352798 -5.13939047 9.77416401
v 44.30643260 -5.17965102 9.79711037
v 44.27648926 -5.12969375 9.78847103
v 44.21862400 -5.03315115 9.75432758
v 44.24712539 -5.08070302 9.77416401
v 44.33666718 -5.23009443 9.80000000
v 44.44448256 -5.16182089 9.80000000
v 44.37945080 -5.06449389 9.78847103
v 44.34771848 -5.01700330 9.77416401
v 44.41180933 -5.11292195 9.79711037
v 44.54881823 -5.08833957 9.80000000
v 44.51378500 -5.04110265 9.79711037
v 44.64942253 -5.00982714 9.80000000
v 43.00000000 -5.00000000 9.19999962
v 43.09813535 -4.99759090 9.19999962
v 43.19603428 -4.99036944 9.19999962
v 43.19631746 -4.99324465 9.25880985
v 43.29346094 -4.97835302 9.19999962
v 43.29388487 -4.98121095 9.25880985
v 43.29515257 -4.98975706 9.31705456
v 43.39018065 -4.96157050 9.19999962
v 43.39242980 -4.97287786 9.31705456
v 43.39074430 -4.96440423 9.25880985
v 43.48596036 -4.94006252 9.19999962
v 43.48666236 -4.94286513 9.25880985
v 43.48876163 -4.95124578 9.31705456
v 43.39522097 -4.98690999 9.37417107
v 43.49705783 -4.98436606 9.42961006
v 43.49223796 -4.96512401 9.37417107
v 43.58056933 -4.91388071 9.19999962
v 43.58140802 -4.91664541 9.25880985
v 43.58391601 -4.92491305 9.31705456
v 43.67377973 -4.88308811 9.19999962
v 43.67475301 -4.88580835 9.25880985
v 43.67766362 -4.89394307 9.31705456
v 43.58806908 -4.93860400 9.37417107
v 43.59382731 -4.95758629 9.42961006
v 43.60113519 -4.98167729 9.48283844
v 43.69764745 -4.94979393 9.48283844
v 43.68248355 -4.90741372 9.37417107
v 43.68916625 -4.92609060 9.42961006
v 43.70784539 -4.97829545 9.53334217
v 43.78284490 -4.88995481 9.42961006
v 43.79247892 -4.91321337 9.48283844
v 43.76536685 -4.84775901 9.19999962
v 43.76647252 -4.85042834 9.25880985
v 43.76977873 -4.85841036 9.31705456
v 43.86003941 -4.81840050 9.31705456
v 43.85511017 -4.80797863 9.19999962
v 43.85634547 -4.81059039 9.25880985
v 43.77525377 -4.87162828 9.37417107
v 43.87463760 -4.84926581 9.42961006
v 43.86615640 -4.83133388 9.37417107
v 43.88540131 -4.87202370 9.48283844
v 43.94279349 -4.76384258 9.19999962
v 43.94415540 -4.76639056 9.25880985
v 43.94822812 -4.77401006 9.31705456
v 43.97619063 -4.82632422 9.48283844
v 43.95497239 -4.78662765 9.37417107
v 43.96432322 -4.80412185 9.42961006
v 44.05168569 -4.75463164 9.42961006
v 44.06462824 -4.77622497 9.48283844
v 43.81748593 -4.97358561 9.58063583
v 43.80406314 -4.94118011 9.53334217
v 43.93024701 -4.96684194 9.62426453
v 43.91334051 -4.93109632 9.58063583
v 43.89834380 -4.89938843 9.53334217
v 44.02563477 -4.91882777 9.62426453
v 44.00699472 -4.88395464 9.58063583
v 44.06849515 -4.99901378 9.69888191
v 44.04620099 -4.95730436 9.66380672
v 43.99046028 -4.85302091 9.53334217
v 44.11855185 -4.86619091 9.62426453
v 44.09822309 -4.83227444 9.58063583
v 44.08019066 -4.80218923 9.53334217
v 44.02820551 -4.71545720 9.19999962
v 44.02969086 -4.71793532 9.25880985
v 44.03413248 -4.72534585 9.31705456
v 44.11114049 -4.66293919 9.19999962
v 44.11274564 -4.66534150 9.25880985
v 44.11754549 -4.67252505 9.31705456
v 44.04148769 -4.73761737 9.37417107
v 44.16529500 -4.94417727 9.69888191
v 44.14098120 -4.90361202 9.66380672
v 44.25928760 -4.88465714 9.69888191
v 44.19125926 -4.98749614 9.72915249
v 44.28734624 -4.92664981 9.72915249
v 44.20877409 -4.80905831 9.62426453
v 44.18680561 -4.77618015 9.58063583
v 44.23301256 -4.84533370 9.66380672
v 44.31691813 -4.97090721 9.75432758
v 44.44506478 -4.94844425 9.77416401
v 44.47908914 -4.99432075 9.78847103
v 44.41203964 -4.90391505 9.75432758
v 44.35024655 -4.82059669 9.69888191
v 44.32207358 -4.78260994 9.66380672
v 44.43795252 -4.75215018 9.69888191
v 44.38033175 -4.86116195 9.72915249
v 44.46999204 -4.79119039 9.72915249
v 44.13651466 -4.70091438 9.42961006
v 44.15050113 -4.72184658 9.48283844
v 44.12549412 -4.68442094 9.37417107
v 44.20678902 -4.62716663 9.37417107
v 44.21860552 -4.64309943 9.42961006
v 44.23360229 -4.66332006 9.48283844
v 44.19139862 -4.60641503 9.19999962
v 44.19311965 -4.60873568 9.25880985
v 44.19826627 -4.61567509 9.31705456
v 44.26878655 -4.54602087 9.19999962
v 44.27061939 -4.54825425 9.25880985
v 44.27610040 -4.55493283 9.31705456
v 44.28517663 -4.56599224 9.37417107
v 44.29776073 -4.58132601 9.42961006
v 44.31373155 -4.60078657 9.48283844
v 44.36046815 -4.50104535 9.37417107
v 44.37378955 -4.51574314 9.42961006
v 44.39069605 -4.53439665 9.48283844
v 44.16731870 -4.74701595 9.53334217
v 44.25163472 -4.68763399 9.53334217
v 44.29608440 -4.74756753 9.62426453
v 44.27252913 -4.71580684 9.58063583
v 44.35518694 -4.65130007 9.58063583
v 44.38027227 -4.68186665 9.62426453
v 44.40794969 -4.71559155 9.66380672
v 44.49043381 -4.64444029 9.66380672
v 44.33293533 -4.62418640 9.53334217
v 44.43457997 -4.58281517 9.58063583
v 44.46113491 -4.61211395 9.62426453
v 44.41102481 -4.55682588 9.53334217
v 44.34311795 -4.48190224 9.19999962
v 44.34505820 -4.48404300 9.25880985
v 44.35086024 -4.49044454 9.31705456
v 44.41421354 -4.41421354 9.19999962
v 44.41625655 -4.41625655 9.25880985
v 44.42236567 -4.42236567 9.31705456
v 44.44650877 -4.44650877 9.42961006
v 44.46431017 -4.46431017 9.48283844
v 44.43248224 -4.43248224 9.37417107
v 44.48190224 -4.34311795 9.19999962
v 44.48404300 -4.34505820 9.25880985
v 44.49044454 -4.35086024 9.31705456
v 44.48571491 -4.48571491 9.53334217
v 43.67615914 -3.25112438 11.80000000
v 43.69284862 -3.25868627 11.80000000
v 43.70999694 -3.26514044 11.80000000
v 43.72753066 -3.27045923 11.80000000
v 43.74537474 -3.27461988 11.80000000
v 43.67615914 -3.25112438 12.19999962
v 43.69284862 -3.25868627 12.19999962
v 43.70999694 -3.26514044 12.19999962
v 43.72753066 -3.27045923 12.19999962
v 43.74537474 -3.27461988 12.19999962
v 43.55751288 -3.14000000 11.80000000
v 43.54887563 -3.12384083 11.80000000
v 43.54131371 -3.10715136 11.80000000
v 43.53485954 -3.09000305 11.80000000
v 43.52954078 -3.07246933 11.80000000
v 43.52538013 -3.05462529 11.80000000
v 43.52239543 -3.03654733 11.80000000
v 43.52059948 -3.01831288 11.80000000
v 43.60201013 -3.19798990 11.80000000
v 43.62954682 -3.22213894 11.80000000
v 43.64444035 -3.23281150 11.80000000
v 43.61538315 -3.21051514 11.80000000
v 43.57786107 -3.17045321 11.80000000
v 43.58948487 -3.18461683 11.80000000
v 43.56718850 -3.15555966 11.80000000
v 43.66000003 -3.24248712 11.80000000
v 43.55751288 -3.14000000 12.19999962
v 43.54887563 -3.12384083 12.19999962
v 43.54131371 -3.10715136 12.19999962
v 43.53485954 -3.09000305 12.19999962
v 43.52954078 -3.07246933 12.19999962
v 43.52538013 -3.05462529 12.19999962
v 43.52239543 -3.03654733 12.19999962
v 43.52059948 -3.01831288 12.19999962
v 43.60201013 -3.19798990 12.19999962
v 43.62954682 -3.22213894 12.19999962
v 43.64444035 -3.23281150 12.19999962
v 43.61538315 -3.21051514 12.19999962
v 43.57786107 -3.17045321 12.19999962
v 43.58948487 -3.18461683 12.19999962
v 43.56718850 -3.15555966 12.19999962
v 43.66000003 -3.24248712 12.19999962
v 43.76345265 -3.27760455 11.80000000
v 43.78168714 -3.27940050 11.80000000
v 43.80000001 -3.28000000 11.80000000
v 43.81831288 -3.27940050 11.80000000
v 43.83654732 -3.27760455 11.80000000
v 43.85462528 -3.27461988 11.80000000
v 43.87246931 -3.27045923 11.80000000
v 43.89000303 -3.26514044 11.80000000
v 43.90715134 -3.25868627 11.80000000
v 43.92384082 -3.25112438 11.80000000
v 43.76345265 -3.27760455 12.19999962
v 43.78168714 -3.27940050 12.19999962
v 43.80000001 -3.28000000 12.19999962
v 43.81831288 -3.27940050 12.19999962
v 43.83654732 -3.27760455 12.19999962
v 43.85462528 -3.27461988 12.19999962
v 43.87246931 -3.27045923 12.19999962
v 43.89000303 -3.26514044 12.19999962
v 43.90715134 -3.25868627 12.19999962
v 43.92384082 -3.25112438 12.19999962
v 43.94000000 -3.24248712 11.80000000
v 43.95555967 -3.23281150 11.80000000
v 43.97045320 -3.22213894 11.80000000
v 43.98461682 -3.21051514 11.80000000
v 43.99798989 -3.19798990 11.80000000
v 44.01051509 -3.18461683 11.80000000
v 44.02213895 -3.17045321 11.80000000
v 44.03281152 -3.15555966 11.80000000
v 44.04248714 -3.14000000 11.80000000
v 44.05112433 -3.12384083 11.80000000
v 44.05868626 -3.10715136 11.80000000
v 44.06514049 -3.09000305 11.80000000
v 44.07045925 -3.07246933 11.80000000
v 44.07461989 -3.05462529 11.80000000
v 44.07760453 -3.03654733 11.80000000
v 44.07940054 -3.01831288 11.80000000
v 43.94000000 -3.24248712 12.19999962
v 43.95555967 -3.23281150 12.19999962
v 43.97045320 -3.22213894 12.19999962
v 43.98461682 -3.21051514 12.19999962
v 43.99798989 -3.19798990 12.19999962
v 44.01051509 -3.18461683 12.19999962
v 44.02213895 -3.17045321 12.19999962
v 44.03281152 -3.15555966 12.19999962
v 44.04248714 -3.14000000 12.19999962
v 44.05112433 -3.12384083 12.19999962
v 44.05868626 -3.10715136 12.19999962
v 44.06514049 -3.09000305 12.19999962
v 44.07045925 -3.07246933 12.19999962
v 44.07461989 -3.05462529 12.19999962
v 44.07760453 -3.03654733 12.19999962
v 44.07940054 -3.01831288 12.19999962
v 44.53892970 -4.87519133 9.77416401
v 44.57516420 -4.91934311 9.78847103
v 44.61211371 -4.96436620 9.79711037
v 44.50375950 -4.83233619 9.75432758
v 44.59185660 -4.75634313 9.75432758
v 44.66744447 -4.83974147 9.78847103
v 44.62908733 -4.79742086 9.77416401
v 44.70655870 -4.88289738 9.79711037
v 44.74605334 -4.92647290 9.80000000
v 44.75570786 -4.75570786 9.78847103
v 44.83847761 -4.83847761 9.80000000
v 44.79689252 -4.79689252 9.79711037
v 44.52219439 -4.67948270 9.69888191
v 44.55611086 -4.71690381 9.72915249
v 44.63848090 -4.63848090 9.72915249
v 44.67611885 -4.67611885 9.75432758
v 44.56932735 -4.56932735 9.66380672
v 44.53847766 -4.53847766 9.62426453
v 44.51051712 -4.51051712 9.58063583
v 44.60276914 -4.60276914 9.69888191
v 44.67948270 -4.52219439 9.69888191
v 44.71532023 -4.71532023 9.77416401
v 44.79742086 -4.62908733 9.77416401
v 44.83974147 -4.66744447 9.78847103
v 44.75634313 -4.59185660 9.75432758
v 44.71690381 -4.55611086 9.72915249
v 44.83233619 -4.50375950 9.75432758
v 44.88289738 -4.70655870 9.79711037
v 44.92647290 -4.74605334 9.80000000
v 45.00982714 -4.64942253 9.80000000
v 44.91934311 -4.57516420 9.78847103
v 44.96436620 -4.61211371 9.79711037
v 44.87519133 -4.53892970 9.77416401
v 45.04110265 -4.51378500 9.79711037
v 45.08833957 -4.54881823 9.80000000
v 44.53439665 -4.39069605 9.48283844
v 44.54602087 -4.26878655 9.19999962
v 44.54825425 -4.27061939 9.25880985
v 44.55493283 -4.27610040 9.31705456
v 44.50104535 -4.36046815 9.37417107
v 44.51574314 -4.37378955 9.42961006
v 44.56599224 -4.28517663 9.37417107
v 44.58132601 -4.29776073 9.42961006
v 44.60078657 -4.31373155 9.48283844
v 44.55682588 -4.41102481 9.53334217
v 44.58281517 -4.43457997 9.58063583
v 44.61211395 -4.46113491 9.62426453
v 44.64444029 -4.49043381 9.66380672
v 44.68186665 -4.38027227 9.62426453
v 44.62418640 -4.33293533 9.53334217
v 44.65130007 -4.35518694 9.58063583
v 44.75215018 -4.43795252 9.69888191
v 44.71559155 -4.40794969 9.66380672
v 44.79119039 -4.46999204 9.72915249
v 44.86116195 -4.38033175 9.72915249
v 44.68763399 -4.25163472 9.53334217
v 44.71580684 -4.27252913 9.58063583
v 44.74756753 -4.29608440 9.62426453
v 44.82059669 -4.35024655 9.69888191
v 44.78260994 -4.32207358 9.66380672
v 44.60641503 -4.19139862 9.19999962
v 44.60873568 -4.19311965 9.25880985
v 44.61567509 -4.19826627 9.31705456
v 44.62716663 -4.20678902 9.37417107
v 44.64309943 -4.21860552 9.42961006
v 44.66332006 -4.23360229 9.48283844
v 44.68442094 -4.12549412 9.37417107
v 44.66293919 -4.11114049 9.19999962
v 44.66534150 -4.11274564 9.25880985
v 44.67252505 -4.11754549 9.31705456
v 44.70091438 -4.13651466 9.42961006
v 44.72184658 -4.15050113 9.48283844
v 44.71545720 -4.02820551 9.19999962
v 44.72534585 -4.03413248 9.31705456
v 44.71793532 -4.02969086 9.25880985
v 44.77622497 -4.06462824 9.48283844
v 44.73761737 -4.04148769 9.37417107
v 44.75463164 -4.05168569 9.42961006
v 44.74701595 -4.16731870 9.53334217
v 44.77618015 -4.18680561 9.58063583
v 44.80905831 -4.20877409 9.62426453
v 44.84533370 -4.23301256 9.66380672
v 44.80218923 -4.08019066 9.53334217
v 44.83227444 -4.09822309 9.58063583
v 44.86619091 -4.11855185 9.62426453
v 44.94844425 -4.44506478 9.77416401
v 44.90391505 -4.41203964 9.75432758
v 44.99432075 -4.47908914 9.78847103
v 44.88465714 -4.25928760 9.69888191
v 44.92664981 -4.28734624 9.72915249
v 44.97090721 -4.31691813 9.75432758
v 45.01700330 -4.34771848 9.77416401
v 45.06449389 -4.37945080 9.78847103
v 45.11292195 -4.41180933 9.79711037
v 45.16182089 -4.44448256 9.80000000
v 45.12969375 -4.27648926 9.78847103
v 45.23009443 -4.33666718 9.80000000
v 45.17965102 -4.30643260 9.79711037
v 44.90361202 -4.14098120 9.66380672
v 44.94417727 -4.16529500 9.69888191
v 44.98749614 -4.19125926 9.72915249
v 45.03315115 -4.21862400 9.75432758
v 44.88395464 -4.00699472 9.58063583
v 44.91882777 -4.02563477 9.62426453
v 44.95730436 -4.04620099 9.66380672
v 44.99901378 -4.06849515 9.69888191
v 45.04355431 -4.09230256 9.72915249
v 45.08070302 -4.24712539 9.77416401
v 45.13939047 -4.14352798 9.77416401
v 45.24112916 -4.19790852 9.79711037
v 45.18976259 -4.17045259 9.78847103
v 45.09049726 -4.11739409 9.75432758
v 45.14280725 -4.01347232 9.75432758
v 45.19292355 -4.03717566 9.77416401
v 45.24455643 -4.06159616 9.78847103
v 45.29299521 -4.22563148 9.80000000
v 45.29720831 -4.08649862 9.79711037
v 45.35037208 -4.11164320 9.80000000
v 44.76384258 -3.94279349 9.19999962
v 44.76639056 -3.94415540 9.25880985
v 44.77401006 -3.94822812 9.31705456
v 44.78662765 -3.95497239 9.37417107
v 44.80412185 -3.96432322 9.42961006
v 44.82632422 -3.97619063 9.48283844
v 44.87202370 -3.88540131 9.48283844
v 44.80797863 -3.85511017 9.19999962
v 44.81059039 -3.85634547 9.25880985
v 44.81840050 -3.86003941 9.31705456
v 44.84775901 -3.76536685 9.19999962
v 44.85042834 -3.76647252 9.25880985
v 44.85841036 -3.76977873 9.31705456
v 44.83133388 -3.86615640 9.37417107
v 44.84926581 -3.87463760 9.42961006
v 44.87162828 -3.77525377 9.37417107
v 44.85302091 -3.99046028 9.53334217
v 44.88995481 -3.78284490 9.42961006
v 44.91321337 -3.79247892 9.48283844
v 44.89938843 -3.89834380 9.53334217
v 44.93109632 -3.91334051 9.58063583
v 44.96684194 -3.93024701 9.62426453
v 45.00628138 -3.94890040 9.66380672
v 45.04903436 -3.96912110 9.69888191
v 44.94118011 -3.80406314 9.53334217
v 44.97358561 -3.81748593 9.58063583
v 45.01011801 -3.83261812 9.62426453
v 45.05042505 -3.84931386 9.66380672
v 45.09468961 -3.99071437 9.72915249
v 45.14077854 -3.88673949 9.72915249
v 45.18995476 -3.90710896 9.75432758
v 45.24117398 -3.92832464 9.77416401
v 45.09411883 -3.86741239 9.69888191
v 45.13415837 -3.76361406 9.69888191
v 45.18171000 -3.78062832 9.72915249
v 45.23182654 -3.79856032 9.75432758
v 44.88308811 -3.67377973 9.19999962
v 44.88580835 -3.67475301 9.25880985
v 44.89394307 -3.67766362 9.31705456
v 44.92609060 -3.68916625 9.42961006
v 44.94979393 -3.69764745 9.48283844
v 44.90741372 -3.68248355 9.37417107
v 44.91388071 -3.58056933 9.19999962
v 44.91664541 -3.58140802 9.25880985
v 44.92491305 -3.58391601 9.31705456
v 44.95758629 -3.59382731 9.42961006
v 44.93860400 -3.58806908 9.37417107
v 44.98167729 -3.60113519 9.48283844
v 45.00878644 -3.50317484 9.48283844
v 45.01132059 -3.71966201 9.58063583
v 44.97829545 -3.70784539 9.53334217
v 45.04855132 -3.73298335 9.62426453
v 45.01064467 -3.60992241 9.53334217
v 45.04420996 -3.62010431 9.58063583
v 45.03815031 -3.51053011 9.53334217
v 45.08962893 -3.74768120 9.66380672
v 45.08204937 -3.63158280 9.62426453
v 45.12379885 -3.64424735 9.66380672
v 45.16905642 -3.65797603 9.69888191
v 45.21738577 -3.67263663 9.72915249
v 45.07217479 -3.51905274 9.58063583
v 45.11053181 -3.52866071 9.62426453
v 45.15285254 -3.53926146 9.66380672
v 45.19872904 -3.55075294 9.69888191
v 45.24771953 -3.56302440 9.72915249
v 44.94006252 -3.48596036 9.19999962
v 44.94286513 -3.48666236 9.25880985
v 44.95124578 -3.48876163 9.31705456
v 44.96157050 -3.39018065 9.19999962
v 44.96440423 -3.39074430 9.25880985
v 44.97287786 -3.39242980 9.31705456
v 44.96512401 -3.49223796 9.37417107
v 44.98436606 -3.49705783 9.42961006
v 44.98690999 -3.39522097 9.37417107
v 45.00636530 -3.39909086 9.42961006
v 45.03105640 -3.40400225 9.48283844
v 44.97835302 -3.29346094 9.19999962
v 44.98121095 -3.29388487 9.25880985
v 44.98975706 -3.29515257 9.31705456
v 45.00390911 -3.29725185 9.37417107
v 45.02353096 -3.30016246 9.42961006
v 45.04843354 -3.30385640 9.48283844
v 45.06074572 -3.40990782 9.53334217
v 45.09514737 -3.41675073 9.58063583
v 45.13392973 -3.42446503 9.62426453
v 45.22310472 -3.44220302 9.69888191
v 45.17671967 -3.43297645 9.66380672
v 45.11307263 -3.31344473 9.58063583
v 45.15218687 -3.31924677 9.62426453
v 45.07837677 -3.30829808 9.53334217
v 45.19534278 -3.32564834 9.66380672
v 45.24212480 -3.33258778 9.69888191
v 44.99036944 -3.19603428 9.19999962
v 44.99324465 -3.19631746 9.25880985
v 45.00184274 -3.19716430 9.31705456
v 45.01608086 -3.19856663 9.37417107
v 45.03582191 -3.20051095 9.42961006
v 45.06087565 -3.20297852 9.48283844
v 44.99759090 -3.09813535 9.19999962
v 45.00047660 -3.09827711 9.25880985
v 45.00910592 -3.09870104 9.31705456
v 45.02339554 -3.09940305 9.37417107
v 45.04320812 -3.10037638 9.42961006
v 45.06835270 -3.10161166 9.48283844
v 45.09100080 -3.20594560 9.53334217
v 45.12590742 -3.20938361 9.58063583
v 45.16525912 -3.21325941 9.62426453
v 45.20867729 -3.21753572 9.66380672
v 45.09858727 -3.10309698 9.53334217
v 45.13362050 -3.10481806 9.58063583
v 45.17311525 -3.10675830 9.62426453
v 45.21669078 -3.10889903 9.66380672
v 45.29394293 -3.95018220 9.78847103
v 45.34775305 -3.97247118 9.79711037
v 45.40208673 -3.99497694 9.80000000
v 45.28402519 -3.81723726 9.77416401
v 45.33780289 -3.83647925 9.78847103
v 45.39264202 -3.85610104 9.79711037
v 45.44801450 -3.87591362 9.80000000
v 45.48804498 -3.75474018 9.80000000
v 45.26832175 -3.68808788 9.75432758
v 45.32137370 -3.70418102 9.77416401
v 45.37603092 -3.72076112 9.78847103
v 45.43176699 -3.73766845 9.79711037
v 45.29935241 -3.57595778 9.75432758
v 45.35313010 -3.58942842 9.77416401
v 45.40853500 -3.60330659 9.78847103
v 45.52208138 -3.63174850 9.80000000
v 45.46503353 -3.61745876 9.79711037
v 45.55004168 -3.50723481 9.80000000
v 45.27263832 -3.45205587 9.72915249
v 45.32484365 -3.46244013 9.75432758
v 45.37921762 -3.47325581 9.77416401
v 45.43523669 -3.48439869 9.78847103
v 45.29208207 -3.33999828 9.72915249
v 45.34473395 -3.34780845 9.75432758
v 45.39957333 -3.35594305 9.77416401
v 45.49236155 -3.49576151 9.79711037
v 45.57185888 -3.38149923 9.80000000
v 45.45607162 -3.36432382 9.78847103
v 45.51368523 -3.37286997 9.79711037
v 45.58748031 -3.25484458 9.80000000
v 45.25574327 -3.22217132 9.69888191
v 45.30600429 -3.22712159 9.72915249
v 45.35897589 -3.23233885 9.75432758
v 45.41414809 -3.23777284 9.77416401
v 45.26392746 -3.11121963 9.69888191
v 45.31437087 -3.11369774 9.72915249
v 45.36753464 -3.11630952 9.75432758
v 45.42290711 -3.11902980 9.77416401
v 45.47098970 -3.24337125 9.78847103
v 45.52895308 -3.24908015 9.79711037
v 45.59686828 -3.12757595 9.80000000
v 45.47995496 -3.12183238 9.78847103
v 45.53812885 -3.12469027 9.79711037
v 47.50000000 -7.00000000 9.80000000
v 47.54907846 -6.99919677 9.80000000
v 47.59810448 -6.99678850 9.80000000
v 47.64702559 -6.99277711 9.80000000
v 47.69578934 -6.98716736 9.80000000
v 47.74434328 -6.97996497 9.80000000
v 47.79263544 -6.97117782 9.80000000
v 47.84061432 -6.96081543 9.80000000
v 47.88822842 -6.94888878 9.80000000
v 47.93542719 -6.93541050 9.80000000
v 47.98215914 -6.92039514 9.80000000
v 48.02837515 -6.90385890 9.80000000
v 48.07402515 -6.88581920 9.80000000
v 48.11906052 -6.86629581 9.80000000
v 48.16343307 -6.84530902 9.80000000
v 48.20709515 -6.82288194 9.80000000
v 48.25000000 -6.79903817 9.80000000
v 48.29210186 -6.77380323 9.80000000
v 48.33335543 -6.74720430 9.80000000
v 48.37371635 -6.71926999 9.80000000
v 48.41314220 -6.69003010 9.80000000
v 48.45159006 -6.65951562 9.80000000
v 48.48901892 -6.62775970 9.80000000
v 48.52538824 -6.59479618 9.80000000
v 48.56066036 -6.56066012 9.80000000
v 48.59479618 -6.52538848 9.80000000
v 48.62775993 -6.48901868 9.80000000
v 48.65951586 -6.45158982 9.80000000
v 48.69003010 -6.41314220 9.80000000
v 48.71927023 -6.37371659 9.80000000
v 48.74720430 -6.33335543 9.80000000
v 48.77380323 -6.29210186 9.80000000
v 48.79903793 -6.25000000 9.80000000
v 48.82288170 -6.20709515 9.80000000
v 48.84530926 -6.16343307 9.80000000
v 48.86629581 -6.11906052 9.80000000
v 48.88581944 -6.07402515 9.80000000
v 48.90385866 -6.02837515 9.80000000
v 47.50000000 -7.00000000 12.19999962
v 47.54907846 -6.99919677 12.19999962
v 47.59810448 -6.99678850 12.19999962
v 47.64702559 -6.99277711 12.19999962
v 47.69578934 -6.98716736 12.19999962
v 47.74434328 -6.97996497 12.19999962
v 47.79263544 -6.97117782 12.19999962
v 47.84061432 -6.96081543 12.19999962
v 47.88822842 -6.94888878 12.19999962
v 47.93542719 -6.93541050 12.19999962
v 47.98215914 -6.92039514 12.19999962
v 48.02837515 -6.90385890 12.19999962
v 48.07402515 -6.88581920 12.19999962
v 48.11906052 -6.86629581 12.19999962
v 48.16343307 -6.84530902 12.19999962
v 48.20709515 -6.82288194 12.19999962
v 48.25000000 -6.79903817 12.19999962
v 48.29210186 -6.77380323 12.19999962
v 48.33335543 -6.74720430 12.19999962
v 48.37371635 -6.71926999 12.19999962
v 48.41314220 -6.69003010 12.19999962
v 48.45159006 -6.65951562 12.19999962
v 48.48901892 -6.62775970 12.19999962
v 48.52538824 -6.59479618 12.19999962
v 48.56066036 -6.56066012 12.19999962
v 48.59479618 -6.52538848 12.19999962
v 48.62775993 -6.48901868 12.19999962
v 48.65951586 -6.45158982 12.19999962
v 48.69003010 -6.41314220 12.19999962
v 48.71927023 -6.37371659 12.19999962
v 48.74720430 -6.33335543 12.19999962
v 48.77380323 -6.29210186 12.19999962
v 48.79903793 -6.25000000 12.19999962
v 48.82288170 -6.20709515 12.19999962
v 48.84530926 -6.16343307 12.19999962
v 48.86629581 -6.11906052 12.19999962
v 48.88581944 -6.07402515 12.19999962
v 48.90385866 -6.02837515 12.19999962
v 48.92039537 -5.98215914 9.80000000
v 48.93541050 -5.93542695 9.80000000
v 48.94888878 -5.88822865 9.80000000
v 48.96081543 -5.84061432 9.80000000
v 48.97117805 -5.79263544 9.80000000
v 48.97996521 -5.74434328 9.80000000
v 48.98716736 -5.69578934 9.80000000
v 48.99277687 -5.64702582 9.80000000
v 48.99678850 -5.59810472 9.80000000
v 48.99919701 -5.54907870 9.80000000
v 49.00000000 -5.50000000 9.80000000
v 48.92039537 -5.98215914 12.19999962
v 48.93541050 -5.93542695 12.19999962
v 48.94888878 -5.88822865 12.19999962
v 48.96081543 -5.84061432 12.19999962
v 48.97117805 -5.79263544 12.19999962
v 48.97996521 -5.74434328 12.19999962
v 48.98716736 -5.69578934 12.19999962
v 48.99277687 -5.64702582 12.19999962
v 48.99678850 -5.59810472 12.19999962
v 48.99919701 -5.54907870 12.19999962
v 49.00000000 -5.50000000 12.19999962
v 43.00000000 -3.00000000 0.00000000
v 44.47820723 -2.38770652 0.00000000
v 44.44638288 -2.31591183 0.00000000
v 44.28513205 -2.04688114 0.00000000
v 44.37236583 -2.17743564 0.00000000
v 44.41107404 -2.24576521 0.00000000
v 44.33035135 -2.11108762 0.00000000
v 43.61229348 -1.52179277 0.00000000
v 43.68408817 -1.55361712 0.00000000
v 43.00000000 -1.39999998 0.00000000
v 43.07850828 -1.40192723 0.00000000
v 43.15682742 -1.40770447 0.00000000
v 43.23476876 -1.41731763 0.00000000
v 43.31214452 -1.43074358 0.00000000
v 43.09813535 -1.00240910 0.49999999
v 43.19603428 -1.00963056 0.49999999
v 43.29346094 -1.02164698 0.49999999
v 43.38876829 -1.44795001 0.00000000
v 43.46445549 -1.46889544 0.00000000
v 43.53902376 -1.49352944 0.00000000
v 43.39018065 -1.03842950 0.49999999
v 43.48596036 -1.05993748 0.49999999
v 43.58056933 -1.08611929 0.49999999
v 43.67377973 -1.11691189 0.49999999
v 44.01502931 -1.76318324 0.00000000
v 44.07449436 -1.81447816 0.00000000
v 43.82256436 -1.62763417 0.00000000
v 43.88891238 -1.66964865 0.00000000
v 43.75423479 -1.58892596 0.00000000
v 43.95311886 -1.71486795 0.00000000
v 44.18552184 -1.92550564 0.00000000
v 44.23681676 -1.98497069 0.00000000
v 44.13137090 -1.86862910 0.00000000
v 44.48190224 -1.65688205 0.49999999
v 44.34311795 -1.51809776 0.49999999
v 44.41421354 -1.58578646 0.49999999
v 44.02820551 -1.28454280 0.49999999
v 44.11114049 -1.33706081 0.49999999
v 43.76536685 -1.15224099 0.49999999
v 43.85511017 -1.19202137 0.49999999
v 43.94279349 -1.23615742 0.49999999
v 44.19139862 -1.39358497 0.49999999
v 44.26878655 -1.45397913 0.49999999
v 44.60000002 -3.00000000 0.00000000
v 44.59807277 -2.92149172 0.00000000
v 44.59229553 -2.84317258 0.00000000
v 44.58268237 -2.76523124 0.00000000
v 44.56925642 -2.68785548 0.00000000
v 44.55204999 -2.61123171 0.00000000
v 44.53110456 -2.53554451 0.00000000
v 45.00000000 -3.00000000 0.49999999
v 44.99759090 -2.90186465 0.49999999
v 44.99036944 -2.80396572 0.49999999
v 44.97835302 -2.70653906 0.49999999
v 44.96157050 -2.60981935 0.49999999
v 44.94006252 -2.51403964 0.49999999
v 44.50647056 -2.46097624 0.00000000
v 44.84775901 -2.23463315 0.49999999
v 44.80797863 -2.14488983 0.49999999
v 44.76384258 -2.05720651 0.49999999
v 44.91388071 -2.41943067 0.49999999
v 44.88308811 -2.32622027 0.49999999
v 44.66293919 -1.88885951 0.49999999
v 44.60641503 -1.80860138 0.49999999
v 44.71545720 -1.97179449 0.49999999
v 44.54602087 -1.73121345 0.49999999
v 43.00000000 -1.00000000 0.49999999
v 43.51999998 -3.00000000 11.80000000
v 43.52059948 -2.98168712 11.80000000
v 43.52239543 -2.96345267 11.80000000
v 43.52538013 -2.94537471 11.80000000
v 43.52954078 -2.92753067 11.80000000
v 43.53485954 -2.90999695 11.80000000
v 43.54131371 -2.89284864 11.80000000
v 43.54887563 -2.87615917 11.80000000
v 43.55751288 -2.86000000 11.80000000
v 43.56718850 -2.84444034 11.80000000
v 43.57786107 -2.82954679 11.80000000
v 43.58948487 -2.81538317 11.80000000
v 43.60201013 -2.80201010 11.80000000
v 43.61538315 -2.78948486 11.80000000
v 43.62954682 -2.77786106 11.80000000
v 43.64444035 -2.76718850 11.80000000
v 43.66000003 -2.75751288 11.80000000
v 43.51999998 -3.00000000 12.19999962
v 43.52059948 -2.98168712 12.19999962
v 43.52239543 -2.96345267 12.19999962
v 43.52538013 -2.94537471 12.19999962
v 43.52954078 -2.92753067 12.19999962
v 43.53485954 -2.90999695 12.19999962
v 43.54131371 -2.89284864 12.19999962
v 43.54887563 -2.87615917 12.19999962
v 43.55751288 -2.86000000 12.19999962
v 43.56718850 -2.84444034 12.19999962
v 43.57786107 -2.82954679 12.19999962
v 43.58948487 -2.81538317 12.19999962
v 43.60201013 -2.80201010 12.19999962
v 43.61538315 -2.78948486 12.19999962
v 43.62954682 -2.77786106 12.19999962
v 43.64444035 -2.76718850 12.19999962
v 43.66000003 -2.75751288 12.19999962
v 43.67615914 -2.74887562 11.80000000
v 43.69284862 -2.74131373 11.80000000
v 43.70999694 -2.73485956 11.80000000
v 43.72753066 -2.72954077 11.80000000
v 43.74537474 -2.72538012 11.80000000
v 43.67615914 -2.74887562 12.19999962
v 43.69284862 -2.74131373 12.19999962
v 43.70999694 -2.73485956 12.19999962
v 43.72753066 -2.72954077 12.19999962
v 43.74537474 -2.72538012 12.19999962
v 44.07760453 -2.96345267 11.80000000
v 44.07461989 -2.94537471 11.80000000
v 44.08000004 -3.00000000 11.80000000
v 44.07940054 -2.98168712 11.80000000
v 44.07045925 -2.92753067 11.80000000
v 44.06514049 -2.90999695 11.80000000
v 44.05112433 -2.87615917 11.80000000
v 44.05868626 -2.89284864 11.80000000
v 44.02213895 -2.82954679 11.80000000
v 44.01051509 -2.81538317 11.80000000
v 43.95555967 -2.76718850 11.80000000
v 43.94000000 -2.75751288 11.80000000
v 43.97045320 -2.77786106 11.80000000
v 43.99798989 -2.80201010 11.80000000
v 43.98461682 -2.78948486 11.80000000
v 44.04248714 -2.86000000 11.80000000
v 44.03281152 -2.84444034 11.80000000
v 44.07760453 -2.96345267 12.19999962
v 44.07461989 -2.94537471 12.19999962
v 44.08000004 -3.00000000 12.19999962
v 44.07940054 -2.98168712 12.19999962
v 44.07045925 -2.92753067 12.19999962
v 44.06514049 -2.90999695 12.19999962
v 44.05112433 -2.87615917 12.19999962
v 44.05868626 -2.89284864 12.19999962
v 44.02213895 -2.82954679 12.19999962
v 44.01051509 -2.81538317 12.19999962
v 43.95555967 -2.76718850 12.19999962
v 43.94000000 -2.75751288 12.19999962
v 43.97045320 -2.77786106 12.19999962
v 43.99798989 -2.80201010 12.19999962
v 43.98461682 -2.78948486 12.19999962
v 44.04248714 -2.86000000 12.19999962
v 44.03281152 -2.84444034 12.19999962
v 43.76345265 -2.72239545 11.80000000
v 43.78168714 -2.72059950 11.80000000
v 43.80000001 -2.72000000 11.80000000
v 43.81831288 -2.72059950 11.80000000
v 43.83654732 -2.72239545 11.80000000
v 43.85462528 -2.72538012 11.80000000
v 43.89000303 -2.73485956 11.80000000
v 43.87246931 -2.72954077 11.80000000
v 43.90715134 -2.74131373 11.80000000
v 43.92384082 -2.74887562 11.80000000
v 43.76345265 -2.72239545 12.19999962
v 43.78168714 -2.72059950 12.19999962
v 43.80000001 -2.72000000 12.19999962
v 43.81831288 -2.72059950 12.19999962
v 43.83654732 -2.72239545 12.19999962
v 43.85462528 -2.72538012 12.19999962
v 43.89000303 -2.73485956 12.19999962
v 43.87246931 -2.72954077 12.19999962
v 43.90715134 -2.74131373 12.19999962
v 43.92384082 -2.74887562 12.19999962
v 43.09813535 -1.00240910 9.19999962
v 43.19603428 -1.00963056 9.19999962
v 43.19631746 -1.00675535 9.25880985
v 43.29346094 -1.02164698 9.19999962
v 43.29388487 -1.01878905 9.25880985
v 43.29515257 -1.01024294 9.31705456
v 43.39018065 -1.03842950 9.19999962
v 43.39074430 -1.03559577 9.25880985
v 43.39242980 -1.02712214 9.31705456
v 43.48596036 -1.05993748 9.19999962
v 43.48666236 -1.05713487 9.25880985
v 43.48876163 -1.04875422 9.31705456
v 43.39522097 -1.01309001 9.37417107
v 43.49223796 -1.03487599 9.37417107
v 43.49705783 -1.01563394 9.42961006
v 43.58056933 -1.08611929 9.19999962
v 43.58140802 -1.08335459 9.25880985
v 43.58391601 -1.07508695 9.31705456
v 43.67377973 -1.11691189 9.19999962
v 43.67475301 -1.11419165 9.25880985
v 43.67766362 -1.10605693 9.31705456
v 43.58806908 -1.06139600 9.37417107
v 43.59382731 -1.04241371 9.42961006
v 43.60113519 -1.01832271 9.48283844
v 43.68248355 -1.09258628 9.37417107
v 43.68916625 -1.07390940 9.42961006
v 43.69764745 -1.05020607 9.48283844
v 43.70784539 -1.02170455 9.53334217
v 44.48190224 -1.65688205 9.19999962
v 44.48404300 -1.65494180 9.25880985
v 44.49044454 -1.64913976 9.31705456
v 44.34311795 -1.51809776 9.19999962
v 44.34505820 -1.51595700 9.25880985
v 44.35086024 -1.50955546 9.31705456
v 44.41421354 -1.58578646 9.19999962
v 44.41625655 -1.58374345 9.25880985
v 44.42236567 -1.57763433 9.31705456
v 44.43248224 -1.56751776 9.37417107
v 44.44650877 -1.55349123 9.42961006
v 44.46431017 -1.53568983 9.48283844
v 44.48571491 -1.51428509 9.53334217
v 44.02820551 -1.28454280 9.19999962
v 44.02969086 -1.28206468 9.25880985
v 44.11114049 -1.33706081 9.19999962
v 44.11274564 -1.33465850 9.25880985
v 44.11754549 -1.32747495 9.31705456
v 44.03413248 -1.27465415 9.31705456
v 44.04148769 -1.26238263 9.37417107
v 43.76536685 -1.15224099 9.19999962
v 43.76647252 -1.14957166 9.25880985
v 43.76977873 -1.14158964 9.31705456
v 43.85511017 -1.19202137 9.19999962
v 43.85634547 -1.18940961 9.25880985
v 43.86003941 -1.18159950 9.31705456
v 43.77525377 -1.12837172 9.37417107
v 43.86615640 -1.16866612 9.37417107
v 43.87463760 -1.15073419 9.42961006
v 43.88540131 -1.12797630 9.48283844
v 43.78284490 -1.11004519 9.42961006
v 43.79247892 -1.08678663 9.48283844
v 43.94279349 -1.23615742 9.19999962
v 43.94415540 -1.23360944 9.25880985
v 43.94822812 -1.22598994 9.31705456
v 43.95497239 -1.21337235 9.37417107
v 43.96432322 -1.19587815 9.42961006
v 43.97619063 -1.17367578 9.48283844
v 44.05168569 -1.24536836 9.42961006
v 44.06462824 -1.22377503 9.48283844
v 43.80406314 -1.05881989 9.53334217
v 43.81748593 -1.02641439 9.58063583
v 43.89834380 -1.10061157 9.53334217
v 43.91334051 -1.06890368 9.58063583
v 43.93024701 -1.03315806 9.62426453
v 43.99046028 -1.14697909 9.53334217
v 44.08019066 -1.19781077 9.53334217
v 44.09822309 -1.16772556 9.58063583
v 44.11855185 -1.13380909 9.62426453
v 44.00699472 -1.11604536 9.58063583
v 44.02563477 -1.08117223 9.62426453
v 44.04620099 -1.04269564 9.66380672
v 44.06849515 -1.00098622 9.69888191
v 44.19139862 -1.39358497 9.19999962
v 44.19311965 -1.39126432 9.25880985
v 44.19826627 -1.38432491 9.31705456
v 44.26878655 -1.45397913 9.19999962
v 44.27061939 -1.45174575 9.25880985
v 44.27610040 -1.44506717 9.31705456
v 44.28517663 -1.43400776 9.37417107
v 44.29776073 -1.41867399 9.42961006
v 44.12549412 -1.31557906 9.37417107
v 44.20678902 -1.37283337 9.37417107
v 44.21860552 -1.35690057 9.42961006
v 44.13651466 -1.29908562 9.42961006
v 44.15050113 -1.27815342 9.48283844
v 44.23360229 -1.33667994 9.48283844
v 44.36046815 -1.49895465 9.37417107
v 44.37378955 -1.48425686 9.42961006
v 44.39069605 -1.46560335 9.48283844
v 44.31373155 -1.39921343 9.48283844
v 44.16731870 -1.25298405 9.53334217
v 44.25163472 -1.31236601 9.53334217
v 44.27252913 -1.28419316 9.58063583
v 44.29608440 -1.25243247 9.62426453
v 44.33293533 -1.37581360 9.53334217
v 44.41102481 -1.44317412 9.53334217
v 44.43457997 -1.41718483 9.58063583
v 44.46113491 -1.38788605 9.62426453
v 44.35518694 -1.34869993 9.58063583
v 44.38027227 -1.31813335 9.62426453
v 44.49043381 -1.35555971 9.66380672
v 44.40794969 -1.28440845 9.66380672
v 44.18680561 -1.22381985 9.58063583
v 44.20877409 -1.19094169 9.62426453
v 44.23301256 -1.15466630 9.66380672
v 44.14098120 -1.09638798 9.66380672
v 44.16529500 -1.05582273 9.69888191
v 44.25928760 -1.11534286 9.69888191
v 44.19125926 -1.01250386 9.72915249
v 44.28734624 -1.07335019 9.72915249
v 44.32207358 -1.21739006 9.66380672
v 44.35024655 -1.17940331 9.69888191
v 44.43795252 -1.24784982 9.69888191
v 44.38033175 -1.13883805 9.72915249
v 44.46999204 -1.20880961 9.72915249
v 44.31691813 -1.02909279 9.75432758
v 44.41203964 -1.09608495 9.75432758
v 44.44506478 -1.05155575 9.77416401
v 44.47908914 -1.00567925 9.78847103
v 45.00000000 -3.00000000 9.19999962
v 45.00288916 -3.00000000 9.25880985
v 45.01152873 -3.00000000 9.31705456
v 44.99759090 -2.90186465 9.19999962
v 45.00047660 -2.90172289 9.25880985
v 45.00910592 -2.90129896 9.31705456
v 45.02583575 -3.00000000 9.37417107
v 45.04567218 -3.00000000 9.42961006
v 45.02339554 -2.90059695 9.37417107
v 45.04320812 -2.89962362 9.42961006
v 44.99036944 -2.80396572 9.19999962
v 44.99324465 -2.80368254 9.25880985
v 45.00184274 -2.80283570 9.31705456
v 45.01608086 -2.80143337 9.37417107
v 45.03582191 -2.79948905 9.42961006
v 45.06087565 -2.79702148 9.48283844
v 45.07084727 -3.00000000 9.48283844
v 45.06835270 -2.89838834 9.48283844
v 45.10111833 -3.00000000 9.53334217
v 45.13619375 -3.00000000 9.58063583
v 45.09858727 -2.89690302 9.53334217
v 45.13362050 -2.89518194 9.58063583
v 45.17573595 -3.00000000 9.62426453
v 45.21936393 -3.00000000 9.66380672
v 45.17311525 -2.89324170 9.62426453
v 45.21669078 -2.89110097 9.66380672
v 45.09100080 -2.79405440 9.53334217
v 45.12590742 -2.79061639 9.58063583
v 45.16525912 -2.78674059 9.62426453
v 45.20867729 -2.78246428 9.66380672
v 44.97835302 -2.70653906 9.19999962
v 44.98121095 -2.70611513 9.25880985
v 44.98975706 -2.70484743 9.31705456
v 45.00390911 -2.70274815 9.37417107
v 45.02353096 -2.69983754 9.42961006
v 45.04843354 -2.69614360 9.48283844
v 44.96157050 -2.60981935 9.19999962
v 44.96440423 -2.60925570 9.25880985
v 44.94006252 -2.51403964 9.19999962
v 44.94286513 -2.51333764 9.25880985
v 44.95124578 -2.51123837 9.31705456
v 44.97287786 -2.60757020 9.31705456
v 44.96512401 -2.50776204 9.37417107
v 44.98690999 -2.60477903 9.37417107
v 45.00636530 -2.60090914 9.42961006
v 45.03105640 -2.59599775 9.48283844
v 44.98436606 -2.50294217 9.42961006
v 45.06074572 -2.59009218 9.53334217
v 45.07837677 -2.69170192 9.53334217
v 45.11307263 -2.68655527 9.58063583
v 45.15218687 -2.68075323 9.62426453
v 45.19534278 -2.67435166 9.66380672
v 45.24212480 -2.66741222 9.69888191
v 45.09514737 -2.58324927 9.58063583
v 45.13392973 -2.57553497 9.62426453
v 45.17671967 -2.56702355 9.66380672
v 45.22310472 -2.55779698 9.69888191
v 44.84775901 -2.23463315 9.19999962
v 44.85042834 -2.23352748 9.25880985
v 44.85841036 -2.23022127 9.31705456
v 44.80797863 -2.14488983 9.19999962
v 44.81059039 -2.14365453 9.25880985
v 44.81840050 -2.13996059 9.31705456
v 44.87162828 -2.22474623 9.37417107
v 44.83133388 -2.13384360 9.37417107
v 44.84926581 -2.12536240 9.42961006
v 44.76384258 -2.05720651 9.19999962
v 44.76639056 -2.05584460 9.25880985
v 44.77401006 -2.05177188 9.31705456
v 44.87202370 -2.11459869 9.48283844
v 44.78662765 -2.04502761 9.37417107
v 44.80412185 -2.03567678 9.42961006
v 44.82632422 -2.02380937 9.48283844
v 44.85302091 -2.00953972 9.53334217
v 44.91388071 -2.41943067 9.19999962
v 44.91664541 -2.41859198 9.25880985
v 44.92491305 -2.41608399 9.31705456
v 44.93860400 -2.41193092 9.37417107
v 44.95758629 -2.40617269 9.42961006
v 45.00878644 -2.49682516 9.48283844
v 44.98167729 -2.39886481 9.48283844
v 44.88308811 -2.32622027 9.19999962
v 44.88580835 -2.32524699 9.25880985
v 44.89394307 -2.32233638 9.31705456
v 44.90741372 -2.31751645 9.37417107
v 44.92609060 -2.31083375 9.42961006
v 44.94979393 -2.30235255 9.48283844
v 45.03815031 -2.48946989 9.53334217
v 45.01064467 -2.39007759 9.53334217
v 45.04420996 -2.37989569 9.58063583
v 44.97829545 -2.29215461 9.53334217
v 45.01132059 -2.28033799 9.58063583
v 45.04855132 -2.26701665 9.62426453
v 45.07217479 -2.48094726 9.58063583
v 45.11053181 -2.47133929 9.62426453
v 45.15285254 -2.46073854 9.66380672
v 45.19872904 -2.44924706 9.69888191
v 45.24771953 -2.43697560 9.72915249
v 45.08204937 -2.36841720 9.62426453
v 45.12379885 -2.35575265 9.66380672
v 45.08962893 -2.25231880 9.66380672
v 45.16905642 -2.34202397 9.69888191
v 45.21738577 -2.32736337 9.72915249
v 44.88995481 -2.21715510 9.42961006
v 44.91321337 -2.20752108 9.48283844
v 44.94118011 -2.19593686 9.53334217
v 44.97358561 -2.18251407 9.58063583
v 45.01011801 -2.16738188 9.62426453
v 45.05042505 -2.15068614 9.66380672
v 44.89938843 -2.10165620 9.53334217
v 44.93109632 -2.08665949 9.58063583
v 44.96684194 -2.06975299 9.62426453
v 45.00628138 -2.05109960 9.66380672
v 45.04903436 -2.03087890 9.69888191
v 45.13415837 -2.23638594 9.69888191
v 45.09411883 -2.13258761 9.69888191
v 45.18171000 -2.21937168 9.72915249
v 45.23182654 -2.20143968 9.75432758
v 45.14077854 -2.11326051 9.72915249
v 45.09468961 -2.00928563 9.72915249
v 45.18995476 -2.09289104 9.75432758
v 45.24117398 -2.07167536 9.77416401
v 45.26665783 -3.00000000 9.69888191
v 45.26392746 -2.88878037 9.69888191
v 45.31716204 -3.00000000 9.72915249
v 45.31437087 -2.88630226 9.72915249
v 45.37038994 -3.00000000 9.75432758
v 45.42582917 -3.00000000 9.77416401
v 45.36753464 -2.88369048 9.75432758
v 45.42290711 -2.88097020 9.77416401
v 45.25574327 -2.77782868 9.69888191
v 45.30600429 -2.77287841 9.72915249
v 45.35897589 -2.76766115 9.75432758
v 45.41414809 -2.76222716 9.77416401
v 45.48294592 -3.00000000 9.78847103
v 45.47995496 -2.87816762 9.78847103
v 45.54118967 -3.00000000 9.79711037
v 45.59999990 -3.00000000 9.80000000
v 45.53812885 -2.87530973 9.79711037
v 45.47098970 -2.75662875 9.78847103
v 45.52895308 -2.75091985 9.79711037
v 45.59686828 -2.87242405 9.80000000
v 45.29208207 -2.66000172 9.72915249
v 45.34473395 -2.65219155 9.75432758
v 45.39957333 -2.64405695 9.77416401
v 45.27263832 -2.54794413 9.72915249
v 45.32484365 -2.53755987 9.75432758
v 45.37921762 -2.52674419 9.77416401
v 45.43523669 -2.51560131 9.78847103
v 45.45607162 -2.63567618 9.78847103
v 45.51368523 -2.62713003 9.79711037
v 45.58748031 -2.74515542 9.80000000
v 45.49236155 -2.50423849 9.79711037
v 45.57185888 -2.61850077 9.80000000
v 45.29935241 -2.42404222 9.75432758
v 45.35313010 -2.41057158 9.77416401
v 45.40853500 -2.39669341 9.78847103
v 45.26832175 -2.31191212 9.75432758
v 45.32137370 -2.29581898 9.77416401
v 45.37603092 -2.27923888 9.78847103
v 45.43176699 -2.26233155 9.79711037
v 45.46503353 -2.38254124 9.79711037
v 45.55004168 -2.49276519 9.80000000
v 45.52208138 -2.36825150 9.80000000
v 45.28402519 -2.18276274 9.77416401
v 45.33780289 -2.16352075 9.78847103
v 45.39264202 -2.14389896 9.79711037
v 45.29394293 -2.04981780 9.78847103
v 45.34775305 -2.02752882 9.79711037
v 45.40208673 -2.00502306 9.80000000
v 45.48804498 -2.24525982 9.80000000
v 45.44801450 -2.12408638 9.80000000
v 44.66293919 -1.88885951 9.19999962
v 44.66534150 -1.88725436 9.25880985
v 44.67252505 -1.88245451 9.31705456
v 44.60641503 -1.80860138 9.19999962
v 44.60873568 -1.80688035 9.25880985
v 44.61567509 -1.80173373 9.31705456
v 44.68442094 -1.87450588 9.37417107
v 44.62716663 -1.79321098 9.37417107
v 44.64309943 -1.78139448 9.42961006
v 44.66332006 -1.76639771 9.48283844
v 44.71545720 -1.97179449 9.19999962
v 44.71793532 -1.97030914 9.25880985
v 44.72534585 -1.96586752 9.31705456
v 44.73761737 -1.95851231 9.37417107
v 44.75463164 -1.94831431 9.42961006
v 44.77622497 -1.93537176 9.48283844
v 44.70091438 -1.86348534 9.42961006
v 44.72184658 -1.84949887 9.48283844
v 44.80218923 -1.91980934 9.53334217
v 44.83227444 -1.90177691 9.58063583
v 44.86619091 -1.88144815 9.62426453
v 44.74701595 -1.83268130 9.53334217
v 44.77618015 -1.81319439 9.58063583
v 44.80905831 -1.79122591 9.62426453
v 44.84533370 -1.76698744 9.66380672
v 44.54602087 -1.73121345 9.19999962
v 44.54825425 -1.72938061 9.25880985
v 44.55493283 -1.72389960 9.31705456
v 44.56599224 -1.71482337 9.37417107
v 44.58132601 -1.70223927 9.42961006
v 44.50104535 -1.63953185 9.37417107
v 44.51574314 -1.62621045 9.42961006
v 44.60078657 -1.68626845 9.48283844
v 44.53439665 -1.60930395 9.48283844
v 44.62418640 -1.66706467 9.53334217
v 44.65130007 -1.64481306 9.58063583
v 44.55682588 -1.58897519 9.53334217
v 44.58281517 -1.56542003 9.58063583
v 44.68186665 -1.61972773 9.62426453
v 44.61211395 -1.53886509 9.62426453
v 44.64444029 -1.50956619 9.66380672
v 44.68763399 -1.74836528 9.53334217
v 44.71580684 -1.72747087 9.58063583
v 44.74756753 -1.70391560 9.62426453
v 44.78260994 -1.67792642 9.66380672
v 44.82059669 -1.64975345 9.69888191
v 44.71559155 -1.59205031 9.66380672
v 44.75215018 -1.56204748 9.69888191
v 44.86116195 -1.61966825 9.72915249
v 44.79119039 -1.53000796 9.72915249
v 44.88395464 -1.99300528 9.58063583
v 44.91882777 -1.97436523 9.62426453
v 44.95730436 -1.95379901 9.66380672
v 44.99901378 -1.93150485 9.69888191
v 45.04355431 -1.90769744 9.72915249
v 44.90361202 -1.85901880 9.66380672
v 44.94417727 -1.83470500 9.69888191
v 44.98749614 -1.80874074 9.72915249
v 45.03315115 -1.78137600 9.75432758
v 45.14280725 -1.98652768 9.75432758
v 45.09049726 -1.88260591 9.75432758
v 45.19292355 -1.96282434 9.77416401
v 45.24455643 -1.93840384 9.78847103
v 45.13939047 -1.85647202 9.77416401
v 45.08070302 -1.75287461 9.77416401
v 45.18976259 -1.82954741 9.78847103
v 45.24112916 -1.80209148 9.79711037
v 44.88465714 -1.74071240 9.69888191
v 44.92664981 -1.71265376 9.72915249
v 44.97090721 -1.68308187 9.75432758
v 45.01700330 -1.65228152 9.77416401
v 44.90391505 -1.58796036 9.75432758
v 44.94844425 -1.55493522 9.77416401
v 44.99432075 -1.52091086 9.78847103
v 45.12969375 -1.72351074 9.78847103
v 45.17965102 -1.69356740 9.79711037
v 45.23009443 -1.66333282 9.80000000
v 45.06449389 -1.62054920 9.78847103
v 45.11292195 -1.58819067 9.79711037
v 45.16182089 -1.55551744 9.80000000
v 44.51051712 -1.48948288 9.58063583
v 44.53847766 -1.46152234 9.62426453
v 44.56932735 -1.43067265 9.66380672
v 44.67948270 -1.47780561 9.69888191
v 44.60276914 -1.39723086 9.69888191
v 44.52219439 -1.32051730 9.69888191
v 44.55611086 -1.28309619 9.72915249
v 44.63848090 -1.36151910 9.72915249
v 44.67611885 -1.32388115 9.75432758
v 44.71690381 -1.44388914 9.72915249
v 44.75634313 -1.40814340 9.75432758
v 44.83233619 -1.49624050 9.75432758
v 44.71532023 -1.28467977 9.77416401
v 44.79742086 -1.37091267 9.77416401
v 44.83974147 -1.33255553 9.78847103
v 44.59185660 -1.24365687 9.75432758
v 44.50375950 -1.16766381 9.75432758
v 44.62908733 -1.20257914 9.77416401
v 44.66744447 -1.16025853 9.78847103
v 44.53892970 -1.12480867 9.77416401
v 44.57516420 -1.08065689 9.78847103
v 44.61211371 -1.03563380 9.79711037
v 44.75570786 -1.24429214 9.78847103
v 44.79689252 -1.20310748 9.79711037
v 44.83847761 -1.16152239 9.80000000
v 44.70655870 -1.11710262 9.79711037
v 44.74605334 -1.07352710 9.80000000
v 44.87519133 -1.46107030 9.77416401
v 44.91934311 -1.42483580 9.78847103
v 44.96436620 -1.38788629 9.79711037
v 45.04110265 -1.48621500 9.79711037
v 44.88289738 -1.29344130 9.79711037
v 44.92647290 -1.25394666 9.80000000
v 45.00982714 -1.35057747 9.80000000
v 45.08833957 -1.45118177 9.80000000
v 45.29720831 -1.91350138 9.79711037
v 45.35037208 -1.88835680 9.80000000
v 45.29299521 -1.77436852 9.80000000
v 43.00000000 -1.00000000 9.19999962
v 43.00000000 -0.99711084 9.25880985
v 43.00000000 -0.98847127 9.31705456
v 43.09827711 -0.99952340 9.25880985
v 43.09870104 -0.99089408 9.31705456
v 43.00000000 -0.97416425 9.37417107
v 43.00000000 -0.95432782 9.42961006
v 43.00000000 -0.92915273 9.48283844
v 43.09940305 -0.97660446 9.37417107
v 43.10037638 -0.95679188 9.42961006
v 43.10161166 -0.93164730 9.48283844
v 43.19716430 -0.99815726 9.31705456
v 43.19856663 -0.98391914 9.37417107
v 43.20051095 -0.96417809 9.42961006
v 43.20297852 -0.93912435 9.48283844
v 43.29725185 -0.99609089 9.37417107
v 43.30016246 -0.97646904 9.42961006
v 43.30385640 -0.95156646 9.48283844
v 43.00000000 -0.89888167 9.53334217
v 43.10309698 -0.90141273 9.53334217
v 43.00000000 -0.86380625 9.58063583
v 43.00000000 -0.82426405 9.62426453
v 43.00000000 -0.78063607 9.66380672
v 43.10481806 -0.86637950 9.58063583
v 43.10675830 -0.82688475 9.62426453
v 43.10889903 -0.78330922 9.66380672
v 43.20594560 -0.90899920 9.53334217
v 43.30829808 -0.92162323 9.53334217
v 43.31344473 -0.88692737 9.58063583
v 43.20938361 -0.87409258 9.58063583
v 43.21325941 -0.83474088 9.62426453
v 43.21753572 -0.79132271 9.66380672
v 43.31924677 -0.84781313 9.62426453
v 43.32564834 -0.80465722 9.66380672
v 43.33258778 -0.75787520 9.69888191
v 43.00000000 -0.73334217 9.69888191
v 43.11121963 -0.73607254 9.69888191
v 43.00000000 -0.68283796 9.72915249
v 43.00000000 -0.62961006 9.75432758
v 43.11369774 -0.68562913 9.72915249
v 43.11630952 -0.63246536 9.75432758
v 43.00000000 -0.57417083 9.77416401
v 43.00000000 -0.51705408 9.78847103
v 43.11902980 -0.57709289 9.77416401
v 43.12183238 -0.52004504 9.78847103
v 43.22217132 -0.74425673 9.69888191
v 43.22712159 -0.69399571 9.72915249
v 43.23233885 -0.64102411 9.75432758
v 43.33999828 -0.70791793 9.72915249
v 43.34780845 -0.65526605 9.75432758
v 43.23777284 -0.58585191 9.77416401
v 43.24337125 -0.52901030 9.78847103
v 43.35594305 -0.60042667 9.77416401
v 43.36432382 -0.54392838 9.78847103
v 43.39909086 -0.99363470 9.42961006
v 43.40400225 -0.96894360 9.48283844
v 43.50317484 -0.99121356 9.48283844
v 43.40990782 -0.93925428 9.53334217
v 43.41675073 -0.90485263 9.58063583
v 43.51053011 -0.96184969 9.53334217
v 43.51905274 -0.92782521 9.58063583
v 43.52866071 -0.88946819 9.62426453
v 43.42446503 -0.86607027 9.62426453
v 43.43297645 -0.82328033 9.66380672
v 43.44220302 -0.77689528 9.69888191
v 43.53926146 -0.84714746 9.66380672
v 43.55075294 -0.80127096 9.69888191
v 43.60992241 -0.98935533 9.53334217
v 43.62010431 -0.95579004 9.58063583
v 43.63158280 -0.91795063 9.62426453
v 43.64424735 -0.87620115 9.66380672
v 43.71966201 -0.98867941 9.58063583
v 43.73298335 -0.95144868 9.62426453
v 43.74768120 -0.91037107 9.66380672
v 43.65797603 -0.83094358 9.69888191
v 43.56302440 -0.75228047 9.72915249
v 43.67263663 -0.78261423 9.72915249
v 43.45205587 -0.72736168 9.72915249
v 43.46244013 -0.67515635 9.75432758
v 43.47325581 -0.62078238 9.77416401
v 43.48439869 -0.56476331 9.78847103
v 43.49576151 -0.50763845 9.79711037
v 43.57595778 -0.70064759 9.75432758
v 43.58942842 -0.64686990 9.77416401
v 43.68808788 -0.73167825 9.75432758
v 43.70418102 -0.67862630 9.77416401
v 43.60330659 -0.59146500 9.78847103
v 43.61745876 -0.53496647 9.79711037
v 43.72076112 -0.62396908 9.78847103
v 43.73766845 -0.56823301 9.79711037
v 43.00000000 -0.45881033 9.79711037
v 43.00000000 -0.40000010 9.80000000
v 43.12469027 -0.46187115 9.79711037
v 43.12757595 -0.40313172 9.80000000
v 43.24908015 -0.47104692 9.79711037
v 43.25484458 -0.41251969 9.80000000
v 43.37286997 -0.48631477 9.79711037
v 43.38149923 -0.42814112 9.80000000
v 43.50723481 -0.44995832 9.80000000
v 43.63174850 -0.47791862 9.80000000
v 43.83261812 -0.98988199 9.62426453
v 43.84931386 -0.94957495 9.66380672
v 43.86741239 -0.90588117 9.69888191
v 43.76361406 -0.86584163 9.69888191
v 43.78062832 -0.81829000 9.72915249
v 43.79856032 -0.76817346 9.75432758
v 43.88673949 -0.85922146 9.72915249
v 43.90710896 -0.81004524 9.75432758
v 43.92832464 -0.75882602 9.77416401
v 43.94890040 -0.99371862 9.66380672
v 43.96912110 -0.95096564 9.69888191
v 43.99071437 -0.90531039 9.72915249
v 44.09230256 -0.95644569 9.72915249
v 44.11739409 -0.90950274 9.75432758
v 44.01347232 -0.85719275 9.75432758
v 44.03717566 -0.80707645 9.77416401
v 44.06159616 -0.75544357 9.78847103
v 43.81723726 -0.71597481 9.77416401
v 43.83647925 -0.66219711 9.78847103
v 43.75474018 -0.51195502 9.80000000
v 43.85610104 -0.60735798 9.79711037
v 43.87591362 -0.55198550 9.80000000
v 43.95018220 -0.70605707 9.78847103
v 43.97247118 -0.65224695 9.79711037
v 44.08649862 -0.70279169 9.79711037
v 44.11164320 -0.64962792 9.80000000
v 43.99497694 -0.59791327 9.80000000
v 44.21862400 -0.96684885 9.75432758
v 44.24712539 -0.91929698 9.77416401
v 44.14352798 -0.86060953 9.77416401
v 44.17045259 -0.81023741 9.78847103
v 44.19790852 -0.75887084 9.79711037
v 44.27648926 -0.87030625 9.78847103
v 44.30643260 -0.82034898 9.79711037
v 44.34771848 -0.98299670 9.77416401
v 44.37945080 -0.93550611 9.78847103
v 44.41180933 -0.88707805 9.79711037
v 44.33666718 -0.76990557 9.80000000
v 44.44448256 -0.83817911 9.80000000
v 44.22563148 -0.70700479 9.80000000
v 44.51378500 -0.95889735 9.79711037
v 44.54881823 -0.91166043 9.80000000
v 44.64942253 -0.99017286 9.80000000
v 49.00000000 -0.50000000 9.80000000
v 48.99919701 -0.45092130 9.80000000
v 48.99678850 -0.40189528 9.80000000
v 48.99277687 -0.35297418 9.80000000
v 48.98716736 -0.30421066 9.80000000
v 48.97996521 -0.25565672 9.80000000
v 48.97117805 -0.20736456 9.80000000
v 48.96081543 -0.15938568 9.80000000
v 48.94888878 -0.11177135 9.80000000
v 48.93541050 -0.06457305 9.80000000
v 48.92039537 -0.01784086 9.80000000
v 49.00000000 -0.50000000 12.19999962
v 48.99919701 -0.45092130 12.19999962
v 48.99678850 -0.40189528 12.19999962
v 48.99277687 -0.35297418 12.19999962
v 48.98716736 -0.30421066 12.19999962
v 48.97996521 -0.25565672 12.19999962
v 48.97117805 -0.20736456 12.19999962
v 48.96081543 -0.15938568 12.19999962
v 48.94888878 -0.11177135 12.19999962
v 48.93541050 -0.06457305 12.19999962
v 48.92039537 -0.01784086 12.19999962
v 47.50000000 1.00000000 9.80000000
v 47.54907846 0.99919677 9.80000000
v 47.59810448 0.99678850 9.80000000
v 47.64702559 0.99277711 9.80000000
v 47.69578934 0.98716736 9.80000000
v 47.74434328 0.97996497 9.80000000
v 47.79263544 0.97117782 9.80000000
v 47.84061432 0.96081543 9.80000000
v 47.93542719 0.93541050 9.80000000
v 47.88822842 0.94888878 9.80000000
v 47.98215914 0.92039514 9.80000000
v 48.02837515 0.90385890 9.80000000
v 48.11906052 0.86629581 9.80000000
v 48.16343307 0.84530902 9.80000000
v 48.20709515 0.82288194 9.80000000
v 48.07402515 0.88581920 9.80000000
v 48.90385866 0.02837515 9.80000000
v 48.88581944 0.07402515 9.80000000
v 48.86629581 0.11906052 9.80000000
v 48.84530926 0.16343307 9.80000000
v 48.82288170 0.20709515 9.80000000
v 48.79903793 0.25000000 9.80000000
v 48.77380323 0.29210186 9.80000000
v 48.74720430 0.33335543 9.80000000
v 48.71927023 0.37371659 9.80000000
v 48.69003010 0.41314220 9.80000000
v 48.65951586 0.45158982 9.80000000
v 48.62775993 0.48901868 9.80000000
v 48.33335543 0.74720430 9.80000000
v 48.37371635 0.71926999 9.80000000
v 48.41314220 0.69003010 9.80000000
v 48.52538824 0.59479618 9.80000000
v 48.56066036 0.56066012 9.80000000
v 48.59479618 0.52538848 9.80000000
v 48.45159006 0.65951562 9.80000000
v 48.48901892 0.62775970 9.80000000
v 48.29210186 0.77380323 9.80000000
v 48.25000000 0.79903817 9.80000000
v 47.50000000 1.00000000 12.19999962
v 47.54907846 0.99919677 12.19999962
v 47.59810448 0.99678850 12.19999962
v 47.64702559 0.99277711 12.19999962
v 47.69578934 0.98716736 12.19999962
v 47.74434328 0.97996497 12.19999962
v 47.79263544 0.97117782 12.19999962
v 47.84061432 0.96081543 12.19999962
v 47.93542719 0.93541050 12.19999962
v 47.88822842 0.94888878 12.19999962
v 47.98215914 0.92039514 12.19999962
v 48.02837515 0.90385890 12.19999962
v 48.11906052 0.86629581 12.19999962
v 48.16343307 0.84530902 12.19999962
v 48.20709515 0.82288194 12.19999962
v 48.07402515 0.88581920 12.19999962
v 48.90385866 0.02837515 12.19999962
v 48.88581944 0.07402515 12.19999962
v 48.86629581 0.11906052 12.19999962
v 48.84530926 0.16343307 12.19999962
v 48.82288170 0.20709515 12.19999962
v 48.79903793 0.25000000 12.19999962
v 48.77380323 0.29210186 12.19999962
v 48.74720430 0.33335543 12.19999962
v 48.71927023 0.37371659 12.19999962
v 48.69003010 0.41314220 12.19999962
v 48.65951586 0.45158982 12.19999962
v 48.62775993 0.48901868 12.19999962
v 48.33335543 0.74720430 12.19999962
v 48.37371635 0.71926999 12.19999962
v 48.41314220 0.69003010 12.19999962
v 48.52538824 0.59479618 12.19999962
v 48.56066036 0.56066012 12.19999962
v 48.59479618 0.52538848 12.19999962
v 48.45159006 0.65951562 12.19999962
v 48.48901892 0.62775970 12.19999962
v 48.29210186 0.77380323 12.19999962
v 48.25000000 0.79903817 12.19999962
f 3 4 60
f 2 57 4
f 8 9 61
f 2 7 59
f 7 58 59
f 8 61 58
f 7 8 58
f 5 62 9
f 6 11 16
f 5 6 10
f 9 62 61
f 5 10 62
f 6 16 10
f 11 12 17
f 12 18 17
f 13 19 18
f 12 13 18
f 11 17 16
f 14 20 19
f 13 14 19
f 14 15 20
f 15 21 20
f 21 808 814
f 15 808 21
f 23 37 27
f 27 38 28
f 24 28 36
f 24 55 25
f 24 36 55
f 29 31 32
f 22 35 23
f 22 30 40
f 30 39 40
f 29 39 30
f 1 3 33
f 1 34 31
f 1 33 34
f 3 60 33
f 31 34 32
f 29 32 39
f 27 37 38
f 23 35 37
f 22 40 35
f 28 38 36
f 41 46 42
f 42 47 43
f 43 51 44
f 25 56 26
f 26 45 41
f 25 55 56
f 26 56 45
f 41 45 46
f 42 46 47
f 43 47 51
f 44 52 48
f 48 53 49
f 49 54 50
f 50 1622 1618
f 44 51 52
f 48 52 53
f 49 53 54
f 50 54 1622
f 45 2414 46
f 46 2414 47
f 47 2414 51
f 51 2414 52
f 52 2414 53
f 53 2414 54
f 54 2414 1622
f 4 57 60
f 2 59 57
f 33 2414 34
f 32 34 2414
f 33 60 2414
f 57 59 2414
f 57 2414 60
f 58 2414 59
f 58 61 2414
f 10 2414 62
f 61 62 2414
f 10 16 2414
f 16 17 2414
f 17 18 2414
f 18 19 2414
f 19 20 2414
f 20 21 2414
f 21 814 2414
f 37 2414 38
f 32 2414 39
f 39 2414 40
f 35 2414 37
f 35 40 2414
f 36 2414 55
f 36 38 2414
f 55 2414 56
f 45 56 2414
f 1 31 382
f 2 4 408
f 3 421 4
f 1 414 3
f 5 499 6
f 6 540 11
f 7 529 8
f 2 522 7
f 8 532 9
f 5 9 493
f 11 543 12
f 12 550 13
f 13 567 14
f 14 573 15
f 15 1028 808
f 22 676 30
f 23 27 616
f 22 23 613
f 24 25 633
f 25 26 644
f 27 28 667
f 24 670 28
f 29 30 673
f 29 682 31
f 41 42 686
f 26 41 646
f 42 43 689
f 43 44 698
f 44 48 701
f 48 49 708
f 49 50 711
f 50 1618 713
f 63 108 71
f 63 87 100
f 65 69 102
f 64 65 101
f 67 68 104
f 66 67 103
f 66 109 72
f 64 105 68
f 69 70 106
f 70 71 107
f 72 110 73
f 73 111 74
f 74 112 75
f 75 113 76
f 77 120 83
f 76 114 77
f 78 83 115
f 78 116 79
f 79 117 80
f 80 118 81
f 81 119 82
f 85 86 122
f 85 124 87
f 86 88 123
f 84 125 88
f 84 89 121
f 89 90 126
f 91 129 92
f 90 92 127
f 91 93 128
f 93 94 130
f 94 95 131
f 95 96 132
f 96 97 133
f 97 98 134
f 98 99 135
f 99 159 136
f 63 100 108
f 87 124 100
f 65 102 101
f 68 105 104
f 66 103 109
f 67 104 103
f 64 101 105
f 71 108 107
f 70 107 106
f 69 106 102
f 72 109 110
f 73 110 111
f 74 111 112
f 75 112 113
f 76 113 114
f 77 114 120
f 78 115 116
f 79 116 117
f 82 119 148
f 80 117 118
f 81 118 119
f 83 120 115
f 84 121 125
f 85 122 124
f 86 123 122
f 88 125 123
f 89 126 121
f 90 127 126
f 91 128 129
f 92 129 127
f 93 130 128
f 94 131 130
f 95 132 131
f 96 133 132
f 97 134 133
f 98 135 134
f 99 136 135
f 136 159 160
f 82 148 137
f 137 149 138
f 138 150 139
f 139 151 140
f 140 152 141
f 141 153 142
f 142 154 143
f 143 155 144
f 144 156 145
f 145 157 146
f 146 158 147
f 137 148 149
f 138 149 150
f 140 151 152
f 139 150 151
f 141 152 153
f 142 153 154
f 143 154 155
f 144 155 156
f 145 156 157
f 146 157 158
f 159 313 354
f 159 314 313
f 159 433 314
f 160 166 162
f 160 168 166
f 66 72 878
f 64 878 65
f 64 68 878
f 67 878 68
f 66 878 67
f 84 88 878
f 84 878 89
f 90 878 92
f 89 878 90
f 91 92 878
f 69 878 70
f 63 71 878
f 70 878 71
f 63 878 87
f 85 87 878
f 85 878 86
f 65 878 69
f 86 878 88
f 76 77 878
f 75 76 878
f 78 878 83
f 77 83 878
f 78 79 878
f 79 80 878
f 73 74 878
f 72 73 878
f 74 75 878
f 80 81 878
f 81 82 878
f 82 137 878
f 137 138 878
f 138 139 878
f 139 140 878
f 140 141 878
f 141 142 878
f 94 878 95
f 91 878 93
f 93 878 94
f 95 878 96
f 96 878 97
f 97 878 98
f 98 878 99
f 99 878 159
f 103 889 109
f 101 102 889
f 101 889 105
f 104 105 889
f 103 104 889
f 121 889 125
f 121 126 889
f 127 129 889
f 126 127 889
f 128 889 129
f 106 107 889
f 100 889 108
f 107 108 889
f 100 124 889
f 122 889 124
f 122 123 889
f 102 106 889
f 123 125 889
f 113 889 114
f 112 889 113
f 115 120 889
f 114 889 120
f 115 889 116
f 116 889 117
f 110 889 111
f 109 889 110
f 111 889 112
f 117 889 118
f 118 889 119
f 119 889 148
f 148 889 149
f 149 889 150
f 150 889 151
f 151 889 152
f 152 889 153
f 131 132 889
f 128 130 889
f 130 131 889
f 132 133 889
f 133 134 889
f 134 135 889
f 135 136 889
f 136 160 889
f 142 143 878
f 143 144 878
f 144 145 878
f 145 146 878
f 146 147 878
f 147 158 889
f 153 889 154
f 154 889 155
f 155 889 156
f 156 889 157
f 157 889 158
f 160 162 889
f 159 431 433
f 159 432 431
f 159 439 432
f 159 440 439
f 159 449 440
f 159 451 449
f 159 461 451
f 159 976 461
f 159 878 976
f 162 166 172
f 174 873 170
f 168 178 177
f 182 877 181
f 159 324 183
f 159 318 326
f 159 326 324
f 159 184 187
f 159 186 200
f 159 188 186
f 159 187 188
f 159 183 184
f 159 316 317
f 159 351 316
f 159 354 351
f 159 317 318
f 159 200 199
f 159 199 204
f 159 204 206
f 183 185 184
f 183 329 185
f 159 2316 160
f 159 206 2316
f 160 2354 168
f 186 188 194
f 186 201 200
f 186 194 201
f 187 192 188
f 187 189 192
f 189 193 192
f 184 189 187
f 184 185 189
f 185 190 189
f 185 586 190
f 189 190 193
f 190 586 191
f 190 191 197
f 188 192 194
f 192 195 194
f 192 193 195
f 194 195 209
f 193 196 195
f 190 197 193
f 193 197 196
f 191 198 197
f 191 589 198
f 197 198 214
f 196 197 214
f 198 215 214
f 198 599 215
f 199 202 205
f 200 201 202
f 194 209 201
f 201 209 203
f 199 200 202
f 201 203 202
f 203 209 218
f 199 205 204
f 204 236 206
f 204 205 236
f 205 237 236
f 202 203 207
f 202 207 205
f 203 218 208
f 203 208 207
f 208 218 221
f 205 207 237
f 207 240 237
f 207 208 240
f 208 221 241
f 195 210 209
f 195 196 210
f 196 211 210
f 209 210 218
f 210 219 218
f 210 211 219
f 211 216 220
f 215 599 653
f 212 215 653
f 212 223 216
f 212 216 215
f 212 653 213
f 196 214 211
f 211 214 216
f 214 215 216
f 217 222 220
f 218 219 221
f 211 220 219
f 219 220 222
f 219 222 221
f 221 222 253
f 216 223 220
f 212 224 223
f 212 213 224
f 213 225 224
f 217 220 223
f 223 224 255
f 217 223 255
f 224 256 255
f 225 257 256
f 224 225 256
f 226 244 227
f 227 244 229
f 227 229 228
f 228 231 230
f 228 229 231
f 229 274 231
f 230 231 233
f 230 233 232
f 231 281 233
f 232 235 234
f 232 233 235
f 233 281 283
f 233 283 235
f 206 236 238
f 206 238 226
f 236 237 239
f 226 238 244
f 236 239 238
f 237 242 239
f 238 239 245
f 237 240 242
f 208 241 240
f 240 243 242
f 240 241 243
f 241 254 243
f 238 245 244
f 239 246 245
f 239 242 246
f 244 245 272
f 229 244 272
f 245 246 273
f 245 273 272
f 242 243 247
f 242 247 246
f 243 254 248
f 243 248 247
f 246 247 277
f 246 277 273
f 247 278 277
f 247 248 278
f 249 261 697
f 249 269 261
f 249 251 269
f 251 271 269
f 249 250 251
f 222 252 253
f 217 252 222
f 217 259 252
f 252 262 253
f 253 262 254
f 252 259 263
f 252 263 262
f 259 267 263
f 221 253 241
f 241 253 254
f 217 255 259
f 255 256 258
f 255 258 259
f 256 257 260
f 256 260 258
f 257 707 261
f 258 260 268
f 258 267 259
f 257 261 260
f 260 261 269
f 254 262 264
f 248 254 264
f 262 266 264
f 262 263 266
f 263 267 265
f 248 264 300
f 264 266 301
f 263 265 266
f 265 302 266
f 258 268 267
f 267 268 270
f 260 269 268
f 268 269 271
f 265 267 270
f 268 271 270
f 265 270 306
f 270 271 307
f 229 272 274
f 272 275 274
f 272 273 275
f 231 274 281
f 273 279 275
f 274 275 282
f 275 279 286
f 248 300 278
f 276 278 300
f 276 280 278
f 273 277 279
f 277 278 280
f 277 280 279
f 279 280 287
f 274 282 281
f 275 286 282
f 281 282 284
f 281 284 283
f 282 286 1694
f 282 1694 284
f 280 285 287
f 276 285 280
f 285 1692 287
f 287 1692 1695
f 279 287 286
f 286 287 1695
f 286 1695 1694
f 271 291 307
f 250 289 290
f 251 290 291
f 251 291 271
f 250 290 251
f 291 294 307
f 294 308 307
f 289 293 290
f 288 293 289
f 290 293 292
f 290 292 291
f 291 292 294
f 288 296 293
f 288 295 296
f 295 1820 1707
f 295 1707 296
f 296 1708 299
f 296 1707 1708
f 294 297 308
f 297 312 308
f 292 293 299
f 292 299 298
f 293 296 299
f 292 298 294
f 294 298 297
f 297 1711 312
f 312 1711 1730
f 298 299 1713
f 298 1713 1712
f 299 1708 1713
f 297 298 1712
f 297 1712 1711
f 264 301 300
f 300 301 303
f 265 306 302
f 266 302 301
f 301 302 304
f 276 300 303
f 301 304 303
f 302 306 305
f 302 305 304
f 270 307 306
f 306 307 308
f 305 306 308
f 276 303 309
f 276 309 285
f 303 310 309
f 304 311 310
f 304 305 311
f 303 304 310
f 285 309 1724
f 309 310 1725
f 285 1724 1692
f 309 1725 1724
f 310 311 1726
f 310 1726 1725
f 305 308 312
f 305 312 311
f 311 312 1730
f 311 1730 1726
f 2354 178 168
f 31 682 382
f 3 414 421
f 1 382 414
f 4 421 408
f 5 493 499
f 6 499 540
f 2 408 522
f 7 522 529
f 8 529 532
f 9 532 493
f 11 540 543
f 13 550 567
f 12 543 550
f 14 567 573
f 15 573 1028
f 27 667 616
f 22 613 676
f 23 616 613
f 25 644 633
f 26 646 644
f 28 670 667
f 24 633 670
f 29 673 682
f 30 676 673
f 42 689 686
f 41 686 646
f 43 698 689
f 44 701 698
f 48 708 701
f 49 711 708
f 50 713 711
f 713 1618 1820
f 313 314 364
f 314 315 364
f 314 433 315
f 315 433 434
f 315 434 368
f 316 351 320
f 317 319 318
f 317 321 319
f 319 321 336
f 316 321 317
f 320 322 321
f 316 320 321
f 320 357 322
f 321 322 336
f 322 357 323
f 324 326 325
f 324 325 329
f 318 327 326
f 319 328 327
f 325 326 327
f 325 327 332
f 327 328 332
f 328 338 333
f 183 324 329
f 325 332 330
f 325 330 329
f 330 332 331
f 329 330 586
f 185 329 586
f 330 331 587
f 331 332 333
f 328 333 332
f 333 338 335
f 331 333 334
f 333 335 334
f 334 335 593
f 335 345 593
f 318 319 327
f 319 336 328
f 336 337 338
f 328 336 338
f 337 340 343
f 337 343 338
f 340 344 343
f 341 392 347
f 322 337 336
f 322 323 337
f 323 340 337
f 323 339 340
f 340 341 344
f 339 341 340
f 339 392 341
f 342 590 345
f 342 345 344
f 342 344 346
f 342 346 622
f 335 338 343
f 335 343 345
f 343 344 345
f 341 346 344
f 346 347 348
f 341 347 346
f 347 400 348
f 346 348 622
f 348 625 622
f 348 349 625
f 349 399 350
f 348 400 349
f 351 354 352
f 320 351 352
f 352 354 355
f 313 355 354
f 355 364 356
f 352 355 353
f 353 355 356
f 353 356 361
f 356 366 361
f 320 352 357
f 352 353 357
f 353 358 357
f 353 361 358
f 323 357 358
f 323 358 339
f 339 358 359
f 358 361 359
f 360 394 363
f 361 366 362
f 362 366 374
f 362 374 363
f 359 361 362
f 359 362 393
f 362 363 393
f 313 364 355
f 356 364 365
f 315 365 364
f 365 368 367
f 356 365 366
f 366 367 374
f 365 367 366
f 367 370 374
f 315 368 365
f 367 368 369
f 368 435 369
f 367 369 370
f 370 371 380
f 369 371 370
f 371 478 380
f 372 375 380
f 360 363 375
f 360 375 372
f 360 372 425
f 372 373 425
f 363 374 375
f 370 375 374
f 370 380 375
f 372 380 376
f 376 380 478
f 376 478 484
f 376 484 379
f 372 376 373
f 373 376 379
f 373 379 428
f 377 428 379
f 377 378 429
f 377 379 485
f 402 680 685
f 381 402 405
f 381 680 402
f 383 682 683
f 384 683 684
f 382 682 383
f 383 683 384
f 384 684 388
f 388 389 417
f 385 397 419
f 385 419 389
f 385 405 397
f 386 389 388
f 386 387 389
f 386 388 684
f 381 385 387
f 381 405 385
f 385 389 387
f 384 388 418
f 390 392 393
f 390 393 394
f 347 392 390
f 347 390 400
f 390 391 400
f 390 394 391
f 339 359 392
f 359 393 392
f 363 394 393
f 360 395 394
f 360 425 395
f 395 425 396
f 396 404 401
f 391 394 395
f 395 396 401
f 391 395 401
f 396 424 398
f 396 398 404
f 391 399 400
f 349 400 399
f 399 401 403
f 402 403 404
f 401 404 403
f 391 401 399
f 350 399 403
f 350 403 685
f 402 685 403
f 398 405 404
f 402 404 405
f 397 405 398
f 397 426 419
f 407 426 430
f 406 417 407
f 407 419 426
f 409 423 412
f 409 422 423
f 408 421 410
f 408 410 523
f 409 524 410
f 409 410 422
f 411 430 538
f 411 527 413
f 411 538 527
f 412 423 420
f 406 413 420
f 412 420 413
f 407 430 411
f 406 411 413
f 406 407 411
f 409 412 525
f 412 413 526
f 384 418 416
f 414 422 421
f 414 415 422
f 415 423 422
f 416 420 423
f 415 416 423
f 382 383 415
f 382 415 414
f 383 416 415
f 383 384 416
f 388 417 418
f 407 417 419
f 389 419 417
f 416 418 420
f 406 420 418
f 406 418 417
f 410 421 422
f 373 424 425
f 396 425 424
f 424 428 427
f 426 427 429
f 427 428 429
f 373 428 424
f 398 424 427
f 397 427 426
f 397 398 427
f 377 429 428
f 426 429 430
f 378 430 429
f 378 538 430
f 431 432 436
f 431 434 433
f 431 436 434
f 434 436 435
f 368 434 435
f 435 436 437
f 435 437 476
f 432 442 436
f 436 442 437
f 437 442 443
f 437 438 476
f 437 443 438
f 438 444 482
f 432 439 442
f 439 441 442
f 439 440 441
f 441 450 446
f 440 450 441
f 446 450 454
f 441 443 442
f 441 446 443
f 443 446 444
f 444 446 447
f 438 443 444
f 444 445 482
f 444 447 445
f 445 448 510
f 446 454 447
f 447 455 448
f 447 454 455
f 445 447 448
f 448 515 510
f 448 455 456
f 448 456 515
f 440 449 450
f 450 452 454
f 449 452 450
f 452 453 454
f 449 451 452
f 451 462 452
f 452 462 453
f 453 463 458
f 453 462 463
f 457 460 556
f 453 455 454
f 453 458 455
f 455 458 456
f 456 458 459
f 456 457 515
f 456 459 457
f 457 459 460
f 460 560 556
f 460 469 560
f 466 560 469
f 458 467 459
f 458 463 467
f 459 467 468
f 459 468 460
f 460 468 469
f 451 461 462
f 461 464 462
f 462 464 463
f 463 465 467
f 463 464 465
f 465 471 467
f 461 976 464
f 464 976 977
f 464 977 465
f 465 979 471
f 465 977 979
f 471 979 986
f 466 469 473
f 466 473 470
f 467 471 468
f 468 472 469
f 468 471 472
f 469 472 473
f 470 473 990
f 470 990 984
f 471 986 472
f 472 987 473
f 472 986 987
f 473 987 990
f 475 536 528
f 488 492 528
f 474 536 475
f 475 528 492
f 475 492 518
f 474 475 497
f 478 479 484
f 479 480 484
f 369 435 476
f 369 476 371
f 371 476 477
f 438 477 476
f 371 477 478
f 477 479 478
f 479 483 480
f 480 481 491
f 480 483 481
f 481 507 491
f 438 482 477
f 477 482 479
f 479 482 483
f 445 483 482
f 379 484 485
f 486 489 487
f 480 485 484
f 480 491 485
f 485 491 486
f 377 486 378
f 378 486 487
f 378 487 538
f 377 485 486
f 487 490 488
f 487 488 538
f 487 489 490
f 486 491 489
f 489 516 490
f 490 517 492
f 490 516 517
f 489 491 507
f 489 507 516
f 488 490 492
f 494 533 495
f 495 534 498
f 493 494 501
f 494 495 500
f 497 518 520
f 497 520 502
f 498 534 537
f 474 496 537
f 496 498 537
f 474 497 496
f 475 518 497
f 496 504 498
f 495 498 505
f 496 497 502
f 496 502 504
f 493 501 499
f 494 500 501
f 495 505 500
f 499 501 541
f 499 541 540
f 500 542 501
f 501 542 541
f 500 549 542
f 502 503 504
f 502 520 521
f 503 545 504
f 502 521 503
f 498 504 505
f 500 505 549
f 504 545 505
f 505 545 549
f 481 483 510
f 481 510 506
f 506 510 515
f 481 506 507
f 507 509 516
f 506 509 507
f 508 516 509
f 445 510 483
f 506 515 511
f 506 511 509
f 509 511 514
f 457 511 515
f 511 556 514
f 508 512 519
f 508 509 514
f 508 514 512
f 512 513 519
f 512 514 557
f 508 517 516
f 492 517 518
f 508 519 517
f 517 519 518
f 518 519 520
f 513 520 519
f 513 521 520
f 522 530 529
f 523 524 531
f 523 531 530
f 524 535 531
f 408 523 522
f 410 524 523
f 409 525 524
f 522 523 530
f 526 527 528
f 488 527 538
f 413 527 526
f 524 525 535
f 525 526 536
f 525 536 535
f 526 528 536
f 488 528 527
f 412 526 525
f 529 530 533
f 530 531 534
f 529 533 532
f 530 534 533
f 531 537 534
f 531 535 537
f 474 535 536
f 474 537 535
f 494 532 533
f 493 532 494
f 495 533 534
f 555 564 581
f 539 542 546
f 540 541 544
f 539 541 542
f 540 544 543
f 539 544 541
f 545 547 549
f 503 521 565
f 503 565 548
f 503 548 545
f 546 549 547
f 545 548 547
f 542 549 546
f 543 544 551
f 543 551 550
f 539 552 544
f 544 552 551
f 539 554 552
f 550 551 568
f 551 552 569
f 539 546 554
f 546 547 553
f 546 553 554
f 547 548 555
f 548 565 564
f 547 555 553
f 548 564 555
f 553 571 554
f 552 554 570
f 553 555 572
f 457 556 511
f 514 556 557
f 556 560 557
f 557 561 558
f 513 559 521
f 512 558 513
f 521 559 565
f 513 558 559
f 512 557 558
f 558 562 559
f 559 563 565
f 557 560 561
f 558 561 562
f 466 561 560
f 466 579 561
f 561 579 562
f 562 579 578
f 559 562 563
f 563 564 565
f 562 578 563
f 563 580 564
f 555 581 572
f 572 581 585
f 566 572 585
f 566 585 1049
f 566 1049 1026
f 550 568 567
f 551 569 568
f 552 570 569
f 567 568 574
f 567 574 573
f 568 569 575
f 568 575 574
f 569 576 575
f 554 571 570
f 553 572 571
f 570 571 577
f 570 577 576
f 569 570 576
f 566 571 572
f 566 577 571
f 573 574 1029
f 574 575 1030
f 573 1029 1028
f 574 1030 1029
f 575 1034 1030
f 575 576 1034
f 576 577 1035
f 566 1026 577
f 576 1035 1034
f 577 1026 1035
f 466 470 579
f 470 583 579
f 578 579 583
f 578 583 582
f 563 578 580
f 564 580 581
f 580 584 581
f 578 582 580
f 580 582 584
f 581 584 585
f 582 1044 584
f 470 984 583
f 582 583 1045
f 583 984 1045
f 582 1045 1044
f 584 1048 585
f 585 1048 1049
f 584 1044 1048
f 889 877 2356
f 330 587 586
f 191 586 587
f 331 588 587
f 191 587 589
f 587 588 589
f 588 594 598
f 588 598 589
f 345 590 593
f 590 591 593
f 591 594 593
f 591 595 594
f 590 592 591
f 590 621 592
f 331 334 588
f 334 594 588
f 334 593 594
f 594 595 598
f 595 596 598
f 596 599 598
f 596 653 599
f 595 597 596
f 595 600 597
f 198 589 599
f 589 598 599
f 591 600 595
f 591 592 600
f 601 629 602
f 592 629 601
f 592 601 600
f 601 658 657
f 600 601 657
f 597 600 657
f 601 602 658
f 602 632 659
f 613 677 676
f 614 678 677
f 604 678 615
f 605 606 680
f 606 627 685
f 603 627 606
f 603 628 627
f 603 606 620
f 605 619 620
f 604 619 605
f 605 620 606
f 616 667 617
f 617 667 668
f 610 618 669
f 617 668 618
f 618 668 669
f 607 631 628
f 603 607 628
f 603 611 607
f 609 632 631
f 607 608 609
f 607 609 631
f 609 637 632
f 610 612 611
f 610 669 612
f 608 611 612
f 607 611 608
f 613 616 614
f 614 617 615
f 615 618 619
f 615 617 618
f 613 614 677
f 614 615 678
f 614 616 617
f 610 619 618
f 610 611 620
f 610 620 619
f 603 620 611
f 604 615 619
f 342 621 590
f 342 622 621
f 621 622 623
f 622 625 623
f 623 630 629
f 621 623 629
f 592 621 629
f 623 625 624
f 623 624 630
f 624 628 631
f 349 626 625
f 624 625 626
f 349 350 626
f 350 685 627
f 350 627 626
f 624 626 628
f 626 627 628
f 602 629 630
f 630 631 632
f 624 631 630
f 602 630 632
f 634 635 666
f 609 636 637
f 632 637 659
f 637 638 659
f 638 660 659
f 638 651 660
f 638 640 649
f 636 639 640
f 636 672 639
f 635 639 672
f 637 640 638
f 636 640 637
f 642 663 651
f 642 665 663
f 641 642 651
f 641 694 642
f 642 692 665
f 633 644 634
f 634 644 645
f 634 645 635
f 635 643 639
f 635 645 643
f 644 646 645
f 645 646 647
f 643 645 647
f 643 648 650
f 643 647 648
f 640 650 649
f 638 649 651
f 651 663 660
f 641 651 649
f 639 643 650
f 639 650 640
f 648 652 650
f 649 650 652
f 641 649 652
f 596 654 653
f 655 657 656
f 596 597 654
f 597 657 655
f 597 655 654
f 655 662 661
f 213 653 654
f 654 655 661
f 213 654 661
f 655 656 662
f 656 660 663
f 656 663 662
f 656 658 660
f 656 657 658
f 658 659 660
f 602 659 658
f 225 661 664
f 662 665 664
f 661 662 664
f 213 661 225
f 662 663 665
f 225 664 257
f 664 665 707
f 668 670 671
f 612 669 666
f 666 669 671
f 667 670 668
f 668 671 669
f 633 671 670
f 633 634 671
f 634 666 671
f 635 672 666
f 608 612 672
f 608 672 636
f 612 666 672
f 608 636 609
f 673 674 683
f 386 684 675
f 674 675 684
f 674 676 677
f 674 677 675
f 675 678 681
f 675 677 678
f 673 676 674
f 604 679 681
f 605 680 679
f 606 685 680
f 387 681 679
f 386 681 387
f 386 675 681
f 381 679 680
f 381 387 679
f 604 681 678
f 604 605 679
f 673 683 682
f 674 684 683
f 648 687 688
f 686 689 687
f 687 689 690
f 688 691 693
f 688 690 691
f 687 690 688
f 665 692 707
f 692 697 707
f 692 694 696
f 641 693 694
f 652 688 693
f 641 652 693
f 642 694 692
f 694 695 696
f 261 707 697
f 692 696 697
f 696 704 697
f 691 695 693
f 693 695 694
f 646 686 647
f 647 686 687
f 647 687 648
f 648 688 652
f 691 700 695
f 691 699 700
f 689 698 690
f 690 698 699
f 690 699 691
f 698 701 699
f 699 701 703
f 699 703 700
f 700 702 705
f 700 703 702
f 696 705 704
f 695 700 705
f 695 705 696
f 249 697 704
f 702 706 705
f 704 705 706
f 250 704 706
f 249 704 250
f 257 664 707
f 701 708 703
f 703 708 709
f 702 703 709
f 702 710 706
f 702 709 710
f 708 711 709
f 709 711 712
f 709 712 710
f 288 289 710
f 288 710 712
f 289 706 710
f 250 706 289
f 711 713 712
f 295 712 713
f 288 712 295
f 295 713 1820
f 2354 182 178
f 2354 877 182
f 889 2380 743
f 809 815 814
f 808 809 814
f 809 810 815
f 810 816 815
f 811 817 816
f 810 811 816
f 812 818 817
f 811 812 817
f 812 813 818
f 813 821 819
f 813 819 818
f 819 821 820
f 820 821 822
f 822 824 823
f 824 825 831
f 820 822 823
f 823 824 831
f 825 832 831
f 826 833 832
f 825 826 832
f 826 827 833
f 827 828 834
f 828 829 835
f 814 815 2414
f 815 816 2414
f 816 817 2414
f 817 818 2414
f 818 819 2414
f 819 820 2414
f 820 823 2414
f 823 831 2414
f 831 832 2414
f 832 833 2414
f 827 834 833
f 828 835 834
f 833 834 2414
f 834 835 2414
f 835 836 2414
f 836 837 2414
f 837 838 2414
f 838 839 2414
f 839 843 2414
f 843 844 2414
f 844 845 2414
f 845 846 2414
f 846 847 2414
f 847 848 2414
f 848 856 2414
f 856 857 2414
f 857 858 2414
f 829 836 835
f 830 837 836
f 829 830 836
f 830 840 837
f 837 840 838
f 838 841 839
f 838 840 841
f 839 842 843
f 839 841 842
f 842 849 843
f 844 849 850
f 843 849 844
f 844 850 845
f 845 851 846
f 846 852 847
f 845 850 851
f 846 851 852
f 847 853 848
f 848 854 856
f 847 852 853
f 848 853 854
f 854 855 856
f 858 859 2414
f 859 860 2414
f 860 865 2414
f 865 866 2414
f 866 867 2414
f 867 868 2414
f 868 2423 2414
f 855 857 856
f 857 861 858
f 855 861 857
f 858 862 859
f 859 863 860
f 858 861 862
f 859 862 863
f 860 863 864
f 860 864 865
f 865 869 866
f 866 870 867
f 867 871 868
f 868 2480 2423
f 864 869 865
f 866 869 870
f 867 870 871
f 868 871 2480
f 808 1031 809
f 809 1038 810
f 810 1056 811
f 811 1063 812
f 812 1065 813
f 813 1083 821
f 821 1090 822
f 822 1131 824
f 824 1134 825
f 825 1140 826
f 826 1181 827
f 827 1189 828
f 828 1192 829
f 829 1206 830
f 830 1364 840
f 840 1367 841
f 841 1370 842
f 842 1381 849
f 849 1384 850
f 850 1424 851
f 851 1428 852
f 852 1431 853
f 853 1439 854
f 854 1442 855
f 855 1464 861
f 861 1467 862
f 862 1476 863
f 863 1479 864
f 864 1486 869
f 869 1489 870
f 870 1491 871
f 871 2997 2480
f 147 889 878
f 889 162 164
f 889 164 875
f 878 981 976
f 878 996 981
f 878 999 996
f 878 1008 999
f 878 1010 1008
f 878 1018 1010
f 878 1019 1018
f 878 1023 1019
f 878 1148 1023
f 878 1150 1148
f 878 1169 1150
f 878 1171 1169
f 878 1231 1171
f 878 1236 1231
f 878 1237 1236
f 889 875 877
f 878 879 880
f 878 880 881
f 878 881 882
f 878 882 883
f 878 883 884
f 878 884 885
f 878 885 886
f 878 886 887
f 878 887 888
f 878 888 900
f 878 900 901
f 878 901 902
f 878 902 903
f 878 903 904
f 878 904 905
f 878 890 879
f 879 891 880
f 880 892 881
f 881 893 882
f 882 894 883
f 883 895 884
f 884 896 885
f 885 897 886
f 886 898 887
f 887 899 888
f 878 889 890
f 879 890 891
f 880 891 892
f 881 892 893
f 882 893 894
f 883 894 895
f 884 895 896
f 885 896 897
f 886 897 898
f 887 898 899
f 888 899 937
f 889 891 890
f 889 892 891
f 889 893 892
f 889 894 893
f 889 895 894
f 889 896 895
f 889 897 896
f 889 898 897
f 889 899 898
f 889 937 899
f 889 938 937
f 889 939 938
f 889 940 939
f 889 941 940
f 889 942 941
f 878 905 906
f 878 906 907
f 878 907 908
f 878 908 909
f 878 909 910
f 878 910 911
f 878 911 912
f 878 912 913
f 878 913 914
f 878 914 915
f 878 915 916
f 878 916 917
f 878 917 918
f 878 918 919
f 878 919 920
f 878 920 921
f 878 921 922
f 878 922 923
f 878 923 924
f 878 924 925
f 878 925 926
f 878 926 927
f 878 927 928
f 878 928 929
f 888 937 900
f 900 938 901
f 901 939 902
f 902 940 903
f 903 941 904
f 904 942 905
f 905 943 906
f 906 944 907
f 907 945 908
f 908 946 909
f 909 947 910
f 910 948 911
f 911 949 912
f 912 950 913
f 913 951 914
f 914 952 915
f 915 953 916
f 916 954 917
f 917 955 918
f 918 956 919
f 919 957 920
f 920 958 921
f 878 929 930
f 878 930 931
f 878 931 932
f 878 932 933
f 878 933 934
f 878 934 935
f 878 935 936
f 878 936 974
f 921 959 922
f 922 960 923
f 923 961 924
f 924 962 925
f 925 963 926
f 926 964 927
f 927 965 928
f 928 966 929
f 929 967 930
f 930 968 931
f 931 969 932
f 932 970 933
f 933 971 934
f 934 972 935
f 935 973 936
f 936 975 974
f 900 937 938
f 901 938 939
f 902 939 940
f 903 940 941
f 904 941 942
f 905 942 943
f 906 943 944
f 907 944 945
f 908 945 946
f 909 946 947
f 910 947 948
f 889 943 942
f 889 944 943
f 889 945 944
f 889 946 945
f 889 947 946
f 889 948 947
f 889 949 948
f 889 950 949
f 889 951 950
f 889 952 951
f 889 953 952
f 889 954 953
f 889 955 954
f 889 956 955
f 889 957 956
f 889 958 957
f 889 959 958
f 889 960 959
f 889 961 960
f 889 962 961
f 889 963 962
f 889 964 963
f 889 965 964
f 889 966 965
f 911 948 949
f 912 949 950
f 913 950 951
f 914 951 952
f 915 952 953
f 916 953 954
f 917 954 955
f 918 955 956
f 919 956 957
f 920 957 958
f 889 967 966
f 889 968 967
f 889 969 968
f 889 970 969
f 889 971 970
f 889 972 971
f 889 973 972
f 889 975 973
f 921 958 959
f 922 959 960
f 923 960 961
f 924 961 962
f 925 962 963
f 926 963 964
f 927 964 965
f 928 965 966
f 929 966 967
f 930 967 968
f 931 968 969
f 932 969 970
f 933 970 971
f 934 971 972
f 935 972 973
f 936 973 975
f 878 1255 1237
f 878 1257 1255
f 878 1492 1257
f 878 1494 1492
f 808 1028 1031
f 809 1031 1038
f 810 1038 1056
f 811 1056 1063
f 812 1063 1065
f 813 1065 1083
f 821 1083 1090
f 822 1090 1131
f 824 1131 1134
f 825 1134 1140
f 826 1140 1181
f 827 1181 1189
f 828 1189 1192
f 829 1192 1206
f 830 1206 1364
f 840 1364 1367
f 841 1367 1370
f 842 1370 1381
f 849 1381 1384
f 850 1384 1424
f 851 1424 1428
f 852 1428 1431
f 853 1431 1439
f 854 1439 1442
f 855 1442 1464
f 861 1464 1467
f 862 1467 1476
f 863 1476 1479
f 864 1479 1486
f 869 1486 1489
f 870 1489 1491
f 871 1491 2997
f 976 981 977
f 977 981 978
f 977 978 979
f 979 980 986
f 978 980 979
f 980 988 986
f 978 981 996
f 978 996 982
f 978 982 980
f 980 983 988
f 980 982 983
f 984 990 991
f 984 991 985
f 986 988 987
f 987 989 990
f 987 988 989
f 989 991 990
f 985 991 995
f 985 995 992
f 988 993 989
f 989 994 991
f 983 993 988
f 989 993 994
f 991 994 995
f 982 996 999
f 982 999 997
f 982 997 983
f 983 998 993
f 983 997 998
f 997 999 1008
f 997 1000 998
f 997 1008 1000
f 998 1000 1004
f 992 995 1003
f 992 1003 1073
f 1003 1007 1073
f 993 1001 994
f 994 1001 1002
f 993 998 1001
f 994 1002 995
f 995 1002 1003
f 998 1004 1001
f 1001 1005 1002
f 1002 1005 1006
f 1001 1004 1005
f 1002 1006 1003
f 1003 1006 1007
f 1006 1013 1007
f 1000 1008 1010
f 1000 1009 1004
f 1000 1010 1009
f 1009 1010 1018
f 1009 1018 1014
f 1004 1011 1005
f 1005 1012 1006
f 1005 1011 1012
f 1004 1009 1011
f 1006 1012 1013
f 1007 1013 1100
f 1012 1016 1013
f 1013 1017 1100
f 1009 1014 1011
f 1011 1014 1015
f 1011 1015 1012
f 1012 1015 1016
f 1013 1016 1017
f 1016 1022 1017
f 1014 1018 1019
f 1014 1020 1015
f 1015 1021 1016
f 1015 1020 1021
f 1014 1019 1020
f 1016 1021 1022
f 1017 1022 1116
f 1021 1025 1022
f 1022 1118 1116
f 1019 1023 1020
f 1020 1024 1021
f 1020 1023 1024
f 1021 1024 1025
f 1022 1025 1118
f 1025 1151 1118
f 1026 1049 1051
f 1026 1051 1027
f 1027 1051 1055
f 1027 1055 1043
f 1043 1055 1075
f 1028 1029 1032
f 1029 1030 1033
f 1028 1032 1031
f 1029 1033 1032
f 1030 1036 1033
f 1030 1034 1036
f 1034 1035 1037
f 1026 1027 1035
f 1034 1037 1036
f 1027 1037 1035
f 1031 1032 1039
f 1031 1039 1038
f 1032 1033 1040
f 1032 1040 1039
f 1033 1041 1040
f 1038 1039 1057
f 1039 1040 1058
f 1033 1036 1041
f 1036 1037 1042
f 1036 1042 1041
f 1027 1043 1037
f 1037 1043 1042
f 1041 1042 1059
f 1040 1041 1060
f 1042 1043 1061
f 1044 1046 1048
f 1044 1045 1047
f 984 985 1045
f 985 1047 1045
f 1044 1047 1046
f 1048 1050 1049
f 1049 1050 1051
f 1046 1050 1048
f 1046 1052 1050
f 985 992 1047
f 992 1053 1047
f 1046 1047 1053
f 1046 1053 1052
f 1050 1054 1051
f 1050 1052 1054
f 1051 1054 1055
f 1054 1077 1055
f 1052 1076 1054
f 1043 1075 1061
f 1061 1075 1082
f 1038 1057 1056
f 1039 1058 1057
f 1040 1060 1058
f 1056 1057 1064
f 1057 1058 1062
f 1057 1062 1064
f 1058 1068 1062
f 1056 1064 1063
f 1041 1059 1060
f 1042 1061 1059
f 1058 1060 1068
f 1059 1069 1060
f 1060 1069 1068
f 1059 1061 1070
f 1059 1070 1069
f 1061 1082 1070
f 1063 1064 1066
f 1062 1067 1064
f 1063 1066 1065
f 1064 1067 1066
f 1062 1072 1067
f 1062 1068 1072
f 1068 1069 1071
f 1069 1070 1086
f 1068 1071 1072
f 1070 1082 1106
f 1070 1106 1086
f 1069 1086 1071
f 992 1073 1053
f 1053 1073 1074
f 1052 1053 1074
f 1052 1074 1076
f 1073 1079 1074
f 1074 1078 1076
f 1054 1076 1077
f 1055 1077 1075
f 1076 1080 1077
f 1075 1077 1081
f 1007 1079 1073
f 1074 1079 1078
f 1007 1100 1079
f 1078 1079 1096
f 1077 1080 1081
f 1075 1081 1082
f 1076 1078 1080
f 1080 1097 1081
f 1081 1098 1082
f 1081 1097 1098
f 1078 1099 1080
f 1080 1099 1097
f 1082 1098 1106
f 1065 1066 1085
f 1065 1085 1083
f 1066 1067 1084
f 1066 1084 1085
f 1067 1088 1084
f 1083 1085 1091
f 1084 1092 1085
f 1071 1089 1072
f 1086 1106 1108
f 1071 1086 1087
f 1071 1087 1089
f 1086 1108 1087
f 1067 1072 1088
f 1072 1089 1088
f 1084 1088 1093
f 1088 1089 1094
f 1083 1091 1090
f 1085 1092 1091
f 1084 1093 1092
f 1091 1092 1133
f 1087 1108 1110
f 1087 1110 1095
f 1088 1094 1093
f 1087 1095 1089
f 1089 1095 1094
f 1092 1093 1137
f 1093 1094 1112
f 1093 1112 1137
f 1094 1095 1113
f 1095 1110 1125
f 1079 1100 1096
f 1078 1096 1099
f 1096 1100 1105
f 1096 1101 1099
f 1097 1102 1098
f 1098 1102 1107
f 1097 1099 1103
f 1099 1101 1103
f 1097 1103 1102
f 1096 1105 1101
f 1101 1105 1117
f 1101 1117 1114
f 1102 1103 1104
f 1101 1114 1103
f 1103 1114 1104
f 1102 1104 1109
f 1017 1105 1100
f 1017 1116 1105
f 1098 1107 1106
f 1106 1107 1108
f 1107 1111 1108
f 1102 1109 1107
f 1108 1111 1110
f 1107 1109 1111
f 1110 1111 1123
f 1095 1125 1113
f 1094 1113 1112
f 1112 1113 1143
f 1113 1125 1130
f 1113 1130 1143
f 1114 1117 1120
f 1104 1124 1109
f 1104 1114 1115
f 1114 1120 1115
f 1104 1115 1124
f 1105 1116 1117
f 1116 1119 1117
f 1117 1119 1120
f 1115 1120 1121
f 1115 1126 1124
f 1115 1121 1126
f 1116 1118 1119
f 1119 1153 1120
f 1118 1152 1119
f 1119 1152 1153
f 1120 1153 1121
f 1109 1122 1111
f 1111 1122 1123
f 1109 1124 1122
f 1122 1128 1123
f 1110 1123 1125
f 1123 1129 1125
f 1125 1129 1130
f 1122 1124 1127
f 1124 1126 1127
f 1122 1127 1128
f 1126 1159 1127
f 1127 1162 1128
f 1123 1128 1129
f 1128 1160 1129
f 1129 1161 1130
f 1130 1161 1147
f 1129 1160 1161
f 1090 1091 1132
f 1090 1132 1131
f 1091 1133 1132
f 1092 1137 1133
f 1131 1132 1135
f 1132 1133 1136
f 1131 1135 1134
f 1133 1138 1136
f 1132 1136 1135
f 1133 1137 1138
f 1112 1139 1137
f 1137 1139 1138
f 1112 1143 1139
f 1134 1135 1141
f 1135 1136 1142
f 1135 1142 1141
f 1136 1144 1142
f 1134 1141 1140
f 1140 1141 1182
f 1141 1142 1183
f 1138 1139 1145
f 1136 1138 1144
f 1138 1145 1144
f 1139 1143 1146
f 1130 1147 1143
f 1144 1145 1185
f 1143 1147 1146
f 1139 1146 1145
f 1142 1144 1184
f 889 775 767
f 889 771 772
f 889 773 721
f 889 772 773
f 889 770 771
f 889 769 770
f 889 767 768
f 889 768 769
f 889 743 774
f 889 774 775
f 889 722 723
f 889 723 724
f 889 721 722
f 889 724 725
f 889 725 726
f 889 727 1274
f 889 726 727
f 889 1274 1275
f 889 1275 1276
f 889 1276 1277
f 889 1277 1278
f 889 1278 1279
f 889 1279 1280
f 889 1280 1281
f 889 1281 1291
f 889 1291 1292
f 889 1292 1293
f 889 1293 1294
f 889 1294 1295
f 889 1295 1296
f 889 1296 1297
f 889 1297 1298
f 889 1298 1299
f 889 1299 1315
f 889 1328 1977
f 889 1977 1978
f 889 1978 1979
f 889 1979 1980
f 889 1980 1981
f 889 1982 2498
f 889 1981 1982
f 889 2498 2499
f 889 2499 2500
f 889 2500 2501
f 889 2501 2502
f 889 2502 2503
f 889 2503 2504
f 889 2504 2505
f 889 2505 2506
f 889 2506 2507
f 889 2507 2508
f 889 2508 2509
f 889 2509 2510
f 889 2510 2511
f 889 2511 2512
f 889 2512 2513
f 889 2513 2514
f 889 2514 2520
f 1023 1148 1024
f 1024 1149 1025
f 1024 1148 1149
f 1025 1149 1151
f 1149 1156 1151
f 1148 1150 1149
f 1149 1150 1156
f 1150 1169 1156
f 1118 1151 1152
f 1151 1155 1152
f 1152 1157 1153
f 1152 1155 1157
f 1121 1153 1154
f 1153 1157 1154
f 1121 1154 1163
f 1151 1156 1155
f 1155 1156 1168
f 1154 1157 1158
f 1155 1170 1157
f 1157 1170 1158
f 1154 1158 1166
f 1121 1163 1126
f 1126 1163 1159
f 1127 1159 1162
f 1159 1163 1167
f 1160 1199 1161
f 1128 1162 1160
f 1160 1162 1165
f 1159 1164 1162
f 1162 1164 1165
f 1160 1165 1199
f 1159 1167 1164
f 1164 1167 1177
f 1164 1174 1165
f 1165 1174 1203
f 1164 1177 1174
f 1154 1166 1163
f 1163 1166 1167
f 1166 1176 1167
f 1156 1169 1168
f 1155 1168 1170
f 1168 1169 1171
f 1158 1170 1173
f 1168 1172 1170
f 1170 1172 1173
f 1168 1171 1172
f 1172 1232 1173
f 1171 1231 1172
f 1172 1231 1232
f 1174 1177 1222
f 1158 1175 1166
f 1166 1175 1176
f 1158 1173 1175
f 1175 1180 1176
f 1167 1176 1177
f 1176 1179 1177
f 1177 1179 1222
f 1173 1178 1175
f 1175 1178 1180
f 1173 1232 1178
f 1176 1180 1179
f 1178 1235 1180
f 1179 1180 1233
f 1140 1182 1181
f 1181 1182 1190
f 1141 1183 1182
f 1142 1184 1183
f 1182 1183 1191
f 1183 1195 1191
f 1145 1146 1186
f 1146 1147 1201
f 1146 1201 1186
f 1144 1185 1184
f 1145 1186 1185
f 1183 1184 1195
f 1184 1185 1187
f 1184 1187 1195
f 1185 1186 1188
f 1186 1201 1204
f 1185 1188 1187
f 1186 1204 1188
f 1187 1188 1198
f 1188 1204 1218
f 1188 1218 1198
f 1181 1190 1189
f 1182 1191 1190
f 1189 1190 1193
f 1189 1193 1192
f 1190 1191 1194
f 1190 1194 1193
f 1191 1197 1194
f 1192 1193 1207
f 1192 1207 1206
f 1193 1208 1207
f 1193 1194 1208
f 1191 1195 1197
f 1187 1196 1195
f 1195 1196 1197
f 1194 1197 1210
f 1196 1211 1197
f 1187 1198 1196
f 1147 1161 1200
f 1147 1200 1201
f 1161 1199 1200
f 1200 1205 1201
f 1199 1202 1200
f 1200 1202 1205
f 1165 1203 1199
f 1199 1203 1202
f 1201 1205 1204
f 1204 1205 1219
f 1202 1217 1205
f 1204 1219 1218
f 1206 1207 1365
f 1194 1210 1208
f 1207 1208 1366
f 1206 1365 1364
f 1207 1366 1365
f 1208 1212 1366
f 1198 1218 1225
f 1196 1198 1209
f 1196 1209 1211
f 1198 1225 1209
f 1209 1225 1229
f 1197 1211 1210
f 1208 1210 1212
f 1210 1211 1213
f 1210 1213 1212
f 1209 1214 1211
f 1209 1229 1214
f 1211 1214 1213
f 1213 1214 1375
f 1214 1229 1376
f 1174 1216 1203
f 1202 1203 1215
f 1203 1216 1215
f 1174 1222 1216
f 1215 1216 1221
f 1205 1217 1219
f 1202 1215 1217
f 1217 1226 1219
f 1215 1220 1217
f 1217 1220 1226
f 1216 1222 1223
f 1216 1223 1221
f 1215 1221 1220
f 1221 1223 1240
f 1220 1221 1245
f 1179 1239 1222
f 1222 1239 1223
f 1179 1233 1239
f 1218 1219 1224
f 1218 1224 1225
f 1219 1226 1224
f 1224 1230 1225
f 1224 1226 1227
f 1224 1227 1230
f 1220 1228 1226
f 1226 1228 1227
f 1220 1245 1228
f 1225 1230 1229
f 1229 1230 1247
f 1227 1248 1230
f 1229 1247 1376
f 1230 1248 1247
f 1178 1232 1234
f 1231 1236 1232
f 1232 1236 1234
f 1178 1234 1235
f 1180 1235 1233
f 1233 1235 1242
f 1234 1238 1235
f 1234 1236 1237
f 1235 1238 1242
f 1234 1237 1238
f 1237 1255 1238
f 1221 1240 1245
f 1233 1243 1239
f 1223 1239 1241
f 1233 1242 1243
f 1239 1243 1241
f 1223 1241 1240
f 1240 1241 1251
f 1242 1256 1243
f 1238 1254 1242
f 1242 1254 1256
f 1241 1243 1244
f 1241 1244 1251
f 1243 1256 1244
f 1228 1245 1246
f 1227 1228 1249
f 1228 1246 1249
f 1240 1252 1245
f 1245 1252 1246
f 1247 1248 1396
f 1227 1249 1248
f 1246 1250 1249
f 1248 1249 1399
f 1240 1251 1252
f 1246 1252 1253
f 1246 1253 1250
f 1249 1250 1399
f 1250 1253 1410
f 1244 1259 1251
f 1251 1261 1252
f 1252 1261 1253
f 1251 1259 1261
f 1238 1255 1254
f 1254 1255 1257
f 1254 1258 1256
f 1244 1256 1260
f 1254 1257 1258
f 1256 1258 1260
f 1257 1492 1258
f 1244 1260 1259
f 1259 1260 1264
f 1253 1261 1262
f 1259 1265 1261
f 1253 1262 1410
f 1259 1264 1265
f 1261 1265 1262
f 1258 1263 1260
f 1260 1263 1264
f 1258 1492 1263
f 1264 1413 1265
f 1263 1493 1264
f 1264 1493 1413
f 889 1315 1316
f 889 1316 1317
f 889 1317 1318
f 889 1318 1319
f 889 1319 1320
f 889 1320 1321
f 889 1321 1322
f 889 1322 1323
f 889 1323 1324
f 889 1324 1325
f 889 1325 1326
f 889 1326 1327
f 889 1327 1328
f 889 2520 2521
f 889 2521 2522
f 889 2522 2523
f 889 2523 2524
f 1357 1977 1356
f 1361 1977 1363
f 1355 1977 1360
f 1363 1977 1355
f 1360 1977 1359
f 1359 1977 1358
f 1358 1977 1357
f 1329 1977 1328
f 1356 1977 1329
f 1364 1365 1368
f 1365 1366 1369
f 1364 1368 1367
f 1365 1369 1368
f 1366 1373 1369
f 1367 1368 1371
f 1367 1371 1370
f 1368 1372 1371
f 1368 1369 1372
f 1369 1377 1372
f 1212 1373 1366
f 1212 1213 1374
f 1212 1374 1373
f 1213 1375 1374
f 1373 1374 1378
f 1214 1376 1375
f 1374 1375 1379
f 1369 1373 1377
f 1373 1378 1377
f 1374 1379 1378
f 1370 1371 1382
f 1371 1372 1383
f 1375 1376 1395
f 1375 1395 1379
f 1372 1377 1387
f 1377 1378 1388
f 1377 1388 1387
f 1378 1379 1380
f 1379 1395 1398
f 1378 1380 1388
f 1379 1398 1380
f 1370 1382 1381
f 1371 1383 1382
f 1372 1387 1383
f 1381 1382 1385
f 1382 1386 1385
f 1382 1383 1386
f 1383 1390 1386
f 1381 1385 1384
f 1387 1388 1391
f 1383 1387 1390
f 1387 1391 1390
f 1380 1389 1388
f 1384 1385 1425
f 1384 1425 1424
f 1385 1426 1425
f 1385 1386 1426
f 1386 1392 1426
f 1380 1398 1405
f 1380 1405 1389
f 1388 1389 1391
f 1386 1390 1392
f 1390 1391 1393
f 1390 1393 1392
f 1389 1394 1391
f 1389 1405 1406
f 1389 1406 1394
f 1391 1394 1393
f 1247 1397 1376
f 1376 1397 1395
f 1247 1396 1397
f 1248 1399 1396
f 1395 1397 1402
f 1395 1402 1398
f 1396 1401 1397
f 1396 1399 1400
f 1396 1400 1401
f 1250 1407 1399
f 1250 1410 1407
f 1399 1407 1400
f 1397 1401 1402
f 1398 1402 1403
f 1401 1404 1402
f 1400 1408 1401
f 1401 1408 1404
f 1398 1403 1405
f 1402 1404 1403
f 1403 1417 1405
f 1405 1417 1406
f 1394 1406 1451
f 1407 1410 1411
f 1400 1407 1409
f 1400 1409 1408
f 1407 1411 1409
f 1409 1411 1422
f 1262 1412 1410
f 1410 1412 1411
f 1262 1265 1414
f 1262 1414 1412
f 1265 1413 1414
f 1411 1412 1415
f 1411 1415 1422
f 1412 1414 1496
f 1412 1496 1415
f 1403 1404 1418
f 1403 1418 1417
f 1404 1408 1416
f 1404 1416 1418
f 1408 1409 1419
f 1408 1419 1416
f 1406 1417 1452
f 1417 1418 1453
f 1417 1453 1452
f 1416 1420 1418
f 1418 1420 1453
f 1409 1422 1419
f 1416 1419 1421
f 1419 1422 1423
f 1416 1421 1420
f 1419 1423 1421
f 1421 1423 1510
f 1415 1501 1422
f 1422 1501 1423
f 1424 1425 1429
f 1424 1429 1428
f 1425 1426 1427
f 1425 1427 1429
f 1426 1430 1427
f 1428 1429 1432
f 1428 1432 1431
f 1427 1433 1429
f 1392 1430 1426
f 1392 1393 1434
f 1392 1434 1430
f 1393 1394 1435
f 1393 1435 1434
f 1427 1430 1436
f 1429 1433 1432
f 1427 1436 1433
f 1394 1451 1435
f 1435 1451 1454
f 1430 1434 1437
f 1430 1437 1436
f 1434 1435 1438
f 1434 1438 1437
f 1435 1454 1438
f 1437 1438 1447
f 1438 1454 1459
f 1431 1432 1440
f 1431 1440 1439
f 1432 1433 1441
f 1433 1445 1441
f 1432 1441 1440
f 1439 1440 1443
f 1439 1443 1442
f 1440 1444 1443
f 1440 1441 1444
f 1441 1448 1444
f 1433 1436 1445
f 1436 1437 1446
f 1436 1446 1445
f 1437 1447 1446
f 1438 1459 1447
f 1441 1445 1448
f 1445 1446 1449
f 1445 1449 1448
f 1446 1447 1450
f 1447 1459 1462
f 1446 1450 1449
f 1447 1462 1450
f 1449 1450 1472
f 1450 1462 1485
f 1406 1452 1451
f 1452 1453 1458
f 1451 1452 1457
f 1451 1457 1454
f 1452 1458 1457
f 1420 1455 1453
f 1453 1455 1458
f 1420 1421 1456
f 1420 1456 1455
f 1421 1510 1456
f 1457 1458 1461
f 1454 1457 1460
f 1457 1461 1460
f 1455 1508 1458
f 1458 1508 1461
f 1454 1460 1459
f 1459 1460 1463
f 1460 1461 1518
f 1460 1518 1463
f 1459 1463 1462
f 1462 1463 1538
f 1442 1443 1465
f 1442 1465 1464
f 1443 1444 1466
f 1443 1466 1465
f 1444 1470 1466
f 1464 1465 1468
f 1464 1468 1467
f 1465 1466 1469
f 1465 1469 1468
f 1466 1473 1469
f 1444 1448 1470
f 1448 1449 1471
f 1448 1471 1470
f 1449 1472 1471
f 1450 1485 1472
f 1471 1472 1475
f 1472 1485 1541
f 1466 1470 1473
f 1470 1471 1474
f 1470 1474 1473
f 1471 1475 1474
f 1472 1541 1475
f 1474 1475 1535
f 1467 1468 1477
f 1467 1477 1476
f 1468 1478 1477
f 1468 1469 1478
f 1469 1482 1478
f 1476 1477 1480
f 1476 1480 1479
f 1477 1481 1480
f 1477 1478 1481
f 1478 1484 1481
f 1469 1473 1482
f 1473 1474 1483
f 1473 1483 1482
f 1474 1535 1483
f 1478 1482 1484
f 1482 1483 1536
f 1482 1536 1484
f 1462 1538 1485
f 1479 1480 1487
f 1479 1487 1486
f 1480 1481 1488
f 1481 1572 1488
f 1480 1488 1487
f 1486 1487 1490
f 1486 1490 1489
f 1487 1488 1571
f 1487 1571 1490
f 1481 1484 1572
f 1489 1490 1578
f 1489 1578 1491
f 889 2524 2569
f 889 2569 2570
f 889 2570 2571
f 889 2571 2572
f 889 2572 2573
f 889 2573 2574
f 889 2574 2576
f 889 2576 2575
f 878 1498 1494
f 878 1499 1498
f 878 1507 1499
f 878 1526 1507
f 878 1529 1526
f 878 1533 1529
f 878 1534 1533
f 878 1610 1534
f 878 1611 1610
f 878 1612 1611
f 1263 1492 1494
f 1263 1494 1493
f 1493 1494 1498
f 878 1615 1612
f 878 1617 1615
f 878 3088 1617
f 878 974 3162
f 889 3200 975
f 1413 1493 1495
f 1413 1497 1414
f 1413 1495 1497
f 1493 1498 1495
f 1414 1497 1496
f 1495 1503 1497
f 1496 1497 1502
f 1497 1503 1502
f 1495 1498 1499
f 1495 1499 1503
f 1415 1496 1500
f 1415 1500 1501
f 1496 1502 1500
f 1423 1501 1511
f 1423 1511 1510
f 1500 1504 1501
f 1501 1504 1511
f 1500 1502 1506
f 1502 1503 1505
f 1499 1507 1503
f 1503 1507 1505
f 1500 1506 1504
f 1502 1505 1506
f 1504 1506 1514
f 1505 1525 1506
f 1505 1507 1526
f 1505 1526 1525
f 1456 1510 1512
f 1455 1456 1509
f 1455 1509 1508
f 1456 1512 1509
f 1509 1512 1520
f 1510 1511 1515
f 1510 1515 1512
f 1504 1513 1511
f 1511 1513 1515
f 1504 1514 1513
f 1506 1525 1514
f 1512 1515 1521
f 1513 1522 1515
f 1513 1514 1527
f 1515 1522 1521
f 1513 1527 1522
f 1461 1508 1516
f 1508 1509 1517
f 1461 1516 1518
f 1508 1517 1516
f 1509 1520 1517
f 1463 1518 1539
f 1463 1539 1538
f 1516 1540 1518
f 1518 1540 1539
f 1516 1517 1519
f 1516 1519 1540
f 1517 1520 1523
f 1517 1523 1519
f 1512 1521 1520
f 1520 1521 1524
f 1521 1522 1530
f 1520 1524 1523
f 1521 1530 1524
f 1523 1524 1558
f 1514 1525 1528
f 1525 1526 1529
f 1514 1528 1527
f 1525 1529 1528
f 1528 1529 1533
f 1522 1527 1531
f 1522 1531 1530
f 1527 1528 1532
f 1527 1532 1531
f 1524 1530 1559
f 1530 1531 1562
f 1528 1533 1532
f 1531 1532 1563
f 1531 1563 1562
f 1532 1534 1563
f 1532 1533 1534
f 1475 1541 1548
f 1475 1548 1535
f 1535 1548 1551
f 1483 1535 1537
f 1483 1537 1536
f 1535 1551 1537
f 1485 1538 1542
f 1538 1539 1543
f 1538 1543 1542
f 1539 1540 1544
f 1539 1544 1543
f 1485 1542 1541
f 1541 1542 1549
f 1542 1543 1550
f 1543 1544 1553
f 1543 1553 1550
f 1519 1545 1540
f 1519 1523 1546
f 1540 1545 1544
f 1519 1546 1545
f 1544 1545 1554
f 1544 1554 1553
f 1545 1546 1547
f 1545 1547 1554
f 1523 1558 1546
f 1541 1549 1548
f 1542 1550 1549
f 1548 1549 1552
f 1549 1550 1555
f 1548 1552 1551
f 1549 1555 1552
f 1551 1552 1584
f 1550 1553 1556
f 1553 1557 1556
f 1547 1566 1554
f 1553 1554 1557
f 1554 1566 1557
f 1552 1555 1586
f 1550 1556 1555
f 1555 1556 1588
f 1556 1557 1587
f 1524 1559 1558
f 1530 1562 1559
f 1558 1559 1561
f 1559 1562 1564
f 1546 1558 1560
f 1558 1561 1560
f 1546 1560 1547
f 1559 1564 1561
f 1562 1563 1565
f 1534 1610 1563
f 1563 1610 1565
f 1562 1565 1564
f 1564 1565 1570
f 1557 1566 1597
f 1547 1560 1567
f 1547 1567 1566
f 1560 1561 1568
f 1560 1568 1567
f 1566 1598 1597
f 1567 1568 1601
f 1566 1567 1598
f 1567 1601 1598
f 1561 1564 1569
f 1561 1569 1568
f 1564 1570 1569
f 1568 1569 1602
f 1568 1602 1601
f 1569 1570 1613
f 1569 1613 1602
f 1488 1575 1571
f 1484 1536 1573
f 1484 1573 1572
f 1536 1537 1574
f 1536 1574 1573
f 1537 1551 1583
f 1537 1583 1574
f 1488 1572 1575
f 1572 1573 1576
f 1572 1576 1575
f 1573 1574 1577
f 1573 1577 1576
f 1574 1583 1585
f 1574 1585 1577
f 1490 1571 1579
f 1490 1579 1578
f 1571 1580 1579
f 1491 1578 2998
f 1491 2998 2997
f 1578 1579 2999
f 1578 2999 2998
f 1579 3002 2999
f 1571 1575 1580
f 1575 1576 1581
f 1575 1581 1580
f 1576 1577 1582
f 1576 1582 1581
f 1577 1585 1592
f 1577 1592 1582
f 1579 1580 3002
f 1580 1581 3003
f 1580 3003 3002
f 1581 1582 3004
f 1581 3004 3003
f 1582 1592 3015
f 1582 3015 3004
f 1551 1584 1583
f 1552 1586 1584
f 1583 1584 1589
f 1583 1589 1585
f 1584 1586 1590
f 1555 1588 1586
f 1586 1588 1591
f 1556 1587 1588
f 1587 1596 1588
f 1584 1590 1589
f 1586 1591 1590
f 1588 1596 1591
f 1585 1589 1593
f 1585 1593 1592
f 1592 1593 3017
f 1592 3017 3015
f 1589 1590 1594
f 1589 1594 1593
f 1590 1595 1594
f 1590 1591 1595
f 1591 1596 1605
f 1591 1605 1595
f 1593 1594 3018
f 1593 3018 3017
f 1594 1595 3019
f 1595 1605 3032
f 1594 3019 3018
f 1595 3032 3019
f 1557 1597 1587
f 1587 1597 1599
f 1587 1599 1596
f 1596 1599 1606
f 1597 1598 1600
f 1597 1600 1599
f 1598 1603 1600
f 1599 1600 1607
f 1598 1601 1603
f 1602 1613 1614
f 1601 1602 1604
f 1602 1614 1604
f 1601 1604 1603
f 1600 1603 1608
f 1603 1604 1609
f 1596 1606 1605
f 1605 1606 3034
f 1605 3034 3032
f 1599 1607 1606
f 1606 1607 3035
f 1606 3035 3034
f 1600 1608 1607
f 1603 1609 1608
f 1604 1616 1609
f 1607 1608 3038
f 1607 3038 3035
f 1608 1609 3039
f 1608 3039 3038
f 1565 1610 1611
f 1565 1611 1570
f 1570 1611 1612
f 1570 1612 1613
f 1612 1615 1613
f 1613 1615 1614
f 1604 1614 1616
f 1614 1615 1617
f 1614 1617 1616
f 1609 1616 3087
f 1609 3087 3039
f 1616 3088 3087
f 1616 1617 3088
f 878 3145 3088
f 974 975 3200
f 1618 1623 1619
f 1619 1624 1620
f 1620 1625 1621
f 1621 1626 1627
f 1618 1622 1623
f 1619 1623 1624
f 1620 1624 1625
f 1621 1625 1626
f 1626 1631 1627
f 1627 1631 1628
f 1628 1632 1629
f 1629 1633 1630
f 1628 1631 1632
f 1629 1632 1633
f 1630 1634 1636
f 1630 1633 1634
f 1634 1635 1636
f 1622 2414 1623
f 1623 2414 1624
f 1624 2414 1625
f 1625 2414 1626
f 1626 2414 1631
f 1631 2414 1632
f 1632 2414 1633
f 1635 1637 1636
f 1637 1643 1638
f 1635 1643 1637
f 1638 1643 1644
f 1638 1644 1639
f 1639 1645 1640
f 1640 1646 1641
f 1639 1644 1645
f 1640 1645 1646
f 1641 1646 1647
f 1642 1647 1648
f 1641 1647 1642
f 1642 1648 1649
f 1648 1652 1649
f 1649 1652 1650
f 1650 1653 1651
f 1650 1652 1653
f 1651 1653 1654
f 1651 1654 1661
f 1655 1662 1661
f 1654 1655 1661
f 1655 1656 1662
f 1633 2414 1634
f 1634 2414 1635
f 1635 2414 1643
f 1643 2414 1644
f 1644 2414 1645
f 1645 2414 1646
f 1646 2414 1647
f 1647 2414 1648
f 1648 2414 1652
f 1652 2414 1653
f 1653 2414 1654
f 1654 2414 1655
f 1655 2414 1656
f 1656 2414 1657
f 1657 2414 1658
f 1656 1657 1663
f 1657 1658 1664
f 1658 2414 1659
f 1659 2414 1660
f 1660 2414 1668
f 1668 2414 1671
f 1671 2414 1672
f 1672 2414 1673
f 1673 2414 1674
f 1674 2414 1675
f 1675 2414 1676
f 1676 2414 2457
f 1656 1663 1662
f 1657 1664 1663
f 1658 1665 1664
f 1658 1659 1665
f 1659 1666 1665
f 1659 1660 1666
f 1660 1668 1667
f 1668 1671 1669
f 1660 1667 1666
f 1667 1668 1669
f 1669 1671 1670
f 1670 1671 1672
f 1672 1673 1677
f 1670 1672 1677
f 1673 1678 1677
f 1673 1674 1678
f 1674 1679 1678
f 1674 1675 1679
f 1675 1676 1680
f 1675 1680 1679
f 1676 2457 1681
f 1676 1681 1680
f 1681 2457 2464
f 1618 1619 1820
f 1619 1620 1821
f 1620 1621 1822
f 1621 1627 1824
f 1627 1628 1827
f 1628 1629 1830
f 1629 1630 1836
f 1630 1636 1839
f 1636 1637 1851
f 1637 1638 1855
f 1638 1639 1861
f 1639 1640 1882
f 1640 1641 1885
f 1641 1642 1912
f 1642 1649 1915
f 1649 1650 1936
f 1650 1651 1939
f 1651 1661 1945
f 1661 1662 2079
f 1662 1663 2103
f 1663 1664 2110
f 1664 1665 2115
f 1665 1666 2161
f 1666 1667 2168
f 1667 1669 2171
f 1669 1670 2197
f 1670 1677 2203
f 1677 1678 2226
f 1678 1679 2229
f 1679 1680 2237
f 1680 1681 2253
f 1681 2464 2259
f 206 226 2316
f 226 227 2316
f 227 228 2316
f 228 230 2316
f 230 232 2316
f 232 234 2316
f 234 1683 1682
f 234 235 1683
f 235 283 1690
f 235 1690 1683
f 1682 1683 1685
f 1682 1685 1684
f 1683 1698 1685
f 1684 1685 1686
f 1684 1686 1687
f 1686 1741 1687
f 1687 1741 1688
f 1688 1741 1746
f 1688 1746 1689
f 283 284 1691
f 283 1691 1690
f 284 1694 1696
f 284 1696 1691
f 1683 1690 1698
f 1690 1691 1699
f 1691 1696 1703
f 1692 1693 1695
f 1693 1697 1695
f 1693 1702 1697
f 1694 1695 1697
f 1694 1697 1696
f 1696 1697 1704
f 1690 1699 1698
f 1691 1703 1699
f 1698 1699 1701
f 1685 1698 1700
f 1698 1701 1700
f 1685 1700 1686
f 1699 1705 1701
f 1697 1702 1704
f 1702 1736 1704
f 1704 1736 1706
f 1706 1736 1757
f 1696 1704 1703
f 1699 1703 1705
f 1703 1704 1706
f 1703 1706 1705
f 1707 1820 1821
f 1707 1821 1709
f 1707 1709 1708
f 1708 1710 1713
f 1708 1709 1710
f 1709 1823 1710
f 1710 1717 1716
f 1710 1823 1717
f 1711 1714 1730
f 1714 1731 1730
f 1712 1713 1716
f 1712 1716 1715
f 1710 1716 1713
f 1711 1712 1715
f 1711 1715 1714
f 1714 1720 1731
f 1720 1738 1731
f 1715 1716 1719
f 1715 1719 1718
f 1716 1717 1719
f 1714 1715 1718
f 1714 1718 1720
f 1717 1826 1719
f 1720 1723 1738
f 1723 1740 1738
f 1718 1719 1721
f 1719 1826 1721
f 1718 1721 1722
f 1718 1722 1720
f 1720 1722 1723
f 1721 1833 1722
f 1722 1833 1754
f 1723 1755 1740
f 1740 1755 1763
f 1722 1754 1723
f 1723 1754 1755
f 1692 1724 1727
f 1724 1725 1728
f 1692 1727 1693
f 1724 1728 1727
f 1725 1726 1729
f 1725 1729 1728
f 1693 1727 1732
f 1693 1732 1702
f 1727 1733 1732
f 1728 1729 1734
f 1728 1734 1733
f 1727 1728 1733
f 1726 1730 1731
f 1726 1731 1729
f 1729 1731 1738
f 1729 1738 1734
f 1702 1732 1735
f 1733 1734 1739
f 1732 1733 1737
f 1702 1735 1736
f 1735 1759 1736
f 1733 1739 1737
f 1732 1737 1735
f 1735 1737 1758
f 1734 1738 1740
f 1734 1740 1739
f 1737 1739 1762
f 1739 1740 1763
f 1686 1700 1742
f 1686 1742 1741
f 1700 1701 1743
f 1700 1743 1742
f 1741 1742 1747
f 1742 1743 1750
f 1742 1750 1747
f 1706 1757 1745
f 1701 1705 1744
f 1705 1745 1744
f 1701 1744 1743
f 1705 1706 1745
f 1743 1744 1751
f 1743 1751 1750
f 1744 1745 1768
f 1744 1768 1751
f 1741 1747 1746
f 1746 1747 1749
f 1689 1746 1748
f 1689 1748 1777
f 1746 1749 1748
f 1747 1750 1752
f 1751 1768 1769
f 1750 1751 1753
f 1751 1769 1753
f 1747 1752 1749
f 1750 1753 1752
f 1749 1752 1781
f 1752 1753 1788
f 1755 1756 1763
f 1754 1834 1755
f 1755 1834 1756
f 1756 1766 1763
f 1756 1844 1766
f 1766 1844 1773
f 1736 1759 1757
f 1737 1762 1758
f 1735 1758 1759
f 1758 1764 1759
f 1745 1757 1760
f 1757 1761 1760
f 1745 1760 1768
f 1757 1759 1761
f 1759 1764 1761
f 1739 1763 1762
f 1758 1762 1765
f 1762 1763 1766
f 1758 1765 1764
f 1762 1766 1765
f 1764 1765 1772
f 1765 1766 1773
f 1760 1767 1768
f 1767 1769 1768
f 1760 1761 1771
f 1760 1771 1767
f 1767 1787 1769
f 1767 1771 1774
f 1769 1787 1789
f 1767 1774 1787
f 1753 1769 1789
f 1764 1772 1770
f 1761 1764 1770
f 1761 1770 1771
f 1765 1773 1772
f 1772 1773 1848
f 1770 1775 1771
f 1771 1775 1774
f 1770 1772 1776
f 1770 1776 1775
f 1772 1848 1776
f 1777 1779 1778
f 1748 1779 1777
f 1748 1749 1780
f 1748 1780 1779
f 1778 1779 1783
f 1749 1781 1780
f 1752 1788 1781
f 1779 1780 1784
f 1779 1784 1783
f 1780 1781 1790
f 1780 1790 1784
f 1778 1783 1782
f 1782 1783 1786
f 1783 1784 1797
f 1782 1786 1785
f 1783 1797 1786
f 1787 1794 1789
f 1789 1794 1792
f 1753 1789 1788
f 1781 1788 1791
f 1788 1789 1792
f 1781 1791 1790
f 1788 1792 1791
f 1791 1792 1801
f 1774 1795 1787
f 1787 1795 1794
f 1775 1776 1869
f 1775 1869 1793
f 1774 1775 1793
f 1774 1793 1795
f 1792 1794 1799
f 1794 1795 1800
f 1793 1871 1795
f 1794 1800 1799
f 1795 1871 1800
f 1784 1790 1798
f 1790 1791 1796
f 1784 1798 1797
f 1790 1796 1798
f 1791 1801 1796
f 1786 1797 1805
f 1797 1798 1807
f 1796 1802 1798
f 1798 1802 1807
f 1792 1799 1801
f 1799 1876 1801
f 1799 1800 1877
f 1799 1877 1876
f 1801 1876 1803
f 1796 1801 1803
f 1796 1803 1802
f 1785 1786 1806
f 1785 1806 1804
f 1786 1805 1806
f 1797 1807 1805
f 1805 1809 1806
f 1805 1807 1811
f 1804 1806 1808
f 1804 1808 1812
f 1806 1809 1808
f 1805 1811 1809
f 1802 1810 1807
f 1807 1810 1811
f 1802 1803 1892
f 1802 1892 1810
f 1809 1811 1815
f 1810 1897 1811
f 1811 1897 1815
f 1808 1816 1812
f 1812 1816 1813
f 1808 1809 1814
f 1809 1815 1814
f 1808 1814 1816
f 1814 1815 1898
f 1813 1816 1818
f 1814 1899 1816
f 1814 1898 1899
f 1816 1899 1818
f 234 1682 2316
f 1682 1684 2316
f 1684 1687 2316
f 1687 1688 2316
f 1688 1689 2316
f 1689 1777 2316
f 160 2316 2354
f 1777 1778 2316
f 1778 1782 2316
f 1782 1785 2316
f 1813 1818 1817
f 1817 1818 2045
f 1817 2045 1819
f 1785 1804 2316
f 1804 1812 2316
f 1812 1813 2316
f 1813 1817 2319
f 1817 1819 2324
f 1819 2051 2329
f 2051 2053 2333
f 2354 2355 877
f 2355 2356 877
f 1619 1821 1820
f 1620 1822 1821
f 1621 1824 1822
f 1627 1827 1824
f 1628 1830 1827
f 1629 1836 1830
f 1630 1839 1836
f 1636 1851 1839
f 1637 1855 1851
f 1638 1861 1855
f 1639 1882 1861
f 1640 1885 1882
f 1641 1912 1885
f 1642 1915 1912
f 1649 1936 1915
f 1650 1939 1936
f 1651 1945 1939
f 1661 2079 1945
f 1662 2103 2079
f 1663 2110 2103
f 1664 2115 2110
f 1665 2161 2115
f 1666 2168 2161
f 1667 2171 2168
f 1669 2197 2171
f 1670 2203 2197
f 1677 2226 2203
f 1678 2229 2226
f 1679 2237 2229
f 1680 2253 2237
f 1681 2259 2253
f 2259 2464 2707
f 1709 1821 1822
f 1709 1822 1823
f 1822 1824 1823
f 1823 1824 1825
f 1717 1823 1825
f 1717 1825 1826
f 1824 1827 1825
f 1825 1827 1829
f 1825 1829 1826
f 1721 1826 1828
f 1826 1829 1828
f 1721 1828 1833
f 1827 1830 1829
f 1829 1830 1831
f 1828 1832 1833
f 1828 1829 1831
f 1828 1831 1832
f 1832 1838 1835
f 1830 1836 1831
f 1831 1836 1837
f 1831 1837 1832
f 1832 1837 1838
f 1754 1833 1835
f 1754 1835 1834
f 1832 1835 1833
f 1835 1838 1842
f 1834 1835 1842
f 1834 1842 1843
f 1756 1834 1843
f 1836 1839 1837
f 1837 1839 1840
f 1837 1840 1838
f 1838 1841 1842
f 1838 1840 1841
f 1840 1852 1841
f 1841 1853 1846
f 1756 1843 1844
f 1773 1844 1845
f 1843 1847 1844
f 1841 1846 1842
f 1842 1846 1843
f 1843 1846 1847
f 1773 1845 1848
f 1844 1847 1845
f 1845 1850 1848
f 1846 1853 1857
f 1846 1857 1847
f 1847 1857 1849
f 1845 1847 1849
f 1839 1851 1840
f 1840 1851 1852
f 1841 1852 1853
f 1776 1848 1870
f 1848 1850 1870
f 1845 1849 1850
f 1850 1860 1870
f 1849 1858 1850
f 1850 1858 1860
f 1860 1873 1870
f 1851 1855 1852
f 1852 1855 1856
f 1853 1854 1857
f 1852 1856 1853
f 1853 1856 1854
f 1855 1861 1856
f 1856 1861 1862
f 1854 1856 1862
f 1854 1863 1859
f 1854 1862 1863
f 1849 1857 1859
f 1849 1859 1858
f 1854 1859 1857
f 1858 1859 1865
f 1858 1865 1866
f 1860 1864 1873
f 1858 1866 1860
f 1859 1863 1865
f 1862 1883 1863
f 1863 1884 1865
f 1864 1878 1873
f 1860 1866 1864
f 1864 1868 1878
f 1865 1888 1866
f 1866 1888 1867
f 1864 1866 1867
f 1864 1867 1868
f 1868 1881 1878
f 1868 1907 1881
f 1776 1870 1869
f 1869 1870 1873
f 1793 1869 1872
f 1793 1872 1871
f 1869 1873 1872
f 1872 1873 1878
f 1800 1871 1874
f 1800 1874 1877
f 1871 1872 1875
f 1872 1878 1875
f 1871 1875 1874
f 1803 1876 1889
f 1876 1877 1890
f 1876 1890 1889
f 1874 1875 1880
f 1874 1879 1877
f 1877 1879 1890
f 1875 1878 1881
f 1875 1881 1880
f 1874 1880 1879
f 1880 1881 1924
f 1861 1882 1862
f 1862 1882 1883
f 1863 1883 1884
f 1882 1885 1883
f 1883 1886 1884
f 1884 1887 1888
f 1884 1886 1887
f 1883 1885 1886
f 1865 1884 1888
f 1867 1888 1908
f 1887 1908 1888
f 1867 1908 1906
f 1867 1906 1868
f 1868 1906 1907
f 1881 1907 1924
f 1803 1889 1892
f 1889 1891 1892
f 1889 1890 1896
f 1891 1893 1892
f 1889 1896 1891
f 1891 1901 1893
f 1810 1892 1893
f 1810 1893 1897
f 1879 1880 1895
f 1879 1895 1894
f 1879 1894 1890
f 1890 1894 1896
f 1880 1924 1895
f 1891 1896 1902
f 1891 1902 1901
f 1894 1895 1927
f 1894 1927 1926
f 1894 1926 1896
f 1896 1926 1902
f 1815 1897 1900
f 1815 1900 1898
f 1893 1904 1897
f 1897 1904 1900
f 1898 2043 1899
f 1898 1900 2046
f 1898 2046 2043
f 1893 1901 1904
f 1901 1903 1904
f 1901 1902 1930
f 1901 1930 1903
f 1903 1905 1904
f 1900 1904 1905
f 1900 1905 2046
f 1885 1912 1886
f 1886 1912 1913
f 1887 1914 1908
f 1886 1913 1887
f 1887 1913 1914
f 1906 1910 1907
f 1907 1911 1924
f 1911 1925 1924
f 1906 1908 1909
f 1906 1909 1910
f 1908 1914 1909
f 1907 1910 1911
f 1910 1919 1911
f 1911 1920 1925
f 1920 1932 1925
f 1912 1915 1913
f 1913 1915 1916
f 1909 1914 1917
f 1913 1916 1914
f 1914 1916 1917
f 1915 1936 1916
f 1917 1938 1918
f 1916 1937 1917
f 1909 1918 1910
f 1909 1917 1918
f 1910 1918 1919
f 1911 1919 1920
f 1916 1936 1937
f 1917 1937 1938
f 1919 1922 1920
f 1920 1923 1932
f 1923 1935 1932
f 1918 1921 1919
f 1919 1921 1922
f 1918 1938 1921
f 1920 1922 1923
f 1923 1943 1935
f 1935 1943 1948
f 1895 1924 1925
f 1895 1925 1927
f 1926 1927 1928
f 1925 1932 1927
f 1926 1928 1929
f 1902 1926 1929
f 1902 1929 1930
f 1927 1932 1928
f 1928 1933 1929
f 1903 1930 1931
f 1903 2055 1905
f 1903 1931 2055
f 1929 1933 1934
f 1929 1934 1930
f 1930 1934 1931
f 1928 1932 1935
f 1928 1935 1933
f 1933 2061 1934
f 1931 1934 2060
f 1933 1935 1948
f 1933 1948 2061
f 1936 1939 1937
f 1937 1939 1940
f 1921 1938 1941
f 1937 1940 1938
f 1938 1940 1941
f 1939 1945 1940
f 1940 1946 1941
f 1941 1947 1944
f 1921 1944 1922
f 1921 1941 1944
f 1922 1942 1923
f 1922 1944 1942
f 1923 1942 1943
f 1943 2078 1948
f 1942 1944 2082
f 1944 1947 2082
f 1942 2082 2083
f 1942 2083 1943
f 1940 1945 1946
f 1941 1946 1947
f 889 2356 2357
f 889 2357 2358
f 889 2358 2359
f 889 2359 2360
f 889 2360 2361
f 889 2361 2362
f 889 2362 2363
f 889 2363 2364
f 889 2364 2365
f 889 2365 2366
f 889 2366 2367
f 889 2367 2368
f 889 2368 2369
f 889 2369 2370
f 2380 744 743
f 2380 745 744
f 2381 746 745
f 1362 1976 1977
f 1362 1988 1987
f 1362 1983 1988
f 1362 1986 1983
f 1985 1362 1990
f 1984 1362 1985
f 1986 1362 1984
f 1990 1362 1954
f 1954 1362 1955
f 1362 1989 1975
f 1362 1987 1989
f 1362 1975 1976
f 1818 1899 2044
f 1818 2044 2045
f 1899 2043 2044
f 1819 2045 2050
f 2044 2048 2045
f 2045 2048 2050
f 2043 2046 2047
f 2043 2049 2044
f 1905 2056 2046
f 2043 2047 2049
f 2046 2056 2047
f 2044 2049 2048
f 2048 2049 2064
f 1819 2050 2051
f 2048 2052 2050
f 2050 2054 2051
f 2048 2064 2052
f 2050 2052 2054
f 2051 2054 2053
f 2053 2054 2070
f 1905 2055 2056
f 1931 2059 2055
f 2055 2062 2056
f 2056 2062 2057
f 2047 2058 2049
f 2047 2056 2057
f 2047 2057 2058
f 2049 2058 2064
f 1931 2060 2059
f 2055 2059 2062
f 1934 2061 2060
f 2059 2060 2089
f 2057 2062 2063
f 2057 2063 2068
f 2059 2090 2062
f 2059 2089 2090
f 2062 2090 2063
f 2057 2068 2058
f 2052 2064 2065
f 2058 2067 2064
f 2064 2067 2065
f 2052 2066 2054
f 2054 2066 2070
f 2052 2065 2066
f 2063 2094 2068
f 2058 2068 2067
f 2067 2068 2096
f 2065 2067 2069
f 2065 2075 2066
f 2067 2096 2069
f 2065 2069 2075
f 2053 2070 2071
f 2070 2074 2071
f 2066 2073 2070
f 2071 2074 2072
f 2070 2073 2074
f 2066 2075 2073
f 2073 2075 2128
f 2073 2130 2074
f 2072 2074 2076
f 2072 2076 2077
f 2074 2130 2076
f 1943 2083 2078
f 1948 2078 2087
f 1945 2079 1946
f 1946 2080 1947
f 1947 2081 2082
f 1946 2079 2080
f 1947 2080 2081
f 2081 2105 2084
f 2082 2084 2083
f 2083 2084 2085
f 2078 2083 2085
f 2078 2086 2087
f 2078 2085 2086
f 2081 2084 2082
f 2084 2106 2085
f 2086 2092 2087
f 2086 2108 2092
f 2085 2107 2086
f 2086 2107 2108
f 2092 2108 2098
f 1948 2087 2061
f 2060 2061 2088
f 2060 2088 2089
f 2061 2087 2088
f 2087 2092 2088
f 2063 2090 2095
f 2089 2091 2090
f 2088 2093 2089
f 2089 2093 2091
f 2090 2091 2095
f 2088 2092 2093
f 2092 2098 2093
f 2091 2093 2099
f 2093 2098 2099
f 2063 2095 2094
f 2068 2094 2096
f 2094 2095 2102
f 2094 2101 2096
f 2096 2101 2097
f 2069 2129 2075
f 2069 2096 2097
f 2069 2097 2129
f 2091 2099 2100
f 2091 2100 2095
f 2095 2100 2102
f 2099 2122 2100
f 2100 2123 2102
f 2094 2102 2101
f 2097 2101 2131
f 2101 2102 2124
f 2102 2123 2124
f 2101 2124 2131
f 2079 2103 2080
f 2080 2103 2104
f 2080 2104 2081
f 2081 2104 2105
f 2103 2110 2104
f 2104 2110 2111
f 2104 2111 2105
f 2105 2112 2106
f 2105 2111 2112
f 2084 2105 2106
f 2085 2106 2107
f 2107 2113 2108
f 2106 2109 2107
f 2107 2109 2113
f 2106 2112 2109
f 2110 2115 2111
f 2111 2117 2112
f 2098 2108 2114
f 2098 2114 2121
f 2108 2113 2114
f 2114 2118 2121
f 2109 2112 2116
f 2111 2115 2117
f 2115 2161 2117
f 2112 2117 2116
f 2116 2117 2162
f 2116 2163 2119
f 2109 2119 2113
f 2109 2116 2119
f 2113 2119 2120
f 2113 2120 2114
f 2118 2125 2121
f 2114 2120 2118
f 2119 2164 2120
f 2118 2120 2165
f 2118 2166 2125
f 2118 2165 2166
f 2125 2166 2177
f 2098 2121 2099
f 2100 2122 2123
f 2099 2121 2122
f 2121 2125 2122
f 2122 2126 2123
f 2123 2126 2127
f 2123 2127 2124
f 2124 2127 2141
f 2122 2125 2126
f 2126 2145 2127
f 2125 2177 2126
f 2126 2177 2145
f 2075 2129 2128
f 2073 2128 2130
f 2128 2129 2133
f 2076 2130 2135
f 2128 2134 2130
f 2130 2134 2135
f 2097 2131 2132
f 2097 2132 2129
f 2129 2132 2133
f 2132 2143 2133
f 2128 2133 2134
f 2134 2150 2135
f 2133 2144 2134
f 2134 2144 2150
f 2076 2136 2077
f 2077 2136 2137
f 2076 2135 2136
f 2136 2140 2137
f 2135 2138 2136
f 2136 2138 2140
f 2135 2150 2138
f 2137 2140 2139
f 2138 2153 2140
f 2139 2140 2152
f 2131 2142 2132
f 2124 2141 2131
f 2131 2141 2142
f 2132 2142 2143
f 2142 2148 2143
f 2133 2143 2144
f 2143 2149 2144
f 2144 2149 2154
f 2127 2146 2141
f 2141 2147 2142
f 2141 2146 2147
f 2142 2147 2148
f 2127 2145 2146
f 2146 2182 2147
f 2143 2148 2149
f 2147 2183 2148
f 2148 2184 2149
f 2149 2184 2189
f 2144 2154 2150
f 2138 2150 2151
f 2138 2151 2153
f 2150 2154 2151
f 2140 2153 2152
f 2152 2153 2157
f 2149 2189 2154
f 2151 2154 2155
f 2154 2189 2155
f 2151 2156 2153
f 2151 2155 2156
f 2153 2156 2157
f 2156 2192 2157
f 2139 2152 2158
f 2152 2159 2158
f 2158 2159 2160
f 2152 2157 2159
f 2157 2273 2159
f 2159 2274 2160
f 2159 2273 2274
f 2160 2274 2275
f 889 2370 2371
f 889 2371 2372
f 889 2372 2373
f 889 2373 2374
f 889 2374 2375
f 889 2375 2376
f 889 2376 2377
f 889 2377 2378
f 889 2378 2379
f 889 2379 2380
f 2381 747 746
f 2381 748 747
f 2381 749 748
f 2382 750 749
f 2382 751 750
f 2382 752 751
f 2383 753 752
f 2383 754 753
f 2384 755 754
f 2384 756 755
f 2385 757 756
f 2386 792 757
f 2386 793 792
f 2387 794 793
f 2388 795 794
f 2389 796 795
f 2389 797 796
f 2390 798 797
f 2403 799 798
f 2404 800 799
f 2404 801 800
f 2405 802 801
f 2406 803 802
f 2413 1956 1955
f 2413 1957 1956
f 2413 2001 1958
f 2413 1958 1957
f 2413 2002 2001
f 2413 2003 2002
f 2413 2004 2003
f 2413 2005 2004
f 2413 2006 2005
f 2413 2007 2006
f 2413 2008 2007
f 2413 2009 2008
f 2413 2010 2009
f 2117 2161 2162
f 2116 2162 2163
f 2161 2168 2162
f 2162 2168 2169
f 2162 2169 2163
f 2163 2170 2164
f 2163 2169 2170
f 2119 2163 2164
f 2120 2164 2165
f 2165 2175 2166
f 2166 2167 2177
f 2164 2174 2165
f 2164 2170 2174
f 2165 2174 2175
f 2166 2175 2167
f 2167 2180 2177
f 2168 2171 2169
f 2169 2172 2170
f 2170 2173 2174
f 2169 2171 2172
f 2170 2172 2173
f 2174 2176 2175
f 2167 2175 2178
f 2173 2176 2174
f 2175 2176 2178
f 2171 2197 2172
f 2172 2197 2198
f 2172 2198 2173
f 2173 2199 2176
f 2167 2179 2180
f 2167 2178 2179
f 2179 2185 2180
f 2178 2200 2179
f 2179 2201 2185
f 2145 2181 2146
f 2145 2177 2180
f 2145 2180 2181
f 2146 2181 2182
f 2181 2186 2182
f 2147 2182 2183
f 2148 2183 2184
f 2182 2187 2183
f 2183 2188 2184
f 2183 2187 2188
f 2180 2185 2181
f 2181 2185 2186
f 2185 2211 2186
f 2182 2186 2187
f 2186 2210 2187
f 2187 2210 2212
f 2187 2212 2188
f 2184 2193 2189
f 2184 2188 2193
f 2189 2193 2190
f 2155 2189 2190
f 2155 2191 2156
f 2156 2191 2192
f 2155 2190 2191
f 2191 2196 2192
f 2188 2216 2193
f 2190 2193 2194
f 2193 2216 2194
f 2188 2212 2216
f 2190 2194 2195
f 2190 2195 2191
f 2191 2195 2196
f 2195 2220 2196
f 2173 2198 2199
f 2197 2203 2198
f 2198 2204 2199
f 2199 2205 2202
f 2176 2202 2178
f 2176 2199 2202
f 2178 2202 2200
f 2179 2200 2201
f 2185 2201 2211
f 2200 2202 2207
f 2200 2206 2201
f 2201 2206 2208
f 2201 2208 2211
f 2208 2213 2211
f 2198 2203 2204
f 2199 2204 2205
f 2203 2226 2204
f 2204 2226 2227
f 2204 2227 2205
f 2205 2228 2207
f 2205 2227 2228
f 2202 2205 2207
f 2200 2207 2206
f 2206 2207 2232
f 2207 2228 2232
f 2206 2233 2208
f 2208 2209 2213
f 2206 2232 2233
f 2208 2233 2209
f 2209 2215 2213
f 2186 2211 2210
f 2210 2214 2212
f 2210 2211 2213
f 2212 2214 2217
f 2210 2213 2214
f 2213 2215 2214
f 2214 2215 2221
f 2212 2217 2216
f 2194 2216 2218
f 2194 2218 2219
f 2216 2217 2218
f 2194 2219 2195
f 2195 2219 2220
f 2219 2224 2220
f 2196 2220 2281
f 2220 2225 2281
f 2214 2221 2217
f 2217 2222 2218
f 2218 2223 2219
f 2218 2222 2223
f 2217 2221 2222
f 2219 2223 2224
f 2220 2224 2225
f 2223 2247 2224
f 2224 2246 2225
f 2226 2229 2227
f 2227 2230 2228
f 2228 2231 2232
f 2227 2229 2230
f 2228 2230 2231
f 2232 2234 2233
f 2209 2233 2235
f 2209 2236 2215
f 2215 2236 2243
f 2231 2234 2232
f 2233 2234 2235
f 2209 2235 2236
f 2229 2237 2230
f 2230 2237 2238
f 2230 2238 2231
f 2231 2239 2234
f 2231 2238 2239
f 2237 2253 2238
f 2238 2254 2239
f 2239 2255 2240
f 2234 2240 2235
f 2234 2239 2240
f 2235 2240 2241
f 2235 2241 2236
f 2236 2242 2243
f 2236 2241 2242
f 2240 2256 2241
f 2241 2257 2242
f 2242 2250 2243
f 2242 2258 2250
f 2215 2243 2221
f 2221 2244 2222
f 2221 2243 2244
f 2222 2244 2245
f 2222 2245 2223
f 2223 2245 2247
f 2243 2250 2244
f 2244 2248 2245
f 2245 2249 2247
f 2224 2247 2246
f 2225 2246 2291
f 2246 2247 2251
f 2246 2252 2291
f 2244 2250 2248
f 2245 2248 2249
f 2248 2250 2265
f 2248 2266 2249
f 2247 2249 2251
f 2246 2251 2252
f 2249 2267 2251
f 2251 2267 2268
f 2251 2268 2252
f 2252 2268 2303
f 2238 2253 2254
f 2239 2254 2255
f 2253 2259 2254
f 2254 2259 2260
f 2254 2260 2255
f 2255 2261 2256
f 2255 2260 2261
f 2240 2255 2256
f 2241 2256 2257
f 2242 2257 2258
f 2256 2262 2257
f 2256 2261 2262
f 2257 2262 2263
f 2257 2263 2258
f 2258 2263 2264
f 2259 2707 2260
f 2260 2708 2261
f 2261 2709 2262
f 2260 2707 2708
f 2261 2708 2709
f 2262 2713 2263
f 2263 2714 2264
f 2262 2709 2713
f 2263 2713 2714
f 2264 2714 2723
f 2250 2258 2265
f 2258 2264 2265
f 2264 2269 2265
f 2264 2723 2269
f 2269 2723 2725
f 2248 2265 2266
f 2249 2266 2267
f 2265 2269 2266
f 2266 2270 2267
f 2266 2269 2270
f 2267 2270 2271
f 2267 2271 2268
f 2268 2271 2272
f 2268 2272 2303
f 2272 2307 2303
f 2269 2725 2270
f 2270 2726 2271
f 2270 2725 2726
f 2271 2729 2272
f 2272 2730 2307
f 2271 2726 2729
f 2272 2729 2730
f 2307 2730 2829
f 2157 2192 2273
f 2192 2276 2273
f 2273 2277 2274
f 2274 2278 2275
f 2274 2277 2278
f 2275 2278 2279
f 2192 2196 2276
f 2273 2276 2277
f 2196 2281 2276
f 2276 2282 2277
f 2278 2284 2279
f 2277 2283 2278
f 2277 2282 2283
f 2278 2283 2284
f 2279 2284 2280
f 2276 2281 2282
f 2281 2285 2282
f 2282 2286 2283
f 2283 2286 2287
f 2283 2287 2284
f 2284 2287 2289
f 2225 2285 2281
f 2282 2285 2286
f 2225 2291 2285
f 2285 2292 2286
f 2287 2294 2289
f 2286 2293 2287
f 2286 2292 2293
f 2287 2293 2294
f 2280 2284 2289
f 2280 2289 2288
f 2288 2289 2298
f 2289 2294 2298
f 2288 2298 2290
f 2285 2291 2292
f 2291 2295 2292
f 2292 2295 2296
f 2293 2297 2294
f 2292 2296 2293
f 2293 2296 2297
f 2294 2297 2300
f 2252 2295 2291
f 2252 2303 2295
f 2295 2303 2304
f 2295 2304 2296
f 2296 2304 2305
f 2297 2306 2300
f 2296 2305 2297
f 2297 2305 2306
f 2294 2300 2298
f 2290 2298 2301
f 2298 2300 2301
f 2290 2301 2299
f 2300 2311 2301
f 2300 2306 2311
f 2301 2311 2312
f 2299 2301 2312
f 2299 2312 2302
f 2303 2307 2304
f 2304 2307 2308
f 2304 2308 2305
f 2305 2309 2306
f 2306 2310 2311
f 2305 2308 2309
f 2306 2309 2310
f 2307 2829 2308
f 2308 2829 2831
f 2308 2831 2309
f 2309 2833 2310
f 2309 2831 2833
f 2310 2833 2834
f 2311 2314 2312
f 2310 2314 2311
f 2312 2314 2315
f 2302 2312 2315
f 2302 2315 2313
f 2310 2834 2314
f 2314 2841 2315
f 2314 2834 2841
f 2315 2841 2843
f 2313 2315 2843
f 2313 2843 2844
f 2407 804 803
f 2407 805 804
f 2408 806 805
f 2409 807 806
f 2410 1347 807
f 2410 1348 1347
f 2411 1349 1348
f 2412 1350 1349
f 2413 1354 1350
f 2413 1351 1354
f 2413 1352 1351
f 2413 1353 1352
f 2413 1362 1353
f 2413 1955 1362
f 2413 2027 2010
f 2413 2028 2027
f 2413 2029 2028
f 2413 2030 2029
f 2413 2031 2030
f 2413 2032 2031
f 2413 2033 2032
f 2413 2034 2033
f 2413 2035 2034
f 2413 2036 2035
f 2413 2037 2036
f 2413 2038 2037
f 2413 2039 2038
f 2413 2040 2039
f 2413 2041 2040
f 2413 2042 2041
f 2413 2544 2042
f 1813 2317 2316
f 1813 2318 2317
f 1813 2319 2318
f 1817 2320 2319
f 1817 2321 2320
f 1817 2322 2321
f 1817 2323 2322
f 1817 2324 2323
f 1819 2325 2324
f 1819 2326 2325
f 1819 2327 2326
f 1819 2328 2327
f 1819 2329 2328
f 2051 2330 2329
f 2051 2331 2330
f 2051 2332 2331
f 2051 2333 2332
f 2053 2334 2333
f 2053 2335 2334
f 2053 2336 2335
f 2053 2337 2336
f 2071 2338 2337
f 2053 2071 2337
f 2071 2072 2341
f 2072 2077 2345
f 2077 2137 2348
f 2071 2339 2338
f 2071 2340 2339
f 2071 2341 2340
f 2072 2342 2341
f 2072 2343 2342
f 2072 2344 2343
f 2072 2345 2344
f 2380 2381 745
f 2381 2382 749
f 2382 2383 752
f 2383 2384 754
f 2384 2385 756
f 2385 2386 757
f 2386 2387 793
f 2387 2388 794
f 2388 2389 795
f 2389 2390 797
f 2390 2391 798
f 2391 2403 798
f 2403 2404 799
f 2316 2317 2354
f 2317 2318 2355
f 2318 2319 2356
f 2319 2320 2357
f 2320 2321 2358
f 2321 2322 2359
f 2322 2323 2360
f 2323 2324 2361
f 2324 2325 2362
f 2325 2326 2363
f 2326 2327 2364
f 2327 2328 2365
f 2328 2329 2366
f 2329 2330 2367
f 2330 2331 2368
f 2331 2332 2369
f 2332 2333 2370
f 2333 2334 2371
f 2334 2335 2372
f 2335 2336 2373
f 2336 2337 2374
f 2337 2338 2375
f 2338 2339 2376
f 2339 2340 2377
f 2340 2341 2378
f 2341 2342 2379
f 2342 2343 2380
f 2343 2344 2381
f 2344 2345 2382
f 2345 2346 2383
f 2346 2347 2384
f 2347 2348 2385
f 2348 2349 2386
f 2349 2350 2387
f 2350 2351 2388
f 2351 2352 2389
f 2352 2353 2390
f 2353 2392 2391
f 2317 2355 2354
f 2318 2356 2355
f 2319 2357 2356
f 2320 2358 2357
f 2321 2359 2358
f 2322 2360 2359
f 2323 2361 2360
f 2324 2362 2361
f 2325 2363 2362
f 2326 2364 2363
f 2327 2365 2364
f 2328 2366 2365
f 2329 2367 2366
f 2330 2368 2367
f 2331 2369 2368
f 2332 2370 2369
f 2333 2371 2370
f 2334 2372 2371
f 2335 2373 2372
f 2336 2374 2373
f 2337 2375 2374
f 2338 2376 2375
f 2339 2377 2376
f 2340 2378 2377
f 2341 2379 2378
f 2342 2380 2379
f 2343 2381 2380
f 2344 2382 2381
f 2345 2383 2382
f 2346 2384 2383
f 2347 2385 2384
f 2348 2386 2385
f 2349 2387 2386
f 2350 2388 2387
f 2351 2389 2388
f 2352 2390 2389
f 2353 2391 2390
f 2077 2346 2345
f 2077 2347 2346
f 2077 2348 2347
f 2137 2349 2348
f 2137 2350 2349
f 2137 2351 2350
f 2137 2352 2351
f 2139 2353 2352
f 2139 2392 2353
f 2139 2393 2392
f 2139 2394 2393
f 2139 2395 2394
f 2158 2396 2395
f 2158 2397 2396
f 2158 2398 2397
f 2158 2399 2398
f 2160 2400 2399
f 2160 2401 2400
f 2160 2402 2401
f 2392 2393 2403
f 2393 2394 2404
f 2394 2395 2405
f 2395 2396 2406
f 2396 2397 2407
f 2397 2398 2408
f 2398 2399 2409
f 2399 2400 2410
f 2400 2401 2411
f 2401 2402 2412
f 2391 2392 2403
f 2393 2404 2403
f 2394 2405 2404
f 2395 2406 2405
f 2396 2407 2406
f 2397 2408 2407
f 2398 2409 2408
f 2399 2410 2409
f 2400 2411 2410
f 2401 2412 2411
f 2402 2413 2412
f 2137 2139 2352
f 2139 2158 2395
f 2158 2160 2399
f 2160 2275 2402
f 2275 2279 2402
f 2279 2280 2402
f 2280 2288 2402
f 2288 2290 2402
f 2290 2299 2402
f 2404 2405 801
f 2405 2406 802
f 2406 2407 803
f 2407 2408 805
f 2408 2409 806
f 2409 2410 807
f 2410 2411 1348
f 2411 2412 1349
f 2412 2413 1350
f 2299 3140 2402
f 2402 3140 2413
f 2414 2433 2421
f 2414 2421 2422
f 2414 2442 2440
f 2414 2422 2442
f 2414 2443 2438
f 2414 2441 2443
f 2414 2438 2439
f 2414 2439 2446
f 2414 2440 2441
f 2414 2458 2457
f 2414 2459 2458
f 2414 2460 2459
f 2414 2461 2460
f 2414 2462 2461
f 2414 2463 2462
f 2414 2470 2463
f 2414 2416 2415
f 2414 2415 2470
f 2414 2419 2416
f 2414 2418 2419
f 2414 2417 2420
f 2414 2420 2418
f 2414 2445 2417
f 2414 2446 2444
f 2414 2444 2445
f 2418 2420 2478
f 2417 2476 2420
f 2414 2423 2424
f 2414 2424 2425
f 2414 2425 2426
f 2414 2426 2427
f 2414 2427 2431
f 2414 2431 2432
f 2414 2432 2433
f 2423 2428 2424
f 2424 2429 2425
f 2425 2430 2426
f 2426 2434 2427
f 2423 2480 2428
f 2424 2428 2429
f 2425 2429 2430
f 2426 2430 2434
f 2427 2435 2431
f 2431 2436 2432
f 2432 2437 2433
f 2421 2433 2452
f 2421 2453 2422
f 2433 2437 2452
f 2421 2452 2453
f 2427 2434 2435
f 2431 2435 2436
f 2432 2436 2437
f 2440 2442 2450
f 2438 2443 2456
f 2441 2455 2443
f 2440 2451 2441
f 2439 2449 2446
f 2444 2446 2447
f 2417 2445 2477
f 2444 2479 2445
f 2444 2447 2479
f 2445 2479 2477
f 2438 2448 2439
f 2439 2448 2449
f 2438 2456 2448
f 2443 2455 2456
f 2446 2449 2447
f 2422 2454 2442
f 2422 2453 2454
f 2442 2454 2450
f 2440 2450 2451
f 2441 2451 2455
f 2457 2458 2464
f 2458 2459 2465
f 2458 2465 2464
f 2459 2460 2466
f 2459 2466 2465
f 2460 2467 2466
f 2462 2463 2469
f 2460 2461 2467
f 2461 2462 2468
f 2461 2468 2467
f 2462 2469 2468
f 2463 2470 2474
f 2415 2475 2470
f 2415 2416 2471
f 2470 2475 2474
f 2463 2474 2469
f 2415 2471 2475
f 2416 2419 2472
f 2418 2473 2419
f 2419 2473 2472
f 2418 2478 2473
f 2416 2472 2471
f 2420 2476 2478
f 2417 2477 2476
f 2428 2480 2579
f 2428 2580 2429
f 2429 2582 2430
f 2430 2585 2434
f 2434 2588 2435
f 2435 2594 2436
f 2437 2627 2452
f 2436 2597 2437
f 2447 2449 2607
f 2448 2613 2449
f 2450 2454 2620
f 2450 2622 2451
f 2452 2630 2453
f 2453 2639 2454
f 2455 2663 2456
f 2451 2660 2455
f 2448 2456 2610
f 2464 2465 2707
f 2465 2466 2710
f 2466 2467 2717
f 2467 2468 2737
f 2468 2469 2743
f 2471 2788 2475
f 2471 2472 2764
f 2473 2478 2773
f 2472 2473 2767
f 2469 2474 2745
f 2474 2475 2781
f 2477 2479 2882
f 2476 2477 2879
f 2476 2889 2478
f 2447 2904 2479
f 2480 2997 2579
f 2428 2579 2580
f 2429 2580 2582
f 2430 2582 2585
f 2434 2585 2588
f 2435 2588 2594
f 2437 2597 2627
f 2436 2594 2597
f 2448 2610 2613
f 2449 2613 2607
f 2454 2639 2620
f 2450 2620 2622
f 2452 2627 2630
f 2453 2630 2639
f 2455 2660 2663
f 2456 2663 2610
f 2451 2622 2660
f 2465 2710 2707
f 2466 2717 2710
f 2468 2743 2737
f 2467 2737 2717
f 2469 2745 2743
f 2471 2764 2788
f 2472 2767 2764
f 2473 2773 2767
f 2478 2889 2773
f 2474 2781 2745
f 2475 2788 2781
f 2476 2879 2889
f 2479 2904 2882
f 2477 2882 2879
f 2447 2607 2904
f 1362 1977 1361
f 2579 2997 3000
f 2579 3000 2581
f 2579 2581 2580
f 2581 3000 3008
f 2580 2581 2583
f 2580 2583 2582
f 2581 3008 2584
f 2581 2584 2583
f 2584 3008 3012
f 2582 2583 2586
f 2582 2586 2585
f 2583 2584 2587
f 2583 2587 2586
f 2584 2591 2587
f 2584 3012 2591
f 2591 3012 3051
f 2585 2586 2589
f 2585 2589 2588
f 2586 2590 2589
f 2586 2587 2590
f 2587 2592 2590
f 2588 2589 2595
f 2588 2595 2594
f 2589 2596 2595
f 2589 2590 2596
f 2590 2600 2596
f 2587 2591 2592
f 2591 3051 2593
f 2591 2593 2592
f 2593 3051 3053
f 2590 2592 2600
f 2592 2601 2600
f 2592 2593 2601
f 2593 3053 2602
f 2597 2598 2628
f 2597 2628 2627
f 2598 2629 2628
f 2599 2633 2629
f 2594 2595 2598
f 2594 2598 2597
f 2595 2599 2598
f 2595 2596 2599
f 2596 2603 2599
f 2598 2599 2629
f 2596 2600 2603
f 2600 2604 2603
f 2600 2601 2604
f 2593 2602 2601
f 2601 2602 2605
f 2602 3064 2606
f 2599 2603 2633
f 2603 2637 2633
f 2603 2604 2637
f 2604 2605 2638
f 2601 2605 2604
f 2602 2606 2605
f 2605 2606 2647
f 2606 3068 2648
f 2607 2613 2608
f 2608 2614 2609
f 2610 2614 2613
f 2610 2611 2614
f 2611 2615 2614
f 2611 2612 2615
f 2612 2616 2615
f 2608 2613 2614
f 2609 2614 2615
f 2609 2615 2909
f 2612 2674 2616
f 2617 2674 2675
f 2615 2616 2909
f 2616 2910 2909
f 2616 2617 2910
f 2617 2912 2910
f 2617 2618 2912
f 2616 2674 2617
f 2617 2675 2618
f 2618 2676 2619
f 2621 2639 2640
f 2620 2639 2621
f 2621 2640 2625
f 2625 2641 2626
f 2620 2623 2622
f 2621 2624 2623
f 2620 2621 2623
f 2621 2625 2624
f 2624 2625 2668
f 2625 2626 2668
f 2626 2645 2671
f 2626 2671 2668
f 2645 2672 2671
f 2627 2628 2631
f 2627 2631 2630
f 2628 2632 2631
f 2628 2629 2632
f 2629 2634 2632
f 2630 2631 2640
f 2630 2640 2639
f 2631 2632 2641
f 2631 2641 2640
f 2632 2642 2641
f 2629 2633 2634
f 2633 2637 2635
f 2633 2635 2634
f 2632 2634 2642
f 2634 2643 2642
f 2634 2635 2643
f 2635 2637 2636
f 2635 2636 2644
f 2636 2649 2652
f 2604 2638 2637
f 2605 2647 2638
f 2636 2637 2638
f 2638 2647 2649
f 2636 2638 2649
f 2625 2640 2641
f 2626 2641 2642
f 2626 2642 2645
f 2642 2643 2645
f 2643 2646 2645
f 2643 2644 2646
f 2635 2644 2643
f 2636 2652 2644
f 2644 2652 2653
f 2644 2653 2646
f 2645 2646 2672
f 2646 2653 2678
f 2606 2648 2647
f 2648 3068 3097
f 2647 2650 2649
f 2647 2648 2650
f 2648 2651 2650
f 2648 3097 2651
f 2651 3097 3106
f 2653 2654 2690
f 2652 2654 2653
f 2652 2656 2654
f 2654 2656 2655
f 2649 2650 2656
f 2649 2656 2652
f 2650 2657 2656
f 2650 2651 2657
f 2651 3106 2658
f 2651 2658 2657
f 2658 3106 2659
f 2655 2656 2657
f 2657 2658 2693
f 2655 2657 2693
f 2658 2694 2693
f 2658 2659 2694
f 2660 2661 2664
f 2611 2663 2664
f 2612 2664 2665
f 2660 2664 2663
f 2661 2665 2664
f 2661 2662 2665
f 2662 2666 2665
f 2665 2666 2674
f 2666 2669 2667
f 2662 2669 2666
f 2667 2669 2670
f 2667 2670 2677
f 2622 2623 2661
f 2622 2661 2660
f 2623 2662 2661
f 2623 2624 2662
f 2624 2669 2662
f 2624 2668 2669
f 2668 2671 2670
f 2668 2670 2669
f 2670 2671 2673
f 2646 2678 2672
f 2671 2672 2673
f 2672 2679 2673
f 2672 2678 2679
f 2670 2673 2677
f 2673 2682 2677
f 2673 2679 2682
f 2610 2663 2611
f 2611 2664 2612
f 2612 2665 2674
f 2666 2675 2674
f 2666 2667 2675
f 2667 2676 2675
f 2667 2677 2676
f 2677 2682 2683
f 2676 2677 2683
f 2618 2675 2676
f 2619 2676 2683
f 2678 2690 2680
f 2679 2680 2686
f 2678 2680 2679
f 2680 2690 2681
f 2682 2684 2683
f 2682 2686 2684
f 2683 2684 2959
f 2619 2683 2959
f 2684 2960 2959
f 2684 2686 2685
f 2684 2685 2960
f 2679 2686 2682
f 2680 2687 2686
f 2685 2686 2687
f 2680 2681 2687
f 2681 2698 2689
f 2681 2689 2687
f 2685 2687 2688
f 2687 2689 2688
f 2688 2689 2964
f 2689 2700 2964
f 2653 2690 2678
f 2654 2691 2690
f 2654 2655 2691
f 2655 2693 2692
f 2655 2692 2691
f 2681 2690 2691
f 2691 2692 2698
f 2681 2691 2698
f 2692 2699 2698
f 2692 2695 2699
f 2692 2693 2695
f 2693 2694 2695
f 2659 2696 2694
f 2694 2696 2697
f 2694 2697 2695
f 2695 2697 2701
f 2696 2703 2697
f 2696 3124 2703
f 2689 2698 2700
f 2698 2699 2700
f 2695 2701 2699
f 2699 2701 2702
f 2699 2702 2700
f 2700 2702 2965
f 2701 2975 2702
f 2701 2704 2975
f 2704 2978 2975
f 2697 2703 2704
f 2697 2704 2701
f 2703 2705 2704
f 2703 3131 2705
f 2704 2705 2978
f 2705 3131 2706
f 2705 2706 2979
f 889 2575 3151
f 2707 2710 2708
f 2708 2711 2709
f 2709 2712 2713
f 2708 2710 2711
f 2709 2711 2712
f 2713 2715 2714
f 2714 2716 2723
f 2712 2715 2713
f 2714 2715 2716
f 2716 2724 2723
f 2710 2717 2711
f 2711 2717 2718
f 2711 2718 2712
f 2712 2719 2715
f 2712 2718 2719
f 2717 2737 2718
f 2718 2738 2719
f 2719 2739 2720
f 2715 2719 2720
f 2715 2720 2716
f 2716 2720 2721
f 2716 2721 2724
f 2721 2722 2724
f 2720 2740 2721
f 2721 2741 2722
f 2723 2724 2725
f 2724 2727 2725
f 2722 2727 2724
f 2722 2733 2727
f 2722 2742 2733
f 2725 2727 2726
f 2726 2728 2729
f 2726 2727 2728
f 2729 2731 2730
f 2730 2732 2829
f 2728 2731 2729
f 2730 2731 2732
f 2732 2830 2829
f 2727 2733 2728
f 2728 2734 2731
f 2728 2733 2734
f 2731 2734 2735
f 2733 2755 2734
f 2734 2756 2735
f 2731 2735 2732
f 2732 2735 2736
f 2732 2736 2830
f 2736 2837 2830
f 2718 2737 2738
f 2719 2738 2739
f 2737 2743 2738
f 2738 2743 2744
f 2738 2744 2739
f 2739 2748 2740
f 2739 2744 2748
f 2720 2739 2740
f 2721 2740 2741
f 2722 2741 2742
f 2740 2750 2741
f 2740 2748 2750
f 2741 2750 2751
f 2741 2751 2742
f 2742 2752 2755
f 2742 2751 2752
f 2752 2754 2755
f 2743 2745 2744
f 2744 2746 2748
f 2744 2745 2746
f 2746 2747 2748
f 2747 2750 2748
f 2747 2749 2750
f 2749 2751 2750
f 2751 2753 2752
f 2749 2753 2751
f 2752 2753 2786
f 2752 2786 2754
f 2754 2786 2794
f 2733 2742 2755
f 2734 2755 2756
f 2735 2756 2757
f 2754 2756 2755
f 2756 2760 2757
f 2735 2757 2736
f 2736 2757 2758
f 2736 2758 2837
f 2758 2759 2837
f 2757 2761 2758
f 2758 2762 2759
f 2754 2760 2756
f 2757 2760 2761
f 2754 2794 2760
f 2760 2800 2761
f 2760 2794 2800
f 2761 2800 2801
f 2761 2801 2762
f 2758 2761 2762
f 2759 2762 2763
f 2762 2802 2763
f 2763 2803 2852
f 2764 2789 2788
f 2764 2765 2789
f 2765 2766 2790
f 2764 2767 2765
f 2765 2768 2766
f 2766 2769 2770
f 2765 2767 2768
f 2766 2768 2769
f 2770 2771 2810
f 2769 2771 2770
f 2771 2772 2810
f 2768 2773 2774
f 2773 2889 2774
f 2774 2890 2775
f 2775 2891 2777
f 2767 2773 2768
f 2768 2774 2769
f 2769 2775 2771
f 2769 2774 2775
f 2777 2892 2778
f 2771 2777 2772
f 2771 2775 2777
f 2772 2777 2778
f 2772 2778 2776
f 2776 2779 2816
f 2778 2893 2779
f 2776 2778 2779
f 2779 2780 2816
f 2745 2781 2746
f 2746 2781 2782
f 2746 2782 2747
f 2747 2783 2749
f 2747 2782 2783
f 2781 2788 2782
f 2782 2789 2783
f 2783 2790 2784
f 2749 2784 2753
f 2749 2783 2784
f 2753 2784 2785
f 2784 2791 2785
f 2753 2785 2786
f 2786 2787 2794
f 2785 2787 2786
f 2787 2795 2794
f 2782 2788 2789
f 2783 2789 2790
f 2765 2790 2789
f 2766 2791 2790
f 2784 2790 2791
f 2785 2791 2792
f 2785 2792 2787
f 2787 2792 2793
f 2770 2792 2791
f 2766 2770 2791
f 2770 2810 2792
f 2792 2810 2793
f 2793 2811 2797
f 2787 2793 2795
f 2793 2797 2795
f 2794 2795 2800
f 2795 2796 2800
f 2795 2797 2796
f 2796 2797 2798
f 2796 2798 2805
f 2797 2812 2798
f 2798 2799 2805
f 2796 2801 2800
f 2762 2801 2802
f 2796 2805 2801
f 2801 2805 2802
f 2802 2805 2806
f 2763 2802 2803
f 2803 2804 2852
f 2802 2806 2803
f 2803 2806 2808
f 2803 2808 2804
f 2799 2806 2805
f 2806 2807 2808
f 2799 2807 2806
f 2807 2821 2808
f 2804 2808 2809
f 2808 2821 2809
f 2809 2821 2823
f 2809 2823 2864
f 2793 2810 2811
f 2797 2811 2812
f 2772 2811 2810
f 2776 2812 2811
f 2772 2776 2811
f 2776 2816 2812
f 2812 2816 2813
f 2798 2812 2813
f 2798 2813 2799
f 2799 2813 2814
f 2799 2814 2807
f 2807 2814 2815
f 2813 2817 2814
f 2814 2818 2815
f 2780 2817 2816
f 2813 2816 2817
f 2780 2929 2817
f 2817 2929 2818
f 2818 2929 2930
f 2818 2930 2819
f 2814 2817 2818
f 2815 2818 2819
f 2815 2819 2822
f 2819 2820 2822
f 2819 2931 2820
f 2807 2815 2821
f 2821 2822 2823
f 2815 2822 2821
f 2822 2825 2823
f 2823 2824 2864
f 2823 2825 2824
f 2824 2825 2827
f 2824 2827 2871
f 2820 2825 2822
f 2820 2826 2825
f 2825 2826 2827
f 2826 2938 2827
f 2827 2828 2871
f 2827 2938 2828
f 2828 2938 2940
f 2828 2940 2874
f 2829 2830 2831
f 2830 2832 2831
f 2831 2832 2833
f 2833 2835 2834
f 2832 2835 2833
f 2834 2835 2836
f 2830 2837 2832
f 2832 2837 2838
f 2832 2838 2835
f 2835 2839 2836
f 2835 2838 2839
f 2836 2839 2840
f 2834 2836 2841
f 2841 2842 2843
f 2836 2842 2841
f 2842 2845 2843
f 2843 2845 2844
f 2844 2845 2848
f 2836 2840 2842
f 2842 2846 2845
f 2840 2846 2842
f 2845 2846 2847
f 2845 2847 2848
f 2847 2858 2848
f 2759 2838 2837
f 2759 2849 2838
f 2759 2763 2849
f 2838 2849 2839
f 2839 2849 2850
f 2839 2850 2840
f 2840 2851 2846
f 2840 2850 2851
f 2763 2852 2849
f 2849 2852 2850
f 2850 2852 2853
f 2804 2853 2852
f 2850 2853 2851
f 2851 2853 2854
f 2851 2854 2856
f 2854 2855 2856
f 2846 2856 2847
f 2846 2851 2856
f 2847 2856 2857
f 2847 2857 2858
f 2857 2860 2858
f 2855 2857 2856
f 2857 2859 2860
f 2855 2859 2857
f 2859 2869 2860
f 2804 2861 2853
f 2853 2861 2854
f 2804 2809 2861
f 2861 2864 2862
f 2854 2862 2855
f 2854 2861 2862
f 2855 2862 2863
f 2809 2864 2861
f 2862 2864 2865
f 2824 2865 2864
f 2865 2871 2866
f 2862 2865 2863
f 2863 2865 2866
f 2863 2866 2868
f 2866 2867 2868
f 2855 2863 2859
f 2859 2868 2869
f 2859 2863 2868
f 2868 2870 2869
f 2867 2870 2868
f 2867 2877 2870
f 2824 2871 2865
f 2866 2871 2872
f 2828 2872 2871
f 2866 2872 2867
f 2867 2872 2873
f 2867 2873 2877
f 2828 2874 2872
f 2872 2874 2873
f 2874 2941 2875
f 2873 2874 2875
f 2873 2875 2878
f 2875 2876 2878
f 2873 2878 2877
f 3151 2578 2553
f 3151 2543 2542
f 3151 2545 2544
f 3151 2542 2545
f 3151 2546 2543
f 3151 2547 2546
f 3151 2549 2547
f 3151 2558 2557
f 3151 2548 2549
f 3151 2557 2548
f 3151 2555 2551
f 3151 2553 2552
f 3151 2552 2554
f 3151 2554 2556
f 3151 2556 2555
f 3151 2551 2550
f 3151 2550 2558
f 2879 2880 2890
f 2882 2904 2883
f 2883 2904 2905
f 2883 2905 2884
f 2884 2905 2906
f 2880 2882 2883
f 2879 2882 2880
f 2881 2883 2884
f 2880 2883 2881
f 2881 2884 2885
f 2884 2906 2886
f 2884 2886 2885
f 2886 2887 2895
f 2885 2886 2895
f 2886 2907 2887
f 2887 2908 2888
f 2887 2888 2896
f 2774 2889 2890
f 2879 2890 2889
f 2880 2891 2890
f 2775 2890 2891
f 2880 2881 2891
f 2881 2892 2891
f 2777 2891 2892
f 2778 2892 2893
f 2885 2893 2892
f 2881 2885 2892
f 2885 2895 2893
f 2894 2895 2896
f 2893 2895 2894
f 2894 2896 2897
f 2779 2893 2894
f 2779 2894 2780
f 2780 2894 2897
f 2887 2896 2895
f 2888 2900 2896
f 2896 2900 2897
f 2888 2920 2900
f 2780 2897 2929
f 2897 2898 2929
f 2897 2900 2898
f 2898 2899 2930
f 2901 2920 2921
f 2900 2920 2901
f 2901 2921 2902
f 2898 2900 2901
f 2898 2901 2899
f 2899 2901 2902
f 2899 2902 2934
f 2902 2922 2903
f 2902 2903 2934
f 2607 2905 2904
f 2608 2906 2905
f 2609 2907 2906
f 2607 2608 2905
f 2608 2609 2906
f 2886 2906 2907
f 2609 2909 2907
f 2908 2909 2910
f 2907 2909 2908
f 2908 2910 2911
f 2910 2912 2911
f 2911 2912 2913
f 2887 2907 2908
f 2888 2908 2911
f 2911 2913 2920
f 2888 2911 2920
f 2618 2915 2912
f 2912 2915 2913
f 2618 2619 2915
f 2913 2921 2920
f 2913 2915 2914
f 2913 2914 2921
f 2619 2916 2915
f 2619 2959 2916
f 2916 2959 2918
f 2914 2915 2916
f 2914 2916 2917
f 2916 2918 2917
f 2917 2918 2925
f 2918 2960 2919
f 2918 2919 2925
f 2914 2922 2921
f 2902 2921 2922
f 2914 2917 2922
f 2917 2925 2923
f 2917 2923 2922
f 2923 2925 2924
f 2903 2922 2923
f 2903 2923 2946
f 2923 2924 2946
f 2924 2927 2947
f 2924 2925 2926
f 2919 2926 2925
f 2919 2962 2926
f 2926 2962 2928
f 2924 2926 2927
f 2926 2928 2927
f 2927 2928 2950
f 2928 2970 2950
f 2898 2930 2929
f 2819 2930 2931
f 2899 2931 2930
f 2899 2934 2931
f 2931 2934 2932
f 2932 2934 2935
f 2820 2931 2932
f 2820 2932 2826
f 2826 2932 2933
f 2932 2935 2933
f 2903 2935 2934
f 2903 2946 2935
f 2935 2946 2936
f 2936 2946 2947
f 2933 2935 2936
f 2933 2936 2939
f 2936 2937 2939
f 2936 2947 2937
f 2826 2933 2938
f 2938 2939 2940
f 2933 2939 2938
f 2939 2942 2940
f 2874 2940 2941
f 2940 2942 2941
f 2941 2944 2994
f 2937 2942 2939
f 2942 2943 2944
f 2937 2943 2942
f 2943 2953 2944
f 2941 2942 2944
f 2944 2945 2994
f 2944 2953 2945
f 2945 2954 2996
f 2924 2947 2946
f 2927 2948 2947
f 2927 2950 2948
f 2948 2950 2949
f 2937 2947 2948
f 2937 2948 2943
f 2943 2948 2949
f 2949 2950 2951
f 2950 2970 2951
f 2951 2970 2986
f 2951 2986 2952
f 2949 2951 2956
f 2951 2952 2956
f 2952 2957 2956
f 2952 2989 2957
f 2943 2949 2953
f 2949 2956 2953
f 2953 2956 2954
f 2954 2956 2957
f 2945 2953 2954
f 2954 2955 2996
f 2954 2957 2955
f 2957 2989 2958
f 2955 2957 2958
f 2918 2959 2960
f 2919 2960 2961
f 2685 2961 2960
f 2685 2688 2961
f 2688 2963 2961
f 2919 2961 2962
f 2962 2963 2968
f 2961 2963 2962
f 2963 2966 2968
f 2688 2964 2963
f 2963 2964 2966
f 2964 2965 2966
f 2700 2965 2964
f 2965 2967 2966
f 2965 2974 2967
f 2967 2974 2971
f 2928 2962 2968
f 2928 2968 2970
f 2968 2969 2970
f 2966 2969 2968
f 2969 2986 2970
f 2969 2972 2986
f 2972 2987 2986
f 2972 2973 2987
f 2966 2967 2969
f 2967 2971 2972
f 2967 2972 2969
f 2971 2981 2973
f 2971 2973 2972
f 2973 2981 2990
f 2982 2991 2990
f 2702 2974 2965
f 2702 2975 2974
f 2974 2975 2976
f 2975 2978 2976
f 2971 2974 2976
f 2976 2977 2981
f 2976 2978 2977
f 2705 2979 2978
f 2706 3137 2980
f 2706 2980 2979
f 2977 2978 2979
f 2979 2980 2984
f 2977 2979 2984
f 2980 3139 2985
f 2971 2976 2981
f 2977 2982 2981
f 2977 2984 2982
f 2982 2984 2983
f 2981 2982 2990
f 2982 2983 2991
f 2980 2985 2984
f 2983 2984 2985
f 2952 2986 2987
f 2973 2988 2987
f 2952 2987 2989
f 2988 2993 2989
f 2987 2988 2989
f 2988 2992 2993
f 2973 2990 2988
f 2988 2990 2992
f 2990 2991 2992
f 2958 2989 2993
f 2875 2941 2994
f 2875 2994 2876
f 2876 2994 2995
f 2945 2995 2994
f 2945 2996 2995
f 3151 2575 2577
f 3151 2577 2578
f 2997 2998 3000
f 2998 2999 3001
f 2998 3001 3000
f 2999 3005 3001
f 3000 3001 3008
f 3001 3009 3008
f 2999 3002 3005
f 3002 3003 3006
f 3002 3006 3005
f 3003 3004 3007
f 3003 3007 3006
f 3004 3015 3016
f 3004 3016 3007
f 3001 3005 3009
f 3005 3006 3010
f 3005 3010 3009
f 3006 3007 3011
f 3006 3011 3010
f 3007 3016 3023
f 3007 3023 3011
f 3008 3009 3012
f 3009 3010 3013
f 3009 3013 3012
f 3010 3011 3014
f 3010 3014 3013
f 3011 3023 3024
f 3011 3024 3014
f 3012 3013 3051
f 3013 3052 3051
f 3013 3014 3052
f 3014 3054 3052
f 3014 3024 3054
f 3015 3017 3020
f 3015 3020 3016
f 3016 3020 3026
f 3016 3026 3023
f 3017 3018 3021
f 3017 3021 3020
f 3018 3019 3022
f 3019 3032 3033
f 3018 3022 3021
f 3019 3033 3022
f 3020 3027 3026
f 3020 3021 3027
f 3021 3028 3027
f 3021 3022 3028
f 3022 3033 3042
f 3022 3042 3028
f 3023 3026 3025
f 3023 3025 3024
f 3024 3025 3055
f 3026 3027 3029
f 3025 3026 3029
f 3027 3028 3030
f 3028 3042 3031
f 3025 3029 3059
f 3027 3030 3029
f 3029 3030 3060
f 3028 3031 3030
f 3030 3031 3061
f 3032 3034 3036
f 3032 3036 3033
f 3033 3043 3042
f 3033 3036 3043
f 3034 3035 3037
f 3034 3037 3036
f 3036 3037 3044
f 3035 3038 3040
f 3035 3040 3037
f 3038 3039 3041
f 3038 3041 3040
f 3037 3040 3047
f 3040 3041 3048
f 3042 3043 3045
f 3031 3042 3045
f 3031 3045 3074
f 3036 3044 3043
f 3043 3044 3046
f 3043 3046 3045
f 3044 3049 3046
f 3037 3047 3044
f 3040 3048 3047
f 3044 3047 3049
f 3041 3091 3048
f 3047 3050 3049
f 3047 3048 3050
f 3048 3093 3050
f 3051 3052 3053
f 3052 3054 3056
f 3052 3056 3053
f 3053 3056 3064
f 2602 3053 3064
f 3024 3055 3054
f 3025 3059 3055
f 3054 3055 3057
f 3055 3059 3058
f 3054 3057 3056
f 3056 3057 3065
f 3055 3058 3057
f 3057 3058 3066
f 3029 3060 3059
f 3059 3060 3062
f 3030 3061 3060
f 3031 3074 3061
f 3058 3059 3062
f 3060 3063 3062
f 3060 3061 3063
f 3061 3074 3072
f 3061 3072 3063
f 3056 3065 3064
f 3064 3065 3068
f 3057 3066 3065
f 3058 3067 3066
f 2606 3064 3068
f 3065 3066 3069
f 3065 3069 3068
f 3066 3067 3070
f 3066 3070 3069
f 3067 3100 3070
f 3058 3062 3067
f 3062 3063 3071
f 3062 3071 3067
f 3063 3072 3073
f 3063 3073 3071
f 3067 3071 3100
f 3071 3101 3100
f 3071 3073 3101
f 3072 3081 3073
f 3073 3081 3102
f 3045 3075 3074
f 3045 3046 3075
f 3046 3049 3076
f 3046 3076 3075
f 3074 3075 3079
f 3072 3074 3079
f 3075 3076 3080
f 3075 3080 3079
f 3049 3050 3077
f 3049 3077 3076
f 3050 3093 3078
f 3050 3078 3077
f 3076 3083 3080
f 3076 3077 3083
f 3077 3078 3084
f 3072 3079 3081
f 3079 3082 3081
f 3079 3080 3082
f 3081 3082 3114
f 3080 3085 3082
f 3077 3084 3083
f 3080 3083 3085
f 3083 3084 3086
f 3078 3096 3084
f 3083 3086 3085
f 3084 3096 3116
f 3084 3116 3086
f 3039 3087 3089
f 3039 3089 3041
f 3087 3090 3089
f 3087 3088 3090
f 3041 3089 3091
f 3089 3090 3092
f 3089 3092 3091
f 3048 3091 3093
f 3091 3094 3093
f 3091 3092 3094
f 3093 3094 3095
f 3078 3093 3095
f 3078 3095 3096
f 3068 3069 3097
f 3069 3098 3097
f 3069 3070 3098
f 3070 3100 3099
f 3070 3099 3098
f 3099 3100 3103
f 3097 3098 3106
f 3098 3107 3106
f 3098 3099 3107
f 3099 3103 3108
f 3100 3101 3103
f 3073 3102 3101
f 3101 3102 3104
f 3101 3104 3103
f 3103 3104 3111
f 3102 3105 3104
f 2659 3106 3107
f 3107 3108 3109
f 3099 3108 3107
f 2659 3107 3109
f 2659 3109 2696
f 3108 3110 3109
f 3108 3111 3110
f 3110 3111 3126
f 3103 3111 3108
f 3104 3112 3111
f 3104 3105 3112
f 3105 3113 3112
f 3111 3112 3126
f 3112 3127 3126
f 3112 3113 3127
f 3081 3114 3102
f 3082 3115 3114
f 3082 3085 3115
f 3085 3117 3115
f 3102 3114 3105
f 3114 3115 3119
f 3105 3114 3119
f 3115 3117 3120
f 3115 3120 3119
f 3085 3086 3117
f 3086 3118 3117
f 3086 3116 3118
f 3117 3118 3123
f 3105 3119 3113
f 3119 3120 3121
f 3120 3123 3122
f 3113 3119 3121
f 3113 3121 3128
f 3120 3122 3121
f 3117 3123 3120
f 2696 3109 3124
f 3109 3110 3124
f 3110 3126 3125
f 3110 3125 3124
f 2703 3124 3131
f 3124 3125 3131
f 3125 3126 3129
f 3125 3129 3132
f 3126 3127 3129
f 3113 3128 3127
f 3127 3130 3129
f 3127 3128 3130
f 3128 3134 3130
f 3125 3132 3131
f 2706 3131 3132
f 3129 3133 3132
f 2706 3132 3137
f 3132 3133 3137
f 3133 3138 3137
f 3133 3135 3138
f 3129 3130 3133
f 3130 3135 3133
f 3130 3134 3135
f 3121 3136 3128
f 3121 3122 3136
f 3128 3136 3134
f 878 3162 3163
f 878 3163 3164
f 878 3164 3165
f 878 3165 3166
f 878 3166 3167
f 878 3167 3168
f 878 3168 3169
f 878 3169 3171
f 878 3171 3170
f 878 3170 3172
f 878 3176 3199
f 878 3173 3177
f 878 3177 3174
f 878 3172 3173
f 878 3174 3175
f 878 3175 3176
f 889 3201 3200
f 889 3202 3201
f 889 3203 3202
f 889 3204 3203
f 889 3205 3204
f 889 3206 3205
f 889 3207 3206
f 889 3209 3207
f 889 3208 3209
f 889 3210 3208
f 889 3237 3214
f 889 3215 3211
f 889 3212 3215
f 889 3211 3210
f 889 3213 3212
f 889 3214 3213
f 2980 3137 3139
f 3137 3138 3139
f 878 3183 3182
f 878 3146 3145
f 3088 3145 3090
f 878 3147 3146
f 878 3148 3147
f 3092 3144 3094
f 3090 3144 3092
f 878 3149 3148
f 878 3150 3149
f 878 3178 3150
f 878 3179 3178
f 878 3180 3179
f 878 3181 3180
f 878 3182 3181
f 3116 3140 3118
f 3118 3140 3123
f 3122 3123 3140
f 3122 3140 3136
f 3134 3136 3140
f 3134 3140 3135
f 3135 3140 3138
f 3094 3143 3095
f 3095 3142 3096
f 3096 3141 3116
f 889 3220 3221
f 889 3151 3152
f 889 3152 3153
f 889 3153 3154
f 889 3154 3155
f 889 3155 3156
f 889 3156 3157
f 889 3157 3158
f 889 3158 3159
f 889 3159 3160
f 889 3160 3161
f 889 3161 3216
f 889 3216 3217
f 889 3217 3218
f 889 3218 3219
f 889 3219 3220
f 878 3197 3193
f 878 3184 3183
f 878 3185 3184
f 878 3186 3185
f 878 3187 3186
f 878 3188 3187
f 878 3189 3188
f 878 3195 3189
f 878 3193 3194
f 878 3194 3195
f 878 3198 3190
f 878 3199 3198
f 878 3190 3191
f 878 3191 3192
f 878 3192 3196
f 878 3196 3197
f 974 3200 3162
f 889 3231 3235
f 889 3221 3222
f 889 3222 3223
f 889 3223 3224
f 889 3224 3225
f 889 3225 3226
f 889 3226 3227
f 889 3227 3233
f 889 3232 3231
f 889 3233 3232
f 889 3228 3236
f 889 3236 3237
f 889 3229 3228
f 889 3230 3229
f 889 3234 3230
f 889 3235 3234
f 2299 2302 3140
f 2302 2313 3140
f 2313 2844 3140
f 2844 2848 3140
f 2848 2858 3140
f 2413 3151 2544
f 2858 2860 3140
f 2860 2869 3140
f 2869 2870 3140
f 2870 2877 3140
f 2877 2878 3140
f 2876 3140 2878
f 2992 3140 2993
f 2991 3140 2992
f 2995 2996 3140
f 2955 3140 2996
f 2876 2995 3140
f 2955 2958 3140
f 2958 2993 3140
f 2413 3140 3151
f 3138 3140 3139
f 2985 3139 3140
f 2983 3140 2991
f 2983 2985 3140
f 3090 3145 3144
f 3094 3144 3143
f 3096 3142 3141
f 3095 3143 3142
f 3116 3141 3140
f 3140 3141 3151
f 3141 3142 3152
f 3142 3143 3153
f 3143 3144 3154
f 3144 3145 3155
f 3145 3146 3156
f 3146 3147 3157
f 3147 3148 3158
f 3148 3149 3159
f 3149 3150 3160
f 3150 3178 3161
f 3141 3152 3151
f 3142 3153 3152
f 3143 3154 3153
f 3144 3155 3154
f 3145 3156 3155
f 3146 3157 3156
f 3148 3159 3158
f 3147 3158 3157
f 3149 3160 3159
f 3150 3161 3160
f 3162 3201 3163
f 3163 3202 3164
f 3164 3203 3165
f 3165 3204 3166
f 3166 3205 3167
f 3167 3206 3168
f 3168 3207 3169
f 3169 3209 3171
f 3170 3210 3172
f 3170 3171 3208
f 3172 3211 3173
f 3173 3215 3177
f 3174 3177 3212
f 3174 3213 3175
f 3176 3237 3199
f 3175 3214 3176
f 3178 3179 3216
f 3179 3180 3217
f 3180 3181 3218
f 3181 3182 3219
f 3182 3183 3220
f 3184 3185 3222
f 3183 3184 3221
f 3185 3186 3223
f 3186 3187 3224
f 3187 3188 3225
f 3188 3189 3226
f 3190 3229 3191
f 3191 3230 3192
f 3193 3197 3231
f 3189 3195 3227
f 3194 3233 3195
f 3193 3232 3194
f 3196 3235 3197
f 3192 3234 3196
f 3198 3199 3236
f 3190 3198 3228
f 3162 3200 3201
f 3163 3201 3202
f 3164 3202 3203
f 3165 3203 3204
f 3166 3204 3205
f 3167 3205 3206
f 3168 3206 3207
f 3169 3207 3209
f 3170 3208 3210
f 3171 3209 3208
f 3172 3210 3211
f 3173 3211 3215
f 3174 3212 3213
f 3175 3213 3214
f 3176 3214 3237
f 3177 3215 3212
f 3183 3221 3220
f 3179 3217 3216
f 3180 3218 3217
f 3161 3178 3216
f 3181 3219 3218
f 3182 3220 3219
f 3184 3222 3221
f 3185 3223 3222
f 3186 3224 3223
f 3187 3225 3224
f 3188 3226 3225
f 3189 3227 3226
f 3192 3230 3234
f 3191 3229 3230
f 3190 3228 3229
f 3197 3235 3231
f 3194 3232 3233
f 3195 3233 3227
f 3193 3231 3232
f 3196 3234 3235
f 3199 3237 3236
f 3198 3236 3228
f 161 164 162
f 161 163 164
f 165 166 167
f 167 166 168
f 165 167 171
f 165 172 166
f 167 168 175
f 161 162 171
f 161 173 169
f 169 174 170
f 171 162 172
f 161 171 173
f 169 173 174
f 161 874 163
f 161 169 872
f 163 875 164
f 169 170 872
f 167 175 171
f 165 171 172
f 171 175 173
f 175 179 173
f 175 168 177
f 175 177 176
f 176 177 178
f 175 180 179
f 175 176 180
f 179 182 181
f 176 178 180
f 179 180 182
f 180 178 182
f 173 179 876
f 173 873 174
f 179 181 877
f 715 722 714
f 715 716 723
f 716 717 724
f 718 719 726
f 717 718 725
f 719 720 727
f 720 1266 1274
f 714 722 721
f 715 723 722
f 716 724 723
f 717 725 724
f 718 726 725
f 719 727 726
f 720 1274 727
f 728 743 729
f 729 744 730
f 730 745 731
f 731 746 732
f 729 743 744
f 730 744 745
f 731 745 746
f 733 732 747
f 733 748 734
f 734 749 735
f 735 750 736
f 736 751 737
f 737 752 738
f 738 753 739
f 739 754 740
f 740 755 741
f 741 756 742
f 732 746 747
f 733 747 748
f 734 748 749
f 735 749 750
f 736 750 751
f 737 751 752
f 738 752 753
f 739 753 754
f 740 754 755
f 741 755 756
f 742 756 757
f 763 791 764
f 764 791 714
f 715 714 791
f 715 791 716
f 717 791 718
f 718 791 719
f 716 791 717
f 719 791 720
f 720 791 1266
f 760 791 761
f 759 791 760
f 758 791 759
f 765 791 766
f 758 766 791
f 728 791 765
f 728 729 791
f 729 730 791
f 731 732 791
f 733 791 732
f 733 734 791
f 734 735 791
f 735 736 791
f 736 737 791
f 737 738 791
f 730 731 791
f 762 761 791
f 762 791 763
f 760 761 770
f 758 767 766
f 758 759 768
f 759 760 769
f 762 763 772
f 762 771 761
f 763 764 773
f 764 714 721
f 765 766 775
f 728 765 774
f 766 767 775
f 759 769 768
f 760 770 769
f 758 768 767
f 761 771 770
f 762 772 771
f 763 773 772
f 764 721 773
f 765 775 774
f 728 774 743
f 738 739 791
f 739 740 791
f 740 741 791
f 741 742 791
f 742 776 791
f 776 777 791
f 777 778 791
f 778 779 791
f 779 780 791
f 780 781 791
f 781 782 791
f 782 783 791
f 783 784 791
f 784 785 791
f 785 786 791
f 786 787 791
f 787 788 791
f 788 789 791
f 789 790 791
f 742 757 776
f 776 792 777
f 777 793 778
f 778 794 779
f 779 795 780
f 780 796 781
f 781 797 782
f 782 798 783
f 783 799 784
f 784 800 785
f 776 757 792
f 777 792 793
f 778 793 794
f 779 794 795
f 780 795 796
f 781 796 797
f 782 797 798
f 783 798 799
f 784 799 800
f 785 800 801
f 785 801 786
f 786 802 787
f 787 803 788
f 788 804 789
f 789 805 790
f 790 806 791
f 791 807 1330
f 786 801 802
f 787 802 803
f 788 803 804
f 789 804 805
f 790 805 806
f 791 806 807
f 1330 807 1347
f 161 872 874
f 872 170 873
f 163 874 875
f 173 872 873
f 173 876 872
f 179 877 876
f 872 876 874
f 874 877 875
f 874 876 877
f 1266 1267 1275
f 1267 1268 1276
f 1268 1269 1277
f 1269 1270 1278
f 1270 1271 1279
f 1271 1272 1280
f 1272 1273 1281
f 1266 1275 1274
f 1267 1276 1275
f 1268 1277 1276
f 1269 1278 1277
f 1270 1279 1278
f 1271 1280 1279
f 1272 1281 1280
f 1266 791 1267
f 1267 791 1268
f 1268 791 1269
f 1269 791 1270
f 1270 791 1271
f 1271 791 1272
f 1272 791 1273
f 1273 791 1282
f 1282 791 1283
f 1283 791 1284
f 1284 791 1285
f 1285 791 1286
f 1286 791 1287
f 1287 791 1288
f 1288 791 1289
f 1289 791 1290
f 1290 791 1300
f 1300 791 1301
f 1301 791 1302
f 1302 791 1303
f 1303 791 1304
f 1304 791 1305
f 1305 791 1306
f 1306 791 1307
f 1307 791 1308
f 1308 791 1309
f 1309 791 1310
f 1273 1282 1291
f 1282 1283 1292
f 1283 1284 1293
f 1284 1285 1294
f 1285 1286 1295
f 1286 1287 1296
f 1287 1288 1297
f 1288 1289 1298
f 1289 1290 1299
f 1290 1300 1315
f 1273 1291 1281
f 1282 1292 1291
f 1283 1293 1292
f 1284 1294 1293
f 1285 1295 1294
f 1286 1296 1295
f 1287 1297 1296
f 1288 1298 1297
f 1289 1299 1298
f 1290 1315 1299
f 1300 1301 1316
f 1301 1302 1317
f 1302 1303 1318
f 1300 1316 1315
f 1301 1317 1316
f 1302 1318 1317
f 1303 1319 1318
f 1303 1304 1319
f 1304 1305 1320
f 1305 1306 1321
f 1306 1307 1322
f 1307 1308 1323
f 1308 1309 1324
f 1309 1310 1325
f 1311 1326 1310
f 1312 1313 1328
f 1311 1312 1327
f 1314 1329 1313
f 1304 1320 1319
f 1305 1321 1320
f 1306 1322 1321
f 1307 1323 1322
f 1308 1324 1323
f 1309 1325 1324
f 1310 1326 1325
f 1312 1328 1327
f 1311 1327 1326
f 1313 1329 1328
f 791 1330 1331
f 791 1331 1332
f 791 1332 1333
f 791 1333 1337
f 791 1337 1334
f 791 1334 1335
f 791 1335 1336
f 791 1345 1344
f 791 1336 1345
f 791 1338 1343
f 791 1346 1338
f 791 1344 1346
f 1311 1310 791
f 1311 791 1312
f 1312 791 1313
f 1314 1313 791
f 1339 791 1340
f 791 1342 1341
f 791 1341 1340
f 1314 791 1339
f 791 1343 1342
f 1330 1347 1331
f 1331 1348 1332
f 1332 1349 1333
f 1333 1350 1337
f 1334 1351 1335
f 1335 1352 1336
f 1337 1354 1334
f 1331 1347 1348
f 1332 1348 1349
f 1333 1349 1350
f 1335 1351 1352
f 1336 1352 1353
f 1337 1350 1354
f 1334 1354 1351
f 1338 1346 1363
f 1314 1339 1356
f 1340 1341 1358
f 1339 1340 1357
f 1343 1360 1342
f 1342 1359 1341
f 1338 1355 1343
f 1344 1345 1362
f 1336 1353 1345
f 1344 1361 1346
f 1338 1363 1355
f 1314 1356 1329
f 1339 1357 1356
f 1340 1358 1357
f 1341 1359 1358
f 1342 1360 1359
f 1343 1355 1360
f 1344 1362 1361
f 1345 1353 1362
f 1346 1361 1363
f 1949 1954 1950
f 1950 1955 1951
f 1951 1956 1952
f 1952 1957 1953
f 1950 1954 1955
f 1952 1956 1957
f 1951 1955 1956
f 1953 1957 1958
f 1972 2026 1971
f 1971 2026 1973
f 1973 2026 1959
f 1959 2026 1960
f 1961 1960 2026
f 1961 2026 1962
f 1962 2026 1963
f 1963 2026 1964
f 1964 2026 1965
f 1965 2026 1966
f 1966 2026 2481
f 1973 1959 1975
f 1959 1960 1976
f 1959 1976 1975
f 1961 1962 1978
f 1961 1977 1960
f 1962 1963 1979
f 1963 1964 1980
f 1964 1965 1981
f 1965 1966 1982
f 1966 2481 2498
f 1960 1977 1976
f 1961 1978 1977
f 1962 1979 1978
f 1963 1980 1979
f 1964 1981 1980
f 1965 1982 1981
f 1966 2498 1982
f 1967 1972 1988
f 1970 1967 1983
f 1974 1969 1985
f 1968 1984 1969
f 1968 1970 1986
f 1972 1971 1987
f 1971 1973 1989
f 1949 1974 1990
f 1967 1988 1983
f 1974 1985 1990
f 1969 1984 1985
f 1970 1983 1986
f 1968 1986 1984
f 1972 1987 1988
f 1971 1989 1987
f 1973 1975 1989
f 1949 1990 1954
f 1991 1953 1958
f 1991 2001 1992
f 1992 2002 1993
f 1993 2003 1994
f 1994 2004 1995
f 1995 2005 1996
f 1996 2006 1997
f 1997 2007 1998
f 1998 2008 1999
f 1999 2009 2000
f 1991 1958 2001
f 1992 2001 2002
f 1993 2002 2003
f 1994 2003 2004
f 1995 2004 2005
f 1996 2005 2006
f 1997 2006 2007
f 1998 2007 2008
f 1999 2008 2009
f 2000 2009 2010
f 1968 1969 2026
f 1974 2026 1969
f 1970 2026 1967
f 1967 2026 1972
f 1968 2026 1970
f 1949 1950 2026
f 1949 2026 1974
f 1950 1951 2026
f 1951 1952 2026
f 1952 1953 2026
f 1991 2026 1953
f 1991 1992 2026
f 1992 1993 2026
f 1993 1994 2026
f 1994 1995 2026
f 1995 1996 2026
f 1996 1997 2026
f 1997 1998 2026
f 1998 1999 2026
f 1999 2000 2026
f 2000 2011 2026
f 2011 2012 2026
f 2012 2013 2026
f 2013 2014 2026
f 2014 2015 2026
f 2015 2016 2026
f 2016 2017 2026
f 2017 2018 2026
f 2018 2019 2026
f 2019 2020 2026
f 2020 2021 2026
f 2021 2022 2026
f 2022 2023 2026
f 2023 2024 2026
f 2024 2025 2026
f 2000 2010 2011
f 2011 2010 2027
f 2011 2027 2012
f 2012 2028 2013
f 2013 2029 2014
f 2014 2030 2015
f 2015 2031 2016
f 2016 2032 2017
f 2017 2033 2018
f 2018 2034 2019
f 2019 2035 2020
f 2012 2027 2028
f 2013 2028 2029
f 2014 2029 2030
f 2015 2030 2031
f 2016 2031 2032
f 2017 2032 2033
f 2018 2033 2034
f 2019 2034 2035
f 2020 2035 2036
f 2020 2036 2021
f 2021 2037 2022
f 2022 2038 2023
f 2023 2039 2024
f 2024 2040 2025
f 2025 2041 2026
f 2026 2042 2527
f 2021 2036 2037
f 2022 2037 2038
f 2023 2038 2039
f 2024 2039 2040
f 2025 2040 2041
f 2026 2041 2042
f 2527 2042 2544
f 2481 2026 2482
f 2482 2026 2483
f 2483 2026 2484
f 2484 2026 2485
f 2026 2486 2485
f 2026 2487 2486
f 2026 2488 2487
f 2026 2489 2488
f 2026 2490 2489
f 2026 2491 2490
f 2026 2492 2491
f 2481 2482 2499
f 2482 2483 2500
f 2483 2484 2501
f 2484 2485 2502
f 2485 2486 2503
f 2486 2487 2504
f 2487 2488 2505
f 2481 2499 2498
f 2482 2500 2499
f 2483 2501 2500
f 2484 2502 2501
f 2485 2503 2502
f 2486 2504 2503
f 2487 2505 2504
f 2488 2489 2506
f 2488 2506 2505
f 2489 2507 2506
f 2489 2490 2507
f 2490 2491 2508
f 2491 2492 2509
f 2492 2493 2510
f 2493 2494 2511
f 2494 2495 2512
f 2495 2496 2513
f 2496 2497 2514
f 2497 2515 2520
f 2490 2508 2507
f 2491 2509 2508
f 2492 2510 2509
f 2493 2511 2510
f 2494 2512 2511
f 2495 2513 2512
f 2496 2514 2513
f 2497 2520 2514
f 2515 2516 2521
f 2516 2517 2522
f 2517 2518 2523
f 2518 2519 2524
f 2515 2521 2520
f 2516 2522 2521
f 2517 2523 2522
f 2518 2524 2523
f 2026 2493 2492
f 2026 2494 2493
f 2026 2495 2494
f 2026 2496 2495
f 2026 2497 2496
f 2026 2515 2497
f 2026 2516 2515
f 2026 2517 2516
f 2026 2518 2517
f 2026 2519 2518
f 2026 2559 2519
f 2026 2560 2559
f 2026 2561 2560
f 2026 2562 2561
f 2026 2563 2562
f 2026 2564 2563
f 2026 2566 2564
f 2026 2534 2538
f 2026 2525 2526
f 2026 2526 2529
f 2026 2529 2530
f 2026 2530 2532
f 2026 2527 2528
f 2026 2528 2525
f 2026 2540 2541
f 2026 2532 2531
f 2026 2531 2540
f 2026 2541 2533
f 2026 2533 2534
f 2026 2567 2565
f 2026 2565 2566
f 2026 2568 2567
f 2026 2536 2568
f 2026 2535 2536
f 2026 2537 2535
f 2026 2539 2537
f 2026 2538 2539
f 2536 2553 2568
f 2568 2553 2578
f 2525 2542 2526
f 2526 2543 2529
f 2527 2544 2528
f 2528 2545 2525
f 2529 2546 2530
f 2530 2547 2532
f 2532 2549 2531
f 2526 2542 2543
f 2528 2544 2545
f 2525 2545 2542
f 2529 2543 2546
f 2530 2546 2547
f 2531 2549 2548
f 2532 2547 2549
f 2541 2558 2533
f 2534 2533 2550
f 2539 2556 2537
f 2535 2552 2536
f 2535 2537 2554
f 2538 2555 2539
f 2534 2551 2538
f 2531 2548 2540
f 2541 2540 2557
f 2533 2558 2550
f 2534 2550 2551
f 2537 2556 2554
f 2535 2554 2552
f 2536 2552 2553
f 2538 2551 2555
f 2539 2555 2556
f 2540 2548 2557
f 2541 2557 2558
f 2519 2559 2569
f 2559 2560 2570
f 2560 2561 2571
f 2561 2562 2572
f 2562 2563 2573
f 2563 2564 2574
f 2566 2576 2564
f 2566 2565 2575
f 2565 2567 2577
f 2568 2578 2567
f 2519 2569 2524
f 2559 2570 2569
f 2560 2571 2570
f 2561 2572 2571
f 2562 2573 2572
f 2563 2574 2573
f 2564 2576 2574
f 2566 2575 2576
f 2565 2577 2575
f 2567 2578 2577

