# https://github.com/mikedh/trimesh
v 7.47677517 0.01712894 0.00000000
v 8.00000000 0.00000000 0.00000000
v 7.73824739 0.00428295 0.00000000
v 20.00000000 0.00864124 0.00000000
v 1.34824312 3.55543804 0.00000000
v 32.46514130 1.97533417 0.00000000
v 1.49722648 3.34017849 0.00000000
v 1.65317333 3.12990856 0.00000000
v 0.94462991 4.22882652 0.00000000
v 1.07179677 4.00000000 0.00000000
v 0.71308941 4.69834328 0.00000000
v 0.82501805 4.46169090 0.00000000
v 0.60896373 4.93853188 0.00000000
v 1.20638251 3.77545738 0.00000000
v 0.51275259 5.18199921 0.00000000
v 0.42455897 5.42848396 0.00000000
v 0.34447733 5.67772293 0.00000000
v 0.27259338 5.92944717 0.00000000
v 0.20898417 6.18338966 0.00000000
v 0.15371776 6.43927765 0.00000000
v 0.01712861 7.47677517 0.00000000
v 0.00428330 7.73824692 0.00000000
v 0.00000000 8.00000000 0.00000000
v 0.10685334 6.69683647 0.00000000
v 0.06844111 6.95579052 0.00000000
v 0.03852219 7.21586227 0.00000000
v 1.07179677 4.00000000 10.00000000
v 1.34824312 3.55543804 10.00000000
v 1.20638251 3.77545738 10.00000000
v 2.72523355 1.98528194 0.00000000
v 2.92485380 1.81591606 0.00000000
v 2.72523355 1.98528194 10.00000000
v 2.16108751 2.53126144 0.00000000
v 2.34314585 2.34314537 0.00000000
v 2.16108751 2.53126144 10.00000000
v 1.98528159 2.72523308 0.00000000
v 1.98528159 2.72523308 10.00000000
v 1.81591642 2.92485428 0.00000000
v 1.81591642 2.92485428 10.00000000
v 1.49722648 3.34017849 10.00000000
v 1.65317333 3.12990856 10.00000000
v 2.53126168 2.16108704 0.00000000
v 2.34314585 2.34314537 10.00000000
v 2.53126168 2.16108704 10.00000000
v 0.60896373 4.93853188 10.00000000
v 0.34447733 5.67772293 10.00000000
v 0.27259338 5.92944717 10.00000000
v 0.51275259 5.18199921 10.00000000
v 0.42455897 5.42848396 10.00000000
v 0.82501805 4.46169090 10.00000000
v 0.94462991 4.22882652 10.00000000
v 0.71308941 4.69834328 10.00000000
v 0.15371776 6.43927765 10.00000000
v 0.20898417 6.18338966 10.00000000
v 0.10685334 6.69683647 10.00000000
v 0.06844111 6.95579052 10.00000000
v 0.03852219 7.21586227 10.00000000
v 0.01712861 7.47677517 10.00000000
v 0.00428330 7.73824692 10.00000000
v 0.00000000 8.00000000 10.00000000
v 3.12990856 1.65317345 0.00000000
v 2.92485380 1.81591606 10.00000000
v 3.34017849 1.49722672 0.00000000
v 3.12990856 1.65317345 10.00000000
v 3.55543804 1.34824276 0.00000000
v 3.34017849 1.49722672 10.00000000
v 3.77545714 1.20638275 0.00000000
v 3.55543804 1.34824276 10.00000000
v 4.22882605 0.94462967 0.00000000
v 4.46169043 0.82501793 0.00000000
v 4.22882605 0.94462967 10.00000000
v 4.00000000 1.07179642 0.00000000
v 3.77545714 1.20638275 10.00000000
v 4.00000000 1.07179642 10.00000000
v 4.69834375 0.71308899 0.00000000
v 4.46169043 0.82501793 10.00000000
v 4.93853235 0.60896397 0.00000000
v 4.69834375 0.71308899 10.00000000
v 5.18199968 0.51275253 0.00000000
v 4.93853235 0.60896397 10.00000000
v 5.42848444 0.42455864 0.00000000
v 5.18199968 0.51275253 10.00000000
v 5.67772245 0.34447765 0.00000000
v 5.42848444 0.42455864 10.00000000
v 5.92944765 0.27259350 0.00000000
v 5.67772245 0.34447765 10.00000000
v 6.18338966 0.20898438 0.00000000
v 5.92944765 0.27259350 10.00000000
v 6.43927765 0.15371799 0.00000000
v 6.18338966 0.20898438 10.00000000
v 6.69683599 0.10685349 0.00000000
v 6.43927765 0.15371799 10.00000000
v 6.95579052 0.06844139 0.00000000
v 6.69683599 0.10685349 10.00000000
v 7.21586275 0.03852177 0.00000000
v 6.95579052 0.06844139 10.00000000
v 7.21586275 0.03852177 10.00000000
v 7.47677517 0.01712894 10.00000000
v 7.73824739 0.00428295 10.00000000
v 0.00000000 40.00000000 0.00000000
v 20.00000000 0.00000000 0.00000000
v 20.00000000 0.00000000 10.00000000
v 8.00000000 0.00000000 10.00000000
v 6.08611917 7.41943073 10.00000000
v 6.17827225 7.17458534 10.00000000
v 6.30159569 6.94386482 10.00000000
v 6.45397902 6.73121357 10.00000000
v 6.63281536 6.54027176 10.00000000
v 6.88885975 6.33706093 10.00000000
v 7.00000000 6.26794910 10.00000000
v 7.17458582 6.17827225 10.00000000
v 6.78247738 6.41329384 10.00000000
v 7.41943073 6.08611870 10.00000000
v 7.93456173 6.00107098 10.00000000
v 7.67420912 6.02671337 10.00000000
v 6.01711035 7.73894691 10.00000000
v 6.06814814 7.48236179 10.00000000
v 6.05224609 7.54584694 10.00000000
v 6.03842926 7.60981941 10.00000000
v 6.02671337 7.67420959 10.00000000
v 6.20625448 7.11542320 10.00000000
v 6.37430668 6.83504486 10.00000000
v 6.33706093 6.88885975 10.00000000
v 6.26794910 7.00000000 10.00000000
v 6.23615742 7.05720711 10.00000000
v 6.12818813 7.29549980 10.00000000
v 6.10613966 7.35712051 10.00000000
v 6.15224075 7.23463249 10.00000000
v 6.54027176 6.63281536 10.00000000
v 6.49632025 6.68130875 10.00000000
v 6.58578634 6.58578682 10.00000000
v 6.68130827 6.49632072 10.00000000
v 6.73121357 6.45397949 10.00000000
v 6.83504438 6.37430668 10.00000000
v 6.94386435 6.30159569 10.00000000
v 6.41329336 6.78247738 10.00000000
v 6.00963068 7.80396557 10.00000000
v 6.00428200 7.86919403 10.00000000
v 6.00107098 7.93456173 10.00000000
v 6.00000000 8.00000000 10.00000000
v 8.00000000 6.00000000 10.00000000
v 7.11542273 6.20625496 10.00000000
v 7.29549980 6.12818813 10.00000000
v 7.23463297 6.15224075 10.00000000
v 7.35712099 6.10614014 10.00000000
v 7.05720663 6.23615742 10.00000000
v 7.48236179 6.06814766 10.00000000
v 7.54584742 6.05224609 10.00000000
v 7.60981941 6.03842926 10.00000000
v 7.73894739 6.01711082 10.00000000
v 7.80396557 6.00963020 10.00000000
v 7.86919355 6.00428200 10.00000000
v 0.00000000 40.00000000 10.00000000
v 6.00000000 40.00000000 10.00000000
v 20.55965042 1.53293896 10.00000000
v 21.05904007 5.26530170 10.00000000
v 21.08426476 5.22321510 10.00000000
v 21.07539940 5.23696613 10.00000000
v 21.09357643 5.20976067 10.00000000
v 21.10332298 5.19661903 10.00000000
v 21.11349487 5.18380356 10.00000000
v 21.15820312 5.13606834 10.00000000
v 21.14644623 5.14744663 10.00000000
v 21.17032623 5.12508011 10.00000000
v 21.18280411 5.11449432 10.00000000
v 21.12408066 5.17132759 10.00000000
v 21.13506889 5.15920448 10.00000000
v 21.29364586 5.04556847 10.00000000
v 21.27885628 5.05256367 10.00000000
v 21.30865860 5.03906059 10.00000000
v 21.32387543 5.03304672 10.00000000
v 21.19561958 5.10432339 10.00000000
v 21.20876122 5.09457684 10.00000000
v 21.22221565 5.08526516 10.00000000
v 21.23596573 5.07639885 10.00000000
v 21.25000000 5.06798744 10.00000000
v 21.26430130 5.06003952 10.00000000
v 21.33928108 5.02753448 10.00000000
v 21.35485840 5.02252960 10.00000000
v 21.37059021 5.01803780 10.00000000
v 21.38646126 5.01406097 10.00000000
v 21.40245438 5.01060677 10.00000000
v 21.46729851 5.00207043 10.00000000
v 21.45099068 5.00340748 10.00000000
v 21.43473625 5.00527763 10.00000000
v 21.41855240 5.00767899 10.00000000
v 21.06698799 5.25099945 10.00000000
v 21.50000000 5.00099945 10.00000000
v 21.48364067 5.00126839 10.00000000
v 21.05156326 5.27985573 10.00000000
v 21.04456902 5.29464626 10.00000000
v 21.03806114 5.30965805 10.00000000
v 21.03204727 5.32487488 10.00000000
v 21.02653503 5.34028053 10.00000000
v 21.02153015 5.35585785 10.00000000
v 21.01703644 5.37159061 10.00000000
v 21.01306152 5.38746166 10.00000000
v 21.00960732 5.40345478 10.00000000
v 21.00667763 5.41955185 10.00000000
v 21.00427818 5.43573761 10.00000000
v 21.00240707 5.45199203 10.00000000
v 21.00107002 5.46829796 10.00000000
v 21.00026703 5.48464012 10.00000000
v 21.00000000 5.50099945 10.00000000
v 21.00000000 6.00000000 10.00000000
v 26.50000000 5.00099945 10.00000000
v 33.30017853 3.04780483 10.00000000
v 26.51635933 5.00126839 10.00000000
v 26.58144760 5.00767899 10.00000000
v 26.56526375 5.00527763 10.00000000
v 26.54900932 5.00340748 10.00000000
v 26.53270149 5.00207043 10.00000000
v 26.62940979 5.01803780 10.00000000
v 26.61353874 5.01406097 10.00000000
v 26.59754562 5.01060677 10.00000000
v 0.00428330 40.26175308 0.00000000
v 0.01712861 40.52322388 0.00000000
v 0.03852219 40.78413773 0.00000000
v 0.06844111 41.04420853 0.00000000
v 0.10685334 41.30316544 0.00000000
v 0.15371776 41.56072235 0.00000000
v 0.20898417 41.81660843 0.00000000
v 0.27259338 42.07055283 0.00000000
v 0.34447733 42.32227707 0.00000000
v 0.42455897 42.57151413 0.00000000
v 0.51275259 42.81800079 0.00000000
v 0.60896373 43.06146622 0.00000000
v 0.71308941 43.30165482 0.00000000
v 0.82501805 43.53831100 0.00000000
v 0.94462991 43.77117538 0.00000000
v 1.07179677 44.00000000 0.00000000
v 1.20638251 44.22454453 0.00000000
v 1.34824312 44.44456100 0.00000000
v 1.49722648 44.65982056 0.00000000
v 1.65317333 44.87009048 0.00000000
v 0.00428330 40.26175308 10.00000000
v 0.01712861 40.52322388 10.00000000
v 0.03852219 40.78413773 10.00000000
v 0.06844111 41.04420853 10.00000000
v 0.10685334 41.30316544 10.00000000
v 0.15371776 41.56072235 10.00000000
v 0.20898417 41.81660843 10.00000000
v 0.27259338 42.07055283 10.00000000
v 0.34447733 42.32227707 10.00000000
v 0.42455897 42.57151413 10.00000000
v 0.51275259 42.81800079 10.00000000
v 0.60896373 43.06146622 10.00000000
v 0.71308941 43.30165482 10.00000000
v 0.82501805 43.53831100 10.00000000
v 0.94462991 43.77117538 10.00000000
v 1.07179677 44.00000000 10.00000000
v 1.20638251 44.22454453 10.00000000
v 1.34824312 44.44456100 10.00000000
v 1.49722648 44.65982056 10.00000000
v 1.65317333 44.87009048 10.00000000
v 1.81591642 45.07514572 10.00000000
v 1.81591642 45.07514572 0.00000000
v 1.98528159 45.27476501 10.00000000
v 1.98528159 45.27476501 0.00000000
v 2.16108751 45.46873856 10.00000000
v 2.16108751 45.46873856 0.00000000
v 2.34314585 45.65685272 10.00000000
v 2.34314585 45.65685272 0.00000000
v 2.53126168 45.83891296 10.00000000
v 2.53126168 45.83891296 0.00000000
v 2.72523355 46.01471710 10.00000000
v 2.72523355 46.01471710 0.00000000
v 2.92485380 46.18408203 10.00000000
v 2.92485380 46.18408203 0.00000000
v 3.12990856 46.34682846 10.00000000
v 3.12990856 46.34682846 0.00000000
v 3.34017849 46.50277328 10.00000000
v 3.34017849 46.50277328 0.00000000
v 3.55543804 46.65175629 10.00000000
v 3.55543804 46.65175629 0.00000000
v 3.77545714 46.79361725 10.00000000
v 3.77545714 46.79361725 0.00000000
v 4.00000000 46.92820358 10.00000000
v 4.00000000 46.92820358 0.00000000
v 4.22882605 47.05537033 10.00000000
v 4.22882605 47.05537033 0.00000000
v 4.46169043 47.17498016 10.00000000
v 4.46169043 47.17498016 0.00000000
v 4.69834375 47.28691101 10.00000000
v 4.69834375 47.28691101 0.00000000
v 4.93853235 47.39103699 10.00000000
v 4.93853235 47.39103699 0.00000000
v 5.18199968 47.48724747 10.00000000
v 5.18199968 47.48724747 0.00000000
v 5.42848444 47.57543945 10.00000000
v 5.42848444 47.57543945 0.00000000
v 5.67772245 47.65552139 10.00000000
v 5.67772245 47.65552139 0.00000000
v 5.92944765 47.72740555 10.00000000
v 5.92944765 47.72740555 0.00000000
v 6.18338966 47.79101562 10.00000000
v 6.18338966 47.79101562 0.00000000
v 6.43927765 47.84628296 10.00000000
v 6.43927765 47.84628296 0.00000000
v 6.69683599 47.89314651 10.00000000
v 6.69683599 47.89314651 0.00000000
v 6.95579052 47.93156052 10.00000000
v 6.95579052 47.93156052 0.00000000
v 7.21586275 47.96147919 10.00000000
v 7.21586275 47.96147919 0.00000000
v 7.47677517 47.98287201 10.00000000
v 7.47677517 47.98287201 0.00000000
v 7.73824739 47.99571609 10.00000000
v 7.73824739 47.99571609 0.00000000
v 8.00000000 48.00000000 10.00000000
v 8.00000000 48.00000000 0.00000000
v 20.26818275 47.00979233 0.00000000
v 20.00000000 48.00000000 0.00000000
v 6.41329336 41.21752167 10.00000000
v 6.63281536 41.45972824 10.00000000
v 6.94386435 41.69840622 10.00000000
v 6.00107098 40.06543732 10.00000000
v 6.00428200 40.13080597 10.00000000
v 6.00963068 40.19603348 10.00000000
v 6.01711035 40.26105118 10.00000000
v 6.02671337 40.32579041 10.00000000
v 6.03842926 40.39018250 10.00000000
v 6.05224609 40.45415115 10.00000000
v 6.06814814 40.51763916 10.00000000
v 6.08611917 40.58057022 10.00000000
v 6.10613966 40.64287949 10.00000000
v 6.12818813 40.70449829 10.00000000
v 6.15224075 40.76536560 10.00000000
v 6.17827225 40.82541275 10.00000000
v 6.20625448 40.88457870 10.00000000
v 6.23615742 40.94279480 10.00000000
v 6.26794910 41.00000000 10.00000000
v 6.30159569 41.05613708 10.00000000
v 6.33706093 41.11114120 10.00000000
v 6.37430668 41.16495514 10.00000000
v 6.45397902 41.26878738 10.00000000
v 6.49632025 41.31869125 10.00000000
v 6.54027176 41.36718369 10.00000000
v 6.58578634 41.41421509 10.00000000
v 6.68130827 41.50368118 10.00000000
v 6.73121357 41.54602051 10.00000000
v 6.78247738 41.58670807 10.00000000
v 6.83504438 41.62569427 10.00000000
v 6.88885975 41.66294098 10.00000000
v 7.00000000 41.73205185 10.00000000
v 7.05720663 41.76384354 10.00000000
v 7.11542273 41.79374695 10.00000000
v 7.17458582 41.82172775 10.00000000
v 7.23463297 41.84775925 10.00000000
v 7.29549980 41.87181091 10.00000000
v 7.35712099 41.89385986 10.00000000
v 7.41943073 41.91387939 10.00000000
v 7.48236179 41.93185043 10.00000000
v 7.54584742 41.94775391 10.00000000
v 7.60981941 41.96157074 10.00000000
v 7.67420912 41.97328568 10.00000000
v 32.46532059 46.02532196 10.00000000
v 20.00000000 48.00000000 10.00000000
v 7.73894739 41.98289108 10.00000000
v 7.80396557 41.99036789 10.00000000
v 7.86919355 41.99571609 10.00000000
v 7.93456173 41.99892807 10.00000000
v 8.00000000 42.00000000 10.00000000
v 33.00013351 0.00000000 0.00000000
v 35.84849930 -7.63500547 0.00000000
v 35.79561996 -7.59645414 0.00000000
v 35.00000000 -2.82830763 0.00000000
v 35.90261078 -7.67180634 0.00000000
v 35.95790100 -7.70681667 0.00000000
v 36.01430130 -7.73999929 0.00000000
v 36.13021469 -7.80074167 0.00000000
v 36.07176208 -7.77131891 0.00000000
v 36.18959808 -7.82823610 0.00000000
v 36.24985123 -7.85377264 0.00000000
v 35.10113525 -6.62730026 0.00000000
v 35.12267685 -6.68909359 0.00000000
v 35.14622879 -6.75014925 0.00000000
v 35.08162689 -6.56483555 0.00000000
v 35.06417084 -6.50176573 0.00000000
v 35.01951218 -6.27723789 0.00000000
v 35.00829315 -6.17972612 0.00000000
v 35.00347900 -6.11446333 0.00000000
v 35.04188538 -6.40617466 0.00000000
v 35.02964401 -6.34188938 0.00000000
v 35.00080490 -6.04907751 0.00000000
v 35.44380569 -7.25597000 0.00000000
v 35.40354538 -7.20438004 0.00000000
v 35.17176437 -6.81040144 0.00000000
v 35.19925690 -6.86978579 0.00000000
v 35.24410629 -6.95709610 0.00000000
v 35.29318237 -7.04210091 0.00000000
v 35.36499405 -7.15150070 0.00000000
v 35.32819366 -7.09738827 0.00000000
v 35.48573303 -7.30621433 0.00000000
v 35.52928162 -7.35506058 0.00000000
v 35.57440567 -7.40245533 0.00000000
v 35.62105560 -7.44834852 0.00000000
v 35.69378662 -7.51426554 0.00000000
v 35.74403000 -7.55619287 0.00000000
v 33.37842178 -0.78318119 0.00000000
v 33.32852936 -0.74085140 0.00000000
v 33.03856659 -0.27455091 0.00000000
v 33.05858231 -0.33684349 0.00000000
v 33.08262634 -0.39769411 0.00000000
v 33.02266693 -0.21108246 0.00000000
v 33.01628494 -0.17899179 0.00000000
v 33.00668335 -0.11427069 0.00000000
v 33.00133896 -0.04905987 0.00000000
v 33.17784119 -0.56902313 0.00000000
v 33.21681595 -0.62157631 0.00000000
v 33.14238739 -0.51403284 0.00000000
v 33.12602615 -0.48569727 0.00000000
v 33.09613037 -0.42749691 0.00000000
v 33.28151321 -0.69534874 0.00000000
v 33.25914764 -0.67146826 0.00000000
v 33.40438080 -0.80309916 0.00000000
v 33.45817947 -0.84033537 0.00000000
v 33.51430130 -0.87397289 0.00000000
v 33.57250214 -0.90386772 0.00000000
v 33.60230255 -0.91737127 0.00000000
v 33.73585510 -0.96859837 0.00000000
v 33.79711914 -0.99402285 0.00000000
v 33.85750961 -1.02146530 0.00000000
v 33.91695404 -1.05089474 0.00000000
v 34.03275299 -1.11558485 0.00000000
v 34.08898163 -1.15077400 0.00000000
v 34.14401245 -1.18780804 0.00000000
v 34.19778442 -1.22664738 0.00000000
v 33.97539139 -1.08227921 0.00000000
v 34.30131531 -1.30956554 0.00000000
v 34.35096359 -1.35355377 0.00000000
v 34.25023651 -1.26724768 0.00000000
v 34.39912415 -1.39916420 0.00000000
v 33.00013351 0.00000000 10.00000000
v 35.08162689 -6.56483555 10.00000000
v 35.06417084 -6.50176573 10.00000000
v 35.04188538 -6.40617466 10.00000000
v 35.02964401 -6.34188938 10.00000000
v 35.01951218 -6.27723789 10.00000000
v 35.00347900 -6.11446333 10.00000000
v 35.00080490 -6.04907751 10.00000000
v 35.00829315 -6.17972612 10.00000000
v 35.44380569 -7.25597000 10.00000000
v 35.36499405 -7.15150070 10.00000000
v 35.29318237 -7.04210091 10.00000000
v 35.32819366 -7.09738827 10.00000000
v 35.40354538 -7.20438004 10.00000000
v 35.69378662 -7.51426554 10.00000000
v 35.74403000 -7.55619287 10.00000000
v 35.79561996 -7.59645414 10.00000000
v 35.48573303 -7.30621433 10.00000000
v 35.52928162 -7.35506058 10.00000000
v 35.57440567 -7.40245533 10.00000000
v 35.62105560 -7.44834852 10.00000000
v 35.17176437 -6.81040144 10.00000000
v 35.14622879 -6.75014925 10.00000000
v 35.19925690 -6.86978579 10.00000000
v 35.24410629 -6.95709610 10.00000000
v 35.12267685 -6.68909359 10.00000000
v 35.10113525 -6.62730026 10.00000000
v 33.21681595 -0.62157631 10.00000000
v 33.14238739 -0.51403284 10.00000000
v 33.17784119 -0.56902313 10.00000000
v 33.03856659 -0.27455091 10.00000000
v 33.01628494 -0.17899179 10.00000000
v 33.02266693 -0.21108246 10.00000000
v 33.00668335 -0.11427069 10.00000000
v 33.00133896 -0.04905987 10.00000000
v 33.08262634 -0.39769411 10.00000000
v 33.09613037 -0.42749691 10.00000000
v 33.12602615 -0.48569727 10.00000000
v 33.05858231 -0.33684349 10.00000000
v 33.32852936 -0.74085140 10.00000000
v 33.40438080 -0.80309916 10.00000000
v 33.37842178 -0.78318119 10.00000000
v 33.25914764 -0.67146826 10.00000000
v 33.28151321 -0.69534874 10.00000000
v 33.45817947 -0.84033537 10.00000000
v 33.51430130 -0.87397289 10.00000000
v 33.57250214 -0.90386772 10.00000000
v 33.79711914 -0.99402285 10.00000000
v 33.85750961 -1.02146530 10.00000000
v 33.91695404 -1.05089474 10.00000000
v 34.03275299 -1.11558485 10.00000000
v 33.97539139 -1.08227921 10.00000000
v 34.08898163 -1.15077400 10.00000000
v 34.14401245 -1.18780804 10.00000000
v 34.25023651 -1.26724768 10.00000000
v 34.30131531 -1.30956554 10.00000000
v 34.19778442 -1.22664738 10.00000000
v 33.60230255 -0.91737127 10.00000000
v 33.73585510 -0.96859837 10.00000000
v 35.00000000 -2.82830763 10.00000000
v 34.99890137 -2.76198578 10.00000000
v 34.99890137 -2.76198578 0.00000000
v 34.99560165 -2.69573641 10.00000000
v 34.99560165 -2.69573641 0.00000000
v 34.99010849 -2.62963295 10.00000000
v 34.99010849 -2.62963295 0.00000000
v 34.98242569 -2.56374836 10.00000000
v 34.98242569 -2.56374836 0.00000000
v 34.97256088 -2.49815464 10.00000000
v 34.97256088 -2.49815464 0.00000000
v 34.91155624 -2.24012566 0.00000000
v 34.89099884 -2.17706013 10.00000000
v 34.89099884 -2.17706013 0.00000000
v 34.86836243 -2.11471081 10.00000000
v 34.86836243 -2.11471081 0.00000000
v 34.84366989 -2.05314636 10.00000000
v 34.84366989 -2.05314636 0.00000000
v 34.81695175 -1.99243450 10.00000000
v 34.81695175 -1.99243450 0.00000000
v 34.96052933 -2.43292332 0.00000000
v 34.94633865 -2.36812782 10.00000000
v 34.94633865 -2.36812782 0.00000000
v 34.96052933 -2.43292332 10.00000000
v 34.93000793 -2.30383825 10.00000000
v 34.93000793 -2.30383825 0.00000000
v 34.91155624 -2.24012566 10.00000000
v 34.53417206 -1.54521847 0.00000000
v 34.49077988 -1.49504948 10.00000000
v 34.49077988 -1.49504948 0.00000000
v 34.72493362 -1.81607723 0.00000000
v 34.69041824 -1.75943375 10.00000000
v 34.69041824 -1.75943375 0.00000000
v 34.61584854 -1.64973402 0.00000000
v 34.65404129 -1.70396519 0.00000000
v 34.61584854 -1.64973402 10.00000000
v 34.57587814 -1.59679890 10.00000000
v 34.57587814 -1.59679890 0.00000000
v 34.53417206 -1.54521847 10.00000000
v 34.65404129 -1.70396519 10.00000000
v 34.44574738 -1.44634676 0.00000000
v 34.39912415 -1.39916420 10.00000000
v 34.35096359 -1.35355377 10.00000000
v 34.44574738 -1.44634676 10.00000000
v 34.78823471 -1.93264198 0.00000000
v 34.75754929 -1.87383461 10.00000000
v 34.75754929 -1.87383461 0.00000000
v 34.78823471 -1.93264198 10.00000000
v 34.72493362 -1.81607723 10.00000000
v 36.34171295 -7.88834763 0.00000000
v 36.43516541 -7.91837358 0.00000000
v 36.49823380 -7.93582773 0.00000000
v 36.59382629 -7.95811605 0.00000000
v 36.65811157 -7.97035742 0.00000000
v 36.72276306 -7.98048878 0.00000000
v 36.82027435 -7.99170685 0.00000000
v 36.91822052 -7.99812651 0.00000000
v 37.00818253 -8.00000000 0.00000000
v 47.79999924 -8.00000000 0.00000000
v 41.44436646 -4.55563498 0.00000000
v 41.52257156 -4.63009262 0.00000000
v 41.60433578 -4.70062304 0.00000000
v 41.68946075 -4.76705647 0.00000000
v 41.77774429 -4.82923317 0.00000000
v 41.86897278 -4.88700294 0.00000000
v 41.96292877 -4.94022655 0.00000000
v 41.01122284 -3.94062138 0.00000000
v 41.05977249 -4.03707266 0.00000000
v 40.96746445 -3.84190369 0.00000000
v 41.17076874 -4.22225475 0.00000000
v 41.23294449 -4.31053829 0.00000000
v 41.29937744 -4.39566517 0.00000000
v 41.11299896 -4.13102627 0.00000000
v 40.86593246 -3.53455639 0.00000000
v 40.89472961 -3.63862610 0.00000000
v 40.84227371 -3.42919874 0.00000000
v 40.92860413 -3.74115753 0.00000000
v 40.82381058 -3.32280731 0.00000000
v 40.81059265 -3.21563768 0.00000000
v 40.80265045 -3.10794878 0.00000000
v 41.36990738 -4.47742987 0.00000000
v 40.79999924 -3.00000000 0.00000000
v 40.80265045 -2.89205122 0.00000000
v 40.81059265 -2.78436232 0.00000000
v 40.82381058 -2.67719269 0.00000000
v 40.84227371 -2.57080126 0.00000000
v 40.86593246 -2.46544361 0.00000000
v 40.89472961 -2.36137390 0.00000000
v 40.92860413 -2.25884247 0.00000000
v 40.96746445 -2.15809631 0.00000000
v 41.01122284 -2.05937862 0.00000000
v 41.05977249 -1.96292734 0.00000000
v 41.11299896 -1.86897373 0.00000000
v 41.17076874 -1.77774525 0.00000000
v 42.87500000 3.00000000 0.00000000
v 41.23294449 -1.68946171 0.00000000
v 41.29937744 -1.60433483 0.00000000
v 42.87500000 3.25000000 0.00000000
v 42.05937958 -4.98877621 0.00000000
v 42.15809631 -5.03253508 0.00000000
v 42.25884247 -5.07139683 0.00000000
v 42.36137390 -5.10526848 0.00000000
v 42.46544266 -5.13406849 0.00000000
v 42.57080078 -5.15772772 0.00000000
v 42.67719269 -5.17618847 0.00000000
v 42.78436279 -5.18940639 0.00000000
v 42.89205170 -5.19735003 0.00000000
v 43.00000000 -5.19999981 0.00000000
v 43.10794830 -5.19735003 0.00000000
v 43.21563721 -5.18940639 0.00000000
v 43.32280731 -5.17618847 0.00000000
v 41.36990738 -1.52257013 0.00000000
v 44.94022751 -1.96292734 0.00000000
v 44.88700104 -1.86897373 0.00000000
v 44.82923126 -1.77774525 0.00000000
v 44.76705551 -1.68946171 0.00000000
v 44.70062256 -1.60433483 0.00000000
v 44.63009262 -1.52257013 0.00000000
v 45.03253555 -2.15809631 0.00000000
v 44.98877716 -2.05937862 0.00000000
v 43.42919922 -5.15772772 0.00000000
v 43.53455734 -5.13406849 0.00000000
v 43.63862610 -5.10526848 0.00000000
v 43.74115753 -5.07139683 0.00000000
v 43.84190369 -5.03253508 0.00000000
v 43.94062042 -4.98877621 0.00000000
v 44.03707123 -4.94022655 0.00000000
v 44.13102722 -4.88700294 0.00000000
v 44.22225571 -4.82923317 0.00000000
v 44.31053925 -4.76705647 0.00000000
v 44.39566422 -4.70062304 0.00000000
v 44.47742844 -4.63009262 0.00000000
v 44.55563354 -4.55563498 0.00000000
v 44.63009262 -4.47742987 0.00000000
v 44.70062256 -4.39566517 0.00000000
v 44.76705551 -4.31053829 0.00000000
v 44.82923126 -4.22225475 0.00000000
v 44.88700104 -4.13102627 0.00000000
v 44.94022751 -4.03707266 0.00000000
v 44.98877716 -3.94062138 0.00000000
v 45.03253555 -3.84190369 0.00000000
v 45.07139587 -3.74115753 0.00000000
v 45.10527039 -3.63862610 0.00000000
v 45.13406754 -3.53455639 0.00000000
v 45.15772629 -3.42919874 0.00000000
v 45.17618942 -3.32280731 0.00000000
v 45.18940735 -3.21563768 0.00000000
v 45.19734955 -3.10794878 0.00000000
v 45.20000076 -3.00000000 0.00000000
v 45.19734955 -2.89205122 0.00000000
v 45.18940735 -2.78436232 0.00000000
v 45.13406754 -2.46544361 0.00000000
v 45.10527039 -2.36137390 0.00000000
v 45.17618942 -2.67719269 0.00000000
v 45.15772629 -2.57080126 0.00000000
v 45.07139587 -2.25884247 0.00000000
v 47.79999924 3.00000000 0.00000000
v 45.13406754 -3.53455639 2.66593170
v 45.10527039 -3.63862610 2.69472885
v 45.03253555 -3.84190369 2.76746368
v 44.98877716 -3.94062138 2.81122208
v 45.07139587 -3.74115753 2.72860336
v 45.17618942 -3.32280731 2.62380981
v 45.15772629 -3.42919874 2.64227295
v 45.19734955 -3.10794878 2.60264969
v 45.18940735 -3.21563768 2.61059189
v 45.20000076 -3.00000000 2.59999847
v 45.19734955 -2.89205122 2.60264969
v 45.18940735 -2.78436232 2.61059189
v 45.17618942 -2.67719269 2.62380981
v 45.15772629 -2.57080126 2.64227295
v 45.10527039 -2.36137390 2.69472885
v 45.13406754 -2.46544361 2.66593170
v 45.07139587 -2.25884247 2.72860336
v 45.03253555 -2.15809631 2.76746368
v 44.82923126 -4.22225475 2.97076797
v 44.76705551 -4.31053829 3.03294373
v 44.94022751 -4.03707266 2.85977173
v 44.88700104 -4.13102627 2.91299820
v 44.70062256 -4.39566517 3.09937668
v 44.63009262 -4.47742987 3.16990662
v 44.55563354 -4.55563498 3.24436569
v 44.47742844 -4.63009262 3.32257080
v 44.39566422 -4.70062304 3.40433502
v 44.31053925 -4.76705647 3.48945999
v 44.22225571 -4.82923317 3.57774353
v 44.13102722 -4.88700294 3.66897202
v 44.03707123 -4.94022655 3.76292801
v 42.87500000 3.00000000 4.92499924
v 41.44436646 -1.44436502 0.00000000
v 41.52257156 -1.36990738 0.00000000
v 41.60433578 -1.29937696 0.00000000
v 41.68946075 -1.23294353 0.00000000
v 41.77774429 -1.17076683 0.00000000
v 41.86897278 -1.11299706 0.00000000
v 41.96292877 -1.05977345 0.00000000
v 42.05937958 -1.01122379 0.00000000
v 42.15809631 -0.96746492 0.00000000
v 42.25884247 -0.92860317 0.00000000
v 42.36137390 -0.89473152 0.00000000
v 42.46544266 -0.86593151 0.00000000
v 42.57080078 -0.84227228 0.00000000
v 42.67719269 -0.82381153 0.00000000
v 42.78436279 -0.81059361 0.00000000
v 42.89205170 -0.80264997 0.00000000
v 43.00000000 -0.80000019 0.00000000
v 43.10794830 -0.80264997 0.00000000
v 43.21563721 -0.81059361 0.00000000
v 43.32280731 -0.82381153 0.00000000
v 43.42919922 -0.84227228 0.00000000
v 43.53455734 -0.86593151 0.00000000
v 43.63862610 -0.89473152 0.00000000
v 43.84190369 -0.96746492 0.00000000
v 43.74115753 -0.92860317 0.00000000
v 43.94062042 -1.01122379 0.00000000
v 44.03707123 -1.05977345 0.00000000
v 44.13102722 -1.11299706 0.00000000
v 44.22225571 -1.17076683 0.00000000
v 44.31053925 -1.23294353 0.00000000
v 44.39566422 -1.29937696 0.00000000
v 44.47742844 -1.36990738 0.00000000
v 44.55563354 -1.44436502 0.00000000
v 42.87500000 3.25000000 4.89568377
v 36.01430130 -7.73999929 10.00000000
v 35.84849930 -7.63500547 10.00000000
v 35.90261078 -7.67180634 10.00000000
v 35.95790100 -7.70681667 10.00000000
v 36.07176208 -7.77131891 10.00000000
v 36.13021469 -7.80074167 10.00000000
v 36.18959808 -7.82823610 10.00000000
v 36.24985123 -7.85377264 10.00000000
v 36.34171295 -7.88834763 10.00000000
v 36.43516541 -7.91837358 10.00000000
v 36.49823380 -7.93582773 10.00000000
v 36.59382629 -7.95811605 10.00000000
v 36.65811157 -7.97035742 10.00000000
v 36.72276306 -7.98048878 10.00000000
v 36.82027435 -7.99170685 10.00000000
v 36.91822052 -7.99812651 10.00000000
v 37.79999924 -8.00000000 10.00000000
v 43.32280731 -5.17618847 4.47719193
v 43.21563721 -5.18940639 4.58436203
v 43.10794830 -5.19735003 4.69205093
v 43.00000000 -5.19999981 4.79999924
v 42.89205170 -5.19735003 4.90794754
v 42.78436279 -5.18940639 5.01563644
v 42.67719269 -5.17618847 5.12280655
v 42.57080078 -5.15772772 5.22919846
v 42.46544266 -5.13406849 5.33455658
v 42.36137390 -5.10526848 5.43862534
v 44.98877716 -2.05937862 2.81122208
v 44.88700104 -1.86897373 2.91299820
v 44.94022751 -1.96292734 2.85977173
v 44.82923126 -1.77774525 2.97076797
v 44.76705551 -1.68946171 3.03294373
v 44.70062256 -1.60433483 3.09937668
v 44.63009262 -1.52257013 3.16990662
v 43.94062042 -4.98877621 3.85937881
v 43.84190369 -5.03253508 3.95809555
v 43.74115753 -5.07139683 4.05884171
v 43.63862610 -5.10526848 4.16137314
v 43.53455734 -5.13406849 4.26544189
v 43.42919922 -5.15772772 4.37080002
v 44.55563354 -1.44436502 3.24436569
v 44.47742844 -1.36990738 3.32257080
v 44.39566422 -1.29937696 3.40433502
v 44.31053925 -1.23294353 3.48945999
v 44.22225571 -1.17076683 3.57774353
v 44.13102722 -1.11299706 3.66897202
v 44.03707123 -1.05977345 3.76292801
v 43.94062042 -1.01122379 3.85937881
v 43.84190369 -0.96746492 3.95809555
v 43.74115753 -0.92860317 4.05884171
v 43.42919922 -0.84227228 4.37080002
v 43.53455734 -0.86593151 4.26544189
v 43.32280731 -0.82381153 4.47719193
v 43.21563721 -0.81059361 4.58436203
v 43.10794830 -0.80264997 4.69205093
v 43.00000000 -0.80000019 4.79999924
v 42.89205170 -0.80264997 4.90794754
v 42.78436279 -0.81059361 5.01563644
v 42.87500000 3.25000000 4.92499924
v 43.63862610 -0.89473152 4.16137314
v 42.87500000 45.00000000 0.00000000
v 42.87500000 44.75000000 0.00000000
v 42.87500000 44.75000000 4.92499924
v 26.69134140 5.03906059 10.00000000
v 26.67612457 5.03304672 10.00000000
v 26.66071892 5.02753448 10.00000000
v 26.64514160 5.02252960 10.00000000
v 26.76403427 5.07639885 10.00000000
v 26.75000000 5.06798744 10.00000000
v 26.73569870 5.06003952 10.00000000
v 26.72114372 5.05256367 10.00000000
v 26.70635414 5.04556847 10.00000000
v 26.82967377 5.12508011 10.00000000
v 26.81719589 5.11449432 10.00000000
v 26.80438042 5.10432339 10.00000000
v 26.79123878 5.09457684 10.00000000
v 26.77778435 5.08526516 10.00000000
v 26.84179688 5.13606834 10.00000000
v 26.90642357 5.20976067 10.00000000
v 26.89667702 5.19661903 10.00000000
v 26.88650513 5.18380356 10.00000000
v 26.87591934 5.17132759 10.00000000
v 26.86493111 5.15920448 10.00000000
v 26.85355377 5.14744663 10.00000000
v 26.91573524 5.22321510 10.00000000
v 26.96795273 5.32487488 10.00000000
v 26.96193886 5.30965805 10.00000000
v 26.95543098 5.29464626 10.00000000
v 26.94843674 5.27985573 10.00000000
v 26.94095993 5.26530170 10.00000000
v 26.93301201 5.25099945 10.00000000
v 26.92460060 5.23696613 10.00000000
v 26.97346497 5.34028053 10.00000000
v 26.99332237 5.41955185 10.00000000
v 26.99039268 5.40345478 10.00000000
v 26.98693848 5.38746166 10.00000000
v 26.98296356 5.37159061 10.00000000
v 26.97846985 5.35585785 10.00000000
v 27.00000000 5.50099945 10.00000000
v 26.99973297 5.48464012 10.00000000
v 26.99892998 5.46829796 10.00000000
v 26.99759293 5.45199203 10.00000000
v 26.99572182 5.43573761 10.00000000
v 27.00000000 6.00000000 10.00000000
v 35.91744614 6.00000000 10.00000000
v 41.23294449 -1.68946171 6.56705475
v 41.29937744 -1.60433483 6.50062180
v 41.17076874 -1.77774525 6.62923050
v 41.11299896 -1.86897373 6.68700027
v 41.05977249 -1.96292734 6.74022675
v 37.00818253 -8.00000000 10.00000000
v 41.60433578 -4.70062304 6.19566345
v 41.52257156 -4.63009262 6.27742767
v 42.25884247 -5.07139683 5.54115677
v 42.15809631 -5.03253508 5.64190292
v 42.05937958 -4.98877621 5.74061966
v 41.96292877 -4.94022655 5.83707047
v 41.86897278 -4.88700294 5.93102646
v 41.77774429 -4.82923317 6.02225494
v 41.68946075 -4.76705647 6.11053848
v 37.79999924 3.25000000 10.00000000
v 41.36990738 -1.52257013 6.43009186
v 42.36137390 -0.89473152 5.43862534
v 42.46544266 -0.86593151 5.33455658
v 42.25884247 -0.92860317 5.54115677
v 42.67719269 -0.82381153 5.12280655
v 42.57080078 -0.84227228 5.22919846
v 42.15809631 -0.96746492 5.64190292
v 42.05937958 -1.01122379 5.74061966
v 41.96292877 -1.05977345 5.83707047
v 41.86897278 -1.11299706 5.93102646
v 41.77774429 -1.17076683 6.02225494
v 41.68946075 -1.23294353 6.11053848
v 41.60433578 -1.29937696 6.19566345
v 41.52257156 -1.36990738 6.27742767
v 41.44436646 -1.44436502 6.35563278
v 41.44436646 -4.55563498 6.35563278
v 41.36990738 -4.47742987 6.43009186
v 41.29937744 -4.39566517 6.50062180
v 41.23294449 -4.31053829 6.56705475
v 41.17076874 -4.22225475 6.62923050
v 41.11299896 -4.13102627 6.68700027
v 41.05977249 -4.03707266 6.74022675
v 41.01122284 -3.94062138 6.78877640
v 40.96746445 -3.84190369 6.83253479
v 40.92860413 -3.74115753 6.87139511
v 40.89472961 -3.63862610 6.90526962
v 40.86593246 -3.53455639 6.93406677
v 40.84227371 -3.42919874 6.95772552
v 41.01122284 -2.05937862 6.78877640
v 40.96746445 -2.15809631 6.83253479
v 40.86593246 -2.46544361 6.93406677
v 40.89472961 -2.36137390 6.90526962
v 40.84227371 -2.57080126 6.95772552
v 40.92860413 -2.25884247 6.87139511
v 40.82381058 -3.32280731 6.97618866
v 40.81059265 -3.21563768 6.98940659
v 40.80265045 -3.10794878 6.99734879
v 40.79999924 -3.00000000 7.00000000
v 40.80265045 -2.89205122 6.99734879
v 40.81059265 -2.78436232 6.98940659
v 40.82381058 -2.67719269 6.97618866
v 42.87500000 3.25000000 10.00000000
v 40.00000000 6.00000000 10.00000000
v 40.06543732 6.00107098 10.00000000
v 40.13080597 6.00428200 10.00000000
v 40.19603348 6.00963020 10.00000000
v 40.26105118 6.01711082 10.00000000
v 40.32579041 6.02671337 10.00000000
v 40.39018250 6.03842926 10.00000000
v 40.45415115 6.05224609 10.00000000
v 40.51763916 6.06814766 10.00000000
v 40.58057022 6.08611870 10.00000000
v 40.64287949 6.10614014 10.00000000
v 40.76536560 6.15224075 10.00000000
v 40.70449829 6.12818813 10.00000000
v 40.82541275 6.17827225 10.00000000
v 40.88457870 6.20625496 10.00000000
v 40.94279480 6.23615742 10.00000000
v 41.00000000 6.26794910 10.00000000
v 41.11114120 6.33706093 10.00000000
v 41.05613708 6.30159569 10.00000000
v 41.16495514 6.37430668 10.00000000
v 41.21752167 6.41329384 10.00000000
v 41.26878738 6.45397949 10.00000000
v 41.31869125 6.49632072 10.00000000
v 41.36718369 6.54027176 10.00000000
v 41.45972824 6.63281536 10.00000000
v 41.41421509 6.58578682 10.00000000
v 41.50368118 6.68130875 10.00000000
v 41.54602051 6.73121357 10.00000000
v 41.58670807 6.78247738 10.00000000
v 41.62569427 6.83504486 10.00000000
v 41.66294098 6.88885975 10.00000000
v 41.73205185 7.00000000 10.00000000
v 41.69840622 6.94386482 10.00000000
v 41.76384354 7.05720711 10.00000000
v 41.79374695 7.11542320 10.00000000
v 41.82172775 7.17458534 10.00000000
v 41.84775925 7.23463249 10.00000000
v 41.87181091 7.29549980 10.00000000
v 41.89385986 7.35712051 10.00000000
v 41.91387939 7.41943073 10.00000000
v 41.93185043 7.48236179 10.00000000
v 41.94775391 7.54584694 10.00000000
v 41.96157074 7.60981941 10.00000000
v 41.97328568 7.67420959 10.00000000
v 41.98289108 7.73894691 10.00000000
v 41.99036789 7.80396557 10.00000000
v 41.99571609 7.86919403 10.00000000
v 41.99892807 7.93456173 10.00000000
v 42.87500000 44.75000000 10.00000000
v 42.00000000 8.00000000 10.00000000
v 32.75008011 46.32785797 0.00000000
v 33.00013351 48.00000000 0.00000000
v 33.00133896 48.04906082 10.00000000
v 33.00133896 48.04906082 0.00000000
v 33.00668716 48.11427307 10.00000000
v 33.00668716 48.11427307 0.00000000
v 33.01628494 48.17899323 10.00000000
v 33.01628494 48.17899323 0.00000000
v 33.02267075 48.21108246 10.00000000
v 33.02267075 48.21108246 0.00000000
v 33.03856659 48.27455139 10.00000000
v 33.03856659 48.27455139 0.00000000
v 33.05858231 48.33684540 10.00000000
v 33.05858231 48.33684540 0.00000000
v 33.08263016 48.39769745 10.00000000
v 33.08263016 48.39769745 0.00000000
v 33.11060333 48.45684433 10.00000000
v 33.11060333 48.45684433 0.00000000
v 33.14238739 48.51403427 10.00000000
v 33.14238739 48.51403427 0.00000000
v 33.17784119 48.56902313 10.00000000
v 33.17784119 48.56902313 0.00000000
v 33.21681976 48.62157822 10.00000000
v 33.21681976 48.62157822 0.00000000
v 33.25914764 48.67147064 10.00000000
v 33.25914764 48.67147064 0.00000000
v 33.30464935 48.71848679 10.00000000
v 33.30464935 48.71848679 0.00000000
v 33.35313034 48.76242447 10.00000000
v 33.35313034 48.76242447 0.00000000
v 33.40438080 48.80310059 10.00000000
v 33.40438080 48.80310059 0.00000000
v 33.45818329 48.84033585 10.00000000
v 33.45818329 48.84033585 0.00000000
v 33.51430130 48.87397385 10.00000000
v 33.51430130 48.87397385 0.00000000
v 33.57250214 48.90386963 10.00000000
v 33.57250214 48.90386963 0.00000000
v 33.63253403 48.92989349 10.00000000
v 33.63253403 48.92989349 0.00000000
v 33.73585510 48.96859741 10.00000000
v 33.73585510 48.96859741 0.00000000
v 33.79711914 48.99402237 10.00000000
v 33.79711914 48.99402237 0.00000000
v 33.85750961 49.02146530 10.00000000
v 33.85750961 49.02146530 0.00000000
v 33.91695404 49.05089569 10.00000000
v 33.91695404 49.05089569 0.00000000
v 33.97539139 49.08227921 10.00000000
v 33.97539139 49.08227921 0.00000000
v 34.03275299 49.11558533 10.00000000
v 34.03275299 49.11558533 0.00000000
v 34.08898163 49.15077209 10.00000000
v 34.08898163 49.15077209 0.00000000
v 34.14401245 49.18780899 10.00000000
v 34.14401245 49.18780899 0.00000000
v 34.19778442 49.22664642 10.00000000
v 34.19778442 49.22664642 0.00000000
v 34.25023651 49.26724625 10.00000000
v 34.25023651 49.26724625 0.00000000
v 34.30131531 49.30956650 10.00000000
v 34.30131531 49.30956650 0.00000000
v 34.35096359 49.35355377 10.00000000
v 34.35096359 49.35355377 0.00000000
v 34.39912415 49.39916611 10.00000000
v 34.39912415 49.39916611 0.00000000
v 34.44574738 49.44634628 10.00000000
v 34.44574738 49.44634628 0.00000000
v 34.49077988 49.49504852 10.00000000
v 34.49077988 49.49504852 0.00000000
v 34.53417206 49.54521942 10.00000000
v 34.53417206 49.54521942 0.00000000
v 34.57587814 49.59679794 10.00000000
v 34.57587814 49.59679794 0.00000000
v 34.61584854 49.64973450 10.00000000
v 34.61584854 49.64973450 0.00000000
v 34.65404129 49.70396423 10.00000000
v 34.65404129 49.70396423 0.00000000
v 34.69041824 49.75943375 10.00000000
v 34.69041824 49.75943375 0.00000000
v 34.72493362 49.81607819 10.00000000
v 34.72493362 49.81607819 0.00000000
v 34.75754929 49.87383652 10.00000000
v 34.75754929 49.87383652 0.00000000
v 34.78823471 49.93264008 10.00000000
v 34.78823471 49.93264008 0.00000000
v 34.81695175 49.99243546 10.00000000
v 34.81695175 49.99243546 0.00000000
v 34.84366989 50.05314636 10.00000000
v 34.84366989 50.05314636 0.00000000
v 34.86836243 50.11471176 10.00000000
v 34.86836243 50.11471176 0.00000000
v 34.89099884 50.17705917 10.00000000
v 34.89099884 50.17705917 0.00000000
v 34.91155624 50.24012375 10.00000000
v 34.91155624 50.24012375 0.00000000
v 34.93000793 50.30383682 10.00000000
v 34.93000793 50.30383682 0.00000000
v 34.94633865 50.36812973 10.00000000
v 34.94633865 50.36812973 0.00000000
v 34.96052933 50.43292236 10.00000000
v 34.96052933 50.43292236 0.00000000
v 34.97256088 50.49815369 10.00000000
v 34.97256088 50.49815369 0.00000000
v 34.98242569 50.56374741 10.00000000
v 34.98242569 50.56374741 0.00000000
v 34.99010849 50.62963104 10.00000000
v 34.99010849 50.62963104 0.00000000
v 34.99560165 50.69573593 10.00000000
v 34.99560165 50.69573593 0.00000000
v 34.99890137 50.76198578 10.00000000
v 34.99890137 50.76198578 0.00000000
v 35.00000000 50.82830811 10.00000000
v 35.00000000 50.82830811 0.00000000
v 35.00013351 54.00817871 10.00000000
v 35.00013351 54.00817871 0.00000000
v 35.00347900 54.11446381 10.00000000
v 35.00347900 54.11446381 0.00000000
v 35.01150131 54.21229172 10.00000000
v 35.01150131 54.21229172 0.00000000
v 35.01951218 54.27723694 10.00000000
v 35.01951218 54.27723694 0.00000000
v 35.02964401 54.34188843 10.00000000
v 35.02964401 54.34188843 0.00000000
v 35.04878998 54.43815994 10.00000000
v 35.04878998 54.43815994 0.00000000
v 35.06417084 54.50176620 10.00000000
v 35.06417084 54.50176620 0.00000000
v 35.08162689 54.56483459 10.00000000
v 35.08162689 54.56483459 0.00000000
v 35.11165237 54.65828705 10.00000000
v 35.11165237 54.65828705 0.00000000
v 35.14622879 54.75014877 10.00000000
v 35.14622879 54.75014877 0.00000000
v 35.17176437 54.81040192 10.00000000
v 35.17176437 54.81040192 0.00000000
v 35.19925690 54.86978531 10.00000000
v 35.19925690 54.86978531 0.00000000
v 35.24410629 54.95709610 10.00000000
v 35.24410629 54.95709610 0.00000000
v 35.27635956 55.01403427 10.00000000
v 35.27635956 55.01403427 0.00000000
v 35.31046295 55.06988907 10.00000000
v 35.31046295 55.06988907 0.00000000
v 35.34637451 55.12459564 10.00000000
v 35.34637451 55.12459564 0.00000000
v 35.38405228 55.17809677 10.00000000
v 35.38405228 55.17809677 0.00000000
v 35.44380569 55.25597000 10.00000000
v 35.44380569 55.25597000 0.00000000
v 35.48573303 55.30621338 10.00000000
v 35.48573303 55.30621338 0.00000000
v 35.52928162 55.35506058 10.00000000
v 35.52928162 55.35506058 0.00000000
v 35.57440567 55.40245438 10.00000000
v 35.57440567 55.40245438 0.00000000
v 35.62105560 55.44834900 10.00000000
v 35.62105560 55.44834900 0.00000000
v 35.66918564 55.49269104 10.00000000
v 35.66918564 55.49269104 0.00000000
v 35.71873474 55.53543472 10.00000000
v 35.71873474 55.53543472 0.00000000
v 35.79561996 55.59645462 10.00000000
v 35.79561996 55.59645462 0.00000000
v 35.84849930 55.63500595 10.00000000
v 35.84849930 55.63500595 0.00000000
v 42.87500000 44.75000000 0.02931547
v 42.87500000 45.00000000 4.92499924
v 40.75503159 49.49996185 0.00000000
v 40.83134079 49.39161301 0.00000000
v 40.91287231 49.28713989 0.00000000
v 40.99943161 49.18679047 0.00000000
v 41.09081268 49.09081268 0.00000000
v 41.18679047 48.99943161 0.00000000
v 41.28713989 48.91287231 0.00000000
v 35.90261078 55.67180634 0.00000000
v 35.98596573 55.72364044 0.00000000
v 36.04290390 55.75589371 0.00000000
v 36.10086823 55.78627014 0.00000000
v 36.18959808 55.82823563 0.00000000
v 36.28028107 55.86579895 0.00000000
v 36.37269974 55.89886475 0.00000000
v 36.46662903 55.92735672 0.00000000
v 36.52997589 55.94377899 0.00000000
v 36.59382629 55.95811462 0.00000000
v 36.69039536 55.97568893 0.00000000
v 36.78770828 55.98849869 0.00000000
v 36.99182129 55.99986649 0.00000000
v 40.55922699 49.84560013 0.00000000
v 40.61881256 49.72723007 0.00000000
v 40.50552368 49.96675491 0.00000000
v 40.68413162 49.61192322 0.00000000
v 36.88553619 55.99652100 0.00000000
v 40.30325317 50.86751556 0.00000000
v 40.31299973 50.73535538 0.00000000
v 40.29999924 51.00000000 0.00000000
v 40.30325317 51.13248444 0.00000000
v 40.31299973 51.26464462 0.00000000
v 40.41625977 50.21623230 0.00000000
v 40.45783234 50.09039688 0.00000000
v 40.38091660 50.34395218 0.00000000
v 40.35187912 50.47325516 0.00000000
v 40.32922363 50.60382843 0.00000000
v 40.32922363 51.39617157 0.00000000
v 40.35187912 51.52674484 0.00000000
v 40.38091660 51.65604782 0.00000000
v 40.41625977 51.78376770 0.00000000
v 40.45783234 51.90960312 0.00000000
v 40.50552368 52.03324509 0.00000000
v 40.55922699 52.15439987 0.00000000
v 40.61881256 52.27276993 0.00000000
v 40.68413162 52.38807678 0.00000000
v 40.75503159 52.50003815 0.00000000
v 40.83134079 52.60838699 0.00000000
v 40.91287231 52.71286011 0.00000000
v 40.99943161 52.81320953 0.00000000
v 41.09081268 52.90918732 0.00000000
v 41.18679047 53.00056839 0.00000000
v 41.28713989 53.08712769 0.00000000
v 41.39161301 53.16865921 0.00000000
v 41.49996185 53.24496841 0.00000000
v 41.61192322 53.31586838 0.00000000
v 41.72723007 53.38118744 0.00000000
v 41.84560013 53.44077301 0.00000000
v 41.96675491 53.49447632 0.00000000
v 42.09039688 53.54216766 0.00000000
v 42.21623230 53.58374023 0.00000000
v 41.49996185 48.75503159 0.00000000
v 41.61192322 48.68413162 0.00000000
v 41.72723007 48.61881256 0.00000000
v 41.84560013 48.55922699 0.00000000
v 41.39161301 48.83134079 0.00000000
v 41.96675491 48.50552368 0.00000000
v 42.09039688 48.45783234 0.00000000
v 42.34395218 48.38091660 0.00000000
v 42.47325516 48.35187912 0.00000000
v 42.21623230 48.41625977 0.00000000
v 42.60382843 48.32922363 0.00000000
v 42.73535538 48.31299973 0.00000000
v 42.86751556 48.30325317 0.00000000
v 43.00000000 48.29999924 0.00000000
v 43.13248444 48.30325317 0.00000000
v 43.26464462 48.31299973 0.00000000
v 43.39617157 48.32922363 0.00000000
v 43.52674484 48.35187912 0.00000000
v 43.65604782 48.38091660 0.00000000
v 43.78376770 48.41625977 0.00000000
v 43.90960312 48.45783234 0.00000000
v 44.03324509 48.50552368 0.00000000
v 44.15439987 48.55922699 0.00000000
v 47.79999924 45.00000000 0.00000000
v 44.27276993 48.61881256 0.00000000
v 44.38807678 48.68413162 0.00000000
v 44.50003815 48.75503159 0.00000000
v 44.60838699 48.83134079 0.00000000
v 44.71286011 48.91287231 0.00000000
v 44.81320953 48.99943161 0.00000000
v 44.90918732 49.09081268 0.00000000
v 45.00056839 49.18679047 0.00000000
v 45.08712769 49.28713989 0.00000000
v 45.16865921 49.39161301 0.00000000
v 45.24496841 49.49996185 0.00000000
v 45.24496841 49.49996185 2.55503082
v 45.16865921 49.39161301 2.63134003
v 45.08712769 49.28713989 2.71287155
v 45.00056839 49.18679047 2.79943085
v 44.90918732 49.09081268 2.89081192
v 44.81320953 48.99943161 2.98678970
v 44.71286011 48.91287231 3.08713913
v 44.60838699 48.83134079 3.19161224
v 44.50003815 48.75503159 3.29996109
v 47.79999924 55.99998856 0.00000000
v 42.34395218 53.61908340 0.00000000
v 42.47325516 53.64812088 0.00000000
v 42.60382843 53.67077637 0.00000000
v 42.73535538 53.68700027 0.00000000
v 42.86751556 53.69674683 0.00000000
v 43.00000000 53.70000076 0.00000000
v 43.13248444 53.69674683 0.00000000
v 43.26464462 53.68700027 0.00000000
v 45.31586838 49.61192322 0.00000000
v 45.38118744 49.72723007 0.00000000
v 45.44077301 49.84560013 0.00000000
v 45.49447632 49.96675491 0.00000000
v 45.54216766 50.09039688 0.00000000
v 45.58374023 50.21623230 0.00000000
v 45.61908340 50.34395218 0.00000000
v 45.64812088 50.47325516 0.00000000
v 45.67077637 50.60382843 0.00000000
v 45.68700027 50.73535538 0.00000000
v 45.69674683 50.86751556 0.00000000
v 45.70000076 51.00000000 0.00000000
v 45.69674683 51.13248444 0.00000000
v 45.68700027 51.26464462 0.00000000
v 45.67077637 51.39617157 0.00000000
v 45.64812088 51.52674484 0.00000000
v 45.61908340 51.65604782 0.00000000
v 45.58374023 51.78376770 0.00000000
v 45.68700027 51.26464462 2.11299896
v 44.90918732 52.90918732 0.00000000
v 44.81320953 53.00056839 0.00000000
v 45.00056839 52.81320953 0.00000000
v 45.44077301 52.15439987 0.00000000
v 45.38118744 52.27276993 0.00000000
v 45.54216766 51.90960312 0.00000000
v 45.49447632 52.03324509 0.00000000
v 45.24496841 52.50003815 0.00000000
v 45.16865921 52.60838699 0.00000000
v 45.08712769 52.71286011 0.00000000
v 45.31586838 52.38807678 0.00000000
v 43.39617157 53.67077637 0.00000000
v 43.52674484 53.64812088 0.00000000
v 43.65604782 53.61908340 0.00000000
v 43.78376770 53.58374023 0.00000000
v 43.90960312 53.54216766 0.00000000
v 44.03324509 53.49447632 0.00000000
v 44.15439987 53.44077301 0.00000000
v 44.38807678 53.31586838 0.00000000
v 44.27276993 53.38118744 0.00000000
v 44.50003815 53.24496841 0.00000000
v 44.60838699 53.16865921 0.00000000
v 44.71286011 53.08712769 0.00000000
v 45.54216766 50.09039688 2.25783157
v 45.49447632 49.96675491 2.30552292
v 45.44077301 49.84560013 2.35922623
v 45.38118744 49.72723007 2.41881180
v 45.31586838 49.61192322 2.48413086
v 45.69674683 50.86751556 2.10325241
v 45.68700027 50.73535538 2.11299896
v 45.70000076 51.00000000 2.09999847
v 45.58374023 50.21623230 2.21625900
v 45.64812088 50.47325516 2.15187836
v 45.61908340 50.34395218 2.18091583
v 45.67077637 50.60382843 2.12922287
v 45.69674683 51.13248444 2.10325241
v 45.49447632 52.03324509 2.30552292
v 45.54216766 51.90960312 2.25783157
v 45.44077301 52.15439987 2.35922623
v 45.38118744 52.27276993 2.41881180
v 45.31586838 52.38807678 2.48413086
v 45.24496841 52.50003815 2.55503082
v 45.16865921 52.60838699 2.63134003
v 45.08712769 52.71286011 2.71287155
v 45.00056839 52.81320953 2.79943085
v 45.67077637 51.39617157 2.12922287
v 45.64812088 51.52674484 2.15187836
v 45.61908340 51.65604782 2.18091583
v 45.58374023 51.78376770 2.21625900
v 44.90918732 52.90918732 2.89081192
v 44.81320953 53.00056839 2.98678970
v 44.71286011 53.08712769 3.08713913
v 44.60838699 53.16865921 3.19161224
v 44.50003815 53.24496841 3.29996109
v 44.27276993 53.38118744 3.52722931
v 44.38807678 53.31586838 3.41192245
v 44.15439987 53.44077301 3.64559937
v 44.03324509 53.49447632 3.76675415
v 35.90261078 55.67180634 10.00000000
v 35.98596573 55.72364044 10.00000000
v 36.04290390 55.75589371 10.00000000
v 36.10086823 55.78627014 10.00000000
v 36.18959808 55.82823563 10.00000000
v 36.28028107 55.86579895 10.00000000
v 36.37269974 55.89886475 10.00000000
v 36.46662903 55.92735672 10.00000000
v 36.52997589 55.94377899 10.00000000
v 36.59382629 55.95811462 10.00000000
v 36.69039536 55.97568893 10.00000000
v 36.78770828 55.98849869 10.00000000
v 36.88553619 55.99652100 10.00000000
v 36.99182129 55.99986649 10.00000000
v 44.38807678 48.68413162 3.41192245
v 44.27276993 48.61881256 3.52722931
v 44.15439987 48.55922699 3.64559937
v 44.03324509 48.50552368 3.76675415
v 43.90960312 48.45783234 3.89039612
v 43.78376770 48.41625977 4.01623154
v 43.65604782 48.38091660 4.14395142
v 43.52674484 48.35187912 4.27325439
v 43.39617157 48.32922363 4.40382767
v 43.26464462 48.31299973 4.53535461
v 43.13248444 48.30325317 4.66751480
v 43.00000000 48.29999924 4.79999924
v 42.86751556 48.30325317 4.93248367
v 42.73535538 48.31299973 5.06464386
v 43.13248444 53.69674683 4.66751480
v 43.26464462 53.68700027 4.53535461
v 43.00000000 53.70000076 4.79999924
v 42.86751556 53.69674683 4.93248367
v 42.60382843 53.67077637 5.19617081
v 42.73535538 53.68700027 5.06464386
v 42.47325516 53.64812088 5.32674408
v 42.34395218 53.61908340 5.45604706
v 42.21623230 53.58374023 5.58376694
v 43.78376770 53.58374023 4.01623154
v 43.90960312 53.54216766 3.89039612
v 43.65604782 53.61908340 4.14395142
v 43.52674484 53.64812088 4.27325439
v 43.39617157 53.67077637 4.40382767
v 33.00013351 48.00000000 10.00000000
v 32.17639160 44.95852280 10.00000000
v 37.13489151 42.00000000 10.00000000
v 37.79999924 48.75601959 10.00000000
v 42.00000000 40.00000000 10.00000000
v 41.28713989 48.91287231 6.51285934
v 41.18679047 48.99943161 6.61320877
v 41.09081268 49.09081268 6.70918655
v 40.99943161 49.18679047 6.80056763
v 40.91287231 49.28713989 6.88712692
v 37.79999924 44.75000000 10.00000000
v 40.83134079 49.39161301 6.96865845
v 37.79999924 55.99987411 10.00000000
v 41.49996185 53.24496841 6.30003738
v 41.61192322 53.31586838 6.18807602
v 42.09039688 53.54216766 5.70960236
v 41.96675491 53.49447632 5.83324432
v 41.84560013 53.44077301 5.95439911
v 41.72723007 53.38118744 6.07276917
v 42.47325516 48.35187912 5.32674408
v 42.34395218 48.38091660 5.45604706
v 42.60382843 48.32922363 5.19617081
v 42.21623230 48.41625977 5.58376694
v 42.09039688 48.45783234 5.70960236
v 41.96675491 48.50552368 5.83324432
v 41.84560013 48.55922699 5.95439911
v 41.72723007 48.61881256 6.07276917
v 41.61192322 48.68413162 6.18807602
v 41.49996185 48.75503159 6.30003738
v 41.39161301 48.83134079 6.40838623
v 37.52836227 44.75000000 10.00000000
v 40.00000000 42.00000000 10.00000000
v 40.06543732 41.99892807 10.00000000
v 40.13080597 41.99571609 10.00000000
v 40.19603348 41.99036789 10.00000000
v 40.26105118 41.98289108 10.00000000
v 40.32579041 41.97328568 10.00000000
v 40.39018250 41.96157074 10.00000000
v 40.45415115 41.94775391 10.00000000
v 40.51763916 41.93185043 10.00000000
v 40.58057022 41.91387939 10.00000000
v 40.64287949 41.89385986 10.00000000
v 40.70449829 41.87181091 10.00000000
v 40.76536560 41.84775925 10.00000000
v 40.94279480 41.76384354 10.00000000
v 41.00000000 41.73205185 10.00000000
v 40.82541275 41.82172775 10.00000000
v 40.88457870 41.79374695 10.00000000
v 41.05613708 41.69840622 10.00000000
v 41.11114120 41.66294098 10.00000000
v 41.16495514 41.62569427 10.00000000
v 41.26878738 41.54602051 10.00000000
v 41.31869125 41.50368118 10.00000000
v 41.21752167 41.58670807 10.00000000
v 40.75503159 49.49996185 7.04496765
v 40.68413162 49.61192322 7.11586761
v 40.61881256 49.72723007 7.18118668
v 40.45783234 50.09039688 7.34216690
v 40.41625977 50.21623230 7.38373947
v 40.38091660 50.34395218 7.41908264
v 40.35187912 50.47325516 7.44812012
v 40.55922699 49.84560013 7.24077225
v 40.50552368 49.96675491 7.29447556
v 41.09081268 52.90918732 6.70918655
v 41.18679047 53.00056839 6.61320877
v 40.91287231 52.71286011 6.88712692
v 40.99943161 52.81320953 6.80056763
v 40.83134079 52.60838699 6.96865845
v 40.75503159 52.50003815 7.04496765
v 40.68413162 52.38807678 7.11586761
v 40.61881256 52.27276993 7.18118668
v 41.39161301 53.16865921 6.40838623
v 41.28713989 53.08712769 6.51285934
v 40.32922363 50.60382843 7.47077560
v 40.31299973 50.73535538 7.48699951
v 40.30325317 50.86751556 7.49674606
v 40.29999924 51.00000000 7.50000000
v 40.30325317 51.13248444 7.49674606
v 40.31299973 51.26464462 7.48699951
v 40.32922363 51.39617157 7.47077560
v 40.35187912 51.52674484 7.44812012
v 40.41625977 51.78376770 7.38373947
v 40.45783234 51.90960312 7.34216690
v 40.38091660 51.65604782 7.41908264
v 40.55922699 52.15439987 7.24077225
v 40.50552368 52.03324509 7.29447556
v 41.99892807 40.06543732 10.00000000
v 41.99571609 40.13080597 10.00000000
v 41.98289108 40.26105118 10.00000000
v 41.99036789 40.19603348 10.00000000
v 41.97328568 40.32579041 10.00000000
v 41.96157074 40.39018250 10.00000000
v 41.94775391 40.45415115 10.00000000
v 41.91387939 40.58057022 10.00000000
v 41.93185043 40.51763916 10.00000000
v 41.89385986 40.64287949 10.00000000
v 41.45972824 41.36718369 10.00000000
v 41.50368118 41.31869125 10.00000000
v 41.54602051 41.26878738 10.00000000
v 41.58670807 41.21752167 10.00000000
v 41.84775925 40.76536560 10.00000000
v 41.87181091 40.70449829 10.00000000
v 41.82172775 40.82541275 10.00000000
v 41.76384354 40.94279480 10.00000000
v 41.79374695 40.88457870 10.00000000
v 41.73205185 41.00000000 10.00000000
v 41.62569427 41.16495514 10.00000000
v 41.66294098 41.11114120 10.00000000
v 41.69840622 41.05613708 10.00000000
v 41.36718369 41.45972824 10.00000000
v 41.41421509 41.41421509 10.00000000
v 6.30159569 6.94386482 7.00000000
v 6.26794910 7.00000000 7.00000000
v 6.33706093 6.88885975 7.00000000
v 6.68130827 6.49632072 7.00000000
v 6.73121357 6.45397949 7.00000000
v 6.45397902 6.73121357 7.00000000
v 6.49632025 6.68130875 7.00000000
v 6.54027176 6.63281536 7.00000000
v 6.37430668 6.83504486 7.00000000
v 6.41329336 6.78247738 7.00000000
v 6.58578634 6.58578682 7.00000000
v 6.63281536 6.54027176 7.00000000
v 6.17827225 7.17458534 7.00000000
v 6.15224075 7.23463249 7.00000000
v 6.12818813 7.29549980 7.00000000
v 6.10613966 7.35712051 7.00000000
v 6.08611917 7.41943073 7.00000000
v 6.06814814 7.48236179 7.00000000
v 6.23615742 7.05720711 7.00000000
v 6.20625448 7.11542320 7.00000000
v 6.05224609 7.54584694 7.00000000
v 6.03842926 7.60981941 7.00000000
v 6.02671337 7.67420959 7.00000000
v 6.01711035 7.73894691 7.00000000
v 6.00963068 7.80396557 7.00000000
v 6.00428200 7.86919403 7.00000000
v 6.00107098 7.93456173 7.00000000
v 6.00000000 8.00000000 7.00000000
v 6.78247738 6.41329384 7.00000000
v 6.83504438 6.37430668 7.00000000
v 6.88885975 6.33706093 7.00000000
v 6.94386435 6.30159569 7.00000000
v 7.05720663 6.23615742 7.00000000
v 7.11542273 6.20625496 7.00000000
v 7.00000000 6.26794910 7.00000000
v 7.17458582 6.17827225 7.00000000
v 7.23463297 6.15224075 7.00000000
v 7.29549980 6.12818813 7.00000000
v 7.35712099 6.10614014 7.00000000
v 7.41943073 6.08611870 7.00000000
v 7.48236179 6.06814766 7.00000000
v 7.54584742 6.05224609 7.00000000
v 7.60981941 6.03842926 7.00000000
v 7.67420912 6.02671337 7.00000000
v 7.73894739 6.01711082 7.00000000
v 7.80396557 6.00963020 7.00000000
v 7.86919355 6.00428200 7.00000000
v 7.93456173 6.00107098 7.00000000
v 8.00000000 6.00000000 7.00000000
v 6.00000000 40.00000000 7.00000000
v 21.00000000 6.00000000 8.80000019
v 40.00000000 6.00000000 7.00000000
v 21.07539940 5.23696613 8.80000019
v 21.06698799 5.25099945 8.80000019
v 21.14644623 5.14744663 8.80000019
v 21.13506889 5.15920448 8.80000019
v 21.11349487 5.18380356 8.80000019
v 21.12408066 5.17132759 8.80000019
v 21.09357643 5.20976067 8.80000019
v 21.10332298 5.19661903 8.80000019
v 21.08426476 5.22321510 8.80000019
v 21.26430130 5.06003952 8.80000019
v 21.27885628 5.05256367 8.80000019
v 21.29364586 5.04556847 8.80000019
v 21.15820312 5.13606834 8.80000019
v 21.17032623 5.12508011 8.80000019
v 21.18280411 5.11449432 8.80000019
v 21.20876122 5.09457684 8.80000019
v 21.22221565 5.08526516 8.80000019
v 21.19561958 5.10432339 8.80000019
v 21.25000000 5.06798744 8.80000019
v 21.23596573 5.07639885 8.80000019
v 21.32387543 5.03304672 8.80000019
v 21.30865860 5.03906059 8.80000019
v 21.33928108 5.02753448 8.80000019
v 21.35485840 5.02252960 8.80000019
v 21.37059021 5.01803780 8.80000019
v 21.38646126 5.01406097 8.80000019
v 21.40245438 5.01060677 8.80000019
v 21.41855240 5.00767899 8.80000019
v 21.43473625 5.00527763 8.80000019
v 21.00960732 5.40345478 8.80000019
v 21.00667763 5.41955185 8.80000019
v 21.00427818 5.43573761 8.80000019
v 21.00240707 5.45199203 8.80000019
v 21.00107002 5.46829796 8.80000019
v 21.00026703 5.48464012 8.80000019
v 21.00000000 5.50099945 8.80000019
v 21.05904007 5.26530170 8.80000019
v 21.05156326 5.27985573 8.80000019
v 21.04456902 5.29464626 8.80000019
v 21.03806114 5.30965805 8.80000019
v 21.03204727 5.32487488 8.80000019
v 21.02653503 5.34028053 8.80000019
v 21.02153015 5.35585785 8.80000019
v 21.01703644 5.37159061 8.80000019
v 21.01306152 5.38746166 8.80000019
v 21.45099068 5.00340748 8.80000019
v 21.46729851 5.00207043 8.80000019
v 21.48364067 5.00126839 8.80000019
v 21.50000000 5.00099945 8.80000019
v 26.50000000 5.00099945 8.80000019
v 6.00428200 40.13080597 7.00000000
v 6.00107098 40.06543732 7.00000000
v 6.00963068 40.19603348 7.00000000
v 6.01711035 40.26105118 7.00000000
v 6.02671337 40.32579041 7.00000000
v 6.03842926 40.39018250 7.00000000
v 6.05224609 40.45415115 7.00000000
v 6.06814814 40.51763916 7.00000000
v 6.08611917 40.58057022 7.00000000
v 6.10613966 40.64287949 7.00000000
v 6.12818813 40.70449829 7.00000000
v 6.15224075 40.76536560 7.00000000
v 6.17827225 40.82541275 7.00000000
v 6.20625448 40.88457870 7.00000000
v 6.23615742 40.94279480 7.00000000
v 6.26794910 41.00000000 7.00000000
v 6.30159569 41.05613708 7.00000000
v 6.33706093 41.11114120 7.00000000
v 6.37430668 41.16495514 7.00000000
v 6.41329336 41.21752167 7.00000000
v 6.45397902 41.26878738 7.00000000
v 6.49632025 41.31869125 7.00000000
v 6.54027176 41.36718369 7.00000000
v 6.58578634 41.41421509 7.00000000
v 6.63281536 41.45972824 7.00000000
v 6.68130827 41.50368118 7.00000000
v 6.73121357 41.54602051 7.00000000
v 6.78247738 41.58670807 7.00000000
v 6.83504438 41.62569427 7.00000000
v 6.88885975 41.66294098 7.00000000
v 6.94386435 41.69840622 7.00000000
v 7.00000000 41.73205185 7.00000000
v 7.05720663 41.76384354 7.00000000
v 7.11542273 41.79374695 7.00000000
v 7.17458582 41.82172775 7.00000000
v 7.23463297 41.84775925 7.00000000
v 7.29549980 41.87181091 7.00000000
v 7.35712099 41.89385986 7.00000000
v 7.41943073 41.91387939 7.00000000
v 7.48236179 41.93185043 7.00000000
v 7.54584742 41.94775391 7.00000000
v 7.60981941 41.96157074 7.00000000
v 7.67420912 41.97328568 7.00000000
v 7.73894739 41.98289108 7.00000000
v 7.80396557 41.99036789 7.00000000
v 7.86919355 41.99571609 7.00000000
v 7.93456173 41.99892807 7.00000000
v 8.00000000 42.00000000 7.00000000
v 40.00000000 42.00000000 7.00000000
v 27.00000000 6.00000000 8.80000019
v 26.51635933 5.00126839 8.80000019
v 26.53270149 5.00207043 8.80000019
v 26.54900932 5.00340748 8.80000019
v 26.56526375 5.00527763 8.80000019
v 26.58144760 5.00767899 8.80000019
v 26.59754562 5.01060677 8.80000019
v 26.61353874 5.01406097 8.80000019
v 26.62940979 5.01803780 8.80000019
v 26.64514160 5.02252960 8.80000019
v 26.66071892 5.02753448 8.80000019
v 26.67612457 5.03304672 8.80000019
v 26.69134140 5.03906059 8.80000019
v 26.70635414 5.04556847 8.80000019
v 26.72114372 5.05256367 8.80000019
v 26.73569870 5.06003952 8.80000019
v 26.75000000 5.06798744 8.80000019
v 26.76403427 5.07639885 8.80000019
v 26.77778435 5.08526516 8.80000019
v 26.79123878 5.09457684 8.80000019
v 26.80438042 5.10432339 8.80000019
v 26.81719589 5.11449432 8.80000019
v 26.82967377 5.12508011 8.80000019
v 26.84179688 5.13606834 8.80000019
v 26.85355377 5.14744663 8.80000019
v 26.86493111 5.15920448 8.80000019
v 26.87591934 5.17132759 8.80000019
v 26.88650513 5.18380356 8.80000019
v 26.89667702 5.19661903 8.80000019
v 26.90642357 5.20976067 8.80000019
v 26.91573524 5.22321510 8.80000019
v 26.92460060 5.23696613 8.80000019
v 26.93301201 5.25099945 8.80000019
v 26.94095993 5.26530170 8.80000019
v 26.94843674 5.27985573 8.80000019
v 26.95543098 5.29464626 8.80000019
v 26.96193886 5.30965805 8.80000019
v 26.96795273 5.32487488 8.80000019
v 26.97346497 5.34028053 8.80000019
v 26.97846985 5.35585785 8.80000019
v 26.98296356 5.37159061 8.80000019
v 26.98693848 5.38746166 8.80000019
v 26.99039268 5.40345478 8.80000019
v 26.99332237 5.41955185 8.80000019
v 26.99572182 5.43573761 8.80000019
v 26.99759293 5.45199203 8.80000019
v 26.99892998 5.46829796 8.80000019
v 26.99973297 5.48464012 8.80000019
v 27.00000000 5.50099945 8.80000019
v 40.06543732 6.00107098 7.00000000
v 40.13080597 6.00428200 7.00000000
v 40.19603348 6.00963020 7.00000000
v 40.26105118 6.01711082 7.00000000
v 40.32579041 6.02671337 7.00000000
v 40.39018250 6.03842926 7.00000000
v 40.45415115 6.05224609 7.00000000
v 40.51763916 6.06814766 7.00000000
v 40.58057022 6.08611870 7.00000000
v 40.64287949 6.10614014 7.00000000
v 40.70449829 6.12818813 7.00000000
v 40.76536560 6.15224075 7.00000000
v 40.82541275 6.17827225 7.00000000
v 40.88457870 6.20625496 7.00000000
v 40.94279480 6.23615742 7.00000000
v 41.00000000 6.26794910 7.00000000
v 41.05613708 6.30159569 7.00000000
v 41.11114120 6.33706093 7.00000000
v 41.16495514 6.37430668 7.00000000
v 41.21752167 6.41329384 7.00000000
v 41.26878738 6.45397949 7.00000000
v 41.31869125 6.49632072 7.00000000
v 41.36718369 6.54027176 7.00000000
v 41.41421509 6.58578682 7.00000000
v 41.45972824 6.63281536 7.00000000
v 41.50368118 6.68130875 7.00000000
v 41.54602051 6.73121357 7.00000000
v 41.58670807 6.78247738 7.00000000
v 41.62569427 6.83504486 7.00000000
v 41.66294098 6.88885975 7.00000000
v 41.69840622 6.94386482 7.00000000
v 41.73205185 7.00000000 7.00000000
v 41.76384354 7.05720711 7.00000000
v 41.79374695 7.11542320 7.00000000
v 41.82172775 7.17458534 7.00000000
v 41.84775925 7.23463249 7.00000000
v 41.87181091 7.29549980 7.00000000
v 41.89385986 7.35712051 7.00000000
v 41.91387939 7.41943073 7.00000000
v 41.93185043 7.48236179 7.00000000
v 41.94775391 7.54584694 7.00000000
v 41.96157074 7.60981941 7.00000000
v 41.97328568 7.67420959 7.00000000
v 41.98289108 7.73894691 7.00000000
v 41.99036789 7.80396557 7.00000000
v 41.99571609 7.86919403 7.00000000
v 41.99892807 7.93456173 7.00000000
v 42.00000000 8.00000000 7.00000000
v 42.00000000 40.00000000 7.00000000
v 40.06543732 41.99892807 7.00000000
v 40.13080597 41.99571609 7.00000000
v 40.19603348 41.99036789 7.00000000
v 40.26105118 41.98289108 7.00000000
v 40.32579041 41.97328568 7.00000000
v 40.39018250 41.96157074 7.00000000
v 40.45415115 41.94775391 7.00000000
v 40.51763916 41.93185043 7.00000000
v 40.58057022 41.91387939 7.00000000
v 40.64287949 41.89385986 7.00000000
v 40.70449829 41.87181091 7.00000000
v 41.36718369 41.45972824 7.00000000
v 41.31869125 41.50368118 7.00000000
v 41.41421509 41.41421509 7.00000000
v 41.54602051 41.26878738 7.00000000
v 41.50368118 41.31869125 7.00000000
v 41.45972824 41.36718369 7.00000000
v 41.82172775 40.82541275 7.00000000
v 41.79374695 40.88457870 7.00000000
v 41.76384354 40.94279480 7.00000000
v 41.73205185 41.00000000 7.00000000
v 41.69840622 41.05613708 7.00000000
v 41.66294098 41.11114120 7.00000000
v 41.58670807 41.21752167 7.00000000
v 41.62569427 41.16495514 7.00000000
v 40.76536560 41.84775925 7.00000000
v 40.82541275 41.82172775 7.00000000
v 40.88457870 41.79374695 7.00000000
v 40.94279480 41.76384354 7.00000000
v 41.00000000 41.73205185 7.00000000
v 41.11114120 41.66294098 7.00000000
v 41.05613708 41.69840622 7.00000000
v 41.16495514 41.62569427 7.00000000
v 41.26878738 41.54602051 7.00000000
v 41.21752167 41.58670807 7.00000000
v 41.99892807 40.06543732 7.00000000
v 41.99571609 40.13080597 7.00000000
v 41.99036789 40.19603348 7.00000000
v 41.98289108 40.26105118 7.00000000
v 41.97328568 40.32579041 7.00000000
v 41.96157074 40.39018250 7.00000000
v 41.94775391 40.45415115 7.00000000
v 41.93185043 40.51763916 7.00000000
v 41.91387939 40.58057022 7.00000000
v 41.87181091 40.70449829 7.00000000
v 41.84775925 40.76536560 7.00000000
v 41.89385986 40.64287949 7.00000000
v 48.20000000 -8.00000000 0.00000000
v 48.20000000 3.25000000 0.00000000
v 48.99181671 -8.00000000 0.00000000
v 45.10526962 -3.63862610 3.09473038
v 45.13406677 -3.53455639 3.06593323
v 45.07139511 -3.74115753 3.12860489
v 45.03253479 -3.84190369 3.16746521
v 44.98877640 -3.94062138 3.21122360
v 44.94022675 -4.03707266 3.25977325
v 45.15772552 -3.42919874 3.04227448
v 45.17618866 -3.32280731 3.02381134
v 45.18940659 -3.21563768 3.01059341
v 45.19734879 -3.10794878 3.00265121
v 45.20000000 -3.00000000 3.00000000
v 45.19734879 -2.89205122 3.00265121
v 45.18940659 -2.78436232 3.01059341
v 45.17618866 -2.67719269 3.02381134
v 45.15772552 -2.57080126 3.04227448
v 45.13406677 -2.46544361 3.06593323
v 45.10526962 -2.36137390 3.09473038
v 45.07139511 -2.25884247 3.12860489
v 44.76705475 -4.31053829 3.43294525
v 44.82923050 -4.22225475 3.37076950
v 44.70062180 -4.39566517 3.49937820
v 44.88700027 -4.13102627 3.31299973
v 44.63009186 -4.47742987 3.56990814
v 44.55563278 -4.55563498 3.64436722
v 44.47742767 -4.63009262 3.72257233
v 43.12499924 3.00000000 5.07500076
v 48.20000000 27.00289154 0.00000000
v 49.08177872 -7.99812651 0.00000000
v 49.14711304 -7.99438047 0.00000000
v 49.21229095 -7.98849916 0.00000000
v 49.27723618 -7.98048878 0.00000000
v 49.34188766 -7.97035742 0.00000000
v 49.40617294 -7.95811605 0.00000000
v 49.47002335 -7.94377804 0.00000000
v 49.53337021 -7.92735863 0.00000000
v 49.62729950 -7.89886570 0.00000000
v 49.68909378 -7.87732410 0.00000000
v 49.75014801 -7.85377264 0.00000000
v 49.81040115 -7.82823610 0.00000000
v 49.86978455 -7.80074167 0.00000000
v 49.92823715 -7.77131891 0.00000000
v 49.98569794 -7.73999929 0.00000000
v 50.04209824 -7.70681667 0.00000000
v 50.09738846 -7.67180634 0.00000000
v 50.15149994 -7.63500547 0.00000000
v 50.20437927 -7.59645414 0.00000000
v 50.25596924 -7.55619287 0.00000000
v 50.30621262 -7.51426554 0.00000000
v 50.37894363 -7.44834852 0.00000000
v 50.42559357 -7.40245533 0.00000000
v 50.47071762 -7.35506058 0.00000000
v 50.51426620 -7.30621433 0.00000000
v 50.55619354 -7.25597000 0.00000000
v 50.61594696 -7.17809820 0.00000000
v 50.65362473 -7.12459517 0.00000000
v 50.68953629 -7.06988764 0.00000000
v 50.73999710 -6.98569727 0.00000000
v 50.77131958 -6.92823839 0.00000000
v 50.80074234 -6.86978579 0.00000000
v 50.82823486 -6.81040144 0.00000000
v 50.85377045 -6.75014925 0.00000000
v 50.87732239 -6.68909359 0.00000000
v 50.89886398 -6.62730026 0.00000000
v 50.91837234 -6.56483555 0.00000000
v 50.93582840 -6.50176573 0.00000000
v 50.95120926 -6.43815851 0.00000000
v 50.97035522 -6.34188938 0.00000000
v 50.98048706 -6.27723789 0.00000000
v 50.98849792 -6.21228981 0.00000000
v 50.99438019 -6.14711428 0.00000000
v 50.99812622 -6.08178139 0.00000000
v 50.99999924 -5.99181890 0.00000000
v 50.99999924 -2.82830763 0.00000000
v 51.00109787 -2.76198578 0.00000000
v 51.00439758 -2.69573641 0.00000000
v 51.00989075 -2.62963295 0.00000000
v 51.01757355 -2.56374836 0.00000000
v 51.02743835 -2.49815464 0.00000000
v 51.03946991 -2.43292332 0.00000000
v 51.05366058 -2.36812782 0.00000000
v 51.06999130 -2.30383825 0.00000000
v 51.08844299 -2.24012566 0.00000000
v 51.10900040 -2.17706013 0.00000000
v 51.13163681 -2.11471081 0.00000000
v 43.12499924 3.25000000 0.00000000
v 43.12499924 3.25000000 5.07500076
v 38.20000000 -8.00000000 10.00000000
v 43.74115677 -5.07139683 4.45884323
v 44.70062180 -1.60433483 3.49937820
v 44.63009186 -1.52257013 3.56990814
v 44.55563278 -1.44436502 3.64436722
v 44.47742767 -1.36990738 3.72257233
v 44.39566345 -1.29937696 3.80433655
v 44.31053848 -1.23294353 3.88946152
v 44.22225494 -1.17076683 3.97774506
v 44.13102646 -1.11299706 4.06897354
v 44.03707047 -1.05977345 4.16292953
v 43.94061966 -1.01122379 4.25938034
v 43.84190292 -0.96746492 4.35809708
v 43.74115677 -0.92860317 4.45884323
v 43.53455658 -0.86593151 4.66544342
v 43.42919846 -0.84227228 4.77080154
v 43.32280655 -0.82381153 4.87719345
v 43.21563644 -0.81059361 4.98436356
v 43.63862534 -0.89473152 4.56137466
v 43.84190292 -5.03253508 4.35809708
v 43.94061966 -4.98877621 4.25938034
v 44.31053848 -4.76705647 3.88946152
v 44.39566345 -4.70062304 3.80433655
v 44.22225494 -4.82923317 3.97774506
v 44.13102646 -4.88700294 4.06897354
v 44.03707047 -4.94022655 4.16292953
v 48.99181671 -8.00000000 10.00000000
v 49.08177872 -7.99812651 10.00000000
v 49.14711304 -7.99438047 10.00000000
v 49.21229095 -7.98849916 10.00000000
v 49.27723618 -7.98048878 10.00000000
v 49.34188766 -7.97035742 10.00000000
v 49.40617294 -7.95811605 10.00000000
v 49.47002335 -7.94377804 10.00000000
v 49.53337021 -7.92735863 10.00000000
v 49.62729950 -7.89886570 10.00000000
v 49.68909378 -7.87732410 10.00000000
v 49.75014801 -7.85377264 10.00000000
v 49.81040115 -7.82823610 10.00000000
v 49.86978455 -7.80074167 10.00000000
v 49.92823715 -7.77131891 10.00000000
v 49.98569794 -7.73999929 10.00000000
v 50.04209824 -7.70681667 10.00000000
v 50.09738846 -7.67180634 10.00000000
v 45.03253479 -2.15809631 3.16746521
v 44.98877640 -2.05937862 3.21122360
v 44.94022675 -1.96292734 3.25977325
v 44.88700027 -1.86897373 3.31299973
v 44.82923050 -1.77774525 3.37076950
v 44.76705475 -1.68946171 3.43294525
v 43.12499924 44.75000000 5.07500076
v 51.15632935 -2.05314636 0.00000000
v 51.18304749 -1.99243450 0.00000000
v 51.21176453 -1.93264198 0.00000000
v 51.24244995 -1.87383461 0.00000000
v 51.27506561 -1.81607723 0.00000000
v 51.30958099 -1.75943375 0.00000000
v 51.34595795 -1.70396519 0.00000000
v 51.38415070 -1.64973402 0.00000000
v 51.42412109 -1.59679890 0.00000000
v 51.46582718 -1.54521847 0.00000000
v 51.50921936 -1.49504948 0.00000000
v 52.99986572 0.00000000 0.00000000
v 64.45095749 1.10382462 0.00000000
v 64.99999924 0.00000000 0.00000000
v 50.15149994 -7.63500547 10.00000000
v 50.20437927 -7.59645414 10.00000000
v 50.25596924 -7.55619287 10.00000000
v 50.30621262 -7.51426554 10.00000000
v 50.37894363 -7.44834852 10.00000000
v 50.42559357 -7.40245533 10.00000000
v 50.47071762 -7.35506058 10.00000000
v 50.51426620 -7.30621433 10.00000000
v 50.55619354 -7.25597000 10.00000000
v 50.61594696 -7.17809820 10.00000000
v 50.65362473 -7.12459517 10.00000000
v 50.68953629 -7.06988764 10.00000000
v 50.73999710 -6.98569727 10.00000000
v 50.77131958 -6.92823839 10.00000000
v 50.80074234 -6.86978579 10.00000000
v 50.82823486 -6.81040144 10.00000000
v 50.85377045 -6.75014925 10.00000000
v 50.87732239 -6.68909359 10.00000000
v 50.89886398 -6.62730026 10.00000000
v 50.91837234 -6.56483555 10.00000000
v 50.93582840 -6.50176573 10.00000000
v 50.95120926 -6.43815851 10.00000000
v 50.97035522 -6.34188938 10.00000000
v 50.98048706 -6.27723789 10.00000000
v 50.98849792 -6.21228981 10.00000000
v 50.99438019 -6.14711428 10.00000000
v 50.99812622 -6.08178139 10.00000000
v 50.99999924 -5.99181890 10.00000000
v 50.99999924 -2.82830763 10.00000000
v 51.00109787 -2.76198578 10.00000000
v 51.00439758 -2.69573641 10.00000000
v 51.00989075 -2.62963295 10.00000000
v 51.01757355 -2.56374836 10.00000000
v 51.02743835 -2.49815464 10.00000000
v 51.03946991 -2.43292332 10.00000000
v 51.05366058 -2.36812782 10.00000000
v 51.06999130 -2.30383825 10.00000000
v 51.08844299 -2.24012566 10.00000000
v 51.10900040 -2.17706013 10.00000000
v 51.13163681 -2.11471081 10.00000000
v 51.15632935 -2.05314636 10.00000000
v 51.18304749 -1.99243450 10.00000000
v 51.21176453 -1.93264198 10.00000000
v 51.24244995 -1.87383461 10.00000000
v 51.27506561 -1.81607723 10.00000000
v 51.30958099 -1.75943375 10.00000000
v 51.34595795 -1.70396519 10.00000000
v 51.38415070 -1.64973402 10.00000000
v 51.42412109 -1.59679890 10.00000000
v 51.46582718 -1.54521847 10.00000000
v 51.55425186 -1.44634676 0.00000000
v 51.50921936 -1.49504948 10.00000000
v 51.60087509 -1.39916420 0.00000000
v 51.55425186 -1.44634676 10.00000000
v 51.64903564 -1.35355377 0.00000000
v 51.60087509 -1.39916420 10.00000000
v 51.69868393 -1.30956554 0.00000000
v 51.64903564 -1.35355377 10.00000000
v 51.74976273 -1.26724768 0.00000000
v 51.69868393 -1.30956554 10.00000000
v 51.80221481 -1.22664738 0.00000000
v 51.74976273 -1.26724768 10.00000000
v 51.85598679 -1.18780804 0.00000000
v 51.80221481 -1.22664738 10.00000000
v 51.91101761 -1.15077400 0.00000000
v 51.85598679 -1.18780804 10.00000000
v 51.96724625 -1.11558485 0.00000000
v 51.91101761 -1.15077400 10.00000000
v 52.02460785 -1.08227921 0.00000000
v 51.96724625 -1.11558485 10.00000000
v 52.08304520 -1.05089474 0.00000000
v 52.02460785 -1.08227921 10.00000000
v 52.14248962 -1.02146530 0.00000000
v 52.08304520 -1.05089474 10.00000000
v 52.20288010 -0.99402285 0.00000000
v 52.14248962 -1.02146530 10.00000000
v 52.26414413 -0.96859837 0.00000000
v 52.20288010 -0.99402285 10.00000000
v 52.39769287 -0.91737223 0.00000000
v 52.26414413 -0.96859837 10.00000000
v 52.45683975 -0.88939762 0.00000000
v 52.39769287 -0.91737223 10.00000000
v 52.51403351 -0.85761452 0.00000000
v 52.45683975 -0.88939762 10.00000000
v 52.54181595 -0.84033632 0.00000000
v 52.51403351 -0.85761452 10.00000000
v 52.59561844 -0.80310059 0.00000000
v 52.54181595 -0.84033632 10.00000000
v 52.62157745 -0.78318262 0.00000000
v 52.59561844 -0.80310059 10.00000000
v 52.67146606 -0.74085283 0.00000000
v 52.62157745 -0.78318262 10.00000000
v 52.71848221 -0.69535017 0.00000000
v 52.67146606 -0.74085283 10.00000000
v 52.76242371 -0.64687061 0.00000000
v 52.71848221 -0.69535017 10.00000000
v 52.80309982 -0.59562063 0.00000000
v 52.76242371 -0.64687061 10.00000000
v 52.84033508 -0.54182005 0.00000000
v 52.80309982 -0.59562063 10.00000000
v 52.87397308 -0.48569918 0.00000000
v 52.84033508 -0.54182005 10.00000000
v 52.90386887 -0.42749882 0.00000000
v 52.87397308 -0.48569918 10.00000000
v 52.92989273 -0.36746788 0.00000000
v 52.90386887 -0.42749882 10.00000000
v 52.94141693 -0.33684587 0.00000000
v 52.92989273 -0.36746788 10.00000000
v 52.96143265 -0.27455282 0.00000000
v 52.94141693 -0.33684587 10.00000000
v 52.97732849 -0.21108437 0.00000000
v 52.96143265 -0.27455282 10.00000000
v 52.98371429 -0.17899418 0.00000000
v 52.97732849 -0.21108437 10.00000000
v 52.99331207 -0.11427259 0.00000000
v 52.98371429 -0.17899418 10.00000000
v 52.99652023 -0.08171129 0.00000000
v 52.99331207 -0.11427259 10.00000000
v 52.99652023 -0.08171129 10.00000000
v 64.99999924 0.00000000 10.00000000
v 49.21224518 31.74057770 0.00000000
v 64.72971268 1.08111477 0.00000000
v 42.57080002 -5.15772772 5.62919998
v 42.67719193 -5.17618847 5.52280807
v 42.46544189 -5.13406849 5.73455811
v 42.25884171 -5.07139683 5.94115829
v 42.36137314 -5.10526848 5.83862686
v 42.15809555 -5.03253508 6.04190445
v 42.05937881 -4.98877621 6.14062119
v 41.96292801 -4.94022655 6.23707199
v 43.63862534 -5.10526848 4.56137466
v 43.42919846 -5.15772772 4.77080154
v 43.53455658 -5.13406849 4.66544342
v 43.32280655 -5.17618847 4.87719345
v 43.10794754 -5.19735003 5.09205246
v 43.21563644 -5.18940639 4.98436356
v 42.99999924 -5.19999981 5.20000076
v 42.89205093 -5.19735003 5.30794907
v 42.78436203 -5.18940639 5.41563797
v 42.46544189 -0.86593151 5.73455811
v 42.36137314 -0.89473152 5.83862686
v 42.25884171 -0.92860317 5.94115829
v 43.10794754 -0.80264997 5.09205246
v 42.99999924 -0.80000019 5.20000076
v 42.89205093 -0.80264997 5.30794907
v 42.78436203 -0.81059361 5.41563797
v 42.67719193 -0.82381153 5.52280807
v 42.57080002 -0.84227228 5.62919998
v 42.15809555 -0.96746492 6.04190445
v 42.05937881 -1.01122379 6.14062119
v 41.96292801 -1.05977345 6.23707199
v 38.20000000 3.00000000 10.00000000
v 43.12499924 3.25000000 10.00000000
v 41.44436569 -4.55563498 6.75563431
v 41.52257080 -4.63009262 6.67742920
v 41.86897202 -4.88700294 6.33102798
v 41.77774353 -4.82923317 6.42225647
v 41.68945999 -4.76705647 6.51054001
v 41.60433502 -4.70062304 6.59566498
v 41.36990662 -4.47742987 6.83009338
v 41.23294373 -4.31053829 6.96705627
v 41.29937668 -4.39566517 6.90062332
v 41.17076797 -4.22225475 7.02923203
v 41.11299820 -4.13102627 7.08700180
v 41.05977173 -4.03707266 7.14022827
v 41.01122208 -3.94062138 7.18877792
v 40.96746368 -3.84190369 7.23253632
v 40.92860336 -3.74115753 7.27139664
v 41.29937668 -1.60433483 6.90062332
v 41.23294373 -1.68946171 6.96705627
v 41.36990662 -1.52257013 6.83009338
v 41.17076797 -1.77774525 7.02923203
v 41.11299820 -1.86897373 7.08700180
v 41.05977173 -1.96292734 7.14022827
v 41.01122208 -2.05937862 7.18877792
v 40.89472885 -3.63862610 7.30527115
v 40.84227295 -3.42919874 7.35772705
v 40.86593170 -3.53455639 7.33406830
v 40.82380981 -3.32280731 7.37619019
v 40.81059189 -3.21563768 7.38940811
v 40.80264969 -3.10794878 7.39735031
v 40.79999847 -3.00000000 7.40000153
v 40.92860336 -2.25884247 7.27139664
v 40.89472885 -2.36137390 7.30527115
v 40.80264969 -2.89205122 7.39735031
v 40.81059189 -2.78436232 7.38940811
v 40.82380981 -2.67719269 7.37619019
v 40.86593170 -2.46544361 7.33406830
v 40.84227295 -2.57080126 7.35772705
v 40.96746368 -2.15809631 7.23253632
v 40.44242783 -4.36705065 10.00000000
v 40.37842865 -4.23990965 10.00000000
v 40.32074661 -4.10978222 10.00000000
v 40.26952286 -3.97698069 10.00000000
v 40.22487183 -3.84182549 10.00000000
v 40.18690796 -3.70464230 10.00000000
v 40.15572281 -3.56576204 10.00000000
v 40.13138885 -3.42551804 10.00000000
v 40.11396332 -3.28424978 10.00000000
v 40.10349197 -3.14229631 10.00000000
v 40.09999771 -3.00000000 10.00000000
v 40.10349197 -2.85770369 10.00000000
v 40.11396332 -2.71575022 10.00000000
v 40.13138885 -2.57448196 10.00000000
v 40.15572281 -2.43423796 10.00000000
v 40.18690796 -2.29535770 10.00000000
v 40.22487183 -2.15817451 10.00000000
v 40.26952286 -2.02301931 10.00000000
v 41.16025848 -5.24173021 10.00000000
v 41.05247803 -5.14875793 10.00000000
v 40.94938965 -5.05060959 10.00000000
v 41.27247162 -5.32930183 10.00000000
v 41.50910110 -5.48741293 10.00000000
v 41.38884659 -5.41126156 10.00000000
v 42.15817184 -5.77512693 10.00000000
v 42.02301712 -5.73047781 10.00000000
v 41.76008911 -5.62156868 10.00000000
v 41.63294907 -5.55757141 10.00000000
v 41.89021606 -5.67925072 10.00000000
v 42.29535599 -5.81309032 10.00000000
v 40.67069931 -4.72752810 10.00000000
v 40.58873672 -4.61115360 10.00000000
v 40.75826950 -4.83974075 10.00000000
v 40.51258774 -4.49089813 10.00000000
v 40.85124130 -4.94752121 10.00000000
v 40.32074661 -1.89021778 10.00000000
v 40.37842865 -1.76009035 10.00000000
v 40.44242783 -1.63294935 10.00000000
v 40.51258774 -1.50910187 10.00000000
v 41.52257080 -1.36990738 6.67742920
v 41.44436569 -1.44436502 6.75563431
v 41.86897202 -1.11299706 6.33102798
v 41.77774353 -1.17076683 6.42225647
v 41.68945999 -1.23294353 6.51054001
v 41.60433502 -1.29937696 6.59566498
v 43.12499924 3.00000000 10.00000000
v 40.58873672 -1.38884640 10.00000000
v 40.67069931 -1.27247190 10.00000000
v 40.75826950 -1.16025925 10.00000000
v 40.85124130 -1.05247879 10.00000000
v 40.94938965 -0.94939041 10.00000000
v 41.05247803 -0.85124207 10.00000000
v 41.16025848 -0.75826979 10.00000000
v 41.27247162 -0.67069817 10.00000000
v 41.38884659 -0.58873844 10.00000000
v 41.50910110 -0.51258707 10.00000000
v 41.63294907 -0.44242859 10.00000000
v 41.76008911 -0.37843132 10.00000000
v 41.89021606 -0.32074928 10.00000000
v 42.02301712 -0.26952219 10.00000000
v 42.15817184 -0.22487307 10.00000000
v 42.29535599 -0.18690968 10.00000000
v 42.43423767 -0.15572262 10.00000000
v 42.57448120 -0.13138819 10.00000000
v 42.71575089 -0.11396408 10.00000000
v 42.85770340 -0.10349321 10.00000000
v 42.99999924 -0.09999990 10.00000000
v 43.14229507 -0.10349321 10.00000000
v 43.28424759 -0.11396408 10.00000000
v 43.42551727 -0.13138819 10.00000000
v 43.56576080 -0.15572262 10.00000000
v 43.70464249 -0.18690968 10.00000000
v 43.84182663 -0.22487307 10.00000000
v 43.97698135 -0.26952219 10.00000000
v 44.10978241 -0.32074928 10.00000000
v 44.23990936 -0.37843132 10.00000000
v 44.36704941 -0.44242859 10.00000000
v 44.49089737 -0.51258707 10.00000000
v 44.61115189 -0.58873844 10.00000000
v 44.72752686 -0.67069817 10.00000000
v 43.17066879 3.25000000 10.00000000
v 43.30445786 4.08994102 10.00000000
v 43.43990250 4.72387123 10.00000000
v 44.08611984 7.41943073 10.00000000
v 44.00107117 7.93456173 10.00000000
v 44.10613937 7.35712051 10.00000000
v 44.12818832 7.29549980 10.00000000
v 44.49631805 6.68130875 10.00000000
v 44.45397873 6.73121357 10.00000000
v 44.54027100 6.63281536 10.00000000
v 44.68130798 6.49632072 10.00000000
v 44.63281555 6.54027176 10.00000000
v 44.58578415 6.58578682 10.00000000
v 44.26794739 7.00000000 10.00000000
v 44.23615570 7.05720711 10.00000000
v 44.20625229 7.11542320 10.00000000
v 44.33705826 6.88885975 10.00000000
v 44.30159302 6.94386482 10.00000000
v 44.41329117 6.78247738 10.00000000
v 44.37430496 6.83504486 10.00000000
v 44.17827148 7.17458534 10.00000000
v 44.15223999 7.23463249 10.00000000
v 43.99999924 8.00000000 10.00000000
v 44.06814880 7.48236179 10.00000000
v 44.05224533 7.54584694 10.00000000
v 44.03842850 7.60981941 10.00000000
v 44.02671356 7.67420959 10.00000000
v 44.01710815 7.73894691 10.00000000
v 44.00963135 7.80396557 10.00000000
v 44.00428314 7.86919403 10.00000000
v 42.43423767 -5.84427738 10.00000000
v 42.57448120 -5.86861181 10.00000000
v 42.71575089 -5.88603592 10.00000000
v 42.85770340 -5.89650679 10.00000000
v 42.99999924 -5.90000010 10.00000000
v 43.14229507 -5.89650679 10.00000000
v 43.28424759 -5.88603592 10.00000000
v 43.42551727 -5.86861181 10.00000000
v 43.56576080 -5.84427738 10.00000000
v 43.70464249 -5.81309032 10.00000000
v 43.84182663 -5.77512693 10.00000000
v 43.97698135 -5.73047781 10.00000000
v 44.10978241 -5.67925072 10.00000000
v 44.23990936 -5.62156868 10.00000000
v 44.36704941 -5.55757141 10.00000000
v 44.49089737 -5.48741293 10.00000000
v 44.61115189 -5.41126156 10.00000000
v 44.72752686 -5.32930183 10.00000000
v 44.83973999 -5.24173021 10.00000000
v 44.94752045 -5.14875793 10.00000000
v 45.05060883 -5.05060959 10.00000000
v 45.14875717 -4.94752121 10.00000000
v 45.24172897 -4.83974075 10.00000000
v 45.32929916 -4.72752810 10.00000000
v 45.41126175 -4.61115360 10.00000000
v 45.48741074 -4.49089813 10.00000000
v 45.55757065 -4.36705065 10.00000000
v 45.62156982 -4.23990965 10.00000000
v 45.67925186 -4.10978222 10.00000000
v 45.73047562 -3.97698069 10.00000000
v 45.77512665 -3.84182549 10.00000000
v 45.81309052 -3.70464230 10.00000000
v 45.84427567 -3.56576204 10.00000000
v 45.86860962 -3.42551804 10.00000000
v 45.88603516 -3.28424978 10.00000000
v 45.89650650 -3.14229631 10.00000000
v 45.90000076 -3.00000000 10.00000000
v 45.88603516 -2.71575022 10.00000000
v 45.89650650 -2.85770369 10.00000000
v 45.86860962 -2.57448196 10.00000000
v 45.84427567 -2.43423796 10.00000000
v 45.77512665 -2.15817451 10.00000000
v 45.81309052 -2.29535770 10.00000000
v 45.73047562 -2.02301931 10.00000000
v 45.48741074 -1.50910187 10.00000000
v 45.55757065 -1.63294935 10.00000000
v 45.62156982 -1.76009035 10.00000000
v 45.67925186 -1.89021778 10.00000000
v 44.83973999 -0.75826979 10.00000000
v 44.94752045 -0.85124207 10.00000000
v 45.05060883 -0.94939041 10.00000000
v 45.14875717 -1.05247879 10.00000000
v 45.24172897 -1.16025925 10.00000000
v 45.32929916 -1.27247190 10.00000000
v 45.41126175 -1.38884640 10.00000000
v 44.88885803 6.33706093 10.00000000
v 44.83504410 6.37430668 10.00000000
v 44.94386215 6.30159569 10.00000000
v 44.99999924 6.26794910 10.00000000
v 44.78247757 6.41329384 10.00000000
v 44.73121185 6.45397949 10.00000000
v 45.05720444 6.23615742 10.00000000
v 45.11542053 6.20625496 10.00000000
v 45.23463364 6.15224075 10.00000000
v 45.17458649 6.17827225 10.00000000
v 45.29550095 6.12818813 10.00000000
v 45.35711975 6.10614014 10.00000000
v 53.49888916 1.99607658 10.00000000
v 52.99986572 0.00000000 10.00000000
v 45.41942902 6.08611870 10.00000000
v 45.48236008 6.06814766 10.00000000
v 45.54584808 6.05224609 10.00000000
v 45.60981674 6.03842926 10.00000000
v 45.67420883 6.02671337 10.00000000
v 45.73894806 6.01711082 10.00000000
v 45.80396576 6.00963020 10.00000000
v 45.86919327 6.00428200 10.00000000
v 45.93456192 6.00107098 10.00000000
v 45.99999924 6.00000000 10.00000000
v 43.12499924 44.75000000 10.00000000
v 43.99999924 40.00000000 10.00000000
v 53.71595306 2.86432266 10.00000000
v 55.44002457 6.00000000 10.00000000
v 59.00667877 5.41955185 10.00000000
v 59.48363800 5.00126839 10.00000000
v 59.46729584 5.00207043 10.00000000
v 59.49999924 5.00099945 10.00000000
v 59.02152939 5.35585785 10.00000000
v 59.01703568 5.37159061 10.00000000
v 59.02653427 5.34028053 10.00000000
v 59.03204651 5.32487488 10.00000000
v 59.03805847 5.30965805 10.00000000
v 59.04456635 5.29464626 10.00000000
v 59.05156250 5.27985573 10.00000000
v 59.05903931 5.26530170 10.00000000
v 59.06698532 5.25099945 10.00000000
v 59.07539673 5.23696613 10.00000000
v 59.08426590 5.22321510 10.00000000
v 59.09357758 5.20976067 10.00000000
v 59.10332413 5.19661903 10.00000000
v 59.11349411 5.18380356 10.00000000
v 59.00960846 5.40345478 10.00000000
v 59.01306076 5.38746166 10.00000000
v 59.12407990 5.17132759 10.00000000
v 59.13506622 5.15920448 10.00000000
v 59.14644547 5.14744663 10.00000000
v 59.15820236 5.13606834 10.00000000
v 59.17032547 5.12508011 10.00000000
v 59.18280334 5.11449432 10.00000000
v 59.22221298 5.08526516 10.00000000
v 59.20875854 5.09457684 10.00000000
v 59.23596497 5.07639885 10.00000000
v 59.24999924 5.06798744 10.00000000
v 59.26430054 5.06003952 10.00000000
v 59.19561691 5.10432339 10.00000000
v 59.27885361 5.05256367 10.00000000
v 59.29364700 5.04556847 10.00000000
v 59.30865784 5.03906059 10.00000000
v 59.32387466 5.03304672 10.00000000
v 59.33927841 5.02753448 10.00000000
v 59.35485764 5.02252960 10.00000000
v 59.37058945 5.01803780 10.00000000
v 59.38646240 5.01406097 10.00000000
v 59.40245361 5.01060677 10.00000000
v 59.41855164 5.00767899 10.00000000
v 59.43473740 5.00527763 10.00000000
v 59.45099182 5.00340748 10.00000000
v 59.00427551 5.43573761 10.00000000
v 59.00026627 5.48464012 10.00000000
v 58.99999924 5.50099945 10.00000000
v 59.00107117 5.46829796 10.00000000
v 59.00240631 5.45199203 10.00000000
v 58.99999924 6.00000000 10.00000000
v 64.49999924 5.00099945 10.00000000
v 64.51635666 5.00126839 10.00000000
v 64.53269882 5.00207043 10.00000000
v 64.58145065 5.00767899 10.00000000
v 64.56526108 5.00527763 10.00000000
v 64.54901047 5.00340748 10.00000000
v 64.62940903 5.01803780 10.00000000
v 64.61353989 5.01406097 10.00000000
v 64.59754105 5.01060677 10.00000000
v 43.12499924 44.75000000 0.00000000
v 48.20000000 44.75000000 0.00000000
v 51.90308304 44.75000000 0.00000000
v 45.24496765 49.49996185 2.95503235
v 45.31586761 49.61192322 2.88413239
v 45.16865845 49.39161301 3.03134155
v 51.01757355 50.56374741 0.00000000
v 51.02743835 50.49815369 0.00000000
v 51.00989075 50.62963104 0.00000000
v 51.00439758 50.69573593 0.00000000
v 51.00109787 50.76198578 0.00000000
v 48.20000000 55.99999237 0.00000000
v 45.64812012 50.47325516 2.55187988
v 50.99999924 50.82830811 0.00000000
v 48.99181671 56.00000000 0.00000000
v 49.08177872 55.99812698 0.00000000
v 49.14711304 55.99438095 0.00000000
v 49.37407990 55.96450043 0.00000000
v 49.43815918 55.95121002 0.00000000
v 49.21229095 55.98849869 0.00000000
v 49.30960388 55.97568893 0.00000000
v 49.50176544 55.93582916 0.00000000
v 49.56483383 55.91837311 0.00000000
v 49.62729950 55.89886475 0.00000000
v 49.75014801 55.85377121 0.00000000
v 49.68909378 55.87732315 0.00000000
v 45.49447556 49.96675491 2.70552444
v 45.54216690 50.09039688 2.65783310
v 45.44077225 49.84560013 2.75922775
v 45.38118668 49.72723007 2.81881332
v 45.61908264 50.34395218 2.58091736
v 45.58373947 50.21623230 2.61626053
v 45.54216690 51.90960312 2.65783310
v 45.49447556 52.03324509 2.70552444
v 45.44077225 52.15439987 2.75922775
v 45.38118668 52.27276993 2.81881332
v 45.67077560 50.60382843 2.52922440
v 45.68699951 50.73535538 2.51300049
v 45.69674606 50.86751556 2.50325394
v 45.70000000 51.00000000 2.50000000
v 45.69674606 51.13248444 2.50325394
v 45.68699951 51.26464462 2.51300049
v 45.67077560 51.39617157 2.52922440
v 45.64812012 51.52674484 2.55187988
v 45.61908264 51.65604782 2.58091736
v 45.58373947 51.78376770 2.61626053
v 45.31586761 52.38807678 2.88413239
v 45.24496765 52.50003815 2.95503235
v 45.16865845 52.60838699 3.03134155
v 45.00056763 52.81320953 3.19943237
v 44.90918655 52.90918732 3.29081345
v 45.08712692 52.71286011 3.11287308
v 44.81320877 53.00056839 3.38679123
v 44.71285934 53.08712769 3.48714066
v 44.60838623 53.16865921 3.59161377
v 44.50003738 53.24496841 3.69996262
v 43.12499924 45.00000000 5.07500076
v 44.60838623 48.83134079 3.59161377
v 44.71285934 48.91287231 3.48714066
v 44.38807602 48.68413162 3.81192398
v 44.50003738 48.75503159 3.69996262
v 44.27276917 48.61881256 3.92723083
v 44.15439911 48.55922699 4.04560089
v 44.03324432 48.50552368 4.16675568
v 43.90960236 48.45783234 4.29039764
v 43.78376694 48.41625977 4.41623306
v 43.65604706 48.38091660 4.54395294
v 43.39617081 48.32922363 4.80382919
v 43.52674408 48.35187912 4.67325592
v 43.26464386 48.31299973 4.93535614
v 43.78376694 53.58374023 4.41623306
v 38.20000000 55.99988174 10.00000000
v 45.08712692 49.28713989 3.11287308
v 45.00056763 49.18679047 3.19943237
v 44.90918655 49.09081268 3.29081345
v 44.81320877 48.99943161 3.38679123
v 44.38807602 53.31586838 3.81192398
v 44.27276917 53.38118744 3.92723083
v 44.15439911 53.44077301 4.04560089
v 44.03324432 53.49447632 4.16675568
v 43.90960236 53.54216766 4.29039764
v 49.08177872 55.99812698 10.00000000
v 49.14711304 55.99438095 10.00000000
v 49.21229095 55.98849869 10.00000000
v 49.30960388 55.97568893 10.00000000
v 49.37407990 55.96450043 10.00000000
v 49.43815918 55.95121002 10.00000000
v 49.50176544 55.93582916 10.00000000
v 49.56483383 55.91837311 10.00000000
v 49.62729950 55.89886475 10.00000000
v 49.68909378 55.87732315 10.00000000
v 49.75014801 55.85377121 10.00000000
v 49.81040115 55.82823563 10.00000000
v 49.81040115 55.82823563 0.00000000
v 49.86978455 55.80074310 10.00000000
v 49.86978455 55.80074310 0.00000000
v 49.92823715 55.77132034 10.00000000
v 49.92823715 55.77132034 0.00000000
v 49.98569794 55.73999786 0.00000000
v 50.04209824 55.70681763 10.00000000
v 50.04209824 55.70681763 0.00000000
v 50.09738846 55.67180634 10.00000000
v 50.09738846 55.67180634 0.00000000
v 50.15149994 55.63500595 10.00000000
v 50.15149994 55.63500595 0.00000000
v 49.98569794 55.73999786 10.00000000
v 53.49529572 46.01779175 0.00000000
v 52.99973221 48.00000000 0.00000000
v 51.38415070 49.64973450 0.00000000
v 51.42412109 49.59679794 0.00000000
v 51.46582718 49.54521942 0.00000000
v 51.50921936 49.49504852 0.00000000
v 51.55425186 49.44634628 0.00000000
v 51.60087509 49.39916611 0.00000000
v 51.21176453 49.93264008 0.00000000
v 51.24244995 49.87383652 0.00000000
v 51.18304749 49.99243546 0.00000000
v 51.06999130 50.30383682 0.00000000
v 51.08844299 50.24012375 0.00000000
v 51.05366058 50.36812973 0.00000000
v 51.13163681 50.11471176 0.00000000
v 51.15632935 50.05314636 0.00000000
v 51.10900040 50.17705917 0.00000000
v 51.27506561 49.81607819 0.00000000
v 51.30958099 49.75943375 0.00000000
v 51.34595795 49.70396423 0.00000000
v 51.03946991 50.43292236 0.00000000
v 51.64903564 49.35355377 0.00000000
v 51.69868393 49.30956650 0.00000000
v 51.74976273 49.26724625 0.00000000
v 51.80221481 49.22664642 0.00000000
v 51.96724625 49.11558533 0.00000000
v 52.02460785 49.08227921 0.00000000
v 52.08304520 49.05089569 0.00000000
v 51.85598679 49.18780899 0.00000000
v 51.91101761 49.15077209 0.00000000
v 52.14248962 49.02146530 0.00000000
v 52.20288010 48.99402237 0.00000000
v 52.26414413 48.96859741 0.00000000
v 52.39769669 48.91736984 0.00000000
v 52.45684357 48.88939667 0.00000000
v 52.48569794 48.87397385 0.00000000
v 52.54181976 48.84033585 0.00000000
v 52.59561844 48.80310059 0.00000000
v 52.64686890 48.76242447 0.00000000
v 52.69534988 48.71848297 0.00000000
v 52.74085159 48.67146683 0.00000000
v 52.78318329 48.62157822 0.00000000
v 52.82215805 48.56902313 0.00000000
v 52.85761185 48.51403427 0.00000000
v 52.88939590 48.45684052 0.00000000
v 52.91737289 48.39769363 0.00000000
v 52.99652023 48.08171082 0.00000000
v 52.98904343 48.14670944 0.00000000
v 52.97733231 48.21108246 0.00000000
v 52.96143265 48.27455139 0.00000000
v 52.94141693 48.33684540 0.00000000
v 50.20437927 55.59645462 0.00000000
v 50.25596924 55.55619431 0.00000000
v 50.30621262 55.51426697 0.00000000
v 50.81473083 54.84020615 0.00000000
v 50.85377045 54.75014877 0.00000000
v 50.35505981 55.47071838 0.00000000
v 50.40245361 55.42559433 0.00000000
v 50.44834824 55.37894440 0.00000000
v 50.49269028 55.33081436 0.00000000
v 50.53543396 55.28126526 0.00000000
v 50.57653351 55.23033905 0.00000000
v 50.61594696 55.17809677 0.00000000
v 50.65362473 55.12459564 0.00000000
v 50.68953629 55.06988907 0.00000000
v 50.75589294 54.95709610 0.00000000
v 50.78626938 54.89913177 0.00000000
v 50.72363968 55.01403427 0.00000000
v 50.99812622 54.08177948 0.00000000
v 50.99999924 53.99181747 0.00000000
v 50.97568817 54.30960464 0.00000000
v 50.98475952 54.24479675 0.00000000
v 50.95811386 54.40617371 0.00000000
v 50.94377823 54.47002411 0.00000000
v 50.99438019 54.14711380 0.00000000
v 50.89886398 54.62730026 0.00000000
v 50.91837234 54.56483459 0.00000000
v 50.87732239 54.68909454 0.00000000
v 64.99999924 48.00000000 0.00000000
v 64.99999924 47.99203491 0.00000000
v 51.27506561 49.81607819 10.00000000
v 51.21176453 49.93264008 10.00000000
v 51.24244995 49.87383652 10.00000000
v 51.55425186 49.44634628 10.00000000
v 51.64903564 49.35355377 10.00000000
v 51.60087509 49.39916611 10.00000000
v 51.34595795 49.70396423 10.00000000
v 51.46582718 49.54521942 10.00000000
v 51.42412109 49.59679794 10.00000000
v 51.38415070 49.64973450 10.00000000
v 51.30958099 49.75943375 10.00000000
v 51.50921936 49.49504852 10.00000000
v 51.08844299 50.24012375 10.00000000
v 51.06999130 50.30383682 10.00000000
v 51.03946991 50.43292236 10.00000000
v 51.05366058 50.36812973 10.00000000
v 51.18304749 49.99243546 10.00000000
v 51.15632935 50.05314636 10.00000000
v 51.13163681 50.11471176 10.00000000
v 51.10900040 50.17705917 10.00000000
v 51.02743835 50.49815369 10.00000000
v 51.01757355 50.56374741 10.00000000
v 51.00989075 50.62963104 10.00000000
v 51.00439758 50.69573593 10.00000000
v 51.00109787 50.76198578 10.00000000
v 50.99999924 50.82830811 10.00000000
v 52.26414413 48.96859741 10.00000000
v 52.39769669 48.91736984 10.00000000
v 51.80221481 49.22664642 10.00000000
v 51.69868393 49.30956650 10.00000000
v 51.74976273 49.26724625 10.00000000
v 51.85598679 49.18780899 10.00000000
v 51.91101761 49.15077209 10.00000000
v 52.02460785 49.08227921 10.00000000
v 51.96724625 49.11558533 10.00000000
v 52.08304520 49.05089569 10.00000000
v 52.14248962 49.02146530 10.00000000
v 52.20288010 48.99402237 10.00000000
v 52.45684357 48.88939667 10.00000000
v 52.48569794 48.87397385 10.00000000
v 52.54181976 48.84033585 10.00000000
v 52.69534988 48.71848297 10.00000000
v 52.74085159 48.67146683 10.00000000
v 52.59561844 48.80310059 10.00000000
v 52.64686890 48.76242447 10.00000000
v 52.94141693 48.33684540 10.00000000
v 52.88939590 48.45684052 10.00000000
v 52.91737289 48.39769363 10.00000000
v 52.99652023 48.08171082 10.00000000
v 52.99973221 48.00000000 10.00000000
v 52.98904343 48.14670944 10.00000000
v 52.97733231 48.21108246 10.00000000
v 52.96143265 48.27455139 10.00000000
v 52.82215805 48.56902313 10.00000000
v 52.85761185 48.51403427 10.00000000
v 52.78318329 48.62157822 10.00000000
v 50.89886398 54.62730026 10.00000000
v 50.87732239 54.68909454 10.00000000
v 50.75589294 54.95709610 10.00000000
v 50.78626938 54.89913177 10.00000000
v 50.85377045 54.75014877 10.00000000
v 50.81473083 54.84020615 10.00000000
v 50.35505981 55.47071838 10.00000000
v 50.40245361 55.42559433 10.00000000
v 50.53543396 55.28126526 10.00000000
v 50.49269028 55.33081436 10.00000000
v 50.44834824 55.37894440 10.00000000
v 50.20437927 55.59645462 10.00000000
v 50.25596924 55.55619431 10.00000000
v 50.30621262 55.51426697 10.00000000
v 50.57653351 55.23033905 10.00000000
v 50.61594696 55.17809677 10.00000000
v 50.68953629 55.06988907 10.00000000
v 50.65362473 55.12459564 10.00000000
v 50.72363968 55.01403427 10.00000000
v 50.99999924 53.99181747 10.00000000
v 50.99812622 54.08177948 10.00000000
v 50.99438019 54.14711380 10.00000000
v 50.98475952 54.24479675 10.00000000
v 50.97568817 54.30960464 10.00000000
v 50.95811386 54.40617371 10.00000000
v 50.94377823 54.47002411 10.00000000
v 50.91837234 54.56483459 10.00000000
v 43.12499924 45.00000000 10.00000000
v 42.34395142 48.38091660 5.85604858
v 42.47325439 48.35187912 5.72674561
v 43.13248367 48.30325317 5.06751633
v 42.99999924 48.29999924 5.20000076
v 42.86751480 48.30325317 5.33248520
v 42.73535461 48.31299973 5.46464539
v 42.60382767 48.32922363 5.59617233
v 42.21623154 48.41625977 5.98376846
v 42.09039612 48.45783234 6.10960388
v 41.96675415 48.50552368 6.23324585
v 41.84559937 48.55922699 6.35440063
v 41.72722931 48.61881256 6.47277069
v 41.61192245 48.68413162 6.58807755
v 41.49996109 48.75503159 6.70003891
v 38.20000000 45.00000000 10.00000000
v 42.73535461 53.68700027 5.46464539
v 42.60382767 53.67077637 5.59617233
v 42.47325439 53.64812088 5.72674561
v 42.34395142 53.61908340 5.85604858
v 42.21623154 53.58374023 5.98376846
v 42.09039612 53.54216766 6.10960388
v 41.96675415 53.49447632 6.23324585
v 43.65604706 53.61908340 4.54395294
v 43.52674408 53.64812088 4.67325592
v 43.39617081 53.67077637 4.80382919
v 43.26464386 53.68700027 4.93535614
v 43.13248367 53.69674683 5.06751633
v 42.99999924 53.70000076 5.20000076
v 42.86751480 53.69674683 5.33248520
v 48.99181671 56.00000000 10.00000000
v 41.39161224 48.83134079 6.80838776
v 41.28713913 48.91287231 6.91286087
v 41.18678970 48.99943161 7.01321030
v 41.09081192 49.09081268 7.10918808
v 40.99943085 49.18679047 7.20056915
v 40.91287155 49.28713989 7.28712845
v 40.83134003 49.39161301 7.36865997
v 40.75503082 49.49996185 7.44496918
v 40.00146790 49.39725113 10.00000000
v 39.92643661 49.54631424 10.00000000
v 40.17300339 49.11106110 10.00000000
v 40.08372040 49.25205231 10.00000000
v 40.26909561 48.97462082 10.00000000
v 40.37176437 48.84306335 10.00000000
v 40.48076553 48.71669769 10.00000000
v 41.54631348 47.92643738 10.00000000
v 41.39725037 48.00146866 10.00000000
v 40.59583588 48.59583664 10.00000000
v 40.71669693 48.48076630 10.00000000
v 40.97462006 48.26909637 10.00000000
v 40.84306259 48.37176514 10.00000000
v 41.11106033 48.17300415 10.00000000
v 41.25205154 48.08372116 10.00000000
v 41.69887466 47.85881042 10.00000000
v 41.85457535 47.79875183 10.00000000
v 42.01303024 47.74640274 10.00000000
v 42.17386551 47.70189285 10.00000000
v 42.33669205 47.66532898 10.00000000
v 42.50111694 47.63679886 10.00000000
v 42.66673965 47.61637115 10.00000000
v 44.00107117 40.06543732 10.00000000
v 44.00428314 40.13080597 10.00000000
v 44.00963135 40.19603348 10.00000000
v 44.01710815 40.26105118 10.00000000
v 44.02671356 40.32579041 10.00000000
v 44.03842850 40.39018250 10.00000000
v 44.05224533 40.45415115 10.00000000
v 44.06814880 40.51763916 10.00000000
v 44.08611984 40.58057022 10.00000000
v 44.10613937 40.64287949 10.00000000
v 44.12818832 40.70449829 10.00000000
v 44.15223999 40.76536560 10.00000000
v 44.17827148 40.82541275 10.00000000
v 44.20625229 40.88457870 10.00000000
v 44.23615570 40.94279480 10.00000000
v 44.26794739 41.00000000 10.00000000
v 44.30159302 41.05613708 10.00000000
v 44.33705826 41.11114120 10.00000000
v 44.37430496 41.16495514 10.00000000
v 44.41329117 41.21752167 10.00000000
v 44.45397873 41.26878738 10.00000000
v 44.49631805 41.31869125 10.00000000
v 44.54027100 41.36718369 10.00000000
v 44.58578415 41.41421509 10.00000000
v 44.63281555 41.45972824 10.00000000
v 44.68130798 41.50368118 10.00000000
v 42.83316727 47.60409546 10.00000000
v 42.99999924 47.59999847 10.00000000
v 43.16683121 47.60409546 10.00000000
v 43.33325882 47.61637115 10.00000000
v 43.49888153 47.63679886 10.00000000
v 43.66330643 47.66532898 10.00000000
v 43.82613297 47.70189285 10.00000000
v 43.98696823 47.74640274 10.00000000
v 44.14542313 47.79875183 10.00000000
v 44.30112381 47.85881042 10.00000000
v 44.45368500 47.92643738 10.00000000
v 40.41625900 50.21623230 7.78374100
v 40.45783157 50.09039688 7.74216843
v 40.38091583 50.34395218 7.81908417
v 40.35187836 50.47325516 7.84812164
v 40.32922287 50.60382843 7.87077713
v 40.31299896 50.73535538 7.88700104
v 40.30325241 50.86751556 7.89674759
v 40.29999847 51.00000000 7.90000153
v 40.30325241 51.13248444 7.89674759
v 40.31299896 51.26464462 7.88700104
v 40.68413086 49.61192322 7.51586914
v 40.61881180 49.72723007 7.58118820
v 40.55922623 49.84560013 7.64077377
v 40.50552292 49.96675491 7.69447708
v 41.18678970 53.00056839 7.01321030
v 41.09081192 52.90918732 7.10918808
v 40.99943085 52.81320953 7.20056915
v 41.61192245 53.31586838 6.58807755
v 41.49996109 53.24496841 6.70003891
v 41.84559937 53.44077301 6.35440063
v 41.72722931 53.38118744 6.47277069
v 41.39161224 53.16865921 6.80838776
v 41.28713913 53.08712769 6.91286087
v 40.35187836 51.52674484 7.84812164
v 40.32922287 51.39617157 7.87077713
v 40.45783157 51.90960312 7.74216843
v 40.41625900 51.78376770 7.78374100
v 40.38091583 51.65604782 7.81908417
v 40.91287155 52.71286011 7.28712845
v 40.83134003 52.60838699 7.36865997
v 40.75503082 52.50003815 7.44496918
v 40.61881180 52.27276993 7.58118820
v 40.55922623 52.15439987 7.64077377
v 40.68413086 52.38807678 7.51586914
v 40.50552292 52.03324509 7.69447708
v 39.85880966 49.69887543 10.00000000
v 39.79875107 49.85457611 10.00000000
v 39.74640198 50.01303101 10.00000000
v 39.70189209 50.17386627 10.00000000
v 39.66532822 50.33669281 10.00000000
v 39.63679810 50.50111771 10.00000000
v 39.61637039 50.66674042 10.00000000
v 39.60409470 50.83316803 10.00000000
v 39.59999771 51.00000000 10.00000000
v 39.60409470 51.16683197 10.00000000
v 39.61637039 51.33325958 10.00000000
v 39.63679810 51.49888229 10.00000000
v 39.66532822 51.66330719 10.00000000
v 39.70189209 51.82613373 10.00000000
v 39.74640198 51.98696899 10.00000000
v 39.79875107 52.14542389 10.00000000
v 39.85880966 52.30112457 10.00000000
v 39.92643661 52.45368576 10.00000000
v 40.00146790 52.60274887 10.00000000
v 40.08372040 52.74794769 10.00000000
v 40.17300339 52.88893890 10.00000000
v 40.26909561 53.02537918 10.00000000
v 40.37176437 53.15693665 10.00000000
v 40.48076553 53.28330231 10.00000000
v 40.59583588 53.40416336 10.00000000
v 40.71669693 53.51923370 10.00000000
v 40.84306259 53.62823486 10.00000000
v 40.97462006 53.73090363 10.00000000
v 41.11106033 53.82699585 10.00000000
v 41.25205154 53.91627884 10.00000000
v 41.39725037 53.99853134 10.00000000
v 41.54631348 54.07356262 10.00000000
v 41.69887466 54.14118958 10.00000000
v 41.85457535 54.20124817 10.00000000
v 42.01303024 54.25359726 10.00000000
v 42.17386551 54.29810715 10.00000000
v 42.33669205 54.33467102 10.00000000
v 42.50111694 54.36320114 10.00000000
v 42.66673965 54.38362885 10.00000000
v 42.83316727 54.39590454 10.00000000
v 42.99999924 54.40000153 10.00000000
v 43.16683121 54.39590454 10.00000000
v 43.33325882 54.38362885 10.00000000
v 43.49888153 54.36320114 10.00000000
v 43.66330643 54.33467102 10.00000000
v 43.82613297 54.29810715 10.00000000
v 44.73121185 41.54602051 10.00000000
v 44.78247757 41.58670807 10.00000000
v 44.83504410 41.62569427 10.00000000
v 44.88885803 41.66294098 10.00000000
v 44.94386215 41.69840622 10.00000000
v 44.99999924 41.73205185 10.00000000
v 45.05720444 41.76384354 10.00000000
v 45.11542053 41.79374695 10.00000000
v 45.17458649 41.82172775 10.00000000
v 45.23463364 41.84775925 10.00000000
v 45.29550095 41.87181091 10.00000000
v 45.35711975 41.89385986 10.00000000
v 45.41942902 41.91387939 10.00000000
v 45.48236008 41.93185043 10.00000000
v 45.54584808 41.94775391 10.00000000
v 45.60981674 41.96157074 10.00000000
v 45.67420883 41.97328568 10.00000000
v 45.73894806 41.98289108 10.00000000
v 45.80396576 41.99036789 10.00000000
v 45.86919327 41.99571609 10.00000000
v 45.93456192 41.99892807 10.00000000
v 45.99999924 42.00000000 10.00000000
v 51.99181671 43.40684128 10.00000000
v 52.29356308 44.78192520 10.00000000
v 44.60274811 48.00146866 10.00000000
v 44.74794693 48.08372116 10.00000000
v 44.88893814 48.17300415 10.00000000
v 45.02537842 48.26909637 10.00000000
v 45.15693588 48.37176514 10.00000000
v 45.28330154 48.48076630 10.00000000
v 43.98696823 54.25359726 10.00000000
v 45.73090286 53.02537918 10.00000000
v 45.82699509 52.88893890 10.00000000
v 45.91627808 52.74794769 10.00000000
v 45.99853058 52.60274887 10.00000000
v 44.14542313 54.20124817 10.00000000
v 44.30112381 54.14118958 10.00000000
v 44.45368500 54.07356262 10.00000000
v 44.60274811 53.99853134 10.00000000
v 45.02537842 53.73090363 10.00000000
v 45.15693588 53.62823486 10.00000000
v 44.74794693 53.91627884 10.00000000
v 44.88893814 53.82699585 10.00000000
v 45.28330154 53.51923370 10.00000000
v 45.40416260 53.40416336 10.00000000
v 45.51923294 53.28330231 10.00000000
v 45.62823410 53.15693665 10.00000000
v 45.40416260 48.59583664 10.00000000
v 45.51923294 48.71669769 10.00000000
v 45.62823410 48.84306335 10.00000000
v 45.73090286 48.97462082 10.00000000
v 45.82699509 49.11106110 10.00000000
v 45.91627808 49.25205231 10.00000000
v 45.99853058 49.39725113 10.00000000
v 46.07356186 49.54631424 10.00000000
v 46.14118881 49.69887543 10.00000000
v 46.20124741 49.85457611 10.00000000
v 46.25359650 50.01303101 10.00000000
v 46.29810638 50.17386627 10.00000000
v 46.33467026 50.33669281 10.00000000
v 46.36320038 50.50111771 10.00000000
v 46.33467026 51.66330719 10.00000000
v 46.36320038 51.49888229 10.00000000
v 46.29810638 51.82613373 10.00000000
v 46.07356186 52.45368576 10.00000000
v 46.25359650 51.98696899 10.00000000
v 46.20124741 52.14542389 10.00000000
v 46.14118881 52.30112457 10.00000000
v 46.38362808 50.66674042 10.00000000
v 46.39590378 50.83316803 10.00000000
v 46.40000076 51.00000000 10.00000000
v 46.39590378 51.16683197 10.00000000
v 46.38362808 51.33325958 10.00000000
v 64.99999924 48.00000000 10.00000000
v 77.99999924 42.00000000 10.00000000
v 64.14088364 46.23268127 10.00000000
v 78.52322311 47.98287201 10.00000000
v 77.99999924 0.00000000 0.00000000
v 77.99999924 0.00000000 10.00000000
v 78.26174850 0.00428295 0.00000000
v 78.52322311 0.01712894 0.00000000
v 78.78413315 0.03852177 0.00000000
v 79.04421158 0.06844139 0.00000000
v 79.30316086 0.10685349 0.00000000
v 79.56072159 0.15371799 0.00000000
v 79.81661148 0.20898438 0.00000000
v 80.07054825 0.27259350 0.00000000
v 80.32228012 0.34447765 0.00000000
v 80.57151718 0.42455864 0.00000000
v 80.81800003 0.51275253 0.00000000
v 81.06146927 0.60896397 0.00000000
v 81.30165787 0.71308899 0.00000000
v 81.53830643 0.82501793 0.00000000
v 81.77117081 0.94462967 0.00000000
v 81.99999924 1.07179642 0.00000000
v 82.22453995 1.20638275 0.00000000
v 82.44456406 1.34824276 0.00000000
v 82.65981979 1.49722672 0.00000000
v 82.87009354 1.65317345 0.00000000
v 83.07514877 1.81591606 0.00000000
v 83.27476425 1.98528194 0.00000000
v 83.46873398 2.16108704 0.00000000
v 83.65685196 2.34314537 0.00000000
v 83.83891220 2.53126144 0.00000000
v 84.01471634 2.72523308 0.00000000
v 84.18408127 2.92485428 0.00000000
v 84.34682388 3.12990856 0.00000000
v 78.26174850 0.00428295 10.00000000
v 78.52322311 0.01712894 10.00000000
v 78.78413315 0.03852177 10.00000000
v 79.04421158 0.06844139 10.00000000
v 79.30316086 0.10685349 10.00000000
v 79.56072159 0.15371799 10.00000000
v 79.81661148 0.20898438 10.00000000
v 80.07054825 0.27259350 10.00000000
v 80.32228012 0.34447765 10.00000000
v 80.57151718 0.42455864 10.00000000
v 80.81800003 0.51275253 10.00000000
v 81.06146927 0.60896397 10.00000000
v 81.30165787 0.71308899 10.00000000
v 81.53830643 0.82501793 10.00000000
v 81.77117081 0.94462967 10.00000000
v 81.99999924 1.07179642 10.00000000
v 82.22453995 1.20638275 10.00000000
v 82.44456406 1.34824276 10.00000000
v 82.65981979 1.49722672 10.00000000
v 82.87009354 1.65317345 10.00000000
v 83.07514877 1.81591606 10.00000000
v 83.27476425 1.98528194 10.00000000
v 83.46873398 2.16108704 10.00000000
v 83.65685196 2.34314537 10.00000000
v 83.83891220 2.53126144 10.00000000
v 84.01471634 2.72523308 10.00000000
v 84.18408127 2.92485428 10.00000000
v 84.50277634 3.34017849 0.00000000
v 84.34682388 3.12990856 10.00000000
v 84.65175552 3.55543804 0.00000000
v 84.50277634 3.34017849 10.00000000
v 84.79361649 3.77545738 0.00000000
v 84.65175552 3.55543804 10.00000000
v 84.92819901 4.00000000 0.00000000
v 84.79361649 3.77545738 10.00000000
v 85.05536575 4.22882652 0.00000000
v 84.92819901 4.00000000 10.00000000
v 85.17497940 4.46169090 0.00000000
v 85.05536575 4.22882652 10.00000000
v 85.28691025 4.69834328 0.00000000
v 85.17497940 4.46169090 10.00000000
v 85.39103622 4.93853188 0.00000000
v 85.28691025 4.69834328 10.00000000
v 85.48724289 5.18199921 0.00000000
v 85.39103622 4.93853188 10.00000000
v 85.57543869 5.42848396 0.00000000
v 85.48724289 5.18199921 10.00000000
v 85.65552444 5.67772293 0.00000000
v 85.57543869 5.42848396 10.00000000
v 85.72740860 5.92944717 0.00000000
v 85.65552444 5.67772293 10.00000000
v 85.79101486 6.18338966 0.00000000
v 85.72740860 5.92944717 10.00000000
v 85.84628220 6.43927765 0.00000000
v 85.79101486 6.18338966 10.00000000
v 85.89314957 6.69683647 0.00000000
v 85.84628220 6.43927765 10.00000000
v 85.93155594 6.95579052 0.00000000
v 85.89314957 6.69683647 10.00000000
v 85.96147842 7.21586227 0.00000000
v 85.93155594 6.95579052 10.00000000
v 85.98287125 7.47677517 0.00000000
v 85.96147842 7.21586227 10.00000000
v 85.99571915 7.73824692 0.00000000
v 85.98287125 7.47677517 10.00000000
v 85.99999924 8.00000000 0.00000000
v 85.99571915 7.73824692 10.00000000
v 85.99999924 40.00000000 0.00000000
v 85.99999924 8.00000000 10.00000000
v 77.99999924 6.00000000 10.00000000
v 64.64514084 5.02252960 10.00000000
v 64.72114487 5.05256367 10.00000000
v 64.70635147 5.04556847 10.00000000
v 64.69134445 5.03906059 10.00000000
v 64.67612381 5.03304672 10.00000000
v 64.66072006 5.02753448 10.00000000
v 64.73569412 5.06003952 10.00000000
v 64.79123611 5.09457684 10.00000000
v 64.77778549 5.08526516 10.00000000
v 64.76402969 5.07639885 10.00000000
v 64.74999924 5.06798744 10.00000000
v 64.86492844 5.15920448 10.00000000
v 64.85355301 5.14744663 10.00000000
v 64.84179611 5.13606834 10.00000000
v 64.82967300 5.12508011 10.00000000
v 64.81719894 5.11449432 10.00000000
v 64.80438156 5.10432339 10.00000000
v 64.93301315 5.25099945 10.00000000
v 64.92459793 5.23696613 10.00000000
v 64.91573257 5.22321510 10.00000000
v 64.90642471 5.20976067 10.00000000
v 64.89667435 5.19661903 10.00000000
v 64.88650436 5.18380356 10.00000000
v 64.87592239 5.17132759 10.00000000
v 64.97346420 5.34028053 10.00000000
v 64.96795578 5.32487488 10.00000000
v 64.96193619 5.30965805 10.00000000
v 64.95542831 5.29464626 10.00000000
v 64.94843216 5.27985573 10.00000000
v 64.94096298 5.26530170 10.00000000
v 64.99571915 5.43573761 10.00000000
v 64.99332352 5.41955185 10.00000000
v 64.99039383 5.40345478 10.00000000
v 64.98693771 5.38746166 10.00000000
v 64.98296280 5.37159061 10.00000000
v 64.97846909 5.35585785 10.00000000
v 64.99999924 5.50099945 10.00000000
v 64.99973221 5.48464012 10.00000000
v 64.99893112 5.46829796 10.00000000
v 64.99758835 5.45199203 10.00000000
v 64.99999924 6.00000000 10.00000000
v 78.06543655 6.00107098 10.00000000
v 78.13080521 6.00428200 10.00000000
v 78.19603653 6.00963020 10.00000000
v 78.26105423 6.01711082 10.00000000
v 78.32578964 6.02671337 10.00000000
v 78.39018173 6.03842926 10.00000000
v 78.45415421 6.05224609 10.00000000
v 78.51763840 6.06814766 10.00000000
v 78.58056564 6.08611870 10.00000000
v 78.64287491 6.10614014 10.00000000
v 78.76536484 6.15224075 10.00000000
v 78.70449753 6.12818813 10.00000000
v 78.82541580 6.17827225 10.00000000
v 78.88457413 6.20625496 10.00000000
v 78.94279404 6.23615742 10.00000000
v 78.99999924 6.26794910 10.00000000
v 79.05613632 6.30159569 10.00000000
v 79.11113663 6.33706093 10.00000000
v 79.16495438 6.37430668 10.00000000
v 79.21752090 6.41329384 10.00000000
v 79.26878281 6.45397949 10.00000000
v 79.31869431 6.49632072 10.00000000
v 79.36718674 6.54027176 10.00000000
v 79.41421432 6.58578682 10.00000000
v 79.45972366 6.63281536 10.00000000
v 79.50367661 6.68130875 10.00000000
v 79.54601974 6.73121357 10.00000000
v 79.58670731 6.78247738 10.00000000
v 79.62569351 6.83504486 10.00000000
v 79.66294022 6.88885975 10.00000000
v 79.69840164 6.94386482 10.00000000
v 79.73204727 7.00000000 10.00000000
v 79.76383896 7.05720711 10.00000000
v 79.79374619 7.11542320 10.00000000
v 79.82172318 7.17458534 10.00000000
v 79.84775467 7.23463249 10.00000000
v 79.87181015 7.29549980 10.00000000
v 79.89385910 7.35712051 10.00000000
v 79.91387863 7.41943073 10.00000000
v 79.93185349 7.48236179 10.00000000
v 79.94775314 7.54584694 10.00000000
v 79.96156998 7.60981941 10.00000000
v 79.97328873 7.67420959 10.00000000
v 79.98288651 7.73894691 10.00000000
v 79.99037094 7.80396557 10.00000000
v 79.99571915 7.86919403 10.00000000
v 79.99893112 7.93456173 10.00000000
v 79.99999924 8.00000000 10.00000000
v 85.99999924 40.00000000 10.00000000
v 78.52322311 47.98287201 0.00000000
v 77.99999924 48.00000000 0.00000000
v 78.78413315 47.96147919 0.00000000
v 79.04421158 47.93156052 0.00000000
v 79.30316086 47.89314651 0.00000000
v 79.56072159 47.84628296 0.00000000
v 79.81661148 47.79101562 0.00000000
v 80.81800003 47.48724747 0.00000000
v 81.06146927 47.39103699 0.00000000
v 80.07054825 47.72740555 0.00000000
v 80.32228012 47.65552139 0.00000000
v 80.57151718 47.57543945 0.00000000
v 81.30165787 47.28691101 0.00000000
v 81.53830643 47.17498016 0.00000000
v 81.77117081 47.05537033 0.00000000
v 81.99999924 46.92820358 0.00000000
v 83.27476425 46.01471710 0.00000000
v 83.46873398 45.83891296 0.00000000
v 83.65685196 45.65685272 0.00000000
v 83.83891220 45.46873856 0.00000000
v 84.01471634 45.27476501 0.00000000
v 84.18408127 45.07514572 0.00000000
v 84.34682388 44.87009048 0.00000000
v 82.22453995 46.79361725 0.00000000
v 82.44456406 46.65175629 0.00000000
v 82.65981979 46.50277328 0.00000000
v 82.87009354 46.34682846 0.00000000
v 83.07514877 46.18408203 0.00000000
v 85.39103622 43.06146622 0.00000000
v 85.48724289 42.81800079 0.00000000
v 85.99571915 40.26175308 0.00000000
v 85.98287125 40.52322388 0.00000000
v 85.96147842 40.78413773 0.00000000
v 85.93155594 41.04420853 0.00000000
v 85.89314957 41.30316544 0.00000000
v 85.84628220 41.56072235 0.00000000
v 85.65552444 42.32227707 0.00000000
v 85.72740860 42.07055283 0.00000000
v 85.79101486 41.81660843 0.00000000
v 85.57543869 42.57151413 0.00000000
v 84.79361649 44.22454453 0.00000000
v 84.92819901 44.00000000 0.00000000
v 84.65175552 44.44456100 0.00000000
v 85.05536575 43.77117538 0.00000000
v 85.17497940 43.53831100 0.00000000
v 85.28691025 43.30165482 0.00000000
v 84.50277634 44.65982056 0.00000000
v 78.26174850 47.99571609 0.00000000
v 78.26174850 47.99571609 10.00000000
v 78.78413315 47.96147919 10.00000000
v 79.04421158 47.93156052 10.00000000
v 79.30316086 47.89314651 10.00000000
v 79.56072159 47.84628296 10.00000000
v 79.81661148 47.79101562 10.00000000
v 80.07054825 47.72740555 10.00000000
v 80.32228012 47.65552139 10.00000000
v 80.57151718 47.57543945 10.00000000
v 80.81800003 47.48724747 10.00000000
v 81.06146927 47.39103699 10.00000000
v 81.30165787 47.28691101 10.00000000
v 81.53830643 47.17498016 10.00000000
v 81.99999924 46.92820358 10.00000000
v 82.22453995 46.79361725 10.00000000
v 81.77117081 47.05537033 10.00000000
v 82.44456406 46.65175629 10.00000000
v 82.65981979 46.50277328 10.00000000
v 82.87009354 46.34682846 10.00000000
v 83.07514877 46.18408203 10.00000000
v 85.99571915 40.26175308 10.00000000
v 85.98287125 40.52322388 10.00000000
v 85.96147842 40.78413773 10.00000000
v 85.93155594 41.04420853 10.00000000
v 85.89314957 41.30316544 10.00000000
v 85.79101486 41.81660843 10.00000000
v 85.84628220 41.56072235 10.00000000
v 85.28691025 43.30165482 10.00000000
v 85.05536575 43.77117538 10.00000000
v 85.17497940 43.53831100 10.00000000
v 85.57543869 42.57151413 10.00000000
v 85.48724289 42.81800079 10.00000000
v 85.72740860 42.07055283 10.00000000
v 85.65552444 42.32227707 10.00000000
v 85.39103622 43.06146622 10.00000000
v 83.46873398 45.83891296 10.00000000
v 83.65685196 45.65685272 10.00000000
v 84.34682388 44.87009048 10.00000000
v 84.50277634 44.65982056 10.00000000
v 84.18408127 45.07514572 10.00000000
v 84.01471634 45.27476501 10.00000000
v 83.83891220 45.46873856 10.00000000
v 83.27476425 46.01471710 10.00000000
v 84.79361649 44.22454453 10.00000000
v 84.65175552 44.44456100 10.00000000
v 84.92819901 44.00000000 10.00000000
v 77.99999924 48.00000000 10.00000000
v 79.99999924 40.00000000 10.00000000
v 78.06543655 41.99892807 10.00000000
v 78.13080521 41.99571609 10.00000000
v 78.19603653 41.99036789 10.00000000
v 78.26105423 41.98289108 10.00000000
v 78.32578964 41.97328568 10.00000000
v 78.39018173 41.96157074 10.00000000
v 78.45415421 41.94775391 10.00000000
v 78.51763840 41.93185043 10.00000000
v 78.58056564 41.91387939 10.00000000
v 78.88457413 41.79374695 10.00000000
v 78.94279404 41.76384354 10.00000000
v 78.99999924 41.73205185 10.00000000
v 78.64287491 41.89385986 10.00000000
v 78.70449753 41.87181091 10.00000000
v 78.76536484 41.84775925 10.00000000
v 78.82541580 41.82172775 10.00000000
v 79.99893112 40.06543732 10.00000000
v 79.99571915 40.13080597 10.00000000
v 79.99037094 40.19603348 10.00000000
v 79.98288651 40.26105118 10.00000000
v 79.50367661 41.31869125 10.00000000
v 79.54601974 41.26878738 10.00000000
v 79.58670731 41.21752167 10.00000000
v 79.62569351 41.16495514 10.00000000
v 79.05613632 41.69840622 10.00000000
v 79.11113663 41.66294098 10.00000000
v 79.21752090 41.58670807 10.00000000
v 79.26878281 41.54602051 10.00000000
v 79.16495438 41.62569427 10.00000000
v 79.31869431 41.50368118 10.00000000
v 79.36718674 41.45972824 10.00000000
v 79.41421432 41.41421509 10.00000000
v 79.45972366 41.36718369 10.00000000
v 79.82172318 40.82541275 10.00000000
v 79.84775467 40.76536560 10.00000000
v 79.89385910 40.64287949 10.00000000
v 79.91387863 40.58057022 10.00000000
v 79.87181015 40.70449829 10.00000000
v 79.76383896 40.94279480 10.00000000
v 79.79374619 40.88457870 10.00000000
v 79.69840164 41.05613708 10.00000000
v 79.73204727 41.00000000 10.00000000
v 79.66294022 41.11114120 10.00000000
v 79.97328873 40.32579041 10.00000000
v 79.96156998 40.39018250 10.00000000
v 79.94775314 40.45415115 10.00000000
v 79.93185349 40.51763916 10.00000000
v 44.13102646 -4.88700294 9.30000019
v 44.03707047 -4.94022655 9.30000019
v 43.94061966 -4.98877621 9.30000019
v 43.74115677 -5.07139683 9.30000019
v 43.84190292 -5.03253508 9.30000019
v 43.63862534 -5.10526848 9.30000019
v 43.53455658 -5.13406849 9.30000019
v 43.42919846 -5.15772772 9.30000019
v 44.13102646 -1.11299706 9.30000019
v 44.03707047 -1.05977345 9.30000019
v 43.94061966 -1.01122379 9.30000019
v 43.84190292 -0.96746492 9.30000019
v 43.74115677 -0.92860317 9.30000019
v 43.63862534 -0.89473152 9.30000019
v 43.53455658 -0.86593151 9.30000019
v 42.57080002 -5.15772772 9.30000019
v 43.32280655 -5.17618847 9.30000019
v 43.21563644 -5.18940639 9.30000019
v 42.99999924 -5.19999981 9.30000019
v 43.10794754 -5.19735003 9.30000019
v 42.89205093 -5.19735003 9.30000019
v 42.78436203 -5.18940639 9.30000019
v 42.67719193 -5.17618847 9.30000019
v 42.25884171 -5.07139683 9.30000019
v 42.46544189 -5.13406849 9.30000019
v 42.36137314 -5.10526848 9.30000019
v 42.15809555 -5.03253508 9.30000019
v 42.05937881 -4.98877621 9.30000019
v 41.86897202 -4.88700294 9.30000019
v 41.68945999 -4.76705647 9.30000019
v 41.77774353 -4.82923317 9.30000019
v 41.60433502 -4.70062304 9.30000019
v 41.96292801 -4.94022655 9.30000019
v 42.67719193 -0.82381153 9.30000019
v 43.42919846 -0.84227228 9.30000019
v 43.32280655 -0.82381153 9.30000019
v 43.21563644 -0.81059361 9.30000019
v 43.10794754 -0.80264997 9.30000019
v 42.99999924 -0.80000019 9.30000019
v 42.89205093 -0.80264997 9.30000019
v 42.78436203 -0.81059361 9.30000019
v 42.57080002 -0.84227228 9.30000019
v 42.46544189 -0.86593151 9.30000019
v 42.36137314 -0.89473152 9.30000019
v 42.25884171 -0.92860317 9.30000019
v 42.15809555 -0.96746492 9.30000019
v 41.96292801 -1.05977345 9.30000019
v 41.86897202 -1.11299706 9.30000019
v 41.77774353 -1.17076683 9.30000019
v 41.68945999 -1.23294353 9.30000019
v 42.05937881 -1.01122379 9.30000019
v 44.88700027 -4.13102627 9.30000019
v 44.94022675 -4.03707266 9.30000019
v 44.76705475 -4.31053829 9.30000019
v 44.82923050 -4.22225475 9.30000019
v 44.70062180 -4.39566517 9.30000019
v 44.63009186 -4.47742987 9.30000019
v 44.47742767 -4.63009262 9.30000019
v 44.39566345 -4.70062304 9.30000019
v 44.55563278 -4.55563498 9.30000019
v 44.31053848 -4.76705647 9.30000019
v 44.22225494 -4.82923317 9.30000019
v 45.10526962 -3.63862610 9.30000019
v 45.17618866 -3.32280731 9.30000019
v 45.13406677 -3.53455639 9.30000019
v 45.15772552 -3.42919874 9.30000019
v 45.18940659 -3.21563768 9.30000019
v 45.19734879 -3.10794878 9.30000019
v 44.98877640 -3.94062138 9.30000019
v 45.03253479 -3.84190369 9.30000019
v 45.07139511 -3.74115753 9.30000019
v 45.20000000 -3.00000000 9.30000019
v 45.19734879 -2.89205122 9.30000019
v 45.18940659 -2.78436232 9.30000019
v 45.17618866 -2.67719269 9.30000019
v 45.15772552 -2.57080126 9.30000019
v 45.13406677 -2.46544361 9.30000019
v 45.10526962 -2.36137390 9.30000019
v 45.07139511 -2.25884247 9.30000019
v 45.03253479 -2.15809631 9.30000019
v 44.98877640 -2.05937862 9.30000019
v 44.94022675 -1.96292734 9.30000019
v 44.88700027 -1.86897373 9.30000019
v 44.82923050 -1.77774525 9.30000019
v 44.70062180 -1.60433483 9.30000019
v 44.76705475 -1.68946171 9.30000019
v 44.55563278 -1.44436502 9.30000019
v 44.47742767 -1.36990738 9.30000019
v 44.63009186 -1.52257013 9.30000019
v 44.39566345 -1.29937696 9.30000019
v 44.31053848 -1.23294353 9.30000019
v 44.22225494 -1.17076683 9.30000019
v 41.11299820 -4.13102627 9.30000019
v 41.05977173 -4.03707266 9.30000019
v 41.17076797 -4.22225475 9.30000019
v 41.01122208 -3.94062138 9.30000019
v 40.96746368 -3.84190369 9.30000019
v 40.92860336 -3.74115753 9.30000019
v 40.89472885 -3.63862610 9.30000019
v 40.80264969 -3.10794878 9.30000019
v 40.79999847 -3.00000000 9.30000019
v 40.86593170 -3.53455639 9.30000019
v 40.84227295 -3.42919874 9.30000019
v 40.82380981 -3.32280731 9.30000019
v 40.81059189 -3.21563768 9.30000019
v 40.92860336 -2.25884247 9.30000019
v 41.01122208 -2.05937862 9.30000019
v 40.96746368 -2.15809631 9.30000019
v 40.80264969 -2.89205122 9.30000019
v 40.81059189 -2.78436232 9.30000019
v 40.86593170 -2.46544361 9.30000019
v 40.82380981 -2.67719269 9.30000019
v 40.84227295 -2.57080126 9.30000019
v 40.89472885 -2.36137390 9.30000019
v 41.17076797 -1.77774525 9.30000019
v 41.11299820 -1.86897373 9.30000019
v 41.05977173 -1.96292734 9.30000019
v 41.52257080 -4.63009262 9.30000019
v 41.44436569 -4.55563498 9.30000019
v 41.36990662 -4.47742987 9.30000019
v 41.29937668 -4.39566517 9.30000019
v 41.23294373 -4.31053829 9.30000019
v 41.52257080 -1.36990738 9.30000019
v 41.44436569 -1.44436502 9.30000019
v 41.60433502 -1.29937696 9.30000019
v 41.36990662 -1.52257013 9.30000019
v 41.29937668 -1.60433483 9.30000019
v 41.23294373 -1.68946171 9.30000019
v 44.15223999 7.23463249 7.00000000
v 44.17827148 7.17458534 7.00000000
v 44.08611984 7.41943073 7.00000000
v 44.06814880 7.48236179 7.00000000
v 44.12818832 7.29549980 7.00000000
v 44.10613937 7.35712051 7.00000000
v 44.05224533 7.54584694 7.00000000
v 44.03842850 7.60981941 7.00000000
v 44.02671356 7.67420959 7.00000000
v 44.01710815 7.73894691 7.00000000
v 44.00963135 7.80396557 7.00000000
v 44.00428314 7.86919403 7.00000000
v 44.00107117 7.93456173 7.00000000
v 43.99999924 8.00000000 7.00000000
v 44.33705826 6.88885975 7.00000000
v 44.37430496 6.83504486 7.00000000
v 44.30159302 6.94386482 7.00000000
v 44.26794739 7.00000000 7.00000000
v 44.45397873 6.73121357 7.00000000
v 44.49631805 6.68130875 7.00000000
v 44.54027100 6.63281536 7.00000000
v 44.41329117 6.78247738 7.00000000
v 44.68130798 6.49632072 7.00000000
v 44.73121185 6.45397949 7.00000000
v 44.78247757 6.41329384 7.00000000
v 44.83504410 6.37430668 7.00000000
v 44.88885803 6.33706093 7.00000000
v 44.94386215 6.30159569 7.00000000
v 44.58578415 6.58578682 7.00000000
v 44.63281555 6.54027176 7.00000000
v 44.20625229 7.11542320 7.00000000
v 44.23615570 7.05720711 7.00000000
v 45.11542053 6.20625496 7.00000000
v 45.05720444 6.23615742 7.00000000
v 44.99999924 6.26794910 7.00000000
v 45.17458649 6.17827225 7.00000000
v 45.23463364 6.15224075 7.00000000
v 45.29550095 6.12818813 7.00000000
v 45.35711975 6.10614014 7.00000000
v 45.41942902 6.08611870 7.00000000
v 45.48236008 6.06814766 7.00000000
v 45.54584808 6.05224609 7.00000000
v 45.60981674 6.03842926 7.00000000
v 45.67420883 6.02671337 7.00000000
v 45.73894806 6.01711082 7.00000000
v 45.80396576 6.00963020 7.00000000
v 45.86919327 6.00428200 7.00000000
v 45.93456192 6.00107098 7.00000000
v 45.99999924 6.00000000 7.00000000
v 43.99999924 40.00000000 7.00000000
v 58.99999924 6.00000000 8.80000019
v 77.99999924 6.00000000 7.00000000
v 59.07539673 5.23696613 8.80000019
v 59.06698532 5.25099945 8.80000019
v 59.09357758 5.20976067 8.80000019
v 59.10332413 5.19661903 8.80000019
v 59.08426590 5.22321510 8.80000019
v 59.15820236 5.13606834 8.80000019
v 59.17032547 5.12508011 8.80000019
v 59.14644547 5.14744663 8.80000019
v 59.13506622 5.15920448 8.80000019
v 59.12407990 5.17132759 8.80000019
v 59.11349411 5.18380356 8.80000019
v 59.01703568 5.37159061 8.80000019
v 59.01306076 5.38746166 8.80000019
v 59.00960846 5.40345478 8.80000019
v 59.00667877 5.41955185 8.80000019
v 59.00427551 5.43573761 8.80000019
v 59.02653427 5.34028053 8.80000019
v 59.02152939 5.35585785 8.80000019
v 59.00240631 5.45199203 8.80000019
v 59.00107117 5.46829796 8.80000019
v 59.00026627 5.48464012 8.80000019
v 58.99999924 5.50099945 8.80000019
v 59.05903931 5.26530170 8.80000019
v 59.05156250 5.27985573 8.80000019
v 59.04456635 5.29464626 8.80000019
v 59.03805847 5.30965805 8.80000019
v 59.03204651 5.32487488 8.80000019
v 59.27885361 5.05256367 8.80000019
v 59.26430054 5.06003952 8.80000019
v 59.29364700 5.04556847 8.80000019
v 59.30865784 5.03906059 8.80000019
v 59.22221298 5.08526516 8.80000019
v 59.23596497 5.07639885 8.80000019
v 59.20875854 5.09457684 8.80000019
v 59.19561691 5.10432339 8.80000019
v 59.18280334 5.11449432 8.80000019
v 59.24999924 5.06798744 8.80000019
v 59.35485764 5.02252960 8.80000019
v 59.37058945 5.01803780 8.80000019
v 59.32387466 5.03304672 8.80000019
v 59.33927841 5.02753448 8.80000019
v 59.38646240 5.01406097 8.80000019
v 59.40245361 5.01060677 8.80000019
v 59.41855164 5.00767899 8.80000019
v 59.43473740 5.00527763 8.80000019
v 59.45099182 5.00340748 8.80000019
v 59.46729584 5.00207043 8.80000019
v 59.48363800 5.00126839 8.80000019
v 59.49999924 5.00099945 8.80000019
v 64.49999924 5.00099945 8.80000019
v 45.44077225 49.84560013 9.30000019
v 45.38118668 49.72723007 9.30000019
v 45.58373947 50.21623230 9.30000019
v 45.61908264 50.34395218 9.30000019
v 45.64812012 50.47325516 9.30000019
v 45.54216690 50.09039688 9.30000019
v 45.49447556 49.96675491 9.30000019
v 45.67077560 51.39617157 9.30000019
v 45.64812012 51.52674484 9.30000019
v 45.61908264 51.65604782 9.30000019
v 45.58373947 51.78376770 9.30000019
v 45.54216690 51.90960312 9.30000019
v 45.67077560 50.60382843 9.30000019
v 45.68699951 50.73535538 9.30000019
v 45.69674606 50.86751556 9.30000019
v 45.70000000 51.00000000 9.30000019
v 45.69674606 51.13248444 9.30000019
v 45.68699951 51.26464462 9.30000019
v 45.49447556 52.03324509 9.30000019
v 45.44077225 52.15439987 9.30000019
v 44.00428314 40.13080597 7.00000000
v 44.00107117 40.06543732 7.00000000
v 44.00963135 40.19603348 7.00000000
v 44.01710815 40.26105118 7.00000000
v 44.02671356 40.32579041 7.00000000
v 44.03842850 40.39018250 7.00000000
v 44.05224533 40.45415115 7.00000000
v 44.06814880 40.51763916 7.00000000
v 44.08611984 40.58057022 7.00000000
v 44.10613937 40.64287949 7.00000000
v 44.12818832 40.70449829 7.00000000
v 44.15223999 40.76536560 7.00000000
v 44.17827148 40.82541275 7.00000000
v 44.20625229 40.88457870 7.00000000
v 44.23615570 40.94279480 7.00000000
v 44.26794739 41.00000000 7.00000000
v 43.90960236 48.45783234 9.30000019
v 44.03324432 48.50552368 9.30000019
v 43.65604706 48.38091660 9.30000019
v 43.78376694 48.41625977 9.30000019
v 43.52674408 48.35187912 9.30000019
v 44.15439911 53.44077301 9.30000019
v 44.03324432 53.49447632 9.30000019
v 43.78376694 53.58374023 9.30000019
v 43.90960236 53.54216766 9.30000019
v 43.65604706 53.61908340 9.30000019
v 42.60382767 48.32922363 9.30000019
v 42.47325439 48.35187912 9.30000019
v 43.26464386 48.31299973 9.30000019
v 42.99999924 48.29999924 9.30000019
v 43.13248367 48.30325317 9.30000019
v 43.39617081 48.32922363 9.30000019
v 42.86751480 48.30325317 9.30000019
v 42.73535461 48.31299973 9.30000019
v 42.34395142 48.38091660 9.30000019
v 42.21623154 48.41625977 9.30000019
v 42.09039612 48.45783234 9.30000019
v 41.84559937 48.55922699 9.30000019
v 41.72722931 48.61881256 9.30000019
v 41.61192245 48.68413162 9.30000019
v 41.96675415 48.50552368 9.30000019
v 42.60382767 53.67077637 9.30000019
v 43.39617081 53.67077637 9.30000019
v 43.26464386 53.68700027 9.30000019
v 43.13248367 53.69674683 9.30000019
v 43.52674408 53.64812088 9.30000019
v 42.99999924 53.70000076 9.30000019
v 42.86751480 53.69674683 9.30000019
v 42.73535461 53.68700027 9.30000019
v 42.47325439 53.64812088 9.30000019
v 42.34395142 53.61908340 9.30000019
v 42.21623154 53.58374023 9.30000019
v 41.96675415 53.49447632 9.30000019
v 41.84559937 53.44077301 9.30000019
v 41.72722931 53.38118744 9.30000019
v 42.09039612 53.54216766 9.30000019
v 44.30159302 41.05613708 7.00000000
v 44.33705826 41.11114120 7.00000000
v 44.37430496 41.16495514 7.00000000
v 44.41329117 41.21752167 7.00000000
v 44.45397873 41.26878738 7.00000000
v 44.49631805 41.31869125 7.00000000
v 44.54027100 41.36718369 7.00000000
v 44.58578415 41.41421509 7.00000000
v 44.63281555 41.45972824 7.00000000
v 44.68130798 41.50368118 7.00000000
v 44.73121185 41.54602051 7.00000000
v 44.78247757 41.58670807 7.00000000
v 44.83504410 41.62569427 7.00000000
v 44.88885803 41.66294098 7.00000000
v 44.94386215 41.69840622 7.00000000
v 44.99999924 41.73205185 7.00000000
v 45.05720444 41.76384354 7.00000000
v 45.11542053 41.79374695 7.00000000
v 45.17458649 41.82172775 7.00000000
v 45.23463364 41.84775925 7.00000000
v 45.29550095 41.87181091 7.00000000
v 45.35711975 41.89385986 7.00000000
v 45.41942902 41.91387939 7.00000000
v 45.48236008 41.93185043 7.00000000
v 45.54584808 41.94775391 7.00000000
v 45.60981674 41.96157074 7.00000000
v 45.67420883 41.97328568 7.00000000
v 45.73894806 41.98289108 7.00000000
v 45.80396576 41.99036789 7.00000000
v 45.86919327 41.99571609 7.00000000
v 45.93456192 41.99892807 7.00000000
v 45.99999924 42.00000000 7.00000000
v 45.16865845 49.39161301 9.30000019
v 45.08712692 49.28713989 9.30000019
v 45.24496765 49.49996185 9.30000019
v 45.31586761 49.61192322 9.30000019
v 45.00056763 49.18679047 9.30000019
v 44.90918655 49.09081268 9.30000019
v 44.60838623 48.83134079 9.30000019
v 44.71285934 48.91287231 9.30000019
v 44.50003738 48.75503159 9.30000019
v 44.38807602 48.68413162 9.30000019
v 44.81320877 48.99943161 9.30000019
v 44.27276917 48.61881256 9.30000019
v 44.15439911 48.55922699 9.30000019
v 45.31586761 52.38807678 9.30000019
v 45.24496765 52.50003815 9.30000019
v 45.16865845 52.60838699 9.30000019
v 45.38118668 52.27276993 9.30000019
v 45.08712692 52.71286011 9.30000019
v 45.00056763 52.81320953 9.30000019
v 44.90918655 52.90918732 9.30000019
v 44.71285934 53.08712769 9.30000019
v 44.81320877 53.00056839 9.30000019
v 44.50003738 53.24496841 9.30000019
v 44.60838623 53.16865921 9.30000019
v 44.38807602 53.31586838 9.30000019
v 44.27276917 53.38118744 9.30000019
v 41.09081192 49.09081268 9.30000019
v 40.99943085 49.18679047 9.30000019
v 40.91287155 49.28713989 9.30000019
v 40.75503082 49.49996185 9.30000019
v 40.68413086 49.61192322 9.30000019
v 40.83134003 49.39161301 9.30000019
v 40.55922623 49.84560013 9.30000019
v 40.61881180 49.72723007 9.30000019
v 40.50552292 49.96675491 9.30000019
v 41.18678970 48.99943161 9.30000019
v 40.41625900 50.21623230 9.30000019
v 40.38091583 50.34395218 9.30000019
v 40.35187836 50.47325516 9.30000019
v 40.32922287 50.60382843 9.30000019
v 40.31299896 50.73535538 9.30000019
v 40.30325241 50.86751556 9.30000019
v 40.29999847 51.00000000 9.30000019
v 40.32922287 51.39617157 9.30000019
v 40.35187836 51.52674484 9.30000019
v 40.30325241 51.13248444 9.30000019
v 40.31299896 51.26464462 9.30000019
v 40.41625900 51.78376770 9.30000019
v 40.38091583 51.65604782 9.30000019
v 40.45783157 50.09039688 9.30000019
v 40.45783157 51.90960312 9.30000019
v 40.50552292 52.03324509 9.30000019
v 41.18678970 53.00056839 9.30000019
v 41.09081192 52.90918732 9.30000019
v 40.99943085 52.81320953 9.30000019
v 40.75503082 52.50003815 9.30000019
v 40.83134003 52.60838699 9.30000019
v 40.91287155 52.71286011 9.30000019
v 40.61881180 52.27276993 9.30000019
v 40.68413086 52.38807678 9.30000019
v 40.55922623 52.15439987 9.30000019
v 41.49996109 48.75503159 9.30000019
v 41.39161224 48.83134079 9.30000019
v 41.28713913 48.91287231 9.30000019
v 41.49996109 53.24496841 9.30000019
v 41.61192245 53.31586838 9.30000019
v 41.39161224 53.16865921 9.30000019
v 41.28713913 53.08712769 9.30000019
v 77.99999924 42.00000000 7.00000000
v 64.99999924 6.00000000 8.80000019
v 64.51635666 5.00126839 8.80000019
v 64.53269882 5.00207043 8.80000019
v 64.54901047 5.00340748 8.80000019
v 64.56526108 5.00527763 8.80000019
v 64.58145065 5.00767899 8.80000019
v 64.59754105 5.01060677 8.80000019
v 64.61353989 5.01406097 8.80000019
v 64.62940903 5.01803780 8.80000019
v 64.64514084 5.02252960 8.80000019
v 64.66072006 5.02753448 8.80000019
v 64.67612381 5.03304672 8.80000019
v 64.69134445 5.03906059 8.80000019
v 64.70635147 5.04556847 8.80000019
v 64.72114487 5.05256367 8.80000019
v 64.73569412 5.06003952 8.80000019
v 64.74999924 5.06798744 8.80000019
v 64.76402969 5.07639885 8.80000019
v 64.77778549 5.08526516 8.80000019
v 64.79123611 5.09457684 8.80000019
v 64.80438156 5.10432339 8.80000019
v 64.81719894 5.11449432 8.80000019
v 64.82967300 5.12508011 8.80000019
v 64.84179611 5.13606834 8.80000019
v 64.85355301 5.14744663 8.80000019
v 64.86492844 5.15920448 8.80000019
v 64.87592239 5.17132759 8.80000019
v 64.88650436 5.18380356 8.80000019
v 64.89667435 5.19661903 8.80000019
v 64.90642471 5.20976067 8.80000019
v 64.91573257 5.22321510 8.80000019
v 64.92459793 5.23696613 8.80000019
v 64.93301315 5.25099945 8.80000019
v 64.94096298 5.26530170 8.80000019
v 64.94843216 5.27985573 8.80000019
v 64.95542831 5.29464626 8.80000019
v 64.96193619 5.30965805 8.80000019
v 64.96795578 5.32487488 8.80000019
v 64.97346420 5.34028053 8.80000019
v 64.97846909 5.35585785 8.80000019
v 64.98296280 5.37159061 8.80000019
v 64.98693771 5.38746166 8.80000019
v 64.99039383 5.40345478 8.80000019
v 64.99332352 5.41955185 8.80000019
v 64.99571915 5.43573761 8.80000019
v 64.99758835 5.45199203 8.80000019
v 64.99893112 5.46829796 8.80000019
v 64.99973221 5.48464012 8.80000019
v 64.99999924 5.50099945 8.80000019
v 78.06543655 6.00107098 7.00000000
v 78.13080521 6.00428200 7.00000000
v 78.19603653 6.00963020 7.00000000
v 78.26105423 6.01711082 7.00000000
v 78.32578964 6.02671337 7.00000000
v 78.39018173 6.03842926 7.00000000
v 78.45415421 6.05224609 7.00000000
v 78.51763840 6.06814766 7.00000000
v 78.58056564 6.08611870 7.00000000
v 78.64287491 6.10614014 7.00000000
v 78.70449753 6.12818813 7.00000000
v 78.76536484 6.15224075 7.00000000
v 78.82541580 6.17827225 7.00000000
v 78.88457413 6.20625496 7.00000000
v 78.94279404 6.23615742 7.00000000
v 78.99999924 6.26794910 7.00000000
v 79.05613632 6.30159569 7.00000000
v 79.11113663 6.33706093 7.00000000
v 79.16495438 6.37430668 7.00000000
v 79.21752090 6.41329384 7.00000000
v 79.26878281 6.45397949 7.00000000
v 79.31869431 6.49632072 7.00000000
v 79.36718674 6.54027176 7.00000000
v 79.41421432 6.58578682 7.00000000
v 79.45972366 6.63281536 7.00000000
v 79.50367661 6.68130875 7.00000000
v 79.54601974 6.73121357 7.00000000
v 79.58670731 6.78247738 7.00000000
v 79.62569351 6.83504486 7.00000000
v 79.66294022 6.88885975 7.00000000
v 79.69840164 6.94386482 7.00000000
v 79.73204727 7.00000000 7.00000000
v 79.76383896 7.05720711 7.00000000
v 79.79374619 7.11542320 7.00000000
v 79.82172318 7.17458534 7.00000000
v 79.84775467 7.23463249 7.00000000
v 79.87181015 7.29549980 7.00000000
v 79.89385910 7.35712051 7.00000000
v 79.91387863 7.41943073 7.00000000
v 79.93185349 7.48236179 7.00000000
v 79.94775314 7.54584694 7.00000000
v 79.96156998 7.60981941 7.00000000
v 79.97328873 7.67420959 7.00000000
v 79.98288651 7.73894691 7.00000000
v 79.99037094 7.80396557 7.00000000
v 79.99571915 7.86919403 7.00000000
v 79.99893112 7.93456173 7.00000000
v 79.99999924 8.00000000 7.00000000
v 79.99999924 40.00000000 7.00000000
v 78.06543655 41.99892807 7.00000000
v 78.13080521 41.99571609 7.00000000
v 78.19603653 41.99036789 7.00000000
v 78.26105423 41.98289108 7.00000000
v 78.39018173 41.96157074 7.00000000
v 78.32578964 41.97328568 7.00000000
v 78.45415421 41.94775391 7.00000000
v 78.51763840 41.93185043 7.00000000
v 78.58056564 41.91387939 7.00000000
v 78.64287491 41.89385986 7.00000000
v 78.70449753 41.87181091 7.00000000
v 78.76536484 41.84775925 7.00000000
v 78.82541580 41.82172775 7.00000000
v 78.94279404 41.76384354 7.00000000
v 78.88457413 41.79374695 7.00000000
v 78.99999924 41.73205185 7.00000000
v 79.41421432 41.41421509 7.00000000
v 79.36718674 41.45972824 7.00000000
v 79.31869431 41.50368118 7.00000000
v 79.54601974 41.26878738 7.00000000
v 79.50367661 41.31869125 7.00000000
v 79.45972366 41.36718369 7.00000000
v 79.97328873 40.32579041 7.00000000
v 79.96156998 40.39018250 7.00000000
v 79.99893112 40.06543732 7.00000000
v 79.99571915 40.13080597 7.00000000
v 79.99037094 40.19603348 7.00000000
v 79.98288651 40.26105118 7.00000000
v 79.94775314 40.45415115 7.00000000
v 79.93185349 40.51763916 7.00000000
v 79.91387863 40.58057022 7.00000000
v 79.89385910 40.64287949 7.00000000
v 79.87181015 40.70449829 7.00000000
v 79.84775467 40.76536560 7.00000000
v 79.69840164 41.05613708 7.00000000
v 79.66294022 41.11114120 7.00000000
v 79.82172318 40.82541275 7.00000000
v 79.79374619 40.88457870 7.00000000
v 79.76383896 40.94279480 7.00000000
v 79.73204727 41.00000000 7.00000000
v 79.62569351 41.16495514 7.00000000
v 79.58670731 41.21752167 7.00000000
v 79.11113663 41.66294098 7.00000000
v 79.05613632 41.69840622 7.00000000
v 79.16495438 41.62569427 7.00000000
v 79.21752090 41.58670807 7.00000000
v 79.26878281 41.54602051 7.00000000
v 41.45397913 -4.26878655 0.49999999
v 41.28454280 -4.02820551 0.49999999
v 41.39358497 -4.19139862 0.49999999
v 41.33706081 -4.11114049 0.49999999
v 41.11691189 -3.67377973 0.49999999
v 41.08611929 -3.58056933 0.49999999
v 41.23615742 -3.94279349 0.49999999
v 41.19202137 -3.85511017 0.49999999
v 41.15224099 -3.76536685 0.49999999
v 41.49352944 -3.53902376 0.00000000
v 41.05993748 -3.48596036 0.49999999
v 41.03842950 -3.39018065 0.49999999
v 41.02164698 -3.29346094 0.49999999
v 41.00963056 -3.19603428 0.49999999
v 41.00240910 -3.09813535 0.49999999
v 41.46889544 -3.46445549 0.00000000
v 41.44795001 -3.38876829 0.00000000
v 41.43074358 -3.31214452 0.00000000
v 41.41731763 -3.23476876 0.00000000
v 41.40770447 -3.15682742 0.00000000
v 41.40192723 -3.07850828 0.00000000
v 41.73121345 -4.54602087 0.49999999
v 41.80860138 -4.60641503 0.49999999
v 42.05720651 -4.76384258 0.49999999
v 42.14488983 -4.80797863 0.49999999
v 42.23463315 -4.84775901 0.49999999
v 41.88885951 -4.66293919 0.49999999
v 41.97179449 -4.71545720 0.49999999
v 41.58578646 -4.41421354 0.49999999
v 41.65688205 -4.48190224 0.49999999
v 41.51809776 -4.34311795 0.49999999
v 41.86862910 -4.13137090 0.00000000
v 41.76318324 -4.01502931 0.00000000
v 41.81447816 -4.07449436 0.00000000
v 42.04688114 -4.28513205 0.00000000
v 42.24576521 -4.41107404 0.00000000
v 42.11108762 -4.33035135 0.00000000
v 42.17743564 -4.37236583 0.00000000
v 41.92550564 -4.18552184 0.00000000
v 41.98497069 -4.23681676 0.00000000
v 42.32622027 -4.88308811 0.49999999
v 42.41943067 -4.91388071 0.49999999
v 42.51403964 -4.94006252 0.49999999
v 42.60981935 -4.96157050 0.49999999
v 42.46097624 -4.50647056 0.00000000
v 42.53554451 -4.53110456 0.00000000
v 42.61123171 -4.55204999 0.00000000
v 42.70653906 -4.97835302 0.49999999
v 42.80396572 -4.99036944 0.49999999
v 42.90186465 -4.99759090 0.49999999
v 42.68785548 -4.56925642 0.00000000
v 42.76523124 -4.58268237 0.00000000
v 42.84317258 -4.59229553 0.00000000
v 42.92149172 -4.59807277 0.00000000
v 42.31591183 -4.44638288 0.00000000
v 42.38770652 -4.47820723 0.00000000
v 41.66964865 -3.88891238 0.00000000
v 41.58892596 -3.75423479 0.00000000
v 41.62763417 -3.82256436 0.00000000
v 41.71486795 -3.95311886 0.00000000
v 41.55361712 -3.68408817 0.00000000
v 41.52179277 -3.61229348 0.00000000
v 37.70789814 -6.77380323 9.80000000
v 37.51098108 -6.62775970 9.80000000
v 37.54840994 -6.65951562 9.80000000
v 37.40520382 -6.52538848 9.80000000
v 37.43933964 -6.56066012 9.80000000
v 37.47461176 -6.59479618 9.80000000
v 37.58685780 -6.69003010 9.80000000
v 37.62628365 -6.71926999 9.80000000
v 37.66664457 -6.74720430 9.80000000
v 37.37224007 -6.48901868 9.80000000
v 37.34048414 -6.45158982 9.80000000
v 37.30996990 -6.41314220 9.80000000
v 37.28072977 -6.37371659 9.80000000
v 37.25279570 -6.33335543 9.80000000
v 37.22619677 -6.29210186 9.80000000
v 37.17711830 -6.20709515 9.80000000
v 37.15469074 -6.16343307 9.80000000
v 37.13370419 -6.11906052 9.80000000
v 37.11418056 -6.07402515 9.80000000
v 37.09614134 -6.02837515 9.80000000
v 37.20096207 -6.25000000 9.80000000
v 37.92597485 -6.88581920 9.80000000
v 37.79290485 -6.82288194 9.80000000
v 37.83656693 -6.84530902 9.80000000
v 37.75000000 -6.79903817 9.80000000
v 37.88093948 -6.86629581 9.80000000
v 37.97162485 -6.90385890 9.80000000
v 38.01784086 -6.92039514 9.80000000
v 38.11177158 -6.94888878 9.80000000
v 38.06457281 -6.93541050 9.80000000
v 38.15938568 -6.96081543 9.80000000
v 38.20736456 -6.97117782 9.80000000
v 38.25565672 -6.97996497 9.80000000
v 38.30421066 -6.98716736 9.80000000
v 38.35297441 -6.99277711 9.80000000
v 38.40189552 -6.99678850 9.80000000
v 38.45092154 -6.99919677 9.80000000
v 37.70789814 -6.77380323 12.19999962
v 37.51098108 -6.62775970 12.19999962
v 37.54840994 -6.65951562 12.19999962
v 37.40520382 -6.52538848 12.19999962
v 37.43933964 -6.56066012 12.19999962
v 37.47461176 -6.59479618 12.19999962
v 37.58685780 -6.69003010 12.19999962
v 37.62628365 -6.71926999 12.19999962
v 37.66664457 -6.74720430 12.19999962
v 37.37224007 -6.48901868 12.19999962
v 37.34048414 -6.45158982 12.19999962
v 37.30996990 -6.41314220 12.19999962
v 37.28072977 -6.37371659 12.19999962
v 37.25279570 -6.33335543 12.19999962
v 37.22619677 -6.29210186 12.19999962
v 37.17711830 -6.20709515 12.19999962
v 37.15469074 -6.16343307 12.19999962
v 37.13370419 -6.11906052 12.19999962
v 37.11418056 -6.07402515 12.19999962
v 37.09614134 -6.02837515 12.19999962
v 37.20096207 -6.25000000 12.19999962
v 37.92597485 -6.88581920 12.19999962
v 37.79290485 -6.82288194 12.19999962
v 37.83656693 -6.84530902 12.19999962
v 37.75000000 -6.79903817 12.19999962
v 37.88093948 -6.86629581 12.19999962
v 37.97162485 -6.90385890 12.19999962
v 38.01784086 -6.92039514 12.19999962
v 38.11177158 -6.94888878 12.19999962
v 38.06457281 -6.93541050 12.19999962
v 38.15938568 -6.96081543 12.19999962
v 38.20736456 -6.97117782 12.19999962
v 38.25565672 -6.97996497 12.19999962
v 38.30421066 -6.98716736 12.19999962
v 38.35297441 -6.99277711 12.19999962
v 38.40189552 -6.99678850 12.19999962
v 38.45092154 -6.99919677 12.19999962
v 37.07960463 -5.98215914 9.80000000
v 37.06458950 -5.93542695 9.80000000
v 37.05111122 -5.88822865 9.80000000
v 37.03918457 -5.84061432 9.80000000
v 37.02882195 -5.79263544 9.80000000
v 37.02003479 -5.74434328 9.80000000
v 37.01283264 -5.69578934 9.80000000
v 37.00722313 -5.64702582 9.80000000
v 37.00321150 -5.59810472 9.80000000
v 37.00080299 -5.54907870 9.80000000
v 37.00000000 -5.50000000 9.80000000
v 37.07960463 -5.98215914 12.19999962
v 37.06458950 -5.93542695 12.19999962
v 37.05111122 -5.88822865 12.19999962
v 37.03918457 -5.84061432 12.19999962
v 37.02882195 -5.79263544 12.19999962
v 37.02003479 -5.74434328 12.19999962
v 37.01283264 -5.69578934 12.19999962
v 37.00722313 -5.64702582 12.19999962
v 37.00321150 -5.59810472 12.19999962
v 37.00080299 -5.54907870 12.19999962
v 37.00000000 -5.50000000 12.19999962
v 38.50000000 -7.00000000 9.80000000
v 38.50000000 -7.00000000 12.19999962
v 38.34671879 -3.78437501 11.80000000
v 38.34671879 -3.78437501 12.19999962
v 38.34671879 -3.49890625 11.80000000
v 38.34671879 -3.49890625 12.19999962
v 39.33390617 -4.29999995 11.80000000
v 39.33390617 -4.29999995 12.19999962
v 39.62828135 -4.29999995 11.80000000
v 39.62828135 -4.29999995 12.19999962
v 38.58671856 -3.53828126 11.80000000
v 38.58671856 -3.53828126 12.19999962
v 39.33390617 -3.78437501 11.80000000
v 39.33390617 -3.78437501 12.19999962
v 39.33390617 -3.53828126 11.80000000
v 39.33390617 -3.53828126 12.19999962
v 39.62828135 -3.78437501 11.80000000
v 39.94046879 -3.78437501 11.80000000
v 39.62828135 -3.78437501 12.19999962
v 39.94046879 -3.78437501 12.19999962
v 39.62828135 -3.53828126 11.80000000
v 39.94046879 -3.53828126 11.80000000
v 39.62828135 -3.53828126 12.19999962
v 39.94046879 -3.53828126 12.19999962
v 41.35057747 -5.00982714 9.80000000
v 41.45118177 -5.08833957 9.80000000
v 41.48621500 -5.04110265 9.79711037
v 41.77436852 -5.29299521 9.80000000
v 41.55551744 -5.16182089 9.80000000
v 41.66333282 -5.23009443 9.80000000
v 41.58819067 -5.11292195 9.79711037
v 41.62054920 -5.06449389 9.78847103
v 41.65228152 -5.01700330 9.77416401
v 41.69356740 -5.17965102 9.79711037
v 41.72351074 -5.12969375 9.78847103
v 41.80209148 -5.24112916 9.79711037
v 41.82954741 -5.18976259 9.78847103
v 41.85647202 -5.13939047 9.77416401
v 41.75287461 -5.08070302 9.77416401
v 41.78137600 -5.03315115 9.75432758
v 42.00502306 -5.40208673 9.80000000
v 41.88835680 -5.35037208 9.80000000
v 41.91350138 -5.29720831 9.79711037
v 42.02752882 -5.34775305 9.79711037
v 42.04981780 -5.29394293 9.78847103
v 42.12408638 -5.44801450 9.80000000
v 42.14389896 -5.39264202 9.79711037
v 42.24525982 -5.48804498 9.80000000
v 42.16352075 -5.33780289 9.78847103
v 42.18276274 -5.28402519 9.77416401
v 41.93840384 -5.24455643 9.78847103
v 41.96282434 -5.19292355 9.77416401
v 41.98652768 -5.14280725 9.75432758
v 42.03087890 -5.04903436 9.69888191
v 42.05109960 -5.00628138 9.66380672
v 41.88260591 -5.09049726 9.75432758
v 41.90769744 -5.04355431 9.72915249
v 42.00928563 -5.09468961 9.72915249
v 42.23638594 -5.13415837 9.69888191
v 42.07167536 -5.24117398 9.77416401
v 42.09289104 -5.18995476 9.75432758
v 42.11326051 -5.14077854 9.72915249
v 42.20143968 -5.23182654 9.75432758
v 42.21937168 -5.18171000 9.72915249
v 42.13258761 -5.09411883 9.69888191
v 42.15068614 -5.05042505 9.66380672
v 42.16738188 -5.01011801 9.62426453
v 42.36825150 -5.52208138 9.80000000
v 42.49276519 -5.55004168 9.80000000
v 42.61850077 -5.57185888 9.80000000
v 42.62713003 -5.51368523 9.79711037
v 42.74515542 -5.58748031 9.80000000
v 42.75091985 -5.52895308 9.79711037
v 42.87242405 -5.59686828 9.80000000
v 42.87530973 -5.53812885 9.79711037
v 43.00000000 -5.59999990 9.80000000
v 43.00000000 -5.54118967 9.79711037
v 42.26233155 -5.43176699 9.79711037
v 42.27923888 -5.37603092 9.78847103
v 42.38254124 -5.46503353 9.79711037
v 42.39669341 -5.40853500 9.78847103
v 42.29581898 -5.32137370 9.77416401
v 42.31191212 -5.26832175 9.75432758
v 42.41057158 -5.35313010 9.77416401
v 42.42404222 -5.29935241 9.75432758
v 42.50423849 -5.49236155 9.79711037
v 42.51560131 -5.43523669 9.78847103
v 42.52674419 -5.37921762 9.77416401
v 42.53755987 -5.32484365 9.75432758
v 42.54794413 -5.27263832 9.72915249
v 42.49682516 -5.00878644 9.48283844
v 42.60090914 -5.00636530 9.42961006
v 42.59599775 -5.03105640 9.48283844
v 42.34202397 -5.16905642 9.69888191
v 42.32736337 -5.21738577 9.72915249
v 42.43697560 -5.24771953 9.72915249
v 42.25231880 -5.08962893 9.66380672
v 42.26701665 -5.04855132 9.62426453
v 42.28033799 -5.01132059 9.58063583
v 42.36841720 -5.08204937 9.62426453
v 42.35575265 -5.12379885 9.66380672
v 42.37989569 -5.04420996 9.58063583
v 42.39007759 -5.01064467 9.53334217
v 42.44924706 -5.19872904 9.69888191
v 42.46073854 -5.15285254 9.66380672
v 42.55779698 -5.22310472 9.69888191
v 42.57553497 -5.13392973 9.62426453
v 42.56702355 -5.17671967 9.66380672
v 42.47133929 -5.11053181 9.62426453
v 42.48094726 -5.07217479 9.58063583
v 42.48946989 -5.03815031 9.53334217
v 42.58324927 -5.09514737 9.58063583
v 42.59009218 -5.06074572 9.53334217
v 42.63567618 -5.45607162 9.78847103
v 42.64405695 -5.39957333 9.77416401
v 42.75662875 -5.47098970 9.78847103
v 42.76222716 -5.41414809 9.77416401
v 42.77782868 -5.25574327 9.69888191
v 42.65219155 -5.34473395 9.75432758
v 42.66000172 -5.29208207 9.72915249
v 42.76766115 -5.35897589 9.75432758
v 42.77287841 -5.30600429 9.72915249
v 42.87816762 -5.47995496 9.78847103
v 42.88097020 -5.42290711 9.77416401
v 43.00000000 -5.48294592 9.78847103
v 43.00000000 -5.42582917 9.77416401
v 42.88878037 -5.26392746 9.69888191
v 42.88369048 -5.36753464 9.75432758
v 42.88630226 -5.31437087 9.72915249
v 42.80283570 -5.00184274 9.31705456
v 42.70274815 -5.00390911 9.37417107
v 42.69983754 -5.02353096 9.42961006
v 42.69614360 -5.04843354 9.48283844
v 42.79948905 -5.03582191 9.42961006
v 42.80143337 -5.01608086 9.37417107
v 42.79702148 -5.06087565 9.48283844
v 42.90172289 -5.00047660 9.25880985
v 42.90129896 -5.00910592 9.31705456
v 42.89838834 -5.06835270 9.48283844
v 42.89962362 -5.04320812 9.42961006
v 42.90059695 -5.02339554 9.37417107
v 42.66741222 -5.24212480 9.69888191
v 42.67435166 -5.19534278 9.66380672
v 42.68075323 -5.15218687 9.62426453
v 42.78246428 -5.20867729 9.66380672
v 42.78674059 -5.16525912 9.62426453
v 42.79061639 -5.12590742 9.58063583
v 42.68655527 -5.11307263 9.58063583
v 42.69170192 -5.07837677 9.53334217
v 42.79405440 -5.09100080 9.53334217
v 42.89110097 -5.21669078 9.66380672
v 42.89324170 -5.17311525 9.62426453
v 42.89518194 -5.13362050 9.58063583
v 42.89690302 -5.09858727 9.53334217
v 40.70700479 -4.22563148 9.80000000
v 40.64962792 -4.11164320 9.80000000
v 40.70279169 -4.08649862 9.79711037
v 40.91166043 -4.54881823 9.80000000
v 40.99017286 -4.64942253 9.80000000
v 41.07352710 -4.74605334 9.80000000
v 41.11710262 -4.70655870 9.79711037
v 40.95889735 -4.51378500 9.79711037
v 41.03563380 -4.61211371 9.79711037
v 41.08065689 -4.57516420 9.78847103
v 41.12480867 -4.53892970 9.77416401
v 41.25394666 -4.92647290 9.80000000
v 41.29344130 -4.88289738 9.79711037
v 41.16152239 -4.83847761 9.80000000
v 41.20310748 -4.79689252 9.79711037
v 41.24429214 -4.75570786 9.78847103
v 41.38788629 -4.96436620 9.79711037
v 41.42483580 -4.91934311 9.78847103
v 41.46107030 -4.87519133 9.77416401
v 41.33255553 -4.83974147 9.78847103
v 41.37091267 -4.79742086 9.77416401
v 41.49624050 -4.83233619 9.75432758
v 41.40814340 -4.75634313 9.75432758
v 41.16025853 -4.66744447 9.78847103
v 41.20257914 -4.62908733 9.77416401
v 41.28467977 -4.71532023 9.77416401
v 41.16766381 -4.50375950 9.75432758
v 41.24365687 -4.59185660 9.75432758
v 41.28309619 -4.55611086 9.72915249
v 41.47780561 -4.67948270 9.69888191
v 41.32388115 -4.67611885 9.75432758
v 41.36151910 -4.63848090 9.72915249
v 41.44388914 -4.71690381 9.72915249
v 41.39723086 -4.60276914 9.69888191
v 41.32051730 -4.52219439 9.69888191
v 41.43067265 -4.56932735 9.66380672
v 41.46152234 -4.53847766 9.62426453
v 41.48948288 -4.51051712 9.58063583
v 40.83817911 -4.44448256 9.80000000
v 40.88707805 -4.41180933 9.79711037
v 40.93550611 -4.37945080 9.78847103
v 40.76990557 -4.33666718 9.80000000
v 40.82034898 -4.30643260 9.79711037
v 40.87030625 -4.27648926 9.78847103
v 41.00567925 -4.47908914 9.78847103
v 41.05155575 -4.44506478 9.77416401
v 41.09608495 -4.41203964 9.75432758
v 41.11534286 -4.25928760 9.69888191
v 40.98299670 -4.34771848 9.77416401
v 41.02909279 -4.31691813 9.75432758
v 41.07335019 -4.28734624 9.72915249
v 40.75887084 -4.19790852 9.79711037
v 40.81023741 -4.17045259 9.78847103
v 40.91929698 -4.24712539 9.77416401
v 40.86060953 -4.14352798 9.77416401
v 40.75544357 -4.06159616 9.78847103
v 40.80707645 -4.03717566 9.77416401
v 40.90950274 -4.11739409 9.75432758
v 40.85719275 -4.01347232 9.75432758
v 41.05582273 -4.16529500 9.69888191
v 41.09638798 -4.14098120 9.66380672
v 40.96684885 -4.21862400 9.75432758
v 41.01250386 -4.19125926 9.72915249
v 41.00098622 -4.06849515 9.69888191
v 41.08117223 -4.02563477 9.62426453
v 41.11604536 -4.00699472 9.58063583
v 41.04269564 -4.04620099 9.66380672
v 40.95644569 -4.09230256 9.72915249
v 41.46560335 -4.39069605 9.48283844
v 41.45397913 -4.26878655 9.19999962
v 41.45174575 -4.27061939 9.25880985
v 41.44506717 -4.27610040 9.31705456
v 41.39921343 -4.31373155 9.48283844
v 41.49895465 -4.36046815 9.37417107
v 41.48425686 -4.37378955 9.42961006
v 41.43400776 -4.28517663 9.37417107
v 41.41867399 -4.29776073 9.42961006
v 41.24784982 -4.43795252 9.69888191
v 41.28440845 -4.40794969 9.66380672
v 41.20880961 -4.46999204 9.72915249
v 41.13883805 -4.38033175 9.72915249
v 41.17940331 -4.35024655 9.69888191
v 41.21739006 -4.32207358 9.66380672
v 41.25243247 -4.29608440 9.62426453
v 41.31236601 -4.25163472 9.53334217
v 41.28419316 -4.27252913 9.58063583
v 41.38788605 -4.46113491 9.62426453
v 41.35555971 -4.49043381 9.66380672
v 41.31813335 -4.38027227 9.62426453
v 41.44317412 -4.41102481 9.53334217
v 41.41718483 -4.43457997 9.58063583
v 41.34869993 -4.35518694 9.58063583
v 41.37581360 -4.33293533 9.53334217
v 41.29908562 -4.13651466 9.42961006
v 41.27815342 -4.15050113 9.48283844
v 41.28454280 -4.02820551 9.19999962
v 41.27465415 -4.03413248 9.31705456
v 41.28206468 -4.02969086 9.25880985
v 41.22377503 -4.06462824 9.48283844
v 41.26238263 -4.04148769 9.37417107
v 41.24536836 -4.05168569 9.42961006
v 41.39358497 -4.19139862 9.19999962
v 41.39126432 -4.19311965 9.25880985
v 41.38432491 -4.19826627 9.31705456
v 41.35690057 -4.21860552 9.42961006
v 41.37283337 -4.20678902 9.37417107
v 41.33667994 -4.23360229 9.48283844
v 41.31557906 -4.12549412 9.37417107
v 41.33706081 -4.11114049 9.19999962
v 41.33465850 -4.11274564 9.25880985
v 41.32747495 -4.11754549 9.31705456
v 41.19094169 -4.20877409 9.62426453
v 41.15466630 -4.23301256 9.66380672
v 41.25298405 -4.16731870 9.53334217
v 41.22381985 -4.18680561 9.58063583
v 41.13380909 -4.11855185 9.62426453
v 41.16772556 -4.09822309 9.58063583
v 41.19781077 -4.08019066 9.53334217
v 40.55198550 -3.87591362 9.80000000
v 40.51195502 -3.75474018 9.80000000
v 40.59791327 -3.99497694 9.80000000
v 40.65224695 -3.97247118 9.79711037
v 40.70605707 -3.95018220 9.78847103
v 40.60735798 -3.85610104 9.79711037
v 40.66219711 -3.83647925 9.78847103
v 40.71597481 -3.81723726 9.77416401
v 40.47791862 -3.63174850 9.80000000
v 40.44995832 -3.50723481 9.80000000
v 40.53496647 -3.61745876 9.79711037
v 40.56823301 -3.73766845 9.79711037
v 40.62396908 -3.72076112 9.78847103
v 40.67862630 -3.70418102 9.77416401
v 40.73167825 -3.68808788 9.75432758
v 40.59146500 -3.60330659 9.78847103
v 40.64686990 -3.58942842 9.77416401
v 40.70064759 -3.57595778 9.75432758
v 40.42814112 -3.38149923 9.80000000
v 40.50763845 -3.49576151 9.79711037
v 40.41251969 -3.25484458 9.80000000
v 40.48631477 -3.37286997 9.79711037
v 40.54392838 -3.36432382 9.78847103
v 40.56476331 -3.48439869 9.78847103
v 40.62078238 -3.47325581 9.77416401
v 40.67515635 -3.46244013 9.75432758
v 40.72736168 -3.45205587 9.72915249
v 40.60042667 -3.35594305 9.77416401
v 40.65526605 -3.34780845 9.75432758
v 40.70791793 -3.33999828 9.72915249
v 40.40313172 -3.12757595 9.80000000
v 40.47104692 -3.24908015 9.79711037
v 40.52901030 -3.24337125 9.78847103
v 40.46187115 -3.12469027 9.79711037
v 40.52004504 -3.12183238 9.78847103
v 40.74425673 -3.22217132 9.69888191
v 40.58585191 -3.23777284 9.77416401
v 40.64102411 -3.23233885 9.75432758
v 40.69399571 -3.22712159 9.72915249
v 40.73607254 -3.11121963 9.69888191
v 40.57709289 -3.11902980 9.77416401
v 40.63246536 -3.11630952 9.75432758
v 40.68562913 -3.11369774 9.72915249
v 41.11004519 -3.78284490 9.42961006
v 41.08678663 -3.79247892 9.48283844
v 40.75882602 -3.92832464 9.77416401
v 40.81004524 -3.90710896 9.75432758
v 40.90531039 -3.99071437 9.72915249
v 40.85922146 -3.88673949 9.72915249
v 40.90588117 -3.86741239 9.69888191
v 40.86584163 -3.76361406 9.69888191
v 40.76817346 -3.79856032 9.75432758
v 40.81829000 -3.78062832 9.72915249
v 40.95096564 -3.96912110 9.69888191
v 40.99371862 -3.94890040 9.66380672
v 41.03315806 -3.93024701 9.62426453
v 41.06890368 -3.91334051 9.58063583
v 41.10061157 -3.89834380 9.53334217
v 40.98988199 -3.83261812 9.62426453
v 41.02641439 -3.81748593 9.58063583
v 40.94957495 -3.84931386 9.66380672
v 41.05881989 -3.80406314 9.53334217
v 41.11691189 -3.67377973 9.19999962
v 41.11419165 -3.67475301 9.25880985
v 41.10605693 -3.67766362 9.31705456
v 41.07390940 -3.68916625 9.42961006
v 41.05020607 -3.69764745 9.48283844
v 41.09258628 -3.68248355 9.37417107
v 41.08611929 -3.58056933 9.19999962
v 41.07508695 -3.58391601 9.31705456
v 41.08335459 -3.58140802 9.25880985
v 41.01832271 -3.60113519 9.48283844
v 40.99121356 -3.50317484 9.48283844
v 41.04241371 -3.59382731 9.42961006
v 41.06139600 -3.58806908 9.37417107
v 40.83094358 -3.65797603 9.69888191
v 40.91037107 -3.74768120 9.66380672
v 40.91795063 -3.63158280 9.62426453
v 40.87620115 -3.64424735 9.66380672
v 40.78261423 -3.67263663 9.72915249
v 40.80127096 -3.55075294 9.69888191
v 40.88946819 -3.52866071 9.62426453
v 40.92782521 -3.51905274 9.58063583
v 40.84714746 -3.53926146 9.66380672
v 40.75228047 -3.56302440 9.72915249
v 40.95144868 -3.73298335 9.62426453
v 40.98867941 -3.71966201 9.58063583
v 41.02170455 -3.70784539 9.53334217
v 40.95579004 -3.62010431 9.58063583
v 40.98935533 -3.60992241 9.53334217
v 40.96184969 -3.51053011 9.53334217
v 41.23615742 -3.94279349 9.19999962
v 41.23360944 -3.94415540 9.25880985
v 41.22598994 -3.94822812 9.31705456
v 41.21337235 -3.95497239 9.37417107
v 41.19587815 -3.96432322 9.42961006
v 41.17367578 -3.97619063 9.48283844
v 41.12797630 -3.88540131 9.48283844
v 41.19202137 -3.85511017 9.19999962
v 41.18940961 -3.85634547 9.25880985
v 41.18159950 -3.86003941 9.31705456
v 41.15224099 -3.76536685 9.19999962
v 41.14957166 -3.76647252 9.25880985
v 41.14158964 -3.76977873 9.31705456
v 41.16866612 -3.86615640 9.37417107
v 41.15073419 -3.87463760 9.42961006
v 41.12837172 -3.77525377 9.37417107
v 41.14697909 -3.99046028 9.53334217
v 41.02712214 -3.39242980 9.31705456
v 41.05993748 -3.48596036 9.19999962
v 41.05713487 -3.48666236 9.25880985
v 41.04875422 -3.48876163 9.31705456
v 41.03842950 -3.39018065 9.19999962
v 41.03559577 -3.39074430 9.25880985
v 41.01563394 -3.49705783 9.42961006
v 41.01309001 -3.39522097 9.37417107
v 40.99363470 -3.39909086 9.42961006
v 40.96894360 -3.40400225 9.48283844
v 41.03487599 -3.49223796 9.37417107
v 41.02164698 -3.29346094 9.19999962
v 41.01878905 -3.29388487 9.25880985
v 41.01024294 -3.29515257 9.31705456
v 40.97646904 -3.30016246 9.42961006
v 40.99609089 -3.29725185 9.37417107
v 40.95156646 -3.30385640 9.48283844
v 40.77689528 -3.44220302 9.69888191
v 40.82328033 -3.43297645 9.66380672
v 40.86607027 -3.42446503 9.62426453
v 40.90485263 -3.41675073 9.58063583
v 40.75787520 -3.33258778 9.69888191
v 40.80465722 -3.32564834 9.66380672
v 40.84781313 -3.31924677 9.62426453
v 40.88692737 -3.31344473 9.58063583
v 40.92162323 -3.30829808 9.53334217
v 40.93925428 -3.40990782 9.53334217
v 40.93164730 -3.10161166 9.48283844
v 41.00963056 -3.19603428 9.19999962
v 41.00675535 -3.19631746 9.25880985
v 40.99815726 -3.19716430 9.31705456
v 40.98391914 -3.19856663 9.37417107
v 40.96417809 -3.20051095 9.42961006
v 40.93912435 -3.20297852 9.48283844
v 41.00240910 -3.09813535 9.19999962
v 40.99952340 -3.09827711 9.25880985
v 40.99089408 -3.09870104 9.31705456
v 40.97660446 -3.09940305 9.37417107
v 40.95679188 -3.10037638 9.42961006
v 40.83474088 -3.21325941 9.62426453
v 40.79132271 -3.21753572 9.66380672
v 40.87409258 -3.20938361 9.58063583
v 40.90899920 -3.20594560 9.53334217
v 40.82688475 -3.10675830 9.62426453
v 40.78330922 -3.10889903 9.66380672
v 40.86637950 -3.10481806 9.58063583
v 40.90141273 -3.10309698 9.53334217
v 41.52091086 -4.99432075 9.78847103
v 41.55493522 -4.94844425 9.77416401
v 41.58796036 -4.90391505 9.75432758
v 41.68308187 -4.97090721 9.75432758
v 41.56204748 -4.75215018 9.69888191
v 41.64975345 -4.82059669 9.69888191
v 41.67792642 -4.78260994 9.66380672
v 41.53000796 -4.79119039 9.72915249
v 41.61966825 -4.86116195 9.72915249
v 41.74071240 -4.88465714 9.69888191
v 41.83470500 -4.94417727 9.69888191
v 41.85901880 -4.90361202 9.66380672
v 41.71265376 -4.92664981 9.72915249
v 41.80874074 -4.98749614 9.72915249
v 41.76698744 -4.84533370 9.66380672
v 41.79122591 -4.80905831 9.62426453
v 41.81319439 -4.77618015 9.58063583
v 41.68626845 -4.60078657 9.48283844
v 41.63953185 -4.50104535 9.37417107
v 41.62621045 -4.51574314 9.42961006
v 41.60930395 -4.53439665 9.48283844
v 41.76639771 -4.66332006 9.48283844
v 41.86348534 -4.70091438 9.42961006
v 41.84949887 -4.72184658 9.48283844
v 41.79321098 -4.62716663 9.37417107
v 41.78139448 -4.64309943 9.42961006
v 41.87450588 -4.68442094 9.37417107
v 41.73121345 -4.54602087 9.19999962
v 41.72938061 -4.54825425 9.25880985
v 41.72389960 -4.55493283 9.31705456
v 41.80860138 -4.60641503 9.19999962
v 41.80688035 -4.60873568 9.25880985
v 41.80173373 -4.61567509 9.31705456
v 41.71482337 -4.56599224 9.37417107
v 41.70223927 -4.58132601 9.42961006
v 41.59205031 -4.71559155 9.66380672
v 41.50956619 -4.64444029 9.66380672
v 41.61972773 -4.68186665 9.62426453
v 41.64481306 -4.65130007 9.58063583
v 41.53886509 -4.61211395 9.62426453
v 41.56542003 -4.58281517 9.58063583
v 41.58897519 -4.55682588 9.53334217
v 41.66706467 -4.62418640 9.53334217
v 41.70391560 -4.74756753 9.62426453
v 41.72747087 -4.71580684 9.58063583
v 41.74836528 -4.68763399 9.53334217
v 41.83268130 -4.74701595 9.53334217
v 42.05720651 -4.76384258 9.19999962
v 42.05584460 -4.76639056 9.25880985
v 42.05177188 -4.77401006 9.31705456
v 41.94831431 -4.75463164 9.42961006
v 41.93537176 -4.77622497 9.48283844
v 42.02380937 -4.82632422 9.48283844
v 42.04502761 -4.78662765 9.37417107
v 42.03567678 -4.80412185 9.42961006
v 42.21715510 -4.88995481 9.42961006
v 42.20752108 -4.91321337 9.48283844
v 42.13996059 -4.81840050 9.31705456
v 42.14488983 -4.80797863 9.19999962
v 42.14365453 -4.81059039 9.25880985
v 42.23463315 -4.84775901 9.19999962
v 42.23352748 -4.85042834 9.25880985
v 42.23022127 -4.85841036 9.31705456
v 42.12536240 -4.84926581 9.42961006
v 42.13384360 -4.83133388 9.37417107
v 42.11459869 -4.87202370 9.48283844
v 42.22474623 -4.87162828 9.37417107
v 41.93150485 -4.99901378 9.69888191
v 41.95379901 -4.95730436 9.66380672
v 41.97436523 -4.91882777 9.62426453
v 41.99300528 -4.88395464 9.58063583
v 41.88144815 -4.86619091 9.62426453
v 41.90177691 -4.83227444 9.58063583
v 41.91980934 -4.80218923 9.53334217
v 42.00953972 -4.85302091 9.53334217
v 42.06975299 -4.96684194 9.62426453
v 42.08665949 -4.93109632 9.58063583
v 42.10165620 -4.89938843 9.53334217
v 42.18251407 -4.97358561 9.58063583
v 42.19593686 -4.94118011 9.53334217
v 41.96586752 -4.72534585 9.31705456
v 41.88885951 -4.66293919 9.19999962
v 41.88725436 -4.66534150 9.25880985
v 41.88245451 -4.67252505 9.31705456
v 41.97179449 -4.71545720 9.19999962
v 41.97030914 -4.71793532 9.25880985
v 41.95851231 -4.73761737 9.37417107
v 41.58578646 -4.41421354 9.19999962
v 41.58374345 -4.41625655 9.25880985
v 41.57763433 -4.42236567 9.31705456
v 41.65688205 -4.48190224 9.19999962
v 41.65494180 -4.48404300 9.25880985
v 41.64913976 -4.49044454 9.31705456
v 41.55349123 -4.44650877 9.42961006
v 41.53568983 -4.46431017 9.48283844
v 41.56751776 -4.43248224 9.37417107
v 41.51809776 -4.34311795 9.19999962
v 41.51595700 -4.34505820 9.25880985
v 41.50955546 -4.35086024 9.31705456
v 41.51428509 -4.48571491 9.53334217
v 42.32622027 -4.88308811 9.19999962
v 42.32524699 -4.88580835 9.25880985
v 42.32233638 -4.89394307 9.31705456
v 42.41943067 -4.91388071 9.19999962
v 42.41859198 -4.91664541 9.25880985
v 42.41608399 -4.92491305 9.31705456
v 42.30235255 -4.94979393 9.48283844
v 42.31751645 -4.90741372 9.37417107
v 42.31083375 -4.92609060 9.42961006
v 42.41193092 -4.93860400 9.37417107
v 42.40617269 -4.95758629 9.42961006
v 42.39886481 -4.98167729 9.48283844
v 42.51403964 -4.94006252 9.19999962
v 42.51333764 -4.94286513 9.25880985
v 42.51123837 -4.95124578 9.31705456
v 42.60981935 -4.96157050 9.19999962
v 42.60757020 -4.97287786 9.31705456
v 42.60925570 -4.96440423 9.25880985
v 42.50294217 -4.98436606 9.42961006
v 42.50776204 -4.96512401 9.37417107
v 42.60477903 -4.98690999 9.37417107
v 42.29215461 -4.97829545 9.53334217
v 42.70653906 -4.97835302 9.19999962
v 42.70611513 -4.98121095 9.25880985
v 42.70484743 -4.98975706 9.31705456
v 42.80396572 -4.99036944 9.19999962
v 42.80368254 -4.99324465 9.25880985
v 42.90186465 -4.99759090 9.19999962
v 42.24887562 -3.12384083 11.80000000
v 42.24131376 -3.10715136 11.80000000
v 42.23485959 -3.09000305 11.80000000
v 42.22954077 -3.07246933 11.80000000
v 42.22538012 -3.05462529 11.80000000
v 42.22239542 -3.03654733 11.80000000
v 42.22059947 -3.01831288 11.80000000
v 42.24887562 -3.12384083 12.19999962
v 42.24131376 -3.10715136 12.19999962
v 42.23485959 -3.09000305 12.19999962
v 42.22954077 -3.07246933 12.19999962
v 42.22538012 -3.05462529 12.19999962
v 42.22239542 -3.03654733 12.19999962
v 42.22059947 -3.01831288 12.19999962
v 42.37615919 -3.25112438 11.80000000
v 42.39284861 -3.25868627 11.80000000
v 42.40999693 -3.26514044 11.80000000
v 42.42753065 -3.27045923 11.80000000
v 42.44537473 -3.27461988 11.80000000
v 42.46345264 -3.27760455 11.80000000
v 42.48168713 -3.27940050 11.80000000
v 42.50000000 -3.28000000 11.80000000
v 42.51831287 -3.27940050 11.80000000
v 42.53654733 -3.27760455 11.80000000
v 42.55462530 -3.27461988 11.80000000
v 42.57246932 -3.27045923 11.80000000
v 42.59000304 -3.26514044 11.80000000
v 42.60715136 -3.25868627 11.80000000
v 42.62384084 -3.25112438 11.80000000
v 42.37615919 -3.25112438 12.19999962
v 42.39284861 -3.25868627 12.19999962
v 42.40999693 -3.26514044 12.19999962
v 42.42753065 -3.27045923 12.19999962
v 42.44537473 -3.27461988 12.19999962
v 42.46345264 -3.27760455 12.19999962
v 42.48168713 -3.27940050 12.19999962
v 42.50000000 -3.28000000 12.19999962
v 42.51831287 -3.27940050 12.19999962
v 42.53654733 -3.27760455 12.19999962
v 42.55462530 -3.27461988 12.19999962
v 42.57246932 -3.27045923 12.19999962
v 42.59000304 -3.26514044 12.19999962
v 42.60715136 -3.25868627 12.19999962
v 42.62384084 -3.25112438 12.19999962
v 42.32954681 -3.22213894 11.80000000
v 42.31538320 -3.21051514 11.80000000
v 42.30201012 -3.19798990 11.80000000
v 42.28948486 -3.18461683 11.80000000
v 42.27786106 -3.17045321 11.80000000
v 42.26718849 -3.15555966 11.80000000
v 42.25751287 -3.14000000 11.80000000
v 42.36000001 -3.24248712 11.80000000
v 42.34444034 -3.23281150 11.80000000
v 42.32954681 -3.22213894 12.19999962
v 42.31538320 -3.21051514 12.19999962
v 42.30201012 -3.19798990 12.19999962
v 42.28948486 -3.18461683 12.19999962
v 42.27786106 -3.17045321 12.19999962
v 42.26718849 -3.15555966 12.19999962
v 42.25751287 -3.14000000 12.19999962
v 42.36000001 -3.24248712 12.19999962
v 42.34444034 -3.23281150 12.19999962
v 42.63999999 -3.24248712 11.80000000
v 42.65555966 -3.23281150 11.80000000
v 42.67045319 -3.22213894 11.80000000
v 42.68461683 -3.21051514 11.80000000
v 42.69798991 -3.19798990 11.80000000
v 42.71051514 -3.18461683 11.80000000
v 42.72213894 -3.17045321 11.80000000
v 42.73281148 -3.15555966 11.80000000
v 42.74248710 -3.14000000 11.80000000
v 42.75112437 -3.12384083 11.80000000
v 42.75868627 -3.10715136 11.80000000
v 42.76514043 -3.09000305 11.80000000
v 42.77045923 -3.07246933 11.80000000
v 42.77461988 -3.05462529 11.80000000
v 42.77760457 -3.03654733 11.80000000
v 42.77940050 -3.01831288 11.80000000
v 42.63999999 -3.24248712 12.19999962
v 42.65555966 -3.23281150 12.19999962
v 42.67045319 -3.22213894 12.19999962
v 42.68461683 -3.21051514 12.19999962
v 42.69798991 -3.19798990 12.19999962
v 42.71051514 -3.18461683 12.19999962
v 42.72213894 -3.17045321 12.19999962
v 42.73281148 -3.15555966 12.19999962
v 42.74248710 -3.14000000 12.19999962
v 42.75112437 -3.12384083 12.19999962
v 42.75868627 -3.10715136 12.19999962
v 42.76514043 -3.09000305 12.19999962
v 42.77045923 -3.07246933 12.19999962
v 42.77461988 -3.05462529 12.19999962
v 42.77760457 -3.03654733 12.19999962
v 42.77940050 -3.01831288 12.19999962
v 41.00000000 -3.00000000 0.49999999
v 41.00240910 -2.90186465 0.49999999
v 41.00963056 -2.80396572 0.49999999
v 41.02164698 -2.70653906 0.49999999
v 41.03842950 -2.60981935 0.49999999
v 41.05993748 -2.51403964 0.49999999
v 41.39999998 -3.00000000 0.00000000
v 41.40192723 -2.92149172 0.00000000
v 41.40770447 -2.84317258 0.00000000
v 41.41731763 -2.76523124 0.00000000
v 41.43074358 -2.68785548 0.00000000
v 41.44795001 -2.61123171 0.00000000
v 41.46889544 -2.53554451 0.00000000
v 41.08611929 -2.41943067 0.49999999
v 41.11691189 -2.32622027 0.49999999
v 41.49352944 -2.46097624 0.00000000
v 41.15224099 -2.23463315 0.49999999
v 41.19202137 -2.14488983 0.49999999
v 41.23615742 -2.05720651 0.49999999
v 41.28454280 -1.97179449 0.49999999
v 41.33706081 -1.88885951 0.49999999
v 41.39358497 -1.80860138 0.49999999
v 41.45397913 -1.73121345 0.49999999
v 41.52179277 -2.38770652 0.00000000
v 41.55361712 -2.31591183 0.00000000
v 41.58892596 -2.24576521 0.00000000
v 41.62763417 -2.17743564 0.00000000
v 41.66964865 -2.11108762 0.00000000
v 41.71486795 -2.04688114 0.00000000
v 41.76318324 -1.98497069 0.00000000
v 41.81447816 -1.92550564 0.00000000
v 41.86862910 -1.86862910 0.00000000
v 41.51809776 -1.65688205 0.49999999
v 41.58578646 -1.58578646 0.49999999
v 41.65688205 -1.51809776 0.49999999
v 41.92550564 -1.81447816 0.00000000
v 41.98497069 -1.76318324 0.00000000
v 42.04688114 -1.71486795 0.00000000
v 42.11108762 -1.66964865 0.00000000
v 42.17743564 -1.62763417 0.00000000
v 42.24576521 -1.58892596 0.00000000
v 41.73121345 -1.45397913 0.49999999
v 41.80860138 -1.39358497 0.49999999
v 41.88885951 -1.33706081 0.49999999
v 41.97179449 -1.28454280 0.49999999
v 42.05720651 -1.23615742 0.49999999
v 42.14488983 -1.19202137 0.49999999
v 42.23463315 -1.15224099 0.49999999
v 42.31591183 -1.55361712 0.00000000
v 42.38770652 -1.52179277 0.00000000
v 42.46097624 -1.49352944 0.00000000
v 42.53554451 -1.46889544 0.00000000
v 42.61123171 -1.44795001 0.00000000
v 42.32622027 -1.11691189 0.49999999
v 42.41943067 -1.08611929 0.49999999
v 42.51403964 -1.05993748 0.49999999
v 42.60981935 -1.03842950 0.49999999
v 42.68785548 -1.43074358 0.00000000
v 42.76523124 -1.41731763 0.00000000
v 42.84317258 -1.40770447 0.00000000
v 42.92149172 -1.40192723 0.00000000
v 42.70653906 -1.02164698 0.49999999
v 42.80396572 -1.00963056 0.49999999
v 42.90186465 -1.00240910 0.49999999
v 39.33390617 -2.37062502 11.80000000
v 39.33390617 -2.37062502 12.19999962
v 39.25609374 -2.11281252 11.80000000
v 39.25609374 -2.11281252 12.19999962
v 39.62828135 -2.11281252 11.80000000
v 39.62828135 -2.11281252 12.19999962
v 37.00000000 -0.50000000 9.80000000
v 37.00080299 -0.45092130 9.80000000
v 37.00321150 -0.40189528 9.80000000
v 37.00722313 -0.35297418 9.80000000
v 37.01283264 -0.30421066 9.80000000
v 37.02003479 -0.25565672 9.80000000
v 37.02882195 -0.20736456 9.80000000
v 37.03918457 -0.15938568 9.80000000
v 37.05111122 -0.11177135 9.80000000
v 37.06458950 -0.06457305 9.80000000
v 37.07960463 -0.01784086 9.80000000
v 37.00000000 -0.50000000 12.19999962
v 37.00080299 -0.45092130 12.19999962
v 37.00321150 -0.40189528 12.19999962
v 37.00722313 -0.35297418 12.19999962
v 37.01283264 -0.30421066 12.19999962
v 37.02003479 -0.25565672 12.19999962
v 37.02882195 -0.20736456 12.19999962
v 37.03918457 -0.15938568 12.19999962
v 37.05111122 -0.11177135 12.19999962
v 37.06458950 -0.06457305 12.19999962
v 37.07960463 -0.01784086 12.19999962
v 37.09614134 0.02837515 9.80000000
v 37.11418056 0.07402515 9.80000000
v 37.13370419 0.11906052 9.80000000
v 37.15469074 0.16343307 9.80000000
v 37.17711830 0.20709515 9.80000000
v 37.20096207 0.25000000 9.80000000
v 37.22619677 0.29210186 9.80000000
v 37.25279570 0.33335543 9.80000000
v 37.28072977 0.37371659 9.80000000
v 37.30996990 0.41314220 9.80000000
v 37.34048414 0.45158982 9.80000000
v 37.37224007 0.48901868 9.80000000
v 37.40520382 0.52538848 9.80000000
v 37.43933964 0.56066012 9.80000000
v 37.47461176 0.59479618 9.80000000
v 37.51098108 0.62775970 9.80000000
v 37.54840994 0.65951562 9.80000000
v 37.58685780 0.69003010 9.80000000
v 37.62628365 0.71926999 9.80000000
v 37.66664457 0.74720430 9.80000000
v 37.70789814 0.77380323 9.80000000
v 37.75000000 0.79903817 9.80000000
v 37.79290485 0.82288194 9.80000000
v 37.83656693 0.84530902 9.80000000
v 37.88093948 0.86629581 9.80000000
v 37.92597485 0.88581920 9.80000000
v 37.97162485 0.90385890 9.80000000
v 38.01784086 0.92039514 9.80000000
v 38.06457281 0.93541050 9.80000000
v 38.11177158 0.94888878 9.80000000
v 38.15938568 0.96081543 9.80000000
v 38.20736456 0.97117782 9.80000000
v 38.25565672 0.97996497 9.80000000
v 38.30421066 0.98716736 9.80000000
v 38.35297441 0.99277711 9.80000000
v 38.40189552 0.99678850 9.80000000
v 38.45092154 0.99919677 9.80000000
v 37.09614134 0.02837515 12.19999962
v 37.11418056 0.07402515 12.19999962
v 37.13370419 0.11906052 12.19999962
v 37.15469074 0.16343307 12.19999962
v 37.17711830 0.20709515 12.19999962
v 37.20096207 0.25000000 12.19999962
v 37.22619677 0.29210186 12.19999962
v 37.25279570 0.33335543 12.19999962
v 37.28072977 0.37371659 12.19999962
v 37.30996990 0.41314220 12.19999962
v 37.34048414 0.45158982 12.19999962
v 37.37224007 0.48901868 12.19999962
v 37.40520382 0.52538848 12.19999962
v 37.43933964 0.56066012 12.19999962
v 37.47461176 0.59479618 12.19999962
v 37.51098108 0.62775970 12.19999962
v 37.54840994 0.65951562 12.19999962
v 37.58685780 0.69003010 12.19999962
v 37.62628365 0.71926999 12.19999962
v 37.66664457 0.74720430 12.19999962
v 37.70789814 0.77380323 12.19999962
v 37.75000000 0.79903817 12.19999962
v 37.79290485 0.82288194 12.19999962
v 37.83656693 0.84530902 12.19999962
v 37.88093948 0.86629581 12.19999962
v 37.92597485 0.88581920 12.19999962
v 37.97162485 0.90385890 12.19999962
v 38.01784086 0.92039514 12.19999962
v 38.06457281 0.93541050 12.19999962
v 38.11177158 0.94888878 12.19999962
v 38.15938568 0.96081543 12.19999962
v 38.20736456 0.97117782 12.19999962
v 38.25565672 0.97996497 12.19999962
v 38.30421066 0.98716736 12.19999962
v 38.35297441 0.99277711 12.19999962
v 38.40189552 0.99678850 12.19999962
v 38.45092154 0.99919677 12.19999962
v 38.50000000 1.00000000 9.80000000
v 38.50000000 1.00000000 12.19999962
v 40.40000010 -3.00000000 9.80000000
v 40.45881033 -3.00000000 9.79711037
v 40.46187115 -2.87530973 9.79711037
v 40.51705408 -3.00000000 9.78847103
v 40.52004504 -2.87816762 9.78847103
v 40.40313172 -2.87242405 9.80000000
v 40.47104692 -2.75091985 9.79711037
v 40.52901030 -2.75662875 9.78847103
v 40.73334217 -3.00000000 9.69888191
v 40.73607254 -2.88878037 9.69888191
v 40.57417083 -3.00000000 9.77416401
v 40.62961006 -3.00000000 9.75432758
v 40.57709289 -2.88097020 9.77416401
v 40.63246536 -2.88369048 9.75432758
v 40.68283796 -3.00000000 9.72915249
v 40.68562913 -2.88630226 9.72915249
v 40.74425673 -2.77782868 9.69888191
v 40.58585191 -2.76222716 9.77416401
v 40.64102411 -2.76766115 9.75432758
v 40.69399571 -2.77287841 9.72915249
v 40.41251969 -2.74515542 9.80000000
v 40.48631477 -2.62713003 9.79711037
v 40.54392838 -2.63567618 9.78847103
v 40.42814112 -2.61850077 9.80000000
v 40.50763845 -2.50423849 9.79711037
v 40.60042667 -2.64405695 9.77416401
v 40.65526605 -2.65219155 9.75432758
v 40.70791793 -2.66000172 9.72915249
v 40.56476331 -2.51560131 9.78847103
v 40.62078238 -2.52674419 9.77416401
v 40.67515635 -2.53755987 9.75432758
v 40.72736168 -2.54794413 9.72915249
v 40.44995832 -2.49276519 9.80000000
v 40.53496647 -2.38254124 9.79711037
v 40.47791862 -2.36825150 9.80000000
v 40.59146500 -2.39669341 9.78847103
v 40.64686990 -2.41057158 9.77416401
v 40.70064759 -2.42404222 9.75432758
v 40.56823301 -2.26233155 9.79711037
v 40.62396908 -2.27923888 9.78847103
v 40.67862630 -2.29581898 9.77416401
v 40.73167825 -2.31191212 9.75432758
v 40.51195502 -2.24525982 9.80000000
v 40.55198550 -2.12408638 9.80000000
v 40.60735798 -2.14389896 9.79711037
v 40.66219711 -2.16352075 9.78847103
v 40.71597481 -2.18276274 9.77416401
v 40.59791327 -2.00502306 9.80000000
v 40.65224695 -2.02752882 9.79711037
v 40.70605707 -2.04981780 9.78847103
v 40.92915273 -3.00000000 9.48283844
v 40.93164730 -2.89838834 9.48283844
v 41.00000000 -3.00000000 9.19999962
v 40.99711084 -3.00000000 9.25880985
v 40.98847127 -3.00000000 9.31705456
v 41.00240910 -2.90186465 9.19999962
v 40.99952340 -2.90172289 9.25880985
v 40.99089408 -2.90129896 9.31705456
v 40.97416425 -3.00000000 9.37417107
v 40.95432782 -3.00000000 9.42961006
v 40.97660446 -2.90059695 9.37417107
v 40.95679188 -2.89962362 9.42961006
v 41.00963056 -2.80396572 9.19999962
v 41.00675535 -2.80368254 9.25880985
v 40.99815726 -2.80283570 9.31705456
v 40.98391914 -2.80143337 9.37417107
v 40.96417809 -2.79948905 9.42961006
v 40.93912435 -2.79702148 9.48283844
v 40.82426405 -3.00000000 9.62426453
v 40.78063607 -3.00000000 9.66380672
v 40.82688475 -2.89324170 9.62426453
v 40.78330922 -2.89110097 9.66380672
v 40.86380625 -3.00000000 9.58063583
v 40.89888167 -3.00000000 9.53334217
v 40.86637950 -2.89518194 9.58063583
v 40.90141273 -2.89690302 9.53334217
v 40.83474088 -2.78674059 9.62426453
v 40.79132271 -2.78246428 9.66380672
v 40.87409258 -2.79061639 9.58063583
v 40.90899920 -2.79405440 9.53334217
v 41.02164698 -2.70653906 9.19999962
v 41.01878905 -2.70611513 9.25880985
v 41.01024294 -2.70484743 9.31705456
v 40.97646904 -2.69983754 9.42961006
v 40.99609089 -2.70274815 9.37417107
v 40.95156646 -2.69614360 9.48283844
v 41.02712214 -2.60757020 9.31705456
v 41.03842950 -2.60981935 9.19999962
v 41.03559577 -2.60925570 9.25880985
v 41.05993748 -2.51403964 9.19999962
v 41.05713487 -2.51333764 9.25880985
v 41.04875422 -2.51123837 9.31705456
v 41.01309001 -2.60477903 9.37417107
v 40.99363470 -2.60090914 9.42961006
v 40.96894360 -2.59599775 9.48283844
v 41.01563394 -2.50294217 9.42961006
v 41.03487599 -2.50776204 9.37417107
v 40.75787520 -2.66741222 9.69888191
v 40.80465722 -2.67435166 9.66380672
v 40.92162323 -2.69170192 9.53334217
v 40.84781313 -2.68075323 9.62426453
v 40.88692737 -2.68655527 9.58063583
v 40.82328033 -2.56702355 9.66380672
v 40.77689528 -2.55779698 9.69888191
v 40.86607027 -2.57553497 9.62426453
v 40.90485263 -2.58324927 9.58063583
v 40.93925428 -2.59009218 9.53334217
v 41.08611929 -2.41943067 9.19999962
v 41.07508695 -2.41608399 9.31705456
v 41.08335459 -2.41859198 9.25880985
v 40.99121356 -2.49682516 9.48283844
v 41.01832271 -2.39886481 9.48283844
v 41.06139600 -2.41193092 9.37417107
v 41.04241371 -2.40617269 9.42961006
v 41.11691189 -2.32622027 9.19999962
v 41.11419165 -2.32524699 9.25880985
v 41.10605693 -2.32233638 9.31705456
v 41.09258628 -2.31751645 9.37417107
v 41.07390940 -2.31083375 9.42961006
v 41.05020607 -2.30235255 9.48283844
v 40.80127096 -2.44924706 9.69888191
v 40.88946819 -2.47133929 9.62426453
v 40.92782521 -2.48094726 9.58063583
v 40.84714746 -2.46073854 9.66380672
v 40.75228047 -2.43697560 9.72915249
v 40.83094358 -2.34202397 9.69888191
v 40.91795063 -2.36841720 9.62426453
v 40.87620115 -2.35575265 9.66380672
v 40.91037107 -2.25231880 9.66380672
v 40.78261423 -2.32736337 9.72915249
v 40.96184969 -2.48946989 9.53334217
v 40.95579004 -2.37989569 9.58063583
v 40.98935533 -2.39007759 9.53334217
v 40.95144868 -2.26701665 9.62426453
v 41.02170455 -2.29215461 9.53334217
v 40.98867941 -2.28033799 9.58063583
v 41.11004519 -2.21715510 9.42961006
v 41.08678663 -2.20752108 9.48283844
v 40.86584163 -2.23638594 9.69888191
v 40.90588117 -2.13258761 9.69888191
v 40.76817346 -2.20143968 9.75432758
v 40.81829000 -2.21937168 9.72915249
v 40.75882602 -2.07167536 9.77416401
v 40.81004524 -2.09289104 9.75432758
v 40.85922146 -2.11326051 9.72915249
v 40.90531039 -2.00928563 9.72915249
v 40.98988199 -2.16738188 9.62426453
v 41.02641439 -2.18251407 9.58063583
v 40.94957495 -2.15068614 9.66380672
v 41.05881989 -2.19593686 9.53334217
v 40.95096564 -2.03087890 9.69888191
v 40.99371862 -2.05109960 9.66380672
v 41.03315806 -2.06975299 9.62426453
v 41.06890368 -2.08665949 9.58063583
v 41.10061157 -2.10165620 9.53334217
v 41.15224099 -2.23463315 9.19999962
v 41.14957166 -2.23352748 9.25880985
v 41.14158964 -2.23022127 9.31705456
v 41.19202137 -2.14488983 9.19999962
v 41.18940961 -2.14365453 9.25880985
v 41.18159950 -2.13996059 9.31705456
v 41.12837172 -2.22474623 9.37417107
v 41.16866612 -2.13384360 9.37417107
v 41.15073419 -2.12536240 9.42961006
v 41.23615742 -2.05720651 9.19999962
v 41.23360944 -2.05584460 9.25880985
v 41.22598994 -2.05177188 9.31705456
v 41.12797630 -2.11459869 9.48283844
v 41.21337235 -2.04502761 9.37417107
v 41.19587815 -2.03567678 9.42961006
v 41.17367578 -2.02380937 9.48283844
v 41.14697909 -2.00953972 9.53334217
v 40.64962792 -1.88835680 9.80000000
v 40.70279169 -1.91350138 9.79711037
v 40.70700479 -1.77436852 9.80000000
v 40.75544357 -1.93840384 9.78847103
v 40.80707645 -1.96282434 9.77416401
v 40.85719275 -1.98652768 9.75432758
v 40.90950274 -1.88260591 9.75432758
v 40.81023741 -1.82954741 9.78847103
v 40.75887084 -1.80209148 9.79711037
v 40.86060953 -1.85647202 9.77416401
v 40.91929698 -1.75287461 9.77416401
v 41.00098622 -1.93150485 9.69888191
v 41.08117223 -1.97436523 9.62426453
v 41.11604536 -1.99300528 9.58063583
v 41.04269564 -1.95379901 9.66380672
v 40.95644569 -1.90769744 9.72915249
v 41.05582273 -1.83470500 9.69888191
v 41.09638798 -1.85901880 9.66380672
v 40.96684885 -1.78137600 9.75432758
v 41.01250386 -1.80874074 9.72915249
v 40.82034898 -1.69356740 9.79711037
v 40.76990557 -1.66333282 9.80000000
v 40.87030625 -1.72351074 9.78847103
v 40.83817911 -1.55551744 9.80000000
v 40.88707805 -1.58819067 9.79711037
v 40.93550611 -1.62054920 9.78847103
v 41.11534286 -1.74071240 9.69888191
v 40.98299670 -1.65228152 9.77416401
v 41.02909279 -1.68308187 9.75432758
v 41.07335019 -1.71265376 9.72915249
v 41.00567925 -1.52091086 9.78847103
v 41.09608495 -1.58796036 9.75432758
v 41.05155575 -1.55493522 9.77416401
v 41.28454280 -1.97179449 9.19999962
v 41.28206468 -1.97030914 9.25880985
v 41.27465415 -1.96586752 9.31705456
v 41.26238263 -1.95851231 9.37417107
v 41.24536836 -1.94831431 9.42961006
v 41.22377503 -1.93537176 9.48283844
v 41.29908562 -1.86348534 9.42961006
v 41.27815342 -1.84949887 9.48283844
v 41.33706081 -1.88885951 9.19999962
v 41.33465850 -1.88725436 9.25880985
v 41.32747495 -1.88245451 9.31705456
v 41.39358497 -1.80860138 9.19999962
v 41.39126432 -1.80688035 9.25880985
v 41.38432491 -1.80173373 9.31705456
v 41.31557906 -1.87450588 9.37417107
v 41.35690057 -1.78139448 9.42961006
v 41.37283337 -1.79321098 9.37417107
v 41.33667994 -1.76639771 9.48283844
v 41.13380909 -1.88144815 9.62426453
v 41.16772556 -1.90177691 9.58063583
v 41.19781077 -1.91980934 9.53334217
v 41.19094169 -1.79122591 9.62426453
v 41.15466630 -1.76698744 9.66380672
v 41.25298405 -1.83268130 9.53334217
v 41.22381985 -1.81319439 9.58063583
v 41.45397913 -1.73121345 9.19999962
v 41.45174575 -1.72938061 9.25880985
v 41.44506717 -1.72389960 9.31705456
v 41.39921343 -1.68626845 9.48283844
v 41.43400776 -1.71482337 9.37417107
v 41.41867399 -1.70223927 9.42961006
v 41.49895465 -1.63953185 9.37417107
v 41.48425686 -1.62621045 9.42961006
v 41.46560335 -1.60930395 9.48283844
v 41.21739006 -1.67792642 9.66380672
v 41.17940331 -1.64975345 9.69888191
v 41.25243247 -1.70391560 9.62426453
v 41.31236601 -1.74836528 9.53334217
v 41.28419316 -1.72747087 9.58063583
v 41.28440845 -1.59205031 9.66380672
v 41.24784982 -1.56204748 9.69888191
v 41.13883805 -1.61966825 9.72915249
v 41.20880961 -1.53000796 9.72915249
v 41.34869993 -1.64481306 9.58063583
v 41.37581360 -1.66706467 9.53334217
v 41.31813335 -1.61972773 9.62426453
v 41.38788605 -1.53886509 9.62426453
v 41.35555971 -1.50956619 9.66380672
v 41.44317412 -1.58897519 9.53334217
v 41.41718483 -1.56542003 9.58063583
v 40.91166043 -1.45118177 9.80000000
v 40.95889735 -1.48621500 9.79711037
v 41.12480867 -1.46107030 9.77416401
v 41.03563380 -1.38788629 9.79711037
v 41.08065689 -1.42483580 9.78847103
v 40.99017286 -1.35057747 9.80000000
v 41.07352710 -1.25394666 9.80000000
v 41.11710262 -1.29344130 9.79711037
v 41.16766381 -1.49624050 9.75432758
v 41.28309619 -1.44388914 9.72915249
v 41.24365687 -1.40814340 9.75432758
v 41.16025853 -1.33255553 9.78847103
v 41.20257914 -1.37091267 9.77416401
v 41.28467977 -1.28467977 9.77416401
v 41.32051730 -1.47780561 9.69888191
v 41.39723086 -1.39723086 9.69888191
v 41.48948288 -1.48948288 9.58063583
v 41.46152234 -1.46152234 9.62426453
v 41.43067265 -1.43067265 9.66380672
v 41.47780561 -1.32051730 9.69888191
v 41.32388115 -1.32388115 9.75432758
v 41.36151910 -1.36151910 9.72915249
v 41.44388914 -1.28309619 9.72915249
v 41.20310748 -1.20310748 9.79711037
v 41.16152239 -1.16152239 9.80000000
v 41.24429214 -1.24429214 9.78847103
v 41.25394666 -1.07352710 9.80000000
v 41.29344130 -1.11710262 9.79711037
v 41.37091267 -1.20257914 9.77416401
v 41.33255553 -1.16025853 9.78847103
v 41.40814340 -1.24365687 9.75432758
v 41.49624050 -1.16766381 9.75432758
v 41.38788629 -1.03563380 9.79711037
v 41.42483580 -1.08065689 9.78847103
v 41.46107030 -1.12480867 9.77416401
v 42.22000003 -3.00000000 11.80000000
v 42.22059947 -2.98168712 11.80000000
v 42.22239542 -2.96345267 11.80000000
v 42.22538012 -2.94537471 11.80000000
v 42.22954077 -2.92753067 11.80000000
v 42.23485959 -2.90999695 11.80000000
v 42.24131376 -2.89284864 11.80000000
v 42.24887562 -2.87615917 11.80000000
v 42.22000003 -3.00000000 12.19999962
v 42.22059947 -2.98168712 12.19999962
v 42.22239542 -2.96345267 12.19999962
v 42.22538012 -2.94537471 12.19999962
v 42.22954077 -2.92753067 12.19999962
v 42.23485959 -2.90999695 12.19999962
v 42.24131376 -2.89284864 12.19999962
v 42.24887562 -2.87615917 12.19999962
v 42.25751287 -2.86000000 11.80000000
v 42.26718849 -2.84444034 11.80000000
v 42.27786106 -2.82954679 11.80000000
v 42.28948486 -2.81538317 11.80000000
v 42.30201012 -2.80201010 11.80000000
v 42.31538320 -2.78948486 11.80000000
v 42.32954681 -2.77786106 11.80000000
v 42.34444034 -2.76718850 11.80000000
v 42.36000001 -2.75751288 11.80000000
v 42.25751287 -2.86000000 12.19999962
v 42.26718849 -2.84444034 12.19999962
v 42.27786106 -2.82954679 12.19999962
v 42.28948486 -2.81538317 12.19999962
v 42.30201012 -2.80201010 12.19999962
v 42.31538320 -2.78948486 12.19999962
v 42.32954681 -2.77786106 12.19999962
v 42.34444034 -2.76718850 12.19999962
v 42.36000001 -2.75751288 12.19999962
v 42.37615919 -2.74887562 11.80000000
v 42.39284861 -2.74131373 11.80000000
v 42.40999693 -2.73485956 11.80000000
v 42.42753065 -2.72954077 11.80000000
v 42.44537473 -2.72538012 11.80000000
v 42.46345264 -2.72239545 11.80000000
v 42.48168713 -2.72059950 11.80000000
v 42.50000000 -2.72000000 11.80000000
v 42.51831287 -2.72059950 11.80000000
v 42.53654733 -2.72239545 11.80000000
v 42.55462530 -2.72538012 11.80000000
v 42.57246932 -2.72954077 11.80000000
v 42.59000304 -2.73485956 11.80000000
v 42.60715136 -2.74131373 11.80000000
v 42.62384084 -2.74887562 11.80000000
v 42.37615919 -2.74887562 12.19999962
v 42.39284861 -2.74131373 12.19999962
v 42.40999693 -2.73485956 12.19999962
v 42.42753065 -2.72954077 12.19999962
v 42.44537473 -2.72538012 12.19999962
v 42.46345264 -2.72239545 12.19999962
v 42.48168713 -2.72059950 12.19999962
v 42.50000000 -2.72000000 12.19999962
v 42.51831287 -2.72059950 12.19999962
v 42.53654733 -2.72239545 12.19999962
v 42.55462530 -2.72538012 12.19999962
v 42.57246932 -2.72954077 12.19999962
v 42.59000304 -2.73485956 12.19999962
v 42.60715136 -2.74131373 12.19999962
v 42.62384084 -2.74887562 12.19999962
v 42.78000000 -3.00000000 11.80000000
v 42.77940050 -2.98168712 11.80000000
v 42.77760457 -2.96345267 11.80000000
v 42.77461988 -2.94537471 11.80000000
v 42.76514043 -2.90999695 11.80000000
v 42.75868627 -2.89284864 11.80000000
v 42.75112437 -2.87615917 11.80000000
v 42.77045923 -2.92753067 11.80000000
v 42.71051514 -2.81538317 11.80000000
v 42.63999999 -2.75751288 11.80000000
v 42.65555966 -2.76718850 11.80000000
v 42.67045319 -2.77786106 11.80000000
v 42.68461683 -2.78948486 11.80000000
v 42.69798991 -2.80201010 11.80000000
v 42.73281148 -2.84444034 11.80000000
v 42.74248710 -2.86000000 11.80000000
v 42.72213894 -2.82954679 11.80000000
v 42.78000000 -3.00000000 12.19999962
v 42.77940050 -2.98168712 12.19999962
v 42.77760457 -2.96345267 12.19999962
v 42.77461988 -2.94537471 12.19999962
v 42.76514043 -2.90999695 12.19999962
v 42.75868627 -2.89284864 12.19999962
v 42.75112437 -2.87615917 12.19999962
v 42.77045923 -2.92753067 12.19999962
v 42.71051514 -2.81538317 12.19999962
v 42.63999999 -2.75751288 12.19999962
v 42.65555966 -2.76718850 12.19999962
v 42.67045319 -2.77786106 12.19999962
v 42.68461683 -2.78948486 12.19999962
v 42.69798991 -2.80201010 12.19999962
v 42.73281148 -2.84444034 12.19999962
v 42.74248710 -2.86000000 12.19999962
v 42.72213894 -2.82954679 12.19999962
v 41.51809776 -1.65688205 9.19999962
v 41.51595700 -1.65494180 9.25880985
v 41.50955546 -1.64913976 9.31705456
v 41.58578646 -1.58578646 9.19999962
v 41.58374345 -1.58374345 9.25880985
v 41.57763433 -1.57763433 9.31705456
v 41.65688205 -1.51809776 9.19999962
v 41.65494180 -1.51595700 9.25880985
v 41.64913976 -1.50955546 9.31705456
v 41.56751776 -1.56751776 9.37417107
v 41.55349123 -1.55349123 9.42961006
v 41.53568983 -1.53568983 9.48283844
v 41.51428509 -1.51428509 9.53334217
v 41.63953185 -1.49895465 9.37417107
v 41.62621045 -1.48425686 9.42961006
v 41.60930395 -1.46560335 9.48283844
v 41.68626845 -1.39921343 9.48283844
v 41.73121345 -1.45397913 9.19999962
v 41.72938061 -1.45174575 9.25880985
v 41.72389960 -1.44506717 9.31705456
v 41.80860138 -1.39358497 9.19999962
v 41.80688035 -1.39126432 9.25880985
v 41.80173373 -1.38432491 9.31705456
v 41.71482337 -1.43400776 9.37417107
v 41.70223927 -1.41867399 9.42961006
v 41.76639771 -1.33667994 9.48283844
v 41.79321098 -1.37283337 9.37417107
v 41.78139448 -1.35690057 9.42961006
v 41.87450588 -1.31557906 9.37417107
v 41.86348534 -1.29908562 9.42961006
v 41.84949887 -1.27815342 9.48283844
v 41.58897519 -1.44317412 9.53334217
v 41.53886509 -1.38788605 9.62426453
v 41.56542003 -1.41718483 9.58063583
v 41.66706467 -1.37581360 9.53334217
v 41.50956619 -1.35555971 9.66380672
v 41.59205031 -1.28440845 9.66380672
v 41.61972773 -1.31813335 9.62426453
v 41.64481306 -1.34869993 9.58063583
v 41.72747087 -1.28419316 9.58063583
v 41.70391560 -1.25243247 9.62426453
v 41.74836528 -1.31236601 9.53334217
v 41.83268130 -1.25298405 9.53334217
v 41.56204748 -1.24784982 9.69888191
v 41.67792642 -1.21739006 9.66380672
v 41.64975345 -1.17940331 9.69888191
v 41.53000796 -1.20880961 9.72915249
v 41.61966825 -1.13883805 9.72915249
v 41.58796036 -1.09608495 9.75432758
v 41.52091086 -1.00567925 9.78847103
v 41.55493522 -1.05155575 9.77416401
v 41.68308187 -1.02909279 9.75432758
v 41.76698744 -1.15466630 9.66380672
v 41.81319439 -1.22381985 9.58063583
v 41.79122591 -1.19094169 9.62426453
v 41.74071240 -1.11534286 9.69888191
v 41.85901880 -1.09638798 9.66380672
v 41.83470500 -1.05582273 9.69888191
v 41.71265376 -1.07335019 9.72915249
v 41.80874074 -1.01250386 9.72915249
v 41.88885951 -1.33706081 9.19999962
v 41.88725436 -1.33465850 9.25880985
v 41.88245451 -1.32747495 9.31705456
v 41.96586752 -1.27465415 9.31705456
v 41.97179449 -1.28454280 9.19999962
v 41.97030914 -1.28206468 9.25880985
v 41.95851231 -1.26238263 9.37417107
v 42.05720651 -1.23615742 9.19999962
v 42.05584460 -1.23360944 9.25880985
v 42.05177188 -1.22598994 9.31705456
v 41.94831431 -1.24536836 9.42961006
v 41.93537176 -1.22377503 9.48283844
v 42.04502761 -1.21337235 9.37417107
v 42.03567678 -1.19587815 9.42961006
v 42.02380937 -1.17367578 9.48283844
v 42.14488983 -1.19202137 9.19999962
v 42.14365453 -1.18940961 9.25880985
v 42.13996059 -1.18159950 9.31705456
v 42.23463315 -1.15224099 9.19999962
v 42.23352748 -1.14957166 9.25880985
v 42.23022127 -1.14158964 9.31705456
v 42.13384360 -1.16866612 9.37417107
v 42.12536240 -1.15073419 9.42961006
v 42.11459869 -1.12797630 9.48283844
v 42.22474623 -1.12837172 9.37417107
v 42.21715510 -1.11004519 9.42961006
v 42.20752108 -1.08678663 9.48283844
v 41.91980934 -1.19781077 9.53334217
v 41.90177691 -1.16772556 9.58063583
v 41.88144815 -1.13380909 9.62426453
v 42.00953972 -1.14697909 9.53334217
v 41.95379901 -1.04269564 9.66380672
v 41.93150485 -1.00098622 9.69888191
v 41.99300528 -1.11604536 9.58063583
v 41.97436523 -1.08117223 9.62426453
v 42.10165620 -1.10061157 9.53334217
v 42.08665949 -1.06890368 9.58063583
v 42.06975299 -1.03315806 9.62426453
v 42.19593686 -1.05881989 9.53334217
v 42.18251407 -1.02641439 9.58063583
v 42.32622027 -1.11691189 9.19999962
v 42.32524699 -1.11419165 9.25880985
v 42.32233638 -1.10605693 9.31705456
v 42.41943067 -1.08611929 9.19999962
v 42.41859198 -1.08335459 9.25880985
v 42.41608399 -1.07508695 9.31705456
v 42.31751645 -1.09258628 9.37417107
v 42.31083375 -1.07390940 9.42961006
v 42.30235255 -1.05020607 9.48283844
v 42.41193092 -1.06139600 9.37417107
v 42.40617269 -1.04241371 9.42961006
v 42.39886481 -1.01832271 9.48283844
v 42.51403964 -1.05993748 9.19999962
v 42.51333764 -1.05713487 9.25880985
v 42.51123837 -1.04875422 9.31705456
v 42.60981935 -1.03842950 9.19999962
v 42.60925570 -1.03559577 9.25880985
v 42.60757020 -1.02712214 9.31705456
v 42.50776204 -1.03487599 9.37417107
v 42.50294217 -1.01563394 9.42961006
v 42.60477903 -1.01309001 9.37417107
v 42.29215461 -1.02170455 9.53334217
v 42.70653906 -1.02164698 9.19999962
v 42.70611513 -1.01878905 9.25880985
v 42.70484743 -1.01024294 9.31705456
v 42.80396572 -1.00963056 9.19999962
v 42.80368254 -1.00675535 9.25880985
v 42.90186465 -1.00240910 9.19999962
v 41.35057747 -0.99017286 9.80000000
v 41.48621500 -0.95889735 9.79711037
v 41.45118177 -0.91166043 9.80000000
v 41.58819067 -0.88707805 9.79711037
v 41.65228152 -0.98299670 9.77416401
v 41.62054920 -0.93550611 9.78847103
v 41.55551744 -0.83817911 9.80000000
v 41.66333282 -0.76990557 9.80000000
v 41.75287461 -0.91929698 9.77416401
v 41.78137600 -0.96684885 9.75432758
v 41.72351074 -0.87030625 9.78847103
v 41.69356740 -0.82034898 9.79711037
v 41.85647202 -0.86060953 9.77416401
v 41.80209148 -0.75887084 9.79711037
v 41.82954741 -0.81023741 9.78847103
v 41.77436852 -0.70700479 9.80000000
v 42.05109960 -0.99371862 9.66380672
v 42.03087890 -0.95096564 9.69888191
v 41.90769744 -0.95644569 9.72915249
v 41.88260591 -0.90950274 9.75432758
v 42.00928563 -0.90531039 9.72915249
v 41.96282434 -0.80707645 9.77416401
v 41.93840384 -0.75544357 9.78847103
v 41.98652768 -0.85719275 9.75432758
v 42.15068614 -0.94957495 9.66380672
v 42.13258761 -0.90588117 9.69888191
v 42.16738188 -0.98988199 9.62426453
v 42.23638594 -0.86584163 9.69888191
v 42.11326051 -0.85922146 9.72915249
v 42.09289104 -0.81004524 9.75432758
v 42.07167536 -0.75882602 9.77416401
v 42.21937168 -0.81829000 9.72915249
v 42.20143968 -0.76817346 9.75432758
v 41.91350138 -0.70279169 9.79711037
v 41.88835680 -0.64962792 9.80000000
v 42.04981780 -0.70605707 9.78847103
v 42.02752882 -0.65224695 9.79711037
v 42.00502306 -0.59791327 9.80000000
v 42.18276274 -0.71597481 9.77416401
v 42.16352075 -0.66219711 9.78847103
v 42.14389896 -0.60735798 9.79711037
v 42.12408638 -0.55198550 9.80000000
v 42.24525982 -0.51195502 9.80000000
v 42.49682516 -0.99121356 9.48283844
v 42.60090914 -0.99363470 9.42961006
v 42.59599775 -0.96894360 9.48283844
v 42.28033799 -0.98867941 9.58063583
v 42.26701665 -0.95144868 9.62426453
v 42.25231880 -0.91037107 9.66380672
v 42.39007759 -0.98935533 9.53334217
v 42.37989569 -0.95579004 9.58063583
v 42.36841720 -0.91795063 9.62426453
v 42.35575265 -0.87620115 9.66380672
v 42.34202397 -0.83094358 9.69888191
v 42.32736337 -0.78261423 9.72915249
v 42.43697560 -0.75228047 9.72915249
v 42.48946989 -0.96184969 9.53334217
v 42.48094726 -0.92782521 9.58063583
v 42.47133929 -0.88946819 9.62426453
v 42.59009218 -0.93925428 9.53334217
v 42.58324927 -0.90485263 9.58063583
v 42.46073854 -0.84714746 9.66380672
v 42.44924706 -0.80127096 9.69888191
v 42.57553497 -0.86607027 9.62426453
v 42.56702355 -0.82328033 9.66380672
v 42.55779698 -0.77689528 9.69888191
v 42.31191212 -0.73167825 9.75432758
v 42.29581898 -0.67862630 9.77416401
v 42.42404222 -0.70064759 9.75432758
v 42.41057158 -0.64686990 9.77416401
v 42.27923888 -0.62396908 9.78847103
v 42.26233155 -0.56823301 9.79711037
v 42.39669341 -0.59146500 9.78847103
v 42.38254124 -0.53496647 9.79711037
v 42.54794413 -0.72736168 9.72915249
v 42.53755987 -0.67515635 9.75432758
v 42.52674419 -0.62078238 9.77416401
v 42.51560131 -0.56476331 9.78847103
v 42.50423849 -0.50763845 9.79711037
v 42.80283570 -0.99815726 9.31705456
v 42.70274815 -0.99609089 9.37417107
v 42.69983754 -0.97646904 9.42961006
v 42.69614360 -0.95156646 9.48283844
v 42.80143337 -0.98391914 9.37417107
v 42.79948905 -0.96417809 9.42961006
v 42.79702148 -0.93912435 9.48283844
v 42.90172289 -0.99952340 9.25880985
v 42.90129896 -0.99089408 9.31705456
v 42.90059695 -0.97660446 9.37417107
v 42.89962362 -0.95679188 9.42961006
v 42.89838834 -0.93164730 9.48283844
v 42.69170192 -0.92162323 9.53334217
v 42.68655527 -0.88692737 9.58063583
v 42.79405440 -0.90899920 9.53334217
v 42.68075323 -0.84781313 9.62426453
v 42.66741222 -0.75787520 9.69888191
v 42.67435166 -0.80465722 9.66380672
v 42.79061639 -0.87409258 9.58063583
v 42.78674059 -0.83474088 9.62426453
v 42.78246428 -0.79132271 9.66380672
v 42.89690302 -0.90141273 9.53334217
v 42.89518194 -0.86637950 9.58063583
v 42.89324170 -0.82688475 9.62426453
v 42.89110097 -0.78330922 9.66380672
v 42.77782868 -0.74425673 9.69888191
v 42.66000172 -0.70791793 9.72915249
v 42.65219155 -0.65526605 9.75432758
v 42.77287841 -0.69399571 9.72915249
v 42.76766115 -0.64102411 9.75432758
v 42.64405695 -0.60042667 9.77416401
v 42.63567618 -0.54392838 9.78847103
v 42.76222716 -0.58585191 9.77416401
v 42.75662875 -0.52901030 9.78847103
v 42.88878037 -0.73607254 9.69888191
v 42.88630226 -0.68562913 9.72915249
v 42.88369048 -0.63246536 9.75432758
v 42.88097020 -0.57709289 9.77416401
v 42.87816762 -0.52004504 9.78847103
v 42.36825150 -0.47791862 9.80000000
v 42.49276519 -0.44995832 9.80000000
v 42.61850077 -0.42814112 9.80000000
v 42.62713003 -0.48631477 9.79711037
v 42.75091985 -0.47104692 9.79711037
v 42.74515542 -0.41251969 9.80000000
v 42.87530973 -0.46187115 9.79711037
v 42.87242405 -0.40313172 9.80000000
v 43.00000000 -5.00000000 0.49999999
v 43.09813535 -4.99759090 0.49999999
v 43.19603428 -4.99036944 0.49999999
v 43.29346094 -4.97835302 0.49999999
v 43.00000000 -4.60000002 0.00000000
v 43.07850828 -4.59807277 0.00000000
v 43.15682742 -4.59229553 0.00000000
v 43.23476876 -4.58268237 0.00000000
v 43.31214452 -4.56925642 0.00000000
v 43.39018065 -4.96157050 0.49999999
v 43.48596036 -4.94006252 0.49999999
v 43.58056933 -4.91388071 0.49999999
v 43.67377973 -4.88308811 0.49999999
v 43.38876829 -4.55204999 0.00000000
v 43.46445549 -4.53110456 0.00000000
v 43.53902376 -4.50647056 0.00000000
v 43.61229348 -4.47820723 0.00000000
v 43.68408817 -4.44638288 0.00000000
v 43.76536685 -4.84775901 0.49999999
v 43.85511017 -4.80797863 0.49999999
v 43.94279349 -4.76384258 0.49999999
v 44.02820551 -4.71545720 0.49999999
v 44.11114049 -4.66293919 0.49999999
v 44.19139862 -4.60641503 0.49999999
v 44.26878655 -4.54602087 0.49999999
v 43.75423479 -4.41107404 0.00000000
v 43.82256436 -4.37236583 0.00000000
v 43.88891238 -4.33035135 0.00000000
v 43.95311886 -4.28513205 0.00000000
v 44.01502931 -4.23681676 0.00000000
v 44.07449436 -4.18552184 0.00000000
v 44.34311795 -4.48190224 0.49999999
v 44.41421354 -4.41421354 0.49999999
v 44.48190224 -4.34311795 0.49999999
v 44.13137090 -4.13137090 0.00000000
v 44.18552184 -4.07449436 0.00000000
v 44.23681676 -4.01502931 0.00000000
v 44.28513205 -3.95311886 0.00000000
v 44.33035135 -3.88891238 0.00000000
v 44.37236583 -3.82256436 0.00000000
v 44.41107404 -3.75423479 0.00000000
v 44.44638288 -3.68408817 0.00000000
v 44.47820723 -3.61229348 0.00000000
v 44.54602087 -4.26878655 0.49999999
v 44.60641503 -4.19139862 0.49999999
v 44.66293919 -4.11114049 0.49999999
v 44.71545720 -4.02820551 0.49999999
v 44.76384258 -3.94279349 0.49999999
v 44.80797863 -3.85511017 0.49999999
v 44.84775901 -3.76536685 0.49999999
v 44.50647056 -3.53902376 0.00000000
v 44.88308811 -3.67377973 0.49999999
v 44.91388071 -3.58056933 0.49999999
v 44.53110456 -3.46445549 0.00000000
v 44.55204999 -3.38876829 0.00000000
v 44.56925642 -3.31214452 0.00000000
v 44.58268237 -3.23476876 0.00000000
v 44.59229553 -3.15682742 0.00000000
v 44.59807277 -3.07850828 0.00000000
v 44.94006252 -3.48596036 0.49999999
v 44.96157050 -3.39018065 0.49999999
v 44.97835302 -3.29346094 0.49999999
v 44.99036944 -3.19603428 0.49999999
v 44.99759090 -3.09813535 0.49999999
v 43.12757595 -5.59686828 9.80000000
v 43.12469027 -5.53812885 9.79711037
v 43.25484458 -5.58748031 9.80000000
v 43.24908015 -5.52895308 9.79711037
v 43.37286997 -5.51368523 9.79711037
v 43.38149923 -5.57185888 9.80000000
v 43.50723481 -5.55004168 9.80000000
v 43.63174850 -5.52208138 9.80000000
v 43.12183238 -5.47995496 9.78847103
v 43.11902980 -5.42290711 9.77416401
v 43.00000000 -5.26665783 9.69888191
v 43.11121963 -5.26392746 9.69888191
v 43.00000000 -5.37038994 9.75432758
v 43.00000000 -5.31716204 9.72915249
v 43.11630952 -5.36753464 9.75432758
v 43.11369774 -5.31437087 9.72915249
v 43.24337125 -5.47098970 9.78847103
v 43.23777284 -5.41414809 9.77416401
v 43.36432382 -5.45607162 9.78847103
v 43.35594305 -5.39957333 9.77416401
v 43.22217132 -5.25574327 9.69888191
v 43.23233885 -5.35897589 9.75432758
v 43.22712159 -5.30600429 9.72915249
v 43.34780845 -5.34473395 9.75432758
v 43.33999828 -5.29208207 9.72915249
v 43.00000000 -5.00288916 9.25880985
v 43.00000000 -5.01152873 9.31705456
v 43.09827711 -5.00047660 9.25880985
v 43.09870104 -5.00910592 9.31705456
v 43.00000000 -5.07084727 9.48283844
v 43.00000000 -5.04567218 9.42961006
v 43.00000000 -5.02583575 9.37417107
v 43.10161166 -5.06835270 9.48283844
v 43.10037638 -5.04320812 9.42961006
v 43.09940305 -5.02339554 9.37417107
v 43.19716430 -5.00184274 9.31705456
v 43.20051095 -5.03582191 9.42961006
v 43.19856663 -5.01608086 9.37417107
v 43.20297852 -5.06087565 9.48283844
v 43.29725185 -5.00390911 9.37417107
v 43.30016246 -5.02353096 9.42961006
v 43.30385640 -5.04843354 9.48283844
v 43.00000000 -5.21936393 9.66380672
v 43.00000000 -5.17573595 9.62426453
v 43.00000000 -5.13619375 9.58063583
v 43.10889903 -5.21669078 9.66380672
v 43.10675830 -5.17311525 9.62426453
v 43.10481806 -5.13362050 9.58063583
v 43.00000000 -5.10111833 9.53334217
v 43.10309698 -5.09858727 9.53334217
v 43.21753572 -5.20867729 9.66380672
v 43.21325941 -5.16525912 9.62426453
v 43.20938361 -5.12590742 9.58063583
v 43.32564834 -5.19534278 9.66380672
v 43.33258778 -5.24212480 9.69888191
v 43.31924677 -5.15218687 9.62426453
v 43.20594560 -5.09100080 9.53334217
v 43.31344473 -5.11307263 9.58063583
v 43.30829808 -5.07837677 9.53334217
v 43.49576151 -5.49236155 9.79711037
v 43.48439869 -5.43523669 9.78847103
v 43.47325581 -5.37921762 9.77416401
v 43.46244013 -5.32484365 9.75432758
v 43.45205587 -5.27263832 9.72915249
v 43.61745876 -5.46503353 9.79711037
v 43.60330659 -5.40853500 9.78847103
v 43.73766845 -5.43176699 9.79711037
v 43.72076112 -5.37603092 9.78847103
v 43.58942842 -5.35313010 9.77416401
v 43.57595778 -5.29935241 9.75432758
v 43.70418102 -5.32137370 9.77416401
v 43.68808788 -5.26832175 9.75432758
v 43.39909086 -5.00636530 9.42961006
v 43.40400225 -5.03105640 9.48283844
v 43.50317484 -5.00878644 9.48283844
v 43.44220302 -5.22310472 9.69888191
v 43.42446503 -5.13392973 9.62426453
v 43.43297645 -5.17671967 9.66380672
v 43.55075294 -5.19872904 9.69888191
v 43.53926146 -5.15285254 9.66380672
v 43.41675073 -5.09514737 9.58063583
v 43.40990782 -5.06074572 9.53334217
v 43.52866071 -5.11053181 9.62426453
v 43.51905274 -5.07217479 9.58063583
v 43.51053011 -5.03815031 9.53334217
v 43.65797603 -5.16905642 9.69888191
v 43.56302440 -5.24771953 9.72915249
v 43.67263663 -5.21738577 9.72915249
v 43.63158280 -5.08204937 9.62426453
v 43.64424735 -5.12379885 9.66380672
v 43.62010431 -5.04420996 9.58063583
v 43.60992241 -5.01064467 9.53334217
v 43.74768120 -5.08962893 9.66380672
v 43.73298335 -5.04855132 9.62426453
v 43.71966201 -5.01132059 9.58063583
v 43.75474018 -5.48804498 9.80000000
v 43.87591362 -5.44801450 9.80000000
v 43.85610104 -5.39264202 9.79711037
v 43.83647925 -5.33780289 9.78847103
v 43.81723726 -5.28402519 9.77416401
v 43.99497694 -5.40208673 9.80000000
v 43.97247118 -5.34775305 9.79711037
v 43.95018220 -5.29394293 9.78847103
v 44.11164320 -5.35037208 9.80000000
v 44.08649862 -5.29720831 9.79711037
v 43.76361406 -5.13415837 9.69888191
v 43.79856032 -5.23182654 9.75432758
v 43.78062832 -5.18171000 9.72915249
v 43.92832464 -5.24117398 9.77416401
v 43.90710896 -5.18995476 9.75432758
v 43.88673949 -5.14077854 9.72915249
v 43.83261812 -5.01011801 9.62426453
v 43.86741239 -5.09411883 9.69888191
v 43.84931386 -5.05042505 9.66380672
v 44.01347232 -5.14280725 9.75432758
v 44.06159616 -5.24455643 9.78847103
v 44.03717566 -5.19292355 9.77416401
v 43.96912110 -5.04903436 9.69888191
v 43.94890040 -5.00628138 9.66380672
v 43.99071437 -5.09468961 9.72915249
v 44.11739409 -5.09049726 9.75432758
v 44.09230256 -5.04355431 9.72915249
v 44.22563148 -5.29299521 9.80000000
v 44.17045259 -5.18976259 9.78847103
v 44.19790852 -5.24112916 9.79711037
v 44.14352798 -5.13939047 9.77416401
v 44.30643260 -5.17965102 9.79711037
v 44.27648926 -5.12969375 9.78847103
v 44.21862400 -5.03315115 9.75432758
v 44.24712539 -5.08070302 9.77416401
v 44.33666718 -5.23009443 9.80000000
v 44.44448256 -5.16182089 9.80000000
v 44.37945080 -5.06449389 9.78847103
v 44.34771848 -5.01700330 9.77416401
v 44.41180933 -5.11292195 9.79711037
v 44.54881823 -5.08833957 9.80000000
v 44.51378500 -5.04110265 9.79711037
v 44.64942253 -5.00982714 9.80000000
v 43.00000000 -5.00000000 9.19999962
v 43.09813535 -4.99759090 9.19999962
v 43.19603428 -4.99036944 9.19999962
v 43.19631746 -4.99324465 9.25880985
v 43.29346094 -4.97835302 9.19999962
v 43.29388487 -4.98121095 9.25880985
v 43.29515257 -4.98975706 9.31705456
v 43.39018065 -4.96157050 9.19999962
v 43.39242980 -4.97287786 9.31705456
v 43.39074430 -4.96440423 9.25880985
v 43.48596036 -4.94006252 9.19999962
v 43.48666236 -4.94286513 9.25880985
v 43.48876163 -4.95124578 9.31705456
v 43.39522097 -4.98690999 9.37417107
v 43.49705783 -4.98436606 9.42961006
v 43.49223796 -4.96512401 9.37417107
v 43.58056933 -4.91388071 9.19999962
v 43.58140802 -4.91664541 9.25880985
v 43.58391601 -4.92491305 9.31705456
v 43.67377973 -4.88308811 9.19999962
v 43.67475301 -4.88580835 9.25880985
v 43.67766362 -4.89394307 9.31705456
v 43.58806908 -4.93860400 9.37417107
v 43.59382731 -4.95758629 9.42961006
v 43.60113519 -4.98167729 9.48283844
v 43.69764745 -4.94979393 9.48283844
v 43.68248355 -4.90741372 9.37417107
v 43.68916625 -4.92609060 9.42961006
v 43.70784539 -4.97829545 9.53334217
v 43.78284490 -4.88995481 9.42961006
v 43.79247892 -4.91321337 9.48283844
v 43.76536685 -4.84775901 9.19999962
v 43.76647252 -4.85042834 9.25880985
v 43.76977873 -4.85841036 9.31705456
v 43.86003941 -4.81840050 9.31705456
v 43.85511017 -4.80797863 9.19999962
v 43.85634547 -4.81059039 9.25880985
v 43.77525377 -4.87162828 9.37417107
v 43.87463760 -4.84926581 9.42961006
v 43.86615640 -4.83133388 9.37417107
v 43.88540131 -4.87202370 9.48283844
v 43.94279349 -4.76384258 9.19999962
v 43.94415540 -4.76639056 9.25880985
v 43.94822812 -4.77401006 9.31705456
v 43.97619063 -4.82632422 9.48283844
v 43.95497239 -4.78662765 9.37417107
v 43.96432322 -4.80412185 9.42961006
v 44.05168569 -4.75463164 9.42961006
v 44.06462824 -4.77622497 9.48283844
v 43.81748593 -4.97358561 9.58063583
v 43.80406314 -4.94118011 9.53334217
v 43.93024701 -4.96684194 9.62426453
v 43.91334051 -4.93109632 9.58063583
v 43.89834380 -4.89938843 9.53334217
v 44.02563477 -4.91882777 9.62426453
v 44.00699472 -4.88395464 9.58063583
v 44.06849515 -4.99901378 9.69888191
v 44.04620099 -4.95730436 9.66380672
v 43.99046028 -4.85302091 9.53334217
v 44.11855185 -4.86619091 9.62426453
v 44.09822309 -4.83227444 9.58063583
v 44.08019066 -4.80218923 9.53334217
v 44.02820551 -4.71545720 9.19999962
v 44.02969086 -4.71793532 9.25880985
v 44.03413248 -4.72534585 9.31705456
v 44.11114049 -4.66293919 9.19999962
v 44.11274564 -4.66534150 9.25880985
v 44.11754549 -4.67252505 9.31705456
v 44.04148769 -4.73761737 9.37417107
v 44.16529500 -4.94417727 9.69888191
v 44.14098120 -4.90361202 9.66380672
v 44.25928760 -4.88465714 9.69888191
v 44.19125926 -4.98749614 9.72915249
v 44.28734624 -4.92664981 9.72915249
v 44.20877409 -4.80905831 9.62426453
v 44.18680561 -4.77618015 9.58063583
v 44.23301256 -4.84533370 9.66380672
v 44.31691813 -4.97090721 9.75432758
v 44.44506478 -4.94844425 9.77416401
v 44.47908914 -4.99432075 9.78847103
v 44.41203964 -4.90391505 9.75432758
v 44.35024655 -4.82059669 9.69888191
v 44.32207358 -4.78260994 9.66380672
v 44.43795252 -4.75215018 9.69888191
v 44.38033175 -4.86116195 9.72915249
v 44.46999204 -4.79119039 9.72915249
v 44.13651466 -4.70091438 9.42961006
v 44.15050113 -4.72184658 9.48283844
v 44.12549412 -4.68442094 9.37417107
v 44.20678902 -4.62716663 9.37417107
v 44.21860552 -4.64309943 9.42961006
v 44.23360229 -4.66332006 9.48283844
v 44.19139862 -4.60641503 9.19999962
v 44.19311965 -4.60873568 9.25880985
v 44.19826627 -4.61567509 9.31705456
v 44.26878655 -4.54602087 9.19999962
v 44.27061939 -4.54825425 9.25880985
v 44.27610040 -4.55493283 9.31705456
v 44.28517663 -4.56599224 9.37417107
v 44.29776073 -4.58132601 9.42961006
v 44.31373155 -4.60078657 9.48283844
v 44.36046815 -4.50104535 9.37417107
v 44.37378955 -4.51574314 9.42961006
v 44.39069605 -4.53439665 9.48283844
v 44.16731870 -4.74701595 9.53334217
v 44.25163472 -4.68763399 9.53334217
v 44.29608440 -4.74756753 9.62426453
v 44.27252913 -4.71580684 9.58063583
v 44.35518694 -4.65130007 9.58063583
v 44.38027227 -4.68186665 9.62426453
v 44.40794969 -4.71559155 9.66380672
v 44.49043381 -4.64444029 9.66380672
v 44.33293533 -4.62418640 9.53334217
v 44.43457997 -4.58281517 9.58063583
v 44.46113491 -4.61211395 9.62426453
v 44.41102481 -4.55682588 9.53334217
v 44.34311795 -4.48190224 9.19999962
v 44.34505820 -4.48404300 9.25880985
v 44.35086024 -4.49044454 9.31705456
v 44.41421354 -4.41421354 9.19999962
v 44.41625655 -4.41625655 9.25880985
v 44.42236567 -4.42236567 9.31705456
v 44.44650877 -4.44650877 9.42961006
v 44.46431017 -4.46431017 9.48283844
v 44.43248224 -4.43248224 9.37417107
v 44.48190224 -4.34311795 9.19999962
v 44.48404300 -4.34505820 9.25880985
v 44.49044454 -4.35086024 9.31705456
v 44.48571491 -4.48571491 9.53334217
v 43.67615914 -3.25112438 11.80000000
v 43.69284862 -3.25868627 11.80000000
v 43.70999694 -3.26514044 11.80000000
v 43.72753066 -3.27045923 11.80000000
v 43.74537474 -3.27461988 11.80000000
v 43.67615914 -3.25112438 12.19999962
v 43.69284862 -3.25868627 12.19999962
v 43.70999694 -3.26514044 12.19999962
v 43.72753066 -3.27045923 12.19999962
v 43.74537474 -3.27461988 12.19999962
v 43.55751288 -3.14000000 11.80000000
v 43.54887563 -3.12384083 11.80000000
v 43.54131371 -3.10715136 11.80000000
v 43.53485954 -3.09000305 11.80000000
v 43.52954078 -3.07246933 11.80000000
v 43.52538013 -3.05462529 11.80000000
v 43.52239543 -3.03654733 11.80000000
v 43.52059948 -3.01831288 11.80000000
v 43.60201013 -3.19798990 11.80000000
v 43.62954682 -3.22213894 11.80000000
v 43.64444035 -3.23281150 11.80000000
v 43.61538315 -3.21051514 11.80000000
v 43.57786107 -3.17045321 11.80000000
v 43.58948487 -3.18461683 11.80000000
v 43.56718850 -3.15555966 11.80000000
v 43.66000003 -3.24248712 11.80000000
v 43.55751288 -3.14000000 12.19999962
v 43.54887563 -3.12384083 12.19999962
v 43.54131371 -3.10715136 12.19999962
v 43.53485954 -3.09000305 12.19999962
v 43.52954078 -3.07246933 12.19999962
v 43.52538013 -3.05462529 12.19999962
v 43.52239543 -3.03654733 12.19999962
v 43.52059948 -3.01831288 12.19999962
v 43.60201013 -3.19798990 12.19999962
v 43.62954682 -3.22213894 12.19999962
v 43.64444035 -3.23281150 12.19999962
v 43.61538315 -3.21051514 12.19999962
v 43.57786107 -3.17045321 12.19999962
v 43.58948487 -3.18461683 12.19999962
v 43.56718850 -3.15555966 12.19999962
v 43.66000003 -3.24248712 12.19999962
v 43.76345265 -3.27760455 11.80000000
v 43.78168714 -3.27940050 11.80000000
v 43.80000001 -3.28000000 11.80000000
v 43.81831288 -3.27940050 11.80000000
v 43.83654732 -3.27760455 11.80000000
v 43.85462528 -3.27461988 11.80000000
v 43.87246931 -3.27045923 11.80000000
v 43.89000303 -3.26514044 11.80000000
v 43.90715134 -3.25868627 11.80000000
v 43.92384082 -3.25112438 11.80000000
v 43.76345265 -3.27760455 12.19999962
v 43.78168714 -3.27940050 12.19999962
v 43.80000001 -3.28000000 12.19999962
v 43.81831288 -3.27940050 12.19999962
v 43.83654732 -3.27760455 12.19999962
v 43.85462528 -3.27461988 12.19999962
v 43.87246931 -3.27045923 12.19999962
v 43.89000303 -3.26514044 12.19999962
v 43.90715134 -3.25868627 12.19999962
v 43.92384082 -3.25112438 12.19999962
v 43.94000000 -3.24248712 11.80000000
v 43.95555967 -3.23281150 11.80000000
v 43.97045320 -3.22213894 11.80000000
v 43.98461682 -3.21051514 11.80000000
v 43.99798989 -3.19798990 11.80000000
v 44.01051509 -3.18461683 11.80000000
v 44.02213895 -3.17045321 11.80000000
v 44.03281152 -3.15555966 11.80000000
v 44.04248714 -3.14000000 11.80000000
v 44.05112433 -3.12384083 11.80000000
v 44.05868626 -3.10715136 11.80000000
v 44.06514049 -3.09000305 11.80000000
v 44.07045925 -3.07246933 11.80000000
v 44.07461989 -3.05462529 11.80000000
v 44.07760453 -3.03654733 11.80000000
v 44.07940054 -3.01831288 11.80000000
v 43.94000000 -3.24248712 12.19999962
v 43.95555967 -3.23281150 12.19999962
v 43.97045320 -3.22213894 12.19999962
v 43.98461682 -3.21051514 12.19999962
v 43.99798989 -3.19798990 12.19999962
v 44.01051509 -3.18461683 12.19999962
v 44.02213895 -3.17045321 12.19999962
v 44.03281152 -3.15555966 12.19999962
v 44.04248714 -3.14000000 12.19999962
v 44.05112433 -3.12384083 12.19999962
v 44.05868626 -3.10715136 12.19999962
v 44.06514049 -3.09000305 12.19999962
v 44.07045925 -3.07246933 12.19999962
v 44.07461989 -3.05462529 12.19999962
v 44.07760453 -3.03654733 12.19999962
v 44.07940054 -3.01831288 12.19999962
v 44.53892970 -4.87519133 9.77416401
v 44.57516420 -4.91934311 9.78847103
v 44.61211371 -4.96436620 9.79711037
v 44.50375950 -4.83233619 9.75432758
v 44.59185660 -4.75634313 9.75432758
v 44.66744447 -4.83974147 9.78847103
v 44.62908733 -4.79742086 9.77416401
v 44.70655870 -4.88289738 9.79711037
v 44.74605334 -4.92647290 9.80000000
v 44.75570786 -4.75570786 9.78847103
v 44.83847761 -4.83847761 9.80000000
v 44.79689252 -4.79689252 9.79711037
v 44.52219439 -4.67948270 9.69888191
v 44.55611086 -4.71690381 9.72915249
v 44.63848090 -4.63848090 9.72915249
v 44.67611885 -4.67611885 9.75432758
v 44.56932735 -4.56932735 9.66380672
v 44.53847766 -4.53847766 9.62426453
v 44.51051712 -4.51051712 9.58063583
v 44.60276914 -4.60276914 9.69888191
v 44.67948270 -4.52219439 9.69888191
v 44.71532023 -4.71532023 9.77416401
v 44.79742086 -4.62908733 9.77416401
v 44.83974147 -4.66744447 9.78847103
v 44.75634313 -4.59185660 9.75432758
v 44.71690381 -4.55611086 9.72915249
v 44.83233619 -4.50375950 9.75432758
v 44.88289738 -4.70655870 9.79711037
v 44.92647290 -4.74605334 9.80000000
v 45.00982714 -4.64942253 9.80000000
v 44.91934311 -4.57516420 9.78847103
v 44.96436620 -4.61211371 9.79711037
v 44.87519133 -4.53892970 9.77416401
v 45.04110265 -4.51378500 9.79711037
v 45.08833957 -4.54881823 9.80000000
v 44.53439665 -4.39069605 9.48283844
v 44.54602087 -4.26878655 9.19999962
v 44.54825425 -4.27061939 9.25880985
v 44.55493283 -4.27610040 9.31705456
v 44.50104535 -4.36046815 9.37417107
v 44.51574314 -4.37378955 9.42961006
v 44.56599224 -4.28517663 9.37417107
v 44.58132601 -4.29776073 9.42961006
v 44.60078657 -4.31373155 9.48283844
v 44.55682588 -4.41102481 9.53334217
v 44.58281517 -4.43457997 9.58063583
v 44.61211395 -4.46113491 9.62426453
v 44.64444029 -4.49043381 9.66380672
v 44.68186665 -4.38027227 9.62426453
v 44.62418640 -4.33293533 9.53334217
v 44.65130007 -4.35518694 9.58063583
v 44.75215018 -4.43795252 9.69888191
v 44.71559155 -4.40794969 9.66380672
v 44.79119039 -4.46999204 9.72915249
v 44.86116195 -4.38033175 9.72915249
v 44.68763399 -4.25163472 9.53334217
v 44.71580684 -4.27252913 9.58063583
v 44.74756753 -4.29608440 9.62426453
v 44.82059669 -4.35024655 9.69888191
v 44.78260994 -4.32207358 9.66380672
v 44.60641503 -4.19139862 9.19999962
v 44.60873568 -4.19311965 9.25880985
v 44.61567509 -4.19826627 9.31705456
v 44.62716663 -4.20678902 9.37417107
v 44.64309943 -4.21860552 9.42961006
v 44.66332006 -4.23360229 9.48283844
v 44.68442094 -4.12549412 9.37417107
v 44.66293919 -4.11114049 9.19999962
v 44.66534150 -4.11274564 9.25880985
v 44.67252505 -4.11754549 9.31705456
v 44.70091438 -4.13651466 9.42961006
v 44.72184658 -4.15050113 9.48283844
v 44.71545720 -4.02820551 9.19999962
v 44.72534585 -4.03413248 9.31705456
v 44.71793532 -4.02969086 9.25880985
v 44.77622497 -4.06462824 9.48283844
v 44.73761737 -4.04148769 9.37417107
v 44.75463164 -4.05168569 9.42961006
v 44.74701595 -4.16731870 9.53334217
v 44.77618015 -4.18680561 9.58063583
v 44.80905831 -4.20877409 9.62426453
v 44.84533370 -4.23301256 9.66380672
v 44.80218923 -4.08019066 9.53334217
v 44.83227444 -4.09822309 9.58063583
v 44.86619091 -4.11855185 9.62426453
v 44.94844425 -4.44506478 9.77416401
v 44.90391505 -4.41203964 9.75432758
v 44.99432075 -4.47908914 9.78847103
v 44.88465714 -4.25928760 9.69888191
v 44.92664981 -4.28734624 9.72915249
v 44.97090721 -4.31691813 9.75432758
v 45.01700330 -4.34771848 9.77416401
v 45.06449389 -4.37945080 9.78847103
v 45.11292195 -4.41180933 9.79711037
v 45.16182089 -4.44448256 9.80000000
v 45.12969375 -4.27648926 9.78847103
v 45.23009443 -4.33666718 9.80000000
v 45.17965102 -4.30643260 9.79711037
v 44.90361202 -4.14098120 9.66380672
v 44.94417727 -4.16529500 9.69888191
v 44.98749614 -4.19125926 9.72915249
v 45.03315115 -4.21862400 9.75432758
v 44.88395464 -4.00699472 9.58063583
v 44.91882777 -4.02563477 9.62426453
v 44.95730436 -4.04620099 9.66380672
v 44.99901378 -4.06849515 9.69888191
v 45.04355431 -4.09230256 9.72915249
v 45.08070302 -4.24712539 9.77416401
v 45.13939047 -4.14352798 9.77416401
v 45.24112916 -4.19790852 9.79711037
v 45.18976259 -4.17045259 9.78847103
v 45.09049726 -4.11739409 9.75432758
v 45.14280725 -4.01347232 9.75432758
v 45.19292355 -4.03717566 9.77416401
v 45.24455643 -4.06159616 9.78847103
v 45.29299521 -4.22563148 9.80000000
v 45.29720831 -4.08649862 9.79711037
v 45.35037208 -4.11164320 9.80000000
v 44.76384258 -3.94279349 9.19999962
v 44.76639056 -3.94415540 9.25880985
v 44.77401006 -3.94822812 9.31705456
v 44.78662765 -3.95497239 9.37417107
v 44.80412185 -3.96432322 9.42961006
v 44.82632422 -3.97619063 9.48283844
v 44.87202370 -3.88540131 9.48283844
v 44.80797863 -3.85511017 9.19999962
v 44.81059039 -3.85634547 9.25880985
v 44.81840050 -3.86003941 9.31705456
v 44.84775901 -3.76536685 9.19999962
v 44.85042834 -3.76647252 9.25880985
v 44.85841036 -3.76977873 9.31705456
v 44.83133388 -3.86615640 9.37417107
v 44.84926581 -3.87463760 9.42961006
v 44.87162828 -3.77525377 9.37417107
v 44.85302091 -3.99046028 9.53334217
v 44.88995481 -3.78284490 9.42961006
v 44.91321337 -3.79247892 9.48283844
v 44.89938843 -3.89834380 9.53334217
v 44.93109632 -3.91334051 9.58063583
v 44.96684194 -3.93024701 9.62426453
v 45.00628138 -3.94890040 9.66380672
v 45.04903436 -3.96912110 9.69888191
v 44.94118011 -3.80406314 9.53334217
v 44.97358561 -3.81748593 9.58063583
v 45.01011801 -3.83261812 9.62426453
v 45.05042505 -3.84931386 9.66380672
v 45.09468961 -3.99071437 9.72915249
v 45.14077854 -3.88673949 9.72915249
v 45.18995476 -3.90710896 9.75432758
v 45.24117398 -3.92832464 9.77416401
v 45.09411883 -3.86741239 9.69888191
v 45.13415837 -3.76361406 9.69888191
v 45.18171000 -3.78062832 9.72915249
v 45.23182654 -3.79856032 9.75432758
v 44.88308811 -3.67377973 9.19999962
v 44.88580835 -3.67475301 9.25880985
v 44.89394307 -3.67766362 9.31705456
v 44.92609060 -3.68916625 9.42961006
v 44.94979393 -3.69764745 9.48283844
v 44.90741372 -3.68248355 9.37417107
v 44.91388071 -3.58056933 9.19999962
v 44.91664541 -3.58140802 9.25880985
v 44.92491305 -3.58391601 9.31705456
v 44.95758629 -3.59382731 9.42961006
v 44.93860400 -3.58806908 9.37417107
v 44.98167729 -3.60113519 9.48283844
v 45.00878644 -3.50317484 9.48283844
v 45.01132059 -3.71966201 9.58063583
v 44.97829545 -3.70784539 9.53334217
v 45.04855132 -3.73298335 9.62426453
v 45.01064467 -3.60992241 9.53334217
v 45.04420996 -3.62010431 9.58063583
v 45.03815031 -3.51053011 9.53334217
v 45.08962893 -3.74768120 9.66380672
v 45.08204937 -3.63158280 9.62426453
v 45.12379885 -3.64424735 9.66380672
v 45.16905642 -3.65797603 9.69888191
v 45.21738577 -3.67263663 9.72915249
v 45.07217479 -3.51905274 9.58063583
v 45.11053181 -3.52866071 9.62426453
v 45.15285254 -3.53926146 9.66380672
v 45.19872904 -3.55075294 9.69888191
v 45.24771953 -3.56302440 9.72915249
v 44.94006252 -3.48596036 9.19999962
v 44.94286513 -3.48666236 9.25880985
v 44.95124578 -3.48876163 9.31705456
v 44.96157050 -3.39018065 9.19999962
v 44.96440423 -3.39074430 9.25880985
v 44.97287786 -3.39242980 9.31705456
v 44.96512401 -3.49223796 9.37417107
v 44.98436606 -3.49705783 9.42961006
v 44.98690999 -3.39522097 9.37417107
v 45.00636530 -3.39909086 9.42961006
v 45.03105640 -3.40400225 9.48283844
v 44.97835302 -3.29346094 9.19999962
v 44.98121095 -3.29388487 9.25880985
v 44.98975706 -3.29515257 9.31705456
v 45.00390911 -3.29725185 9.37417107
v 45.02353096 -3.30016246 9.42961006
v 45.04843354 -3.30385640 9.48283844
v 45.06074572 -3.40990782 9.53334217
v 45.09514737 -3.41675073 9.58063583
v 45.13392973 -3.42446503 9.62426453
v 45.22310472 -3.44220302 9.69888191
v 45.17671967 -3.43297645 9.66380672
v 45.11307263 -3.31344473 9.58063583
v 45.15218687 -3.31924677 9.62426453
v 45.07837677 -3.30829808 9.53334217
v 45.19534278 -3.32564834 9.66380672
v 45.24212480 -3.33258778 9.69888191
v 44.99036944 -3.19603428 9.19999962
v 44.99324465 -3.19631746 9.25880985
v 45.00184274 -3.19716430 9.31705456
v 45.01608086 -3.19856663 9.37417107
v 45.03582191 -3.20051095 9.42961006
v 45.06087565 -3.20297852 9.48283844
v 44.99759090 -3.09813535 9.19999962
v 45.00047660 -3.09827711 9.25880985
v 45.00910592 -3.09870104 9.31705456
v 45.02339554 -3.09940305 9.37417107
v 45.04320812 -3.10037638 9.42961006
v 45.06835270 -3.10161166 9.48283844
v 45.09100080 -3.20594560 9.53334217
v 45.12590742 -3.20938361 9.58063583
v 45.16525912 -3.21325941 9.62426453
v 45.20867729 -3.21753572 9.66380672
v 45.09858727 -3.10309698 9.53334217
v 45.13362050 -3.10481806 9.58063583
v 45.17311525 -3.10675830 9.62426453
v 45.21669078 -3.10889903 9.66380672
v 45.29394293 -3.95018220 9.78847103
v 45.34775305 -3.97247118 9.79711037
v 45.40208673 -3.99497694 9.80000000
v 45.28402519 -3.81723726 9.77416401
v 45.33780289 -3.83647925 9.78847103
v 45.39264202 -3.85610104 9.79711037
v 45.44801450 -3.87591362 9.80000000
v 45.48804498 -3.75474018 9.80000000
v 45.26832175 -3.68808788 9.75432758
v 45.32137370 -3.70418102 9.77416401
v 45.37603092 -3.72076112 9.78847103
v 45.43176699 -3.73766845 9.79711037
v 45.29935241 -3.57595778 9.75432758
v 45.35313010 -3.58942842 9.77416401
v 45.40853500 -3.60330659 9.78847103
v 45.52208138 -3.63174850 9.80000000
v 45.46503353 -3.61745876 9.79711037
v 45.55004168 -3.50723481 9.80000000
v 45.27263832 -3.45205587 9.72915249
v 45.32484365 -3.46244013 9.75432758
v 45.37921762 -3.47325581 9.77416401
v 45.43523669 -3.48439869 9.78847103
v 45.29208207 -3.33999828 9.72915249
v 45.34473395 -3.34780845 9.75432758
v 45.39957333 -3.35594305 9.77416401
v 45.49236155 -3.49576151 9.79711037
v 45.57185888 -3.38149923 9.80000000
v 45.45607162 -3.36432382 9.78847103
v 45.51368523 -3.37286997 9.79711037
v 45.58748031 -3.25484458 9.80000000
v 45.25574327 -3.22217132 9.69888191
v 45.30600429 -3.22712159 9.72915249
v 45.35897589 -3.23233885 9.75432758
v 45.41414809 -3.23777284 9.77416401
v 45.26392746 -3.11121963 9.69888191
v 45.31437087 -3.11369774 9.72915249
v 45.36753464 -3.11630952 9.75432758
v 45.42290711 -3.11902980 9.77416401
v 45.47098970 -3.24337125 9.78847103
v 45.52895308 -3.24908015 9.79711037
v 45.59686828 -3.12757595 9.80000000
v 45.47995496 -3.12183238 9.78847103
v 45.53812885 -3.12469027 9.79711037
v 47.50000000 -7.00000000 9.80000000
v 47.54907846 -6.99919677 9.80000000
v 47.59810448 -6.99678850 9.80000000
v 47.64702559 -6.99277711 9.80000000
v 47.69578934 -6.98716736 9.80000000
v 47.74434328 -6.97996497 9.80000000
v 47.79263544 -6.97117782 9.80000000
v 47.84061432 -6.96081543 9.80000000
v 47.88822842 -6.94888878 9.80000000
v 47.93542719 -6.93541050 9.80000000
v 47.98215914 -6.92039514 9.80000000
v 48.02837515 -6.90385890 9.80000000
v 48.07402515 -6.88581920 9.80000000
v 48.11906052 -6.86629581 9.80000000
v 48.16343307 -6.84530902 9.80000000
v 48.20709515 -6.82288194 9.80000000
v 48.25000000 -6.79903817 9.80000000
v 48.29210186 -6.77380323 9.80000000
v 48.33335543 -6.74720430 9.80000000
v 48.37371635 -6.71926999 9.80000000
v 48.41314220 -6.69003010 9.80000000
v 48.45159006 -6.65951562 9.80000000
v 48.48901892 -6.62775970 9.80000000
v 48.52538824 -6.59479618 9.80000000
v 48.56066036 -6.56066012 9.80000000
v 48.59479618 -6.52538848 9.80000000
v 48.62775993 -6.48901868 9.80000000
v 48.65951586 -6.45158982 9.80000000
v 48.69003010 -6.41314220 9.80000000
v 48.71927023 -6.37371659 9.80000000
v 48.74720430 -6.33335543 9.80000000
v 48.77380323 -6.29210186 9.80000000
v 48.79903793 -6.25000000 9.80000000
v 48.82288170 -6.20709515 9.80000000
v 48.84530926 -6.16343307 9.80000000
v 48.86629581 -6.11906052 9.80000000
v 48.88581944 -6.07402515 9.80000000
v 48.90385866 -6.02837515 9.80000000
v 47.50000000 -7.00000000 12.19999962
v 47.54907846 -6.99919677 12.19999962
v 47.59810448 -6.99678850 12.19999962
v 47.64702559 -6.99277711 12.19999962
v 47.69578934 -6.98716736 12.19999962
v 47.74434328 -6.97996497 12.19999962
v 47.79263544 -6.97117782 12.19999962
v 47.84061432 -6.96081543 12.19999962
v 47.88822842 -6.94888878 12.19999962
v 47.93542719 -6.93541050 12.19999962
v 47.98215914 -6.92039514 12.19999962
v 48.02837515 -6.90385890 12.19999962
v 48.07402515 -6.88581920 12.19999962
v 48.11906052 -6.86629581 12.19999962
v 48.16343307 -6.84530902 12.19999962
v 48.20709515 -6.82288194 12.19999962
v 48.25000000 -6.79903817 12.19999962
v 48.29210186 -6.77380323 12.19999962
v 48.33335543 -6.74720430 12.19999962
v 48.37371635 -6.71926999 12.19999962
v 48.41314220 -6.69003010 12.19999962
v 48.45159006 -6.65951562 12.19999962
v 48.48901892 -6.62775970 12.19999962
v 48.52538824 -6.59479618 12.19999962
v 48.56066036 -6.56066012 12.19999962
v 48.59479618 -6.52538848 12.19999962
v 48.62775993 -6.48901868 12.19999962
v 48.65951586 -6.45158982 12.19999962
v 48.69003010 -6.41314220 12.19999962
v 48.71927023 -6.37371659 12.19999962
v 48.74720430 -6.33335543 12.19999962
v 48.77380323 -6.29210186 12.19999962
v 48.79903793 -6.25000000 12.19999962
v 48.82288170 -6.20709515 12.19999962
v 48.84530926 -6.16343307 12.19999962
v 48.86629581 -6.11906052 12.19999962
v 48.88581944 -6.07402515 12.19999962
v 48.90385866 -6.02837515 12.19999962
v 48.92039537 -5.98215914 9.80000000
v 48.93541050 -5.93542695 9.80000000
v 48.94888878 -5.88822865 9.80000000
v 48.96081543 -5.84061432 9.80000000
v 48.97117805 -5.79263544 9.80000000
v 48.97996521 -5.74434328 9.80000000
v 48.98716736 -5.69578934 9.80000000
v 48.99277687 -5.64702582 9.80000000
v 48.99678850 -5.59810472 9.80000000
v 48.99919701 -5.54907870 9.80000000
v 49.00000000 -5.50000000 9.80000000
v 48.92039537 -5.98215914 12.19999962
v 48.93541050 -5.93542695 12.19999962
v 48.94888878 -5.88822865 12.19999962
v 48.96081543 -5.84061432 12.19999962
v 48.97117805 -5.79263544 12.19999962
v 48.97996521 -5.74434328 12.19999962
v 48.98716736 -5.69578934 12.19999962
v 48.99277687 -5.64702582 12.19999962
v 48.99678850 -5.59810472 12.19999962
v 48.99919701 -5.54907870 12.19999962
v 49.00000000 -5.50000000 12.19999962
v 43.00000000 -3.00000000 0.00000000
v 44.47820723 -2.38770652 0.00000000
v 44.44638288 -2.31591183 0.00000000
v 44.28513205 -2.04688114 0.00000000
v 44.37236583 -2.17743564 0.00000000
v 44.41107404 -2.24576521 0.00000000
v 44.33035135 -2.11108762 0.00000000
v 43.61229348 -1.52179277 0.00000000
v 43.68408817 -1.55361712 0.00000000
v 43.00000000 -1.39999998 0.00000000
v 43.07850828 -1.40192723 0.00000000
v 43.15682742 -1.40770447 0.00000000
v 43.23476876 -1.41731763 0.00000000
v 43.31214452 -1.43074358 0.00000000
v 43.09813535 -1.00240910 0.49999999
v 43.19603428 -1.00963056 0.49999999
v 43.29346094 -1.02164698 0.49999999
v 43.38876829 -1.44795001 0.00000000
v 43.46445549 -1.46889544 0.00000000
v 43.53902376 -1.49352944 0.00000000
v 43.39018065 -1.03842950 0.49999999
v 43.48596036 -1.05993748 0.49999999
v 43.58056933 -1.08611929 0.49999999
v 43.67377973 -1.11691189 0.49999999
v 44.01502931 -1.76318324 0.00000000
v 44.07449436 -1.81447816 0.00000000
v 43.82256436 -1.62763417 0.00000000
v 43.88891238 -1.66964865 0.00000000
v 43.75423479 -1.58892596 0.00000000
v 43.95311886 -1.71486795 0.00000000
v 44.18552184 -1.92550564 0.00000000
v 44.23681676 -1.98497069 0.00000000
v 44.13137090 -1.86862910 0.00000000
v 44.48190224 -1.65688205 0.49999999
v 44.34311795 -1.51809776 0.49999999
v 44.41421354 -1.58578646 0.49999999
v 44.02820551 -1.28454280 0.49999999
v 44.11114049 -1.33706081 0.49999999
v 43.76536685 -1.15224099 0.49999999
v 43.85511017 -1.19202137 0.49999999
v 43.94279349 -1.23615742 0.49999999
v 44.19139862 -1.39358497 0.49999999
v 44.26878655 -1.45397913 0.49999999
v 44.60000002 -3.00000000 0.00000000
v 44.59807277 -2.92149172 0.00000000
v 44.59229553 -2.84317258 0.00000000
v 44.58268237 -2.76523124 0.00000000
v 44.56925642 -2.68785548 0.00000000
v 44.55204999 -2.61123171 0.00000000
v 44.53110456 -2.53554451 0.00000000
v 45.00000000 -3.00000000 0.49999999
v 44.99759090 -2.90186465 0.49999999
v 44.99036944 -2.80396572 0.49999999
v 44.97835302 -2.70653906 0.49999999
v 44.96157050 -2.60981935 0.49999999
v 44.94006252 -2.51403964 0.49999999
v 44.50647056 -2.46097624 0.00000000
v 44.84775901 -2.23463315 0.49999999
v 44.80797863 -2.14488983 0.49999999
v 44.76384258 -2.05720651 0.49999999
v 44.91388071 -2.41943067 0.49999999
v 44.88308811 -2.32622027 0.49999999
v 44.66293919 -1.88885951 0.49999999
v 44.60641503 -1.80860138 0.49999999
v 44.71545720 -1.97179449 0.49999999
v 44.54602087 -1.73121345 0.49999999
v 43.00000000 -1.00000000 0.49999999
v 43.51999998 -3.00000000 11.80000000
v 43.52059948 -2.98168712 11.80000000
v 43.52239543 -2.96345267 11.80000000
v 43.52538013 -2.94537471 11.80000000
v 43.52954078 -2.92753067 11.80000000
v 43.53485954 -2.90999695 11.80000000
v 43.54131371 -2.89284864 11.80000000
v 43.54887563 -2.87615917 11.80000000
v 43.55751288 -2.86000000 11.80000000
v 43.56718850 -2.84444034 11.80000000
v 43.57786107 -2.82954679 11.80000000
v 43.58948487 -2.81538317 11.80000000
v 43.60201013 -2.80201010 11.80000000
v 43.61538315 -2.78948486 11.80000000
v 43.62954682 -2.77786106 11.80000000
v 43.64444035 -2.76718850 11.80000000
v 43.66000003 -2.75751288 11.80000000
v 43.51999998 -3.00000000 12.19999962
v 43.52059948 -2.98168712 12.19999962
v 43.52239543 -2.96345267 12.19999962
v 43.52538013 -2.94537471 12.19999962
v 43.52954078 -2.92753067 12.19999962
v 43.53485954 -2.90999695 12.19999962
v 43.54131371 -2.89284864 12.19999962
v 43.54887563 -2.87615917 12.19999962
v 43.55751288 -2.86000000 12.19999962
v 43.56718850 -2.84444034 12.19999962
v 43.57786107 -2.82954679 12.19999962
v 43.58948487 -2.81538317 12.19999962
v 43.60201013 -2.80201010 12.19999962
v 43.61538315 -2.78948486 12.19999962
v 43.62954682 -2.77786106 12.19999962
v 43.64444035 -2.76718850 12.19999962
v 43.66000003 -2.75751288 12.19999962
v 43.67615914 -2.74887562 11.80000000
v 43.69284862 -2.74131373 11.80000000
v 43.70999694 -2.73485956 11.80000000
v 43.72753066 -2.72954077 11.80000000
v 43.74537474 -2.72538012 11.80000000
v 43.67615914 -2.74887562 12.19999962
v 43.69284862 -2.74131373 12.19999962
v 43.70999694 -2.73485956 12.19999962
v 43.72753066 -2.72954077 12.19999962
v 43.74537474 -2.72538012 12.19999962
v 44.07760453 -2.96345267 11.80000000
v 44.07461989 -2.94537471 11.80000000
v 44.08000004 -3.00000000 11.80000000
v 44.07940054 -2.98168712 11.80000000
v 44.07045925 -2.92753067 11.80000000
v 44.06514049 -2.90999695 11.80000000
v 44.05112433 -2.87615917 11.80000000
v 44.05868626 -2.89284864 11.80000000
v 44.02213895 -2.82954679 11.80000000
v 44.01051509 -2.81538317 11.80000000
v 43.95555967 -2.76718850 11.80000000
v 43.94000000 -2.75751288 11.80000000
v 43.97045320 -2.77786106 11.80000000
v 43.99798989 -2.80201010 11.80000000
v 43.98461682 -2.78948486 11.80000000
v 44.04248714 -2.86000000 11.80000000
v 44.03281152 -2.84444034 11.80000000
v 44.07760453 -2.96345267 12.19999962
v 44.07461989 -2.94537471 12.19999962
v 44.08000004 -3.00000000 12.19999962
v 44.07940054 -2.98168712 12.19999962
v 44.07045925 -2.92753067 12.19999962
v 44.06514049 -2.90999695 12.19999962
v 44.05112433 -2.87615917 12.19999962
v 44.05868626 -2.89284864 12.19999962
v 44.02213895 -2.82954679 12.19999962
v 44.01051509 -2.81538317 12.19999962
v 43.95555967 -2.76718850 12.19999962
v 43.94000000 -2.75751288 12.19999962
v 43.97045320 -2.77786106 12.19999962
v 43.99798989 -2.80201010 12.19999962
v 43.98461682 -2.78948486 12.19999962
v 44.04248714 -2.86000000 12.19999962
v 44.03281152 -2.84444034 12.19999962
v 43.76345265 -2.72239545 11.80000000
v 43.78168714 -2.72059950 11.80000000
v 43.80000001 -2.72000000 11.80000000
v 43.81831288 -2.72059950 11.80000000
v 43.83654732 -2.72239545 11.80000000
v 43.85462528 -2.72538012 11.80000000
v 43.89000303 -2.73485956 11.80000000
v 43.87246931 -2.72954077 11.80000000
v 43.90715134 -2.74131373 11.80000000
v 43.92384082 -2.74887562 11.80000000
v 43.76345265 -2.72239545 12.19999962
v 43.78168714 -2.72059950 12.19999962
v 43.80000001 -2.72000000 12.19999962
v 43.81831288 -2.72059950 12.19999962
v 43.83654732 -2.72239545 12.19999962
v 43.85462528 -2.72538012 12.19999962
v 43.89000303 -2.73485956 12.19999962
v 43.87246931 -2.72954077 12.19999962
v 43.90715134 -2.74131373 12.19999962
v 43.92384082 -2.74887562 12.19999962
v 43.09813535 -1.00240910 9.19999962
v 43.19603428 -1.00963056 9.19999962
v 43.19631746 -1.00675535 9.25880985
v 43.29346094 -1.02164698 9.19999962
v 43.29388487 -1.01878905 9.25880985
v 43.29515257 -1.01024294 9.31705456
v 43.39018065 -1.03842950 9.19999962
v 43.39074430 -1.03559577 9.25880985
v 43.39242980 -1.02712214 9.31705456
v 43.48596036 -1.05993748 9.19999962
v 43.48666236 -1.05713487 9.25880985
v 43.48876163 -1.04875422 9.31705456
v 43.39522097 -1.01309001 9.37417107
v 43.49223796 -1.03487599 9.37417107
v 43.49705783 -1.01563394 9.42961006
v 43.58056933 -1.08611929 9.19999962
v 43.58140802 -1.08335459 9.25880985
v 43.58391601 -1.07508695 9.31705456
v 43.67377973 -1.11691189 9.19999962
v 43.67475301 -1.11419165 9.25880985
v 43.67766362 -1.10605693 9.31705456
v 43.58806908 -1.06139600 9.37417107
v 43.59382731 -1.04241371 9.42961006
v 43.60113519 -1.01832271 9.48283844
v 43.68248355 -1.09258628 9.37417107
v 43.68916625 -1.07390940 9.42961006
v 43.69764745 -1.05020607 9.48283844
v 43.70784539 -1.02170455 9.53334217
v 44.48190224 -1.65688205 9.19999962
v 44.48404300 -1.65494180 9.25880985
v 44.49044454 -1.64913976 9.31705456
v 44.34311795 -1.51809776 9.19999962
v 44.34505820 -1.51595700 9.25880985
v 44.35086024 -1.50955546 9.31705456
v 44.41421354 -1.58578646 9.19999962
v 44.41625655 -1.58374345 9.25880985
v 44.42236567 -1.57763433 9.31705456
v 44.43248224 -1.56751776 9.37417107
v 44.44650877 -1.55349123 9.42961006
v 44.46431017 -1.53568983 9.48283844
v 44.48571491 -1.51428509 9.53334217
v 44.02820551 -1.28454280 9.19999962
v 44.02969086 -1.28206468 9.25880985
v 44.11114049 -1.33706081 9.19999962
v 44.11274564 -1.33465850 9.25880985
v 44.11754549 -1.32747495 9.31705456
v 44.03413248 -1.27465415 9.31705456
v 44.04148769 -1.26238263 9.37417107
v 43.76536685 -1.15224099 9.19999962
v 43.76647252 -1.14957166 9.25880985
v 43.76977873 -1.14158964 9.31705456
v 43.85511017 -1.19202137 9.19999962
v 43.85634547 -1.18940961 9.25880985
v 43.86003941 -1.18159950 9.31705456
v 43.77525377 -1.12837172 9.37417107
v 43.86615640 -1.16866612 9.37417107
v 43.87463760 -1.15073419 9.42961006
v 43.88540131 -1.12797630 9.48283844
v 43.78284490 -1.11004519 9.42961006
v 43.79247892 -1.08678663 9.48283844
v 43.94279349 -1.23615742 9.19999962
v 43.94415540 -1.23360944 9.25880985
v 43.94822812 -1.22598994 9.31705456
v 43.95497239 -1.21337235 9.37417107
v 43.96432322 -1.19587815 9.42961006
v 43.97619063 -1.17367578 9.48283844
v 44.05168569 -1.24536836 9.42961006
v 44.06462824 -1.22377503 9.48283844
v 43.80406314 -1.05881989 9.53334217
v 43.81748593 -1.02641439 9.58063583
v 43.89834380 -1.10061157 9.53334217
v 43.91334051 -1.06890368 9.58063583
v 43.93024701 -1.03315806 9.62426453
v 43.99046028 -1.14697909 9.53334217
v 44.08019066 -1.19781077 9.53334217
v 44.09822309 -1.16772556 9.58063583
v 44.11855185 -1.13380909 9.62426453
v 44.00699472 -1.11604536 9.58063583
v 44.02563477 -1.08117223 9.62426453
v 44.04620099 -1.04269564 9.66380672
v 44.06849515 -1.00098622 9.69888191
v 44.19139862 -1.39358497 9.19999962
v 44.19311965 -1.39126432 9.25880985
v 44.19826627 -1.38432491 9.31705456
v 44.26878655 -1.45397913 9.19999962
v 44.27061939 -1.45174575 9.25880985
v 44.27610040 -1.44506717 9.31705456
v 44.28517663 -1.43400776 9.37417107
v 44.29776073 -1.41867399 9.42961006
v 44.12549412 -1.31557906 9.37417107
v 44.20678902 -1.37283337 9.37417107
v 44.21860552 -1.35690057 9.42961006
v 44.13651466 -1.29908562 9.42961006
v 44.15050113 -1.27815342 9.48283844
v 44.23360229 -1.33667994 9.48283844
v 44.36046815 -1.49895465 9.37417107
v 44.37378955 -1.48425686 9.42961006
v 44.39069605 -1.46560335 9.48283844
v 44.31373155 -1.39921343 9.48283844
v 44.16731870 -1.25298405 9.53334217
v 44.25163472 -1.31236601 9.53334217
v 44.27252913 -1.28419316 9.58063583
v 44.29608440 -1.25243247 9.62426453
v 44.33293533 -1.37581360 9.53334217
v 44.41102481 -1.44317412 9.53334217
v 44.43457997 -1.41718483 9.58063583
v 44.46113491 -1.38788605 9.62426453
v 44.35518694 -1.34869993 9.58063583
v 44.38027227 -1.31813335 9.62426453
v 44.49043381 -1.35555971 9.66380672
v 44.40794969 -1.28440845 9.66380672
v 44.18680561 -1.22381985 9.58063583
v 44.20877409 -1.19094169 9.62426453
v 44.23301256 -1.15466630 9.66380672
v 44.14098120 -1.09638798 9.66380672
v 44.16529500 -1.05582273 9.69888191
v 44.25928760 -1.11534286 9.69888191
v 44.19125926 -1.01250386 9.72915249
v 44.28734624 -1.07335019 9.72915249
v 44.32207358 -1.21739006 9.66380672
v 44.35024655 -1.17940331 9.69888191
v 44.43795252 -1.24784982 9.69888191
v 44.38033175 -1.13883805 9.72915249
v 44.46999204 -1.20880961 9.72915249
v 44.31691813 -1.02909279 9.75432758
v 44.41203964 -1.09608495 9.75432758
v 44.44506478 -1.05155575 9.77416401
v 44.47908914 -1.00567925 9.78847103
v 45.00000000 -3.00000000 9.19999962
v 45.00288916 -3.00000000 9.25880985
v 45.01152873 -3.00000000 9.31705456
v 44.99759090 -2.90186465 9.19999962
v 45.00047660 -2.90172289 9.25880985
v 45.00910592 -2.90129896 9.31705456
v 45.02583575 -3.00000000 9.37417107
v 45.04567218 -3.00000000 9.42961006
v 45.02339554 -2.90059695 9.37417107
v 45.04320812 -2.89962362 9.42961006
v 44.99036944 -2.80396572 9.19999962
v 44.99324465 -2.80368254 9.25880985
v 45.00184274 -2.80283570 9.31705456
v 45.01608086 -2.80143337 9.37417107
v 45.03582191 -2.79948905 9.42961006
v 45.06087565 -2.79702148 9.48283844
v 45.07084727 -3.00000000 9.48283844
v 45.06835270 -2.89838834 9.48283844
v 45.10111833 -3.00000000 9.53334217
v 45.13619375 -3.00000000 9.58063583
v 45.09858727 -2.89690302 9.53334217
v 45.13362050 -2.89518194 9.58063583
v 45.17573595 -3.00000000 9.62426453
v 45.21936393 -3.00000000 9.66380672
v 45.17311525 -2.89324170 9.62426453
v 45.21669078 -2.89110097 9.66380672
v 45.09100080 -2.79405440 9.53334217
v 45.12590742 -2.79061639 9.58063583
v 45.16525912 -2.78674059 9.62426453
v 45.20867729 -2.78246428 9.66380672
v 44.97835302 -2.70653906 9.19999962
v 44.98121095 -2.70611513 9.25880985
v 44.98975706 -2.70484743 9.31705456
v 45.00390911 -2.70274815 9.37417107
v 45.02353096 -2.69983754 9.42961006
v 45.04843354 -2.69614360 9.48283844
v 44.96157050 -2.60981935 9.19999962
v 44.96440423 -2.60925570 9.25880985
v 44.94006252 -2.51403964 9.19999962
v 44.94286513 -2.51333764 9.25880985
v 44.95124578 -2.51123837 9.31705456
v 44.97287786 -2.60757020 9.31705456
v 44.96512401 -2.50776204 9.37417107
v 44.98690999 -2.60477903 9.37417107
v 45.00636530 -2.60090914 9.42961006
v 45.03105640 -2.59599775 9.48283844
v 44.98436606 -2.50294217 9.42961006
v 45.06074572 -2.59009218 9.53334217
v 45.07837677 -2.69170192 9.53334217
v 45.11307263 -2.68655527 9.58063583
v 45.15218687 -2.68075323 9.62426453
v 45.19534278 -2.67435166 9.66380672
v 45.24212480 -2.66741222 9.69888191
v 45.09514737 -2.58324927 9.58063583
v 45.13392973 -2.57553497 9.62426453
v 45.17671967 -2.56702355 9.66380672
v 45.22310472 -2.55779698 9.69888191
v 44.84775901 -2.23463315 9.19999962
v 44.85042834 -2.23352748 9.25880985
v 44.85841036 -2.23022127 9.31705456
v 44.80797863 -2.14488983 9.19999962
v 44.81059039 -2.14365453 9.25880985
v 44.81840050 -2.13996059 9.31705456
v 44.87162828 -2.22474623 9.37417107
v 44.83133388 -2.13384360 9.37417107
v 44.84926581 -2.12536240 9.42961006
v 44.76384258 -2.05720651 9.19999962
v 44.76639056 -2.05584460 9.25880985
v 44.77401006 -2.05177188 9.31705456
v 44.87202370 -2.11459869 9.48283844
v 44.78662765 -2.04502761 9.37417107
v 44.80412185 -2.03567678 9.42961006
v 44.82632422 -2.02380937 9.48283844
v 44.85302091 -2.00953972 9.53334217
v 44.91388071 -2.41943067 9.19999962
v 44.91664541 -2.41859198 9.25880985
v 44.92491305 -2.41608399 9.31705456
v 44.93860400 -2.41193092 9.37417107
v 44.95758629 -2.40617269 9.42961006
v 45.00878644 -2.49682516 9.48283844
v 44.98167729 -2.39886481 9.48283844
v 44.88308811 -2.32622027 9.19999962
v 44.88580835 -2.32524699 9.25880985
v 44.89394307 -2.32233638 9.31705456
v 44.90741372 -2.31751645 9.37417107
v 44.92609060 -2.31083375 9.42961006
v 44.94979393 -2.30235255 9.48283844
v 45.03815031 -2.48946989 9.53334217
v 45.01064467 -2.39007759 9.53334217
v 45.04420996 -2.37989569 9.58063583
v 44.97829545 -2.29215461 9.53334217
v 45.01132059 -2.28033799 9.58063583
v 45.04855132 -2.26701665 9.62426453
v 45.07217479 -2.48094726 9.58063583
v 45.11053181 -2.47133929 9.62426453
v 45.15285254 -2.46073854 9.66380672
v 45.19872904 -2.44924706 9.69888191
v 45.24771953 -2.43697560 9.72915249
v 45.08204937 -2.36841720 9.62426453
v 45.12379885 -2.35575265 9.66380672
v 45.08962893 -2.25231880 9.66380672
v 45.16905642 -2.34202397 9.69888191
v 45.21738577 -2.32736337 9.72915249
v 44.88995481 -2.21715510 9.42961006
v 44.91321337 -2.20752108 9.48283844
v 44.94118011 -2.19593686 9.53334217
v 44.97358561 -2.18251407 9.58063583
v 45.01011801 -2.16738188 9.62426453
v 45.05042505 -2.15068614 9.66380672
v 44.89938843 -2.10165620 9.53334217
v 44.93109632 -2.08665949 9.58063583
v 44.96684194 -2.06975299 9.62426453
v 45.00628138 -2.05109960 9.66380672
v 45.04903436 -2.03087890 9.69888191
v 45.13415837 -2.23638594 9.69888191
v 45.09411883 -2.13258761 9.69888191
v 45.18171000 -2.21937168 9.72915249
v 45.23182654 -2.20143968 9.75432758
v 45.14077854 -2.11326051 9.72915249
v 45.09468961 -2.00928563 9.72915249
v 45.18995476 -2.09289104 9.75432758
v 45.24117398 -2.07167536 9.77416401
v 45.26665783 -3.00000000 9.69888191
v 45.26392746 -2.88878037 9.69888191
v 45.31716204 -3.00000000 9.72915249
v 45.31437087 -2.88630226 9.72915249
v 45.37038994 -3.00000000 9.75432758
v 45.42582917 -3.00000000 9.77416401
v 45.36753464 -2.88369048 9.75432758
v 45.42290711 -2.88097020 9.77416401
v 45.25574327 -2.77782868 9.69888191
v 45.30600429 -2.77287841 9.72915249
v 45.35897589 -2.76766115 9.75432758
v 45.41414809 -2.76222716 9.77416401
v 45.48294592 -3.00000000 9.78847103
v 45.47995496 -2.87816762 9.78847103
v 45.54118967 -3.00000000 9.79711037
v 45.59999990 -3.00000000 9.80000000
v 45.53812885 -2.87530973 9.79711037
v 45.47098970 -2.75662875 9.78847103
v 45.52895308 -2.75091985 9.79711037
v 45.59686828 -2.87242405 9.80000000
v 45.29208207 -2.66000172 9.72915249
v 45.34473395 -2.65219155 9.75432758
v 45.39957333 -2.64405695 9.77416401
v 45.27263832 -2.54794413 9.72915249
v 45.32484365 -2.53755987 9.75432758
v 45.37921762 -2.52674419 9.77416401
v 45.43523669 -2.51560131 9.78847103
v 45.45607162 -2.63567618 9.78847103
v 45.51368523 -2.62713003 9.79711037
v 45.58748031 -2.74515542 9.80000000
v 45.49236155 -2.50423849 9.79711037
v 45.57185888 -2.61850077 9.80000000
v 45.29935241 -2.42404222 9.75432758
v 45.35313010 -2.41057158 9.77416401
v 45.40853500 -2.39669341 9.78847103
v 45.26832175 -2.31191212 9.75432758
v 45.32137370 -2.29581898 9.77416401
v 45.37603092 -2.27923888 9.78847103
v 45.43176699 -2.26233155 9.79711037
v 45.46503353 -2.38254124 9.79711037
v 45.55004168 -2.49276519 9.80000000
v 45.52208138 -2.36825150 9.80000000
v 45.28402519 -2.18276274 9.77416401
v 45.33780289 -2.16352075 9.78847103
v 45.39264202 -2.14389896 9.79711037
v 45.29394293 -2.04981780 9.78847103
v 45.34775305 -2.02752882 9.79711037
v 45.40208673 -2.00502306 9.80000000
v 45.48804498 -2.24525982 9.80000000
v 45.44801450 -2.12408638 9.80000000
v 44.66293919 -1.88885951 9.19999962
v 44.66534150 -1.88725436 9.25880985
v 44.67252505 -1.88245451 9.31705456
v 44.60641503 -1.80860138 9.19999962
v 44.60873568 -1.80688035 9.25880985
v 44.61567509 -1.80173373 9.31705456
v 44.68442094 -1.87450588 9.37417107
v 44.62716663 -1.79321098 9.37417107
v 44.64309943 -1.78139448 9.42961006
v 44.66332006 -1.76639771 9.48283844
v 44.71545720 -1.97179449 9.19999962
v 44.71793532 -1.97030914 9.25880985
v 44.72534585 -1.96586752 9.31705456
v 44.73761737 -1.95851231 9.37417107
v 44.75463164 -1.94831431 9.42961006
v 44.77622497 -1.93537176 9.48283844
v 44.70091438 -1.86348534 9.42961006
v 44.72184658 -1.84949887 9.48283844
v 44.80218923 -1.91980934 9.53334217
v 44.83227444 -1.90177691 9.58063583
v 44.86619091 -1.88144815 9.62426453
v 44.74701595 -1.83268130 9.53334217
v 44.77618015 -1.81319439 9.58063583
v 44.80905831 -1.79122591 9.62426453
v 44.84533370 -1.76698744 9.66380672
v 44.54602087 -1.73121345 9.19999962
v 44.54825425 -1.72938061 9.25880985
v 44.55493283 -1.72389960 9.31705456
v 44.56599224 -1.71482337 9.37417107
v 44.58132601 -1.70223927 9.42961006
v 44.50104535 -1.63953185 9.37417107
v 44.51574314 -1.62621045 9.42961006
v 44.60078657 -1.68626845 9.48283844
v 44.53439665 -1.60930395 9.48283844
v 44.62418640 -1.66706467 9.53334217
v 44.65130007 -1.64481306 9.58063583
v 44.55682588 -1.58897519 9.53334217
v 44.58281517 -1.56542003 9.58063583
v 44.68186665 -1.61972773 9.62426453
v 44.61211395 -1.53886509 9.62426453
v 44.64444029 -1.50956619 9.66380672
v 44.68763399 -1.74836528 9.53334217
v 44.71580684 -1.72747087 9.58063583
v 44.74756753 -1.70391560 9.62426453
v 44.78260994 -1.67792642 9.66380672
v 44.82059669 -1.64975345 9.69888191
v 44.71559155 -1.59205031 9.66380672
v 44.75215018 -1.56204748 9.69888191
v 44.86116195 -1.61966825 9.72915249
v 44.79119039 -1.53000796 9.72915249
v 44.88395464 -1.99300528 9.58063583
v 44.91882777 -1.97436523 9.62426453
v 44.95730436 -1.95379901 9.66380672
v 44.99901378 -1.93150485 9.69888191
v 45.04355431 -1.90769744 9.72915249
v 44.90361202 -1.85901880 9.66380672
v 44.94417727 -1.83470500 9.69888191
v 44.98749614 -1.80874074 9.72915249
v 45.03315115 -1.78137600 9.75432758
v 45.14280725 -1.98652768 9.75432758
v 45.09049726 -1.88260591 9.75432758
v 45.19292355 -1.96282434 9.77416401
v 45.24455643 -1.93840384 9.78847103
v 45.13939047 -1.85647202 9.77416401
v 45.08070302 -1.75287461 9.77416401
v 45.18976259 -1.82954741 9.78847103
v 45.24112916 -1.80209148 9.79711037
v 44.88465714 -1.74071240 9.69888191
v 44.92664981 -1.71265376 9.72915249
v 44.97090721 -1.68308187 9.75432758
v 45.01700330 -1.65228152 9.77416401
v 44.90391505 -1.58796036 9.75432758
v 44.94844425 -1.55493522 9.77416401
v 44.99432075 -1.52091086 9.78847103
v 45.12969375 -1.72351074 9.78847103
v 45.17965102 -1.69356740 9.79711037
v 45.23009443 -1.66333282 9.80000000
v 45.06449389 -1.62054920 9.78847103
v 45.11292195 -1.58819067 9.79711037
v 45.16182089 -1.55551744 9.80000000
v 44.51051712 -1.48948288 9.58063583
v 44.53847766 -1.46152234 9.62426453
v 44.56932735 -1.43067265 9.66380672
v 44.67948270 -1.47780561 9.69888191
v 44.60276914 -1.39723086 9.69888191
v 44.52219439 -1.32051730 9.69888191
v 44.55611086 -1.28309619 9.72915249
v 44.63848090 -1.36151910 9.72915249
v 44.67611885 -1.32388115 9.75432758
v 44.71690381 -1.44388914 9.72915249
v 44.75634313 -1.40814340 9.75432758
v 44.83233619 -1.49624050 9.75432758
v 44.71532023 -1.28467977 9.77416401
v 44.79742086 -1.37091267 9.77416401
v 44.83974147 -1.33255553 9.78847103
v 44.59185660 -1.24365687 9.75432758
v 44.50375950 -1.16766381 9.75432758
v 44.62908733 -1.20257914 9.77416401
v 44.66744447 -1.16025853 9.78847103
v 44.53892970 -1.12480867 9.77416401
v 44.57516420 -1.08065689 9.78847103
v 44.61211371 -1.03563380 9.79711037
v 44.75570786 -1.24429214 9.78847103
v 44.79689252 -1.20310748 9.79711037
v 44.83847761 -1.16152239 9.80000000
v 44.70655870 -1.11710262 9.79711037
v 44.74605334 -1.07352710 9.80000000
v 44.87519133 -1.46107030 9.77416401
v 44.91934311 -1.42483580 9.78847103
v 44.96436620 -1.38788629 9.79711037
v 45.04110265 -1.48621500 9.79711037
v 44.88289738 -1.29344130 9.79711037
v 44.92647290 -1.25394666 9.80000000
v 45.00982714 -1.35057747 9.80000000
v 45.08833957 -1.45118177 9.80000000
v 45.29720831 -1.91350138 9.79711037
v 45.35037208 -1.88835680 9.80000000
v 45.29299521 -1.77436852 9.80000000
v 43.00000000 -1.00000000 9.19999962
v 43.00000000 -0.99711084 9.25880985
v 43.00000000 -0.98847127 9.31705456
v 43.09827711 -0.99952340 9.25880985
v 43.09870104 -0.99089408 9.31705456
v 43.00000000 -0.97416425 9.37417107
v 43.00000000 -0.95432782 9.42961006
v 43.00000000 -0.92915273 9.48283844
v 43.09940305 -0.97660446 9.37417107
v 43.10037638 -0.95679188 9.42961006
v 43.10161166 -0.93164730 9.48283844
v 43.19716430 -0.99815726 9.31705456
v 43.19856663 -0.98391914 9.37417107
v 43.20051095 -0.96417809 9.42961006
v 43.20297852 -0.93912435 9.48283844
v 43.29725185 -0.99609089 9.37417107
v 43.30016246 -0.97646904 9.42961006
v 43.30385640 -0.95156646 9.48283844
v 43.00000000 -0.89888167 9.53334217
v 43.10309698 -0.90141273 9.53334217
v 43.00000000 -0.86380625 9.58063583
v 43.00000000 -0.82426405 9.62426453
v 43.00000000 -0.78063607 9.66380672
v 43.10481806 -0.86637950 9.58063583
v 43.10675830 -0.82688475 9.62426453
v 43.10889903 -0.78330922 9.66380672
v 43.20594560 -0.90899920 9.53334217
v 43.30829808 -0.92162323 9.53334217
v 43.31344473 -0.88692737 9.58063583
v 43.20938361 -0.87409258 9.58063583
v 43.21325941 -0.83474088 9.62426453
v 43.21753572 -0.79132271 9.66380672
v 43.31924677 -0.84781313 9.62426453
v 43.32564834 -0.80465722 9.66380672
v 43.33258778 -0.75787520 9.69888191
v 43.00000000 -0.73334217 9.69888191
v 43.11121963 -0.73607254 9.69888191
v 43.00000000 -0.68283796 9.72915249
v 43.00000000 -0.62961006 9.75432758
v 43.11369774 -0.68562913 9.72915249
v 43.11630952 -0.63246536 9.75432758
v 43.00000000 -0.57417083 9.77416401
v 43.00000000 -0.51705408 9.78847103
v 43.11902980 -0.57709289 9.77416401
v 43.12183238 -0.52004504 9.78847103
v 43.22217132 -0.74425673 9.69888191
v 43.22712159 -0.69399571 9.72915249
v 43.23233885 -0.64102411 9.75432758
v 43.33999828 -0.70791793 9.72915249
v 43.34780845 -0.65526605 9.75432758
v 43.23777284 -0.58585191 9.77416401
v 43.24337125 -0.52901030 9.78847103
v 43.35594305 -0.60042667 9.77416401
v 43.36432382 -0.54392838 9.78847103
v 43.39909086 -0.99363470 9.42961006
v 43.40400225 -0.96894360 9.48283844
v 43.50317484 -0.99121356 9.48283844
v 43.40990782 -0.93925428 9.53334217
v 43.41675073 -0.90485263 9.58063583
v 43.51053011 -0.96184969 9.53334217
v 43.51905274 -0.92782521 9.58063583
v 43.52866071 -0.88946819 9.62426453
v 43.42446503 -0.86607027 9.62426453
v 43.43297645 -0.82328033 9.66380672
v 43.44220302 -0.77689528 9.69888191
v 43.53926146 -0.84714746 9.66380672
v 43.55075294 -0.80127096 9.69888191
v 43.60992241 -0.98935533 9.53334217
v 43.62010431 -0.95579004 9.58063583
v 43.63158280 -0.91795063 9.62426453
v 43.64424735 -0.87620115 9.66380672
v 43.71966201 -0.98867941 9.58063583
v 43.73298335 -0.95144868 9.62426453
v 43.74768120 -0.91037107 9.66380672
v 43.65797603 -0.83094358 9.69888191
v 43.56302440 -0.75228047 9.72915249
v 43.67263663 -0.78261423 9.72915249
v 43.45205587 -0.72736168 9.72915249
v 43.46244013 -0.67515635 9.75432758
v 43.47325581 -0.62078238 9.77416401
v 43.48439869 -0.56476331 9.78847103
v 43.49576151 -0.50763845 9.79711037
v 43.57595778 -0.70064759 9.75432758
v 43.58942842 -0.64686990 9.77416401
v 43.68808788 -0.73167825 9.75432758
v 43.70418102 -0.67862630 9.77416401
v 43.60330659 -0.59146500 9.78847103
v 43.61745876 -0.53496647 9.79711037
v 43.72076112 -0.62396908 9.78847103
v 43.73766845 -0.56823301 9.79711037
v 43.00000000 -0.45881033 9.79711037
v 43.00000000 -0.40000010 9.80000000
v 43.12469027 -0.46187115 9.79711037
v 43.12757595 -0.40313172 9.80000000
v 43.24908015 -0.47104692 9.79711037
v 43.25484458 -0.41251969 9.80000000
v 43.37286997 -0.48631477 9.79711037
v 43.38149923 -0.42814112 9.80000000
v 43.50723481 -0.44995832 9.80000000
v 43.63174850 -0.47791862 9.80000000
v 43.83261812 -0.98988199 9.62426453
v 43.84931386 -0.94957495 9.66380672
v 43.86741239 -0.90588117 9.69888191
v 43.76361406 -0.86584163 9.69888191
v 43.78062832 -0.81829000 9.72915249
v 43.79856032 -0.76817346 9.75432758
v 43.88673949 -0.85922146 9.72915249
v 43.90710896 -0.81004524 9.75432758
v 43.92832464 -0.75882602 9.77416401
v 43.94890040 -0.99371862 9.66380672
v 43.96912110 -0.95096564 9.69888191
v 43.99071437 -0.90531039 9.72915249
v 44.09230256 -0.95644569 9.72915249
v 44.11739409 -0.90950274 9.75432758
v 44.01347232 -0.85719275 9.75432758
v 44.03717566 -0.80707645 9.77416401
v 44.06159616 -0.75544357 9.78847103
v 43.81723726 -0.71597481 9.77416401
v 43.83647925 -0.66219711 9.78847103
v 43.75474018 -0.51195502 9.80000000
v 43.85610104 -0.60735798 9.79711037
v 43.87591362 -0.55198550 9.80000000
v 43.95018220 -0.70605707 9.78847103
v 43.97247118 -0.65224695 9.79711037
v 44.08649862 -0.70279169 9.79711037
v 44.11164320 -0.64962792 9.80000000
v 43.99497694 -0.59791327 9.80000000
v 44.21862400 -0.96684885 9.75432758
v 44.24712539 -0.91929698 9.77416401
v 44.14352798 -0.86060953 9.77416401
v 44.17045259 -0.81023741 9.78847103
v 44.19790852 -0.75887084 9.79711037
v 44.27648926 -0.87030625 9.78847103
v 44.30643260 -0.82034898 9.79711037
v 44.34771848 -0.98299670 9.77416401
v 44.37945080 -0.93550611 9.78847103
v 44.41180933 -0.88707805 9.79711037
v 44.33666718 -0.76990557 9.80000000
v 44.44448256 -0.83817911 9.80000000
v 44.22563148 -0.70700479 9.80000000
v 44.51378500 -0.95889735 9.79711037
v 44.54881823 -0.91166043 9.80000000
v 44.64942253 -0.99017286 9.80000000
v 49.00000000 -0.50000000 9.80000000
v 48.99919701 -0.45092130 9.80000000
v 48.99678850 -0.40189528 9.80000000
v 48.99277687 -0.35297418 9.80000000
v 48.98716736 -0.30421066 9.80000000
v 48.97996521 -0.25565672 9.80000000
v 48.97117805 -0.20736456 9.80000000
v 48.96081543 -0.15938568 9.80000000
v 48.94888878 -0.11177135 9.80000000
v 48.93541050 -0.06457305 9.80000000
v 48.92039537 -0.01784086 9.80000000
v 49.00000000 -0.50000000 12.19999962
v 48.99919701 -0.45092130 12.19999962
v 48.99678850 -0.40189528 12.19999962
v 48.99277687 -0.35297418 12.19999962
v 48.98716736 -0.30421066 12.19999962
v 48.97996521 -0.25565672 12.19999962
v 48.97117805 -0.20736456 12.19999962
v 48.96081543 -0.15938568 12.19999962
v 48.94888878 -0.11177135 12.19999962
v 48.93541050 -0.06457305 12.19999962
v 48.92039537 -0.01784086 12.19999962
v 47.50000000 1.00000000 9.80000000
v 47.54907846 0.99919677 9.80000000
v 47.59810448 0.99678850 9.80000000
v 47.64702559 0.99277711 9.80000000
v 47.69578934 0.98716736 9.80000000
v 47.74434328 0.97996497 9.80000000
v 47.79263544 0.97117782 9.80000000
v 47.84061432 0.96081543 9.80000000
v 47.93542719 0.93541050 9.80000000
v 47.88822842 0.94888878 9.80000000
v 47.98215914 0.92039514 9.80000000
v 48.02837515 0.90385890 9.80000000
v 48.11906052 0.86629581 9.80000000
v 48.16343307 0.84530902 9.80000000
v 48.20709515 0.82288194 9.80000000
v 48.07402515 0.88581920 9.80000000
v 48.90385866 0.02837515 9.80000000
v 48.88581944 0.07402515 9.80000000
v 48.86629581 0.11906052 9.80000000
v 48.84530926 0.16343307 9.80000000
v 48.82288170 0.20709515 9.80000000
v 48.79903793 0.25000000 9.80000000
v 48.77380323 0.29210186 9.80000000
v 48.74720430 0.33335543 9.80000000
v 48.71927023 0.37371659 9.80000000
v 48.69003010 0.41314220 9.80000000
v 48.65951586 0.45158982 9.80000000
v 48.62775993 0.48901868 9.80000000
v 48.33335543 0.74720430 9.80000000
v 48.37371635 0.71926999 9.80000000
v 48.41314220 0.69003010 9.80000000
v 48.52538824 0.59479618 9.80000000
v 48.56066036 0.56066012 9.80000000
v 48.59479618 0.52538848 9.80000000
v 48.45159006 0.65951562 9.80000000
v 48.48901892 0.62775970 9.80000000
v 48.29210186 0.77380323 9.80000000
v 48.25000000 0.79903817 9.80000000
v 47.50000000 1.00000000 12.19999962
v 47.54907846 0.99919677 12.19999962
v 47.59810448 0.99678850 12.19999962
v 47.64702559 0.99277711 12.19999962
v 47.69578934 0.98716736 12.19999962
v 47.74434328 0.97996497 12.19999962
v 47.79263544 0.97117782 12.19999962
v 47.84061432 0.96081543 12.19999962
v 47.93542719 0.93541050 12.19999962
v 47.88822842 0.94888878 12.19999962
v 47.98215914 0.92039514 12.19999962
v 48.02837515 0.90385890 12.19999962
v 48.11906052 0.86629581 12.19999962
v 48.16343307 0.84530902 12.19999962
v 48.20709515 0.82288194 12.19999962
v 48.07402515 0.88581920 12.19999962
v 48.90385866 0.02837515 12.19999962
v 48.88581944 0.07402515 12.19999962
v 48.86629581 0.11906052 12.19999962
v 48.84530926 0.16343307 12.19999962
v 48.82288170 0.20709515 12.19999962
v 48.79903793 0.25000000 12.19999962
v 48.77380323 0.29210186 12.19999962
v 48.74720430 0.33335543 12.19999962
v 48.71927023 0.37371659 12.19999962
v 48.69003010 0.41314220 12.19999962
v 48.65951586 0.45158982 12.19999962
v 48.62775993 0.48901868 12.19999962
v 48.33335543 0.74720430 12.19999962
v 48.37371635 0.71926999 12.19999962
v 48.41314220 0.69003010 12.19999962
v 48.52538824 0.59479618 12.19999962
v 48.56066036 0.56066012 12.19999962
v 48.59479618 0.52538848 12.19999962
v 48.45159006 0.65951562 12.19999962
v 48.48901892 0.62775970 12.19999962
v 48.29210186 0.77380323 12.19999962
v 48.25000000 0.79903817 12.19999962
v 41.51075172 48.99198127 0.49999999
v 41.61107445 48.92132592 0.49999999
v 41.71474314 48.85567856 0.49999999
v 41.82150817 48.79519677 0.49999999
v 41.93111229 48.74002671 0.49999999
v 42.04329139 48.69030118 0.49999999
v 42.15777534 48.64613986 0.49999999
v 42.27428830 48.60764909 0.49999999
v 42.39254957 48.57492185 0.49999999
v 42.51227421 48.54803681 0.49999999
v 42.39040220 48.99042535 0.00000000
v 42.48974162 48.96293426 0.00000000
v 42.59031034 48.94035101 0.00000000
v 42.63317382 48.52705884 0.49999999
v 42.75495715 48.51203823 0.49999999
v 42.87733082 48.50301147 0.49999999
v 43.00000000 48.50000000 0.49999999
v 42.69186601 48.92272925 0.00000000
v 42.79416400 48.91011214 0.00000000
v 42.89695788 48.90252948 0.00000000
v 40.74002671 49.93111229 0.49999999
v 41.06747389 49.41401684 0.49999999
v 41.23223305 49.23223305 0.49999999
v 41.41401684 49.06747389 0.49999999
v 41.32110262 49.14762223 0.49999999
v 41.14762223 49.32110262 0.49999999
v 40.92132592 49.61107445 0.49999999
v 40.85567856 49.71474314 0.49999999
v 40.99198127 49.51075172 0.49999999
v 40.79519677 49.82150817 0.49999999
v 41.44400263 49.58972621 0.00000000
v 41.37667799 49.66777408 0.00000000
v 41.31326413 49.74903142 0.00000000
v 41.25391376 49.83330250 0.00000000
v 41.19876993 49.92038429 0.00000000
v 40.69030118 50.04329139 0.49999999
v 40.64613986 50.15777534 0.49999999
v 40.60764909 50.27428830 0.49999999
v 40.57492185 50.39254957 0.49999999
v 40.54803681 50.51227421 0.49999999
v 40.52705884 50.63317382 0.49999999
v 40.51203823 50.75495715 0.49999999
v 40.50301147 50.87733082 0.49999999
v 41.10162246 50.10213429 0.00000000
v 41.05985296 50.19636482 0.00000000
v 41.02275741 50.29253131 0.00000000
v 40.99042535 50.39040220 0.00000000
v 40.96293426 50.48974162 0.00000000
v 41.14796531 50.01006687 0.00000000
v 40.92272925 50.69186601 0.00000000
v 40.94035101 50.59031034 0.00000000
v 40.91011214 50.79416400 0.00000000
v 40.90252948 50.89695788 0.00000000
v 41.58972621 49.44400263 0.00000000
v 41.66777408 49.37667799 0.00000000
v 41.74903142 49.31326413 0.00000000
v 41.83330250 49.25391376 0.00000000
v 41.92038429 49.19876993 0.00000000
v 42.01006687 49.14796531 0.00000000
v 42.10213429 49.10162246 0.00000000
v 42.19636482 49.05985296 0.00000000
v 41.51507580 49.51507580 0.00000000
v 42.29253131 49.02275741 0.00000000
v 37.70789814 47.22619677 9.80000000
v 37.51098108 47.37224030 9.80000000
v 37.54840994 47.34048438 9.80000000
v 37.40520382 47.47461152 9.80000000
v 37.43933964 47.43933988 9.80000000
v 37.47461176 47.40520382 9.80000000
v 37.58685780 47.30996990 9.80000000
v 37.62628365 47.28073001 9.80000000
v 37.66664457 47.25279570 9.80000000
v 37.37224007 47.51098132 9.80000000
v 37.34048414 47.54841018 9.80000000
v 37.30996990 47.58685780 9.80000000
v 37.28072977 47.62628341 9.80000000
v 37.25279570 47.66664457 9.80000000
v 37.22619677 47.70789814 9.80000000
v 37.17711830 47.79290485 9.80000000
v 37.15469074 47.83656693 9.80000000
v 37.13370419 47.88093948 9.80000000
v 37.11418056 47.92597485 9.80000000
v 37.09614134 47.97162485 9.80000000
v 37.20096207 47.75000000 9.80000000
v 37.92597485 47.11418080 9.80000000
v 37.79290485 47.17711806 9.80000000
v 37.83656693 47.15469098 9.80000000
v 37.75000000 47.20096183 9.80000000
v 37.88093948 47.13370419 9.80000000
v 37.97162485 47.09614110 9.80000000
v 38.01784086 47.07960486 9.80000000
v 38.11177158 47.05111122 9.80000000
v 38.06457281 47.06458950 9.80000000
v 38.15938568 47.03918457 9.80000000
v 38.20736456 47.02882218 9.80000000
v 38.25565672 47.02003503 9.80000000
v 38.30421066 47.01283264 9.80000000
v 38.35297441 47.00722289 9.80000000
v 38.40189552 47.00321150 9.80000000
v 38.45092154 47.00080323 9.80000000
v 37.70789814 47.22619677 12.19999962
v 37.51098108 47.37224030 12.19999962
v 37.54840994 47.34048438 12.19999962
v 37.40520382 47.47461152 12.19999962
v 37.43933964 47.43933988 12.19999962
v 37.47461176 47.40520382 12.19999962
v 37.58685780 47.30996990 12.19999962
v 37.62628365 47.28073001 12.19999962
v 37.66664457 47.25279570 12.19999962
v 37.37224007 47.51098132 12.19999962
v 37.34048414 47.54841018 12.19999962
v 37.30996990 47.58685780 12.19999962
v 37.28072977 47.62628341 12.19999962
v 37.25279570 47.66664457 12.19999962
v 37.22619677 47.70789814 12.19999962
v 37.17711830 47.79290485 12.19999962
v 37.15469074 47.83656693 12.19999962
v 37.13370419 47.88093948 12.19999962
v 37.11418056 47.92597485 12.19999962
v 37.09614134 47.97162485 12.19999962
v 37.20096207 47.75000000 12.19999962
v 37.92597485 47.11418080 12.19999962
v 37.79290485 47.17711806 12.19999962
v 37.83656693 47.15469098 12.19999962
v 37.75000000 47.20096183 12.19999962
v 37.88093948 47.13370419 12.19999962
v 37.97162485 47.09614110 12.19999962
v 38.01784086 47.07960486 12.19999962
v 38.11177158 47.05111122 12.19999962
v 38.06457281 47.06458950 12.19999962
v 38.15938568 47.03918457 12.19999962
v 38.20736456 47.02882218 12.19999962
v 38.25565672 47.02003503 12.19999962
v 38.30421066 47.01283264 12.19999962
v 38.35297441 47.00722289 12.19999962
v 38.40189552 47.00321150 12.19999962
v 38.45092154 47.00080323 12.19999962
v 37.07960463 48.01784086 9.80000000
v 37.06458950 48.06457305 9.80000000
v 37.05111122 48.11177135 9.80000000
v 37.03918457 48.15938568 9.80000000
v 37.02882195 48.20736456 9.80000000
v 37.02003479 48.25565672 9.80000000
v 37.01283264 48.30421066 9.80000000
v 37.00722313 48.35297418 9.80000000
v 37.00321150 48.40189528 9.80000000
v 37.00080299 48.45092130 9.80000000
v 37.00000000 48.50000000 9.80000000
v 37.07960463 48.01784086 12.19999962
v 37.06458950 48.06457305 12.19999962
v 37.05111122 48.11177135 12.19999962
v 37.03918457 48.15938568 12.19999962
v 37.02882195 48.20736456 12.19999962
v 37.02003479 48.25565672 12.19999962
v 37.01283264 48.30421066 12.19999962
v 37.00722313 48.35297418 12.19999962
v 37.00321150 48.40189528 12.19999962
v 37.00080299 48.45092130 12.19999962
v 37.00000000 48.50000000 12.19999962
v 38.50000000 47.00000000 9.80000000
v 38.50000000 47.00000000 12.19999962
v 38.43156242 49.75109375 11.80000000
v 38.43156242 49.75109375 12.19999962
v 38.43156242 50.04874998 11.80000000
v 38.43156242 50.04874998 12.19999962
v 38.58144522 49.71007812 11.80000000
v 38.72640610 49.68078125 11.80000000
v 38.86808586 49.66320312 11.80000000
v 38.58144522 49.71007812 12.19999962
v 38.72640610 49.68078125 12.19999962
v 38.86808586 49.66320312 12.19999962
v 38.56550789 49.98617184 11.80000000
v 38.70390606 49.94187498 11.80000000
v 38.84851551 49.91550779 11.80000000
v 38.56550789 49.98617184 12.19999962
v 38.70390606 49.94187498 12.19999962
v 38.84851551 49.91550779 12.19999962
v 39.00718760 49.65734375 11.80000000
v 39.00718760 49.65734375 12.19999962
v 39.00109386 49.90671873 11.80000000
v 39.22820306 49.94000006 11.80000000
v 39.00109386 49.90671873 12.19999962
v 39.22820306 49.94000006 12.19999962
v 39.36203122 49.70621097 11.80000000
v 39.36203122 49.70621097 12.19999962
v 39.62687492 49.85281253 11.80000000
v 39.62687492 49.85281253 12.19999962
v 39.99290323 50.24676144 9.80000000
v 39.95956564 50.39521998 9.80000000
v 39.93355274 50.54513553 9.80000000
v 39.99172664 50.55376479 9.79711037
v 39.91492724 50.69614688 9.80000000
v 39.97345448 50.70191127 9.79711037
v 39.90373397 50.84789021 9.80000000
v 39.96247363 50.85077590 9.79711037
v 38.52390623 50.78843750 11.80000000
v 38.64542961 50.83683594 11.80000000
v 38.76437521 50.87046875 11.80000000
v 38.52390623 50.78843750 12.19999962
v 38.64542961 50.83683594 12.19999962
v 38.76437521 50.87046875 12.19999962
v 38.88261700 50.89015625 11.80000000
v 39.00109386 50.89671875 11.80000000
v 39.22820306 50.86332031 11.80000000
v 38.88261700 50.89015625 12.19999962
v 39.00109386 50.89671875 12.19999962
v 39.22820306 50.86332031 12.19999962
v 39.40234375 50.03984374 11.80000000
v 39.51343751 50.19687498 11.80000000
v 39.40234375 50.03984374 12.19999962
v 39.51343751 50.19687498 12.19999962
v 39.55046868 50.40171874 11.80000000
v 39.55046868 50.40171874 12.19999962
v 39.79175782 50.08800781 11.80000000
v 39.79175782 50.08800781 12.19999962
v 39.84671879 50.40171874 11.80000000
v 39.84671879 50.40171874 12.19999962
v 39.51343751 50.60621095 11.80000000
v 39.51343751 50.60621095 12.19999962
v 39.40234375 50.76312500 11.80000000
v 39.40234375 50.76312500 12.19999962
v 39.79316401 50.70886719 11.80000000
v 39.79316401 50.70886719 12.19999962
v 39.63249993 50.94500000 11.80000000
v 39.63249993 50.94500000 12.19999962
v 40.70305157 48.91816735 9.80000000
v 40.74662709 48.95766187 9.79711037
v 41.27773225 48.42244411 9.80000000
v 41.31040549 48.47134328 9.79711037
v 41.40628147 48.34104133 9.80000000
v 41.43651605 48.39148450 9.79711037
v 41.46645939 48.44144201 9.78847103
v 41.49582314 48.49043250 9.77416401
v 40.91816735 48.70305157 9.80000000
v 41.03338087 48.60366750 9.80000000
v 40.95766187 48.74662709 9.79711037
v 41.07068968 48.64912868 9.79711037
v 41.10763919 48.69415164 9.78847103
v 40.80796909 48.80796909 9.80000000
v 40.84955406 48.84955406 9.79711037
v 40.78978300 48.99677610 9.78847103
v 40.89073873 48.89073873 9.78847103
v 40.93112636 48.93112636 9.77416401
v 40.99677610 48.78978300 9.78847103
v 41.03513324 48.83210349 9.77416401
v 41.07236397 48.87318134 9.75432758
v 40.97032785 48.97032785 9.75432758
v 41.10810971 48.91262078 9.72915249
v 41.15333211 48.51005673 9.80000000
v 41.18836546 48.55729342 9.79711037
v 41.22306120 48.60407543 9.78847103
v 41.14387357 48.73830342 9.77416401
v 41.25708556 48.64995193 9.77416401
v 41.29011071 48.69448113 9.75432758
v 41.34276414 48.51977110 9.78847103
v 41.37449634 48.56726193 9.77416401
v 41.40529680 48.61335802 9.75432758
v 41.46292722 48.69960809 9.69888191
v 41.48920226 48.73893142 9.66380672
v 41.32181859 48.73723435 9.72915249
v 41.43486869 48.65761542 9.72915249
v 41.46854806 48.93507624 9.48283844
v 41.48354483 48.95529675 9.42961006
v 41.49536133 48.97122955 9.37417107
v 41.24485087 48.86134458 9.69888191
v 41.17904389 48.78115869 9.75432758
v 41.21281135 48.82230425 9.72915249
v 41.14202619 48.95004177 9.69888191
v 41.17378676 48.98508406 9.66380672
v 41.30253112 48.93162823 9.62426453
v 41.27485371 48.89790320 9.66380672
v 41.35190380 48.77779961 9.69888191
v 41.40606594 48.85082865 9.62426453
v 41.38007677 48.81578636 9.66380672
v 41.32761645 48.96219468 9.58063583
v 41.34986806 48.98930836 9.53334217
v 41.42962122 48.88258934 9.58063583
v 41.45051563 48.91076231 9.53334217
v 42.24676144 47.99290323 9.80000000
v 42.39521998 47.95956564 9.80000000
v 42.54513553 47.93355274 9.80000000
v 42.55376479 47.99172664 9.79711037
v 42.69614688 47.91492724 9.80000000
v 42.70191127 47.97345448 9.79711037
v 42.84789021 47.90373397 9.80000000
v 42.85077590 47.96247363 9.79711037
v 43.00000000 47.90000010 9.80000000
v 43.00000000 47.95881033 9.79711037
v 41.67457926 48.19763327 9.80000000
v 41.81368136 48.13597345 9.80000000
v 41.83618712 48.19030714 9.79711037
v 41.85847604 48.24411750 9.78847103
v 41.53867006 48.26604414 9.80000000
v 41.56639314 48.31791019 9.79711037
v 41.59384906 48.36927676 9.78847103
v 41.62077367 48.41964912 9.77416401
v 41.64690757 48.46854210 9.75432758
v 41.69972384 48.25079703 9.79711037
v 41.72462630 48.30344892 9.78847103
v 41.74904680 48.35508180 9.77416401
v 41.81710136 48.49897099 9.69888191
v 41.77275014 48.40519834 9.75432758
v 41.79550803 48.45331573 9.72915249
v 41.95564151 48.08121347 9.80000000
v 41.97545409 48.13658595 9.79711037
v 41.99507582 48.19142509 9.78847103
v 42.01431781 48.24520278 9.77416401
v 42.10011750 48.03348494 9.80000000
v 42.11718923 48.08976293 9.79711037
v 42.13409656 48.14549875 9.78847103
v 42.15067661 48.20015597 9.77416401
v 41.88033366 48.29688621 9.77416401
v 41.90154934 48.34810543 9.75432758
v 42.03299475 48.29740143 9.75432758
v 42.05092674 48.34751797 9.72915249
v 41.94124591 48.44394135 9.69888191
v 41.95934439 48.48763514 9.66380672
v 41.92191875 48.39728165 9.72915249
v 42.19688159 48.35247350 9.69888191
v 42.16676980 48.25320816 9.75432758
v 42.18222106 48.30414414 9.72915249
v 42.06794101 48.39506960 9.69888191
v 42.09857172 48.48067665 9.62426453
v 42.08387387 48.43959904 9.66380672
v 42.21061027 48.39773083 9.66380672
v 42.22327489 48.43948030 9.62426453
v 42.23475337 48.47731996 9.58063583
v 41.78811097 48.73271513 9.48283844
v 41.52432466 48.53798437 9.75432758
v 41.55168927 48.58363962 9.72915249
v 41.67199910 48.51548505 9.72915249
v 41.57765365 48.62695837 9.69888191
v 41.60196745 48.66752362 9.66380672
v 41.62439680 48.70494485 9.62426453
v 41.64472556 48.73886132 9.58063583
v 41.69580650 48.56002569 9.69888191
v 41.71810067 48.60173512 9.66380672
v 41.83732212 48.54172397 9.66380672
v 41.85597551 48.58116341 9.62426453
v 41.87288189 48.61690903 9.58063583
v 41.73866677 48.64021158 9.62426453
v 41.75730693 48.67508459 9.58063583
v 41.77384138 48.70601845 9.53334217
v 41.57171381 48.86241865 9.48283844
v 41.67832041 48.79491067 9.48283844
v 41.51075172 48.99198127 9.19999962
v 41.50903070 48.98966050 9.25880985
v 41.50388408 48.98272109 9.31705456
v 41.61107445 48.92132592 9.19999962
v 41.60946929 48.91892362 9.25880985
v 41.60466933 48.91174006 9.31705456
v 41.58570027 48.88335085 9.42961006
v 41.59672081 48.89984417 9.37417107
v 41.71474314 48.85567856 9.19999962
v 41.71325779 48.85320044 9.25880985
v 41.70881617 48.84578991 9.31705456
v 41.82150817 48.79519677 9.19999962
v 41.82014620 48.79264879 9.25880985
v 41.81607354 48.78502941 9.31705456
v 41.70146084 48.83351827 9.37417107
v 41.69126284 48.81650400 9.42961006
v 41.80932927 48.77241158 9.37417107
v 41.79997838 48.75491738 9.42961006
v 41.51344073 48.77520680 9.62426453
v 41.53540921 48.80808496 9.58063583
v 41.55489612 48.83724928 9.53334217
v 41.66275799 48.76894641 9.53334217
v 42.01617938 48.62484694 9.48283844
v 41.93111229 48.74002671 9.19999962
v 41.92987704 48.73741508 9.25880985
v 41.92618310 48.72960472 9.31705456
v 42.03887951 48.67964983 9.31705456
v 42.04329139 48.69030118 9.19999962
v 42.04218578 48.68763185 9.25880985
v 41.90082121 48.67598152 9.48283844
v 41.92006600 48.71667147 9.37417107
v 41.91158485 48.69873953 9.42961006
v 42.02581340 48.64810538 9.42961006
v 42.03340447 48.66643190 9.37417107
v 42.14907157 48.62181425 9.37417107
v 42.14238882 48.60313725 9.42961006
v 42.13390768 48.57943416 9.48283844
v 42.15389144 48.63528490 9.31705456
v 42.15777534 48.64613986 9.19999962
v 42.15680206 48.64341950 9.25880985
v 41.97604024 48.52794242 9.62426453
v 41.99117231 48.56447458 9.58063583
v 42.00459516 48.59688020 9.53334217
v 41.88787866 48.64861703 9.53334217
v 42.11189306 48.51790738 9.58063583
v 42.12370968 48.55093265 9.53334217
v 42.24493521 48.51088500 9.53334217
v 42.26105118 48.04995084 9.79711037
v 42.27520329 48.10644937 9.78847103
v 42.40669334 48.01724601 9.79711037
v 42.41805613 48.07437062 9.78847103
v 42.28908151 48.16185427 9.77416401
v 42.30255216 48.21563196 9.75432758
v 42.42919904 48.13038969 9.77416401
v 42.56231093 48.04934001 9.78847103
v 42.57069170 48.10583854 9.77416401
v 42.44001472 48.18476391 9.75432758
v 42.45039898 48.23696899 9.72915249
v 42.57882631 48.16067767 9.75432758
v 42.58663648 48.21332955 9.72915249
v 42.49845260 48.47855091 9.48283844
v 42.62277836 48.45697832 9.48283844
v 42.32775700 48.31625533 9.69888191
v 42.33924842 48.36213183 9.66380672
v 42.31548548 48.26726484 9.72915249
v 42.34984922 48.40445256 9.62426453
v 42.35945719 48.44280958 9.58063583
v 42.36797982 48.47683406 9.53334217
v 42.46025181 48.28650260 9.69888191
v 42.46947837 48.33288789 9.66380672
v 42.59404698 48.26328707 9.69888191
v 42.60098642 48.31006908 9.66380672
v 42.60738799 48.35322475 9.62426453
v 42.47798979 48.37567759 9.62426453
v 42.48570412 48.41445994 9.58063583
v 42.49254704 48.44886160 9.53334217
v 42.61319005 48.39233899 9.58063583
v 42.61833668 48.42703485 9.53334217
v 42.70762017 48.03141785 9.78847103
v 42.71321860 48.08825946 9.77416401
v 42.72882012 48.24666429 9.69888191
v 42.71865258 48.14343166 9.75432758
v 42.72386983 48.19640350 9.72915249
v 42.85363379 48.02064729 9.78847103
v 42.85643637 48.07769513 9.77416401
v 43.00000000 48.01705408 9.78847103
v 43.00000000 48.07417083 9.77416401
v 42.86424653 48.23667479 9.69888191
v 43.00000000 48.23334217 9.69888191
v 42.85915664 48.13306761 9.75432758
v 42.86176841 48.18623137 9.72915249
v 43.00000000 48.12961006 9.75432758
v 43.00000000 48.18283796 9.72915249
v 42.62647229 48.48188066 9.42961006
v 42.75048049 48.46658587 9.42961006
v 42.75242479 48.48632669 9.37417107
v 42.74801290 48.44153214 9.48283844
v 42.87676512 48.49149632 9.31705456
v 43.00000000 48.49711084 9.25880985
v 43.00000000 48.48847127 9.31705456
v 42.87385450 48.43224955 9.48283844
v 42.87508978 48.45739412 9.42961006
v 42.87606311 48.47720671 9.37417107
v 43.00000000 48.42915273 9.48283844
v 43.00000000 48.45432782 9.42961006
v 43.00000000 48.47416425 9.37417107
v 42.73345572 48.29373050 9.66380672
v 42.73773202 48.33714843 9.62426453
v 42.74160782 48.37650037 9.58063583
v 42.74504584 48.41140676 9.53334217
v 42.86656713 48.28391147 9.66380672
v 42.86870787 48.32748699 9.62426453
v 42.87064810 48.36698174 9.58063583
v 43.00000000 48.28063607 9.66380672
v 43.00000000 48.32426405 9.62426453
v 43.00000000 48.36380625 9.58063583
v 42.87236919 48.40201497 9.53334217
v 43.00000000 48.39888167 9.53334217
v 42.27428830 48.60764909 9.19999962
v 42.27344960 48.60488439 9.25880985
v 42.27094167 48.59661674 9.31705456
v 42.39254957 48.57492185 9.19999962
v 42.38974828 48.56373858 9.31705456
v 42.39184755 48.57211924 9.25880985
v 42.25372243 48.53985262 9.48283844
v 42.26678854 48.58292580 9.37417107
v 42.26103032 48.56394362 9.42961006
v 42.38145208 48.53061843 9.42961006
v 42.38627195 48.54986024 9.37417107
v 42.37533510 48.50619793 9.48283844
v 42.51227421 48.54803681 9.19999962
v 42.51171055 48.54520321 9.25880985
v 42.51002502 48.53672957 9.31705456
v 42.50723389 48.52269745 9.37417107
v 42.50336397 48.50324202 9.42961006
v 42.63317382 48.52705884 9.19999962
v 42.63274989 48.52420092 9.25880985
v 42.63148218 48.51565456 9.31705456
v 42.75495715 48.51203823 9.19999962
v 42.75467396 48.50916290 9.25880985
v 42.75382712 48.50056481 9.31705456
v 42.62938291 48.50150251 9.37417107
v 42.87733082 48.50301147 9.19999962
v 42.87718905 48.50012565 9.25880985
v 43.00000000 48.50000000 9.19999962
v 40.34104133 49.40628147 9.80000000
v 40.51005673 49.15333211 9.80000000
v 40.55729342 49.18836546 9.79711037
v 40.60366750 49.03338087 9.80000000
v 40.64912868 49.07068968 9.79711037
v 40.69415164 49.10763919 9.78847103
v 40.60407543 49.22306120 9.78847103
v 40.73830342 49.14387357 9.77416401
v 40.42244411 49.27773225 9.80000000
v 40.47134328 49.31040549 9.79711037
v 40.51977110 49.34276414 9.78847103
v 40.39148450 49.43651605 9.79711037
v 40.44144201 49.46645939 9.78847103
v 40.49043250 49.49582314 9.77416401
v 40.64995193 49.25708556 9.77416401
v 40.56726193 49.37449634 9.77416401
v 40.69448113 49.29011071 9.75432758
v 40.73723435 49.32181859 9.72915249
v 40.69960809 49.46292722 9.69888191
v 40.73893142 49.48920226 9.66380672
v 40.61335802 49.40529680 9.75432758
v 40.65761542 49.43486869 9.72915249
v 40.26604414 49.53867006 9.80000000
v 40.31791019 49.56639314 9.79711037
v 40.36927676 49.59384906 9.78847103
v 40.19763327 49.67457926 9.80000000
v 40.25079703 49.69972384 9.79711037
v 40.30344892 49.72462630 9.78847103
v 40.35508180 49.74904680 9.77416401
v 40.13597345 49.81368136 9.80000000
v 40.08121347 49.95564151 9.80000000
v 40.13658595 49.97545409 9.79711037
v 40.19030714 49.83618712 9.79711037
v 40.24411750 49.85847604 9.78847103
v 40.19142509 49.99507582 9.78847103
v 40.29688621 49.88033366 9.77416401
v 40.34810543 49.90154934 9.75432758
v 40.41964912 49.62077367 9.77416401
v 40.53798437 49.52432466 9.75432758
v 40.56002569 49.69580650 9.69888191
v 40.46854210 49.64690757 9.75432758
v 40.51548505 49.67199910 9.72915249
v 40.62695837 49.57765365 9.69888191
v 40.70494485 49.62439680 9.62426453
v 40.66752362 49.60196745 9.66380672
v 40.58363962 49.55168927 9.72915249
v 40.64021158 49.73866677 9.62426453
v 40.60173512 49.71810067 9.66380672
v 40.73886132 49.64472556 9.58063583
v 40.73271513 49.78811097 9.48283844
v 40.74002671 49.93111229 9.19999962
v 40.73741508 49.92987704 9.25880985
v 40.72960472 49.92618310 9.31705456
v 40.69873953 49.91158485 9.42961006
v 40.71667147 49.92006600 9.37417107
v 40.67598152 49.90082121 9.48283844
v 40.49897099 49.81710136 9.69888191
v 40.54172397 49.83732212 9.66380672
v 40.40519834 49.77275014 9.75432758
v 40.45331573 49.79550803 9.72915249
v 40.44394135 49.94124591 9.69888191
v 40.52794242 49.97604024 9.62426453
v 40.48763514 49.95934439 9.66380672
v 40.39728165 49.92191875 9.72915249
v 40.58116341 49.85597551 9.62426453
v 40.61690903 49.87288189 9.58063583
v 40.67508459 49.75730693 9.58063583
v 40.70601845 49.77384138 9.53334217
v 40.64861703 49.88787866 9.53334217
v 40.56447458 49.99117231 9.58063583
v 40.83210349 49.03513324 9.77416401
v 40.87318134 49.07236397 9.75432758
v 40.91262078 49.10810971 9.72915249
v 40.86134458 49.24485087 9.69888191
v 40.78115869 49.17904389 9.75432758
v 40.82230425 49.21281135 9.72915249
v 41.04367745 49.04367745 9.69888191
v 41.10796893 49.10796893 9.62426453
v 41.07711923 49.07711923 9.66380672
v 41.00796568 49.00796568 9.72915249
v 40.95004177 49.14202619 9.69888191
v 40.98508406 49.17378676 9.66380672
v 41.01741040 49.20308554 9.62426453
v 41.04670930 49.22964048 9.58063583
v 40.93507624 49.46854806 9.48283844
v 41.01270819 49.36907172 9.48283844
v 41.11378121 49.29043102 9.42961006
v 41.09512782 49.27352452 9.48283844
v 41.06747389 49.41401684 9.19999962
v 41.06524050 49.41218388 9.25880985
v 41.05856192 49.40670300 9.31705456
v 40.97122955 49.49536133 9.37417107
v 40.95529675 49.48354483 9.42961006
v 41.04750252 49.39762676 9.37417107
v 41.03216875 49.38504255 9.42961006
v 40.77779961 49.35190380 9.69888191
v 40.93162823 49.30253112 9.62426453
v 40.89790320 49.27485371 9.66380672
v 40.81578636 49.38007677 9.66380672
v 40.85082865 49.40606594 9.62426453
v 40.88258934 49.42962122 9.58063583
v 40.91076231 49.45051563 9.53334217
v 40.96219468 49.32761645 9.58063583
v 40.98930836 49.34986806 9.53334217
v 41.07269847 49.25319576 9.53334217
v 41.29043102 49.11378121 9.42961006
v 41.27352452 49.09512782 9.48283844
v 41.23223305 49.23223305 9.19999962
v 41.23019016 49.23019016 9.25880985
v 41.22408092 49.22408092 9.31705456
v 41.18213654 49.18213654 9.48283844
v 41.21396434 49.21396434 9.37417107
v 41.19993782 49.19993782 9.42961006
v 41.30375230 49.12847912 9.37417107
v 41.40670300 49.05856192 9.31705456
v 41.41401684 49.06747389 9.19999962
v 41.41218388 49.06524050 9.25880985
v 41.39762676 49.04750252 9.37417107
v 41.38504255 49.03216875 9.42961006
v 41.36907172 49.01270819 9.48283844
v 41.32110262 49.14762223 9.19999962
v 41.31916237 49.14548147 9.25880985
v 41.31336033 49.13907993 9.31705456
v 41.20308554 49.01741040 9.62426453
v 41.22964048 49.04670930 9.58063583
v 41.25319576 49.07269847 9.53334217
v 41.13592958 49.13592958 9.58063583
v 41.16073167 49.16073167 9.53334217
v 41.14762223 49.32110262 9.19999962
v 41.14548147 49.31916237 9.25880985
v 41.13907993 49.31336033 9.31705456
v 41.12847912 49.30375230 9.37417107
v 40.92132592 49.61107445 9.19999962
v 40.91892362 49.60946929 9.25880985
v 40.91174006 49.60466933 9.31705456
v 40.88335085 49.58570027 9.42961006
v 40.89984417 49.59672081 9.37417107
v 40.86241865 49.57171381 9.48283844
v 40.85567856 49.71474314 9.19999962
v 40.85320044 49.71325779 9.25880985
v 40.84578991 49.70881617 9.31705456
v 40.79491067 49.67832041 9.48283844
v 40.83351827 49.70146084 9.37417107
v 40.81650400 49.69126284 9.42961006
v 40.99198127 49.51075172 9.19999962
v 40.98272109 49.50388408 9.31705456
v 40.98966050 49.50903070 9.25880985
v 40.77520680 49.51344073 9.62426453
v 40.83724928 49.55489612 9.53334217
v 40.80808496 49.53540921 9.58063583
v 40.76894641 49.66275799 9.53334217
v 40.79519677 49.82150817 9.19999962
v 40.79264879 49.82014620 9.25880985
v 40.78502941 49.81607354 9.31705456
v 40.77241158 49.80932927 9.37417107
v 40.75491738 49.79997838 9.42961006
v 40.03348494 50.10011750 9.80000000
v 40.08976293 50.11718923 9.79711037
v 40.14549875 50.13409656 9.78847103
v 40.24520278 50.01431781 9.77416401
v 40.29740143 50.03299475 9.75432758
v 40.34751797 50.05092674 9.72915249
v 40.35247350 50.19688159 9.69888191
v 40.20015597 50.15067661 9.77416401
v 40.25320816 50.16676980 9.75432758
v 40.30414414 50.18222106 9.72915249
v 40.04995084 50.26105118 9.79711037
v 40.10644937 50.27520329 9.78847103
v 40.16185427 50.28908151 9.77416401
v 40.01724601 50.40669334 9.79711037
v 40.07437062 50.41805613 9.78847103
v 40.13038969 50.42919904 9.77416401
v 40.18476391 50.44001472 9.75432758
v 40.31625533 50.32775700 9.69888191
v 40.36213183 50.33924842 9.66380672
v 40.21563196 50.30255216 9.75432758
v 40.26726484 50.31548548 9.72915249
v 40.28650260 50.46025181 9.69888191
v 40.33288789 50.46947837 9.66380672
v 40.23696899 50.45039898 9.72915249
v 40.69030118 50.04329139 9.19999962
v 40.68763185 50.04218578 9.25880985
v 40.67964983 50.03887951 9.31705456
v 40.64810538 50.02581340 9.42961006
v 40.62484694 50.01617938 9.48283844
v 40.66643190 50.03340447 9.37417107
v 40.64613986 50.15777534 9.19999962
v 40.63528490 50.15389144 9.31705456
v 40.64341950 50.15680206 9.25880985
v 40.60313725 50.14238882 9.42961006
v 40.62181425 50.14907157 9.37417107
v 40.57943416 50.13390768 9.48283844
v 40.39506960 50.06794101 9.69888191
v 40.43959904 50.08387387 9.66380672
v 40.48067665 50.09857172 9.62426453
v 40.55093265 50.12370968 9.53334217
v 40.51790738 50.11189306 9.58063583
v 40.43948030 50.22327489 9.62426453
v 40.39773083 50.21061027 9.66380672
v 40.51088500 50.24493521 9.53334217
v 40.47731996 50.23475337 9.58063583
v 40.59688020 50.00459516 9.53334217
v 40.53985262 50.25372243 9.48283844
v 40.54986024 50.38627195 9.37417107
v 40.53061843 50.38145208 9.42961006
v 40.50619793 50.37533510 9.48283844
v 40.47855091 50.49845260 9.48283844
v 40.60764909 50.27428830 9.19999962
v 40.60488439 50.27344960 9.25880985
v 40.59661674 50.27094167 9.31705456
v 40.58292580 50.26678854 9.37417107
v 40.56394362 50.26103032 9.42961006
v 40.57492185 50.39254957 9.19999962
v 40.57211924 50.39184755 9.25880985
v 40.56373858 50.38974828 9.31705456
v 40.40445256 50.34984922 9.62426453
v 40.44280958 50.35945719 9.58063583
v 40.47683406 50.36797982 9.53334217
v 40.37567759 50.47798979 9.62426453
v 40.41445994 50.48570412 9.58063583
v 40.44886160 50.49254704 9.53334217
v 40.04934001 50.56231093 9.78847103
v 40.10583854 50.57069170 9.77416401
v 40.16067767 50.57882631 9.75432758
v 40.03141785 50.70762017 9.78847103
v 40.08825946 50.71321860 9.77416401
v 40.14343166 50.71865258 9.75432758
v 40.26328707 50.59404698 9.69888191
v 40.35322475 50.60738799 9.62426453
v 40.31006908 50.60098642 9.66380672
v 40.21332955 50.58663648 9.72915249
v 40.24666429 50.72882012 9.69888191
v 40.33714843 50.73773202 9.62426453
v 40.29373050 50.73345572 9.66380672
v 40.19640350 50.72386983 9.72915249
v 40.02064729 50.85363379 9.78847103
v 40.07769513 50.85643637 9.77416401
v 40.13306761 50.85915664 9.75432758
v 40.18623137 50.86176841 9.72915249
v 40.23667479 50.86424653 9.69888191
v 40.32748699 50.86870787 9.62426453
v 40.36698174 50.87064810 9.58063583
v 40.28391147 50.86656713 9.66380672
v 40.54803681 50.51227421 9.19999962
v 40.54520321 50.51171055 9.25880985
v 40.53672957 50.51002502 9.31705456
v 40.45697832 50.62277836 9.48283844
v 40.50324202 50.50336397 9.42961006
v 40.52269745 50.50723389 9.37417107
v 40.52705884 50.63317382 9.19999962
v 40.52420092 50.63274989 9.25880985
v 40.51565456 50.63148218 9.31705456
v 40.44153214 50.74801290 9.48283844
v 40.50150251 50.62938291 9.37417107
v 40.48188066 50.62647229 9.42961006
v 40.39233899 50.61319005 9.58063583
v 40.42703485 50.61833668 9.53334217
v 40.41140676 50.74504584 9.53334217
v 40.37650037 50.74160782 9.58063583
v 40.51203823 50.75495715 9.19999962
v 40.50916290 50.75467396 9.25880985
v 40.50056481 50.75382712 9.31705456
v 40.46658587 50.75048049 9.42961006
v 40.43224955 50.87385450 9.48283844
v 40.48632669 50.75242479 9.37417107
v 40.50301147 50.87733082 9.19999962
v 40.50012565 50.87718905 9.25880985
v 40.49149632 50.87676512 9.31705456
v 40.45739412 50.87508978 9.42961006
v 40.47720671 50.87606311 9.37417107
v 40.40201497 50.87236919 9.53334217
v 42.24887562 50.87615917 11.80000000
v 42.24131376 50.89284864 11.80000000
v 42.23485959 50.90999695 11.80000000
v 42.22954077 50.92753067 11.80000000
v 42.22538012 50.94537471 11.80000000
v 42.22239542 50.96345267 11.80000000
v 42.22059947 50.98168712 11.80000000
v 42.24887562 50.87615917 12.19999962
v 42.24131376 50.89284864 12.19999962
v 42.23485959 50.90999695 12.19999962
v 42.22954077 50.92753067 12.19999962
v 42.22538012 50.94537471 12.19999962
v 42.22239542 50.96345267 12.19999962
v 42.22059947 50.98168712 12.19999962
v 42.37615919 50.74887562 11.80000000
v 42.39284861 50.74131373 11.80000000
v 42.40999693 50.73485956 11.80000000
v 42.42753065 50.72954077 11.80000000
v 42.44537473 50.72538012 11.80000000
v 42.46345264 50.72239545 11.80000000
v 42.48168713 50.72059950 11.80000000
v 42.50000000 50.72000000 11.80000000
v 42.51831287 50.72059950 11.80000000
v 42.53654733 50.72239545 11.80000000
v 42.55462530 50.72538012 11.80000000
v 42.57246932 50.72954077 11.80000000
v 42.59000304 50.73485956 11.80000000
v 42.60715136 50.74131373 11.80000000
v 42.62384084 50.74887562 11.80000000
v 42.37615919 50.74887562 12.19999962
v 42.39284861 50.74131373 12.19999962
v 42.40999693 50.73485956 12.19999962
v 42.42753065 50.72954077 12.19999962
v 42.44537473 50.72538012 12.19999962
v 42.46345264 50.72239545 12.19999962
v 42.48168713 50.72059950 12.19999962
v 42.50000000 50.72000000 12.19999962
v 42.51831287 50.72059950 12.19999962
v 42.53654733 50.72239545 12.19999962
v 42.55462530 50.72538012 12.19999962
v 42.57246932 50.72954077 12.19999962
v 42.59000304 50.73485956 12.19999962
v 42.60715136 50.74131373 12.19999962
v 42.62384084 50.74887562 12.19999962
v 42.32954681 50.77786106 11.80000000
v 42.31538320 50.78948486 11.80000000
v 42.30201012 50.80201010 11.80000000
v 42.28948486 50.81538317 11.80000000
v 42.27786106 50.82954679 11.80000000
v 42.26718849 50.84444034 11.80000000
v 42.25751287 50.86000000 11.80000000
v 42.36000001 50.75751288 11.80000000
v 42.34444034 50.76718850 11.80000000
v 42.32954681 50.77786106 12.19999962
v 42.31538320 50.78948486 12.19999962
v 42.30201012 50.80201010 12.19999962
v 42.28948486 50.81538317 12.19999962
v 42.27786106 50.82954679 12.19999962
v 42.26718849 50.84444034 12.19999962
v 42.25751287 50.86000000 12.19999962
v 42.36000001 50.75751288 12.19999962
v 42.34444034 50.76718850 12.19999962
v 42.63999999 50.75751288 11.80000000
v 42.65555966 50.76718850 11.80000000
v 42.67045319 50.77786106 11.80000000
v 42.68461683 50.78948486 11.80000000
v 42.69798991 50.80201010 11.80000000
v 42.71051514 50.81538317 11.80000000
v 42.72213894 50.82954679 11.80000000
v 42.73281148 50.84444034 11.80000000
v 42.74248710 50.86000000 11.80000000
v 42.75112437 50.87615917 11.80000000
v 42.75868627 50.89284864 11.80000000
v 42.76514043 50.90999695 11.80000000
v 42.77045923 50.92753067 11.80000000
v 42.77461988 50.94537471 11.80000000
v 42.77760457 50.96345267 11.80000000
v 42.77940050 50.98168712 11.80000000
v 42.63999999 50.75751288 12.19999962
v 42.65555966 50.76718850 12.19999962
v 42.67045319 50.77786106 12.19999962
v 42.68461683 50.78948486 12.19999962
v 42.69798991 50.80201010 12.19999962
v 42.71051514 50.81538317 12.19999962
v 42.72213894 50.82954679 12.19999962
v 42.73281148 50.84444034 12.19999962
v 42.74248710 50.86000000 12.19999962
v 42.75112437 50.87615917 12.19999962
v 42.75868627 50.89284864 12.19999962
v 42.76514043 50.90999695 12.19999962
v 42.77045923 50.92753067 12.19999962
v 42.77461988 50.94537471 12.19999962
v 42.77760457 50.96345267 12.19999962
v 42.77940050 50.98168712 12.19999962
v 40.50000000 51.00000000 0.49999999
v 40.50301147 51.12266918 0.49999999
v 40.51203823 51.24504285 0.49999999
v 40.52705884 51.36682618 0.49999999
v 40.54803681 51.48772579 0.49999999
v 40.57492185 51.60745043 0.49999999
v 40.60764909 51.72571170 0.49999999
v 40.64613986 51.84222466 0.49999999
v 40.69030118 51.95670861 0.49999999
v 40.90000010 51.00000000 0.00000000
v 40.90252948 51.10304212 0.00000000
v 40.91011214 51.20583600 0.00000000
v 40.92272925 51.30813399 0.00000000
v 40.94035101 51.40968966 0.00000000
v 40.96293426 51.51025838 0.00000000
v 40.99042535 51.60959780 0.00000000
v 41.02275741 51.70746869 0.00000000
v 41.05985296 51.80363518 0.00000000
v 41.10162246 51.89786571 0.00000000
v 41.14796531 51.98993313 0.00000000
v 40.74002671 52.06888771 0.49999999
v 40.79519677 52.17849183 0.49999999
v 40.85567856 52.28525686 0.49999999
v 40.92132592 52.38892555 0.49999999
v 40.99198127 52.48924828 0.49999999
v 41.19876993 52.07961571 0.00000000
v 41.25391376 52.16669750 0.00000000
v 41.31326413 52.25096858 0.00000000
v 41.37667799 52.33222592 0.00000000
v 41.44400263 52.41027379 0.00000000
v 41.06747389 52.58598316 0.49999999
v 41.14762223 52.67889738 0.49999999
v 41.23223305 52.76776695 0.49999999
v 41.32110262 52.85237777 0.49999999
v 41.41401684 52.93252611 0.49999999
v 41.51507580 52.48492420 0.00000000
v 41.58972621 52.55599737 0.00000000
v 41.66777408 52.62332201 0.00000000
v 41.74903142 52.68673587 0.00000000
v 41.83330250 52.74608624 0.00000000
v 41.92038429 52.80123007 0.00000000
v 42.01006687 52.85203469 0.00000000
v 42.10213429 52.89837754 0.00000000
v 42.19636482 52.94014704 0.00000000
v 42.29253131 52.97724259 0.00000000
v 41.51075172 53.00801873 0.49999999
v 41.61107445 53.07867408 0.49999999
v 41.71474314 53.14432144 0.49999999
v 41.82150817 53.20480323 0.49999999
v 41.93111229 53.25997329 0.49999999
v 42.04329139 53.30969882 0.49999999
v 42.15777534 53.35386014 0.49999999
v 42.39040220 53.00957465 0.00000000
v 42.48974162 53.03706574 0.00000000
v 42.59031034 53.05964899 0.00000000
v 42.27428830 53.39235091 0.49999999
v 42.39254957 53.42507815 0.49999999
v 42.51227421 53.45196319 0.49999999
v 42.69186601 53.07727075 0.00000000
v 42.79416400 53.08988786 0.00000000
v 42.89695788 53.09747052 0.00000000
v 42.63317382 53.47294116 0.49999999
v 42.75495715 53.48796177 0.49999999
v 42.87733082 53.49698853 0.49999999
v 39.90000010 51.00000000 9.80000000
v 39.95881033 51.00000000 9.79711037
v 39.90373397 51.15210979 9.80000000
v 39.96247363 51.14922410 9.79711037
v 39.91492724 51.30385312 9.80000000
v 39.97345448 51.29808873 9.79711037
v 39.93355274 51.45486447 9.80000000
v 39.99172664 51.44623521 9.79711037
v 39.95956564 51.60478002 9.80000000
v 39.99290323 51.75323856 9.80000000
v 38.79484367 51.10203125 11.80000000
v 38.85906267 51.12125000 11.80000000
v 38.79484367 51.10203125 12.19999962
v 38.85906267 51.12125000 12.19999962
v 38.92328119 51.13484375 11.80000000
v 38.98796892 51.14292969 11.80000000
v 39.05265617 51.14562500 11.80000000
v 38.92328119 51.13484375 12.19999962
v 38.98796892 51.14292969 12.19999962
v 39.05265617 51.14562500 12.19999962
v 38.79484367 51.63781250 11.80000000
v 38.79484367 51.63781250 12.19999962
v 38.52390623 51.88718748 11.80000000
v 38.52390623 51.88718748 12.19999962
v 39.38066411 51.09546875 11.80000000
v 39.38066411 51.09546875 12.19999962
v 39.68546867 51.63781250 11.80000000
v 39.68546867 51.63781250 12.19999962
v 39.68546867 51.88718748 11.80000000
v 39.68546867 51.88718748 12.19999962
v 37.00000000 53.50000000 9.80000000
v 37.00080299 53.54907870 9.80000000
v 37.00321150 53.59810472 9.80000000
v 37.00722313 53.64702582 9.80000000
v 37.01283264 53.69578934 9.80000000
v 37.02003479 53.74434328 9.80000000
v 37.02882195 53.79263544 9.80000000
v 37.03918457 53.84061432 9.80000000
v 37.05111122 53.88822865 9.80000000
v 37.06458950 53.93542695 9.80000000
v 37.07960463 53.98215914 9.80000000
v 37.00000000 53.50000000 12.19999962
v 37.00080299 53.54907870 12.19999962
v 37.00321150 53.59810472 12.19999962
v 37.00722313 53.64702582 12.19999962
v 37.01283264 53.69578934 12.19999962
v 37.02003479 53.74434328 12.19999962
v 37.02882195 53.79263544 12.19999962
v 37.03918457 53.84061432 12.19999962
v 37.05111122 53.88822865 12.19999962
v 37.06458950 53.93542695 12.19999962
v 37.07960463 53.98215914 12.19999962
v 37.09614134 54.02837515 9.80000000
v 37.11418056 54.07402515 9.80000000
v 37.13370419 54.11906052 9.80000000
v 37.15469074 54.16343307 9.80000000
v 37.17711830 54.20709515 9.80000000
v 37.20096207 54.25000000 9.80000000
v 37.22619677 54.29210186 9.80000000
v 37.25279570 54.33335543 9.80000000
v 37.28072977 54.37371659 9.80000000
v 37.30996990 54.41314220 9.80000000
v 37.34048414 54.45158982 9.80000000
v 37.37224007 54.48901868 9.80000000
v 37.40520382 54.52538848 9.80000000
v 37.43933964 54.56066012 9.80000000
v 37.47461176 54.59479618 9.80000000
v 37.51098108 54.62775970 9.80000000
v 37.54840994 54.65951562 9.80000000
v 37.58685780 54.69003010 9.80000000
v 37.62628365 54.71926999 9.80000000
v 37.66664457 54.74720430 9.80000000
v 37.70789814 54.77380323 9.80000000
v 37.75000000 54.79903817 9.80000000
v 37.79290485 54.82288194 9.80000000
v 37.83656693 54.84530902 9.80000000
v 37.88093948 54.86629581 9.80000000
v 37.92597485 54.88581920 9.80000000
v 37.97162485 54.90385890 9.80000000
v 38.01784086 54.92039514 9.80000000
v 38.06457281 54.93541050 9.80000000
v 38.11177158 54.94888878 9.80000000
v 38.15938568 54.96081543 9.80000000
v 38.20736456 54.97117782 9.80000000
v 38.25565672 54.97996497 9.80000000
v 38.30421066 54.98716736 9.80000000
v 38.35297441 54.99277711 9.80000000
v 38.40189552 54.99678850 9.80000000
v 38.45092154 54.99919677 9.80000000
v 37.09614134 54.02837515 12.19999962
v 37.11418056 54.07402515 12.19999962
v 37.13370419 54.11906052 12.19999962
v 37.15469074 54.16343307 12.19999962
v 37.17711830 54.20709515 12.19999962
v 37.20096207 54.25000000 12.19999962
v 37.22619677 54.29210186 12.19999962
v 37.25279570 54.33335543 12.19999962
v 37.28072977 54.37371659 12.19999962
v 37.30996990 54.41314220 12.19999962
v 37.34048414 54.45158982 12.19999962
v 37.37224007 54.48901868 12.19999962
v 37.40520382 54.52538848 12.19999962
v 37.43933964 54.56066012 12.19999962
v 37.47461176 54.59479618 12.19999962
v 37.51098108 54.62775970 12.19999962
v 37.54840994 54.65951562 12.19999962
v 37.58685780 54.69003010 12.19999962
v 37.62628365 54.71926999 12.19999962
v 37.66664457 54.74720430 12.19999962
v 37.70789814 54.77380323 12.19999962
v 37.75000000 54.79903817 12.19999962
v 37.79290485 54.82288194 12.19999962
v 37.83656693 54.84530902 12.19999962
v 37.88093948 54.86629581 12.19999962
v 37.92597485 54.88581920 12.19999962
v 37.97162485 54.90385890 12.19999962
v 38.01784086 54.92039514 12.19999962
v 38.06457281 54.93541050 12.19999962
v 38.11177158 54.94888878 12.19999962
v 38.15938568 54.96081543 12.19999962
v 38.20736456 54.97117782 12.19999962
v 38.25565672 54.97996497 12.19999962
v 38.30421066 54.98716736 12.19999962
v 38.35297441 54.99277711 12.19999962
v 38.40189552 54.99678850 12.19999962
v 38.45092154 54.99919677 12.19999962
v 38.50000000 55.00000000 9.80000000
v 38.50000000 55.00000000 12.19999962
v 40.01705408 51.00000000 9.78847103
v 40.07417083 51.00000000 9.77416401
v 40.12961006 51.00000000 9.75432758
v 40.18283796 51.00000000 9.72915249
v 40.02064729 51.14636621 9.78847103
v 40.07769513 51.14356363 9.77416401
v 40.13306761 51.14084336 9.75432758
v 40.18623137 51.13823159 9.72915249
v 40.23334217 51.00000000 9.69888191
v 40.28063607 51.00000000 9.66380672
v 40.32426405 51.00000000 9.62426453
v 40.36380625 51.00000000 9.58063583
v 40.23667479 51.13575347 9.69888191
v 40.32748699 51.13129213 9.62426453
v 40.36698174 51.12935190 9.58063583
v 40.28391147 51.13343287 9.66380672
v 40.03141785 51.29237983 9.78847103
v 40.08825946 51.28678140 9.77416401
v 40.14343166 51.28134742 9.75432758
v 40.04934001 51.43768907 9.78847103
v 40.10583854 51.42930830 9.77416401
v 40.16067767 51.42117369 9.75432758
v 40.24666429 51.27117988 9.69888191
v 40.33714843 51.26226798 9.62426453
v 40.29373050 51.26654428 9.66380672
v 40.19640350 51.27613017 9.72915249
v 40.26328707 51.40595302 9.69888191
v 40.35322475 51.39261201 9.62426453
v 40.31006908 51.39901358 9.66380672
v 40.21332955 51.41336352 9.72915249
v 40.50000000 51.00000000 9.19999962
v 40.49711084 51.00000000 9.25880985
v 40.48847127 51.00000000 9.31705456
v 40.50301147 51.12266918 9.19999962
v 40.50012565 51.12281095 9.25880985
v 40.49149632 51.12323488 9.31705456
v 40.45432782 51.00000000 9.42961006
v 40.42915273 51.00000000 9.48283844
v 40.45739412 51.12491022 9.42961006
v 40.47416425 51.00000000 9.37417107
v 40.47720671 51.12393689 9.37417107
v 40.51203823 51.24504285 9.19999962
v 40.50916290 51.24532604 9.25880985
v 40.50056481 51.24617288 9.31705456
v 40.43224955 51.12614550 9.48283844
v 40.46658587 51.24951951 9.42961006
v 40.48632669 51.24757521 9.37417107
v 40.39888167 51.00000000 9.53334217
v 40.40201497 51.12763081 9.53334217
v 40.52705884 51.36682618 9.19999962
v 40.52420092 51.36725011 9.25880985
v 40.51565456 51.36851782 9.31705456
v 40.44153214 51.25198710 9.48283844
v 40.50150251 51.37061709 9.37417107
v 40.48188066 51.37352771 9.42961006
v 40.54803681 51.48772579 9.19999962
v 40.54520321 51.48828945 9.25880985
v 40.53672957 51.48997498 9.31705456
v 40.45697832 51.37722164 9.48283844
v 40.50324202 51.49663603 9.42961006
v 40.52269745 51.49276611 9.37417107
v 40.41140676 51.25495416 9.53334217
v 40.37650037 51.25839218 9.58063583
v 40.39233899 51.38680995 9.58063583
v 40.42703485 51.38166332 9.53334217
v 40.01724601 51.59330666 9.79711037
v 40.07437062 51.58194387 9.78847103
v 40.18476391 51.55998528 9.75432758
v 40.13038969 51.57080096 9.77416401
v 40.04995084 51.73894882 9.79711037
v 40.10644937 51.72479671 9.78847103
v 40.16185427 51.71091849 9.77416401
v 40.28650260 51.53974819 9.69888191
v 40.33288789 51.53052163 9.66380672
v 40.23696899 51.54960102 9.72915249
v 40.31625533 51.67224300 9.69888191
v 40.36213183 51.66075158 9.66380672
v 40.26726484 51.68451452 9.72915249
v 40.21563196 51.69744784 9.75432758
v 40.14549875 51.86590344 9.78847103
v 40.03348494 51.89988250 9.80000000
v 40.08976293 51.88281077 9.79711037
v 40.35247350 51.80311841 9.69888191
v 40.20015597 51.84932339 9.77416401
v 40.25320816 51.83323020 9.75432758
v 40.30414414 51.81777894 9.72915249
v 40.24520278 51.98568219 9.77416401
v 40.29740143 51.96700525 9.75432758
v 40.34751797 51.94907326 9.72915249
v 40.47855091 51.50154740 9.48283844
v 40.54986024 51.61372805 9.37417107
v 40.53061843 51.61854792 9.42961006
v 40.50619793 51.62466490 9.48283844
v 40.53985262 51.74627757 9.48283844
v 40.57492185 51.60745043 9.19999962
v 40.57211924 51.60815245 9.25880985
v 40.56373858 51.61025172 9.31705456
v 40.60764909 51.72571170 9.19999962
v 40.60488439 51.72655040 9.25880985
v 40.59661674 51.72905833 9.31705456
v 40.58292580 51.73321146 9.37417107
v 40.56394362 51.73896968 9.42961006
v 40.37567759 51.52201021 9.62426453
v 40.41445994 51.51429588 9.58063583
v 40.44886160 51.50745296 9.53334217
v 40.40445256 51.65015078 9.62426453
v 40.44280958 51.64054281 9.58063583
v 40.47683406 51.63202018 9.53334217
v 40.64613986 51.84222466 9.19999962
v 40.64341950 51.84319794 9.25880985
v 40.63528490 51.84610856 9.31705456
v 40.60313725 51.85761118 9.42961006
v 40.62181425 51.85092843 9.37417107
v 40.57943416 51.86609232 9.48283844
v 40.69030118 51.95670861 9.19999962
v 40.68763185 51.95781422 9.25880985
v 40.67964983 51.96112049 9.31705456
v 40.64810538 51.97418660 9.42961006
v 40.62484694 51.98382062 9.48283844
v 40.66643190 51.96659553 9.37417107
v 40.43948030 51.77672511 9.62426453
v 40.39773083 51.78938973 9.66380672
v 40.51088500 51.75506479 9.53334217
v 40.47731996 51.76524663 9.58063583
v 40.39506960 51.93205899 9.69888191
v 40.43959904 51.91612613 9.66380672
v 40.48067665 51.90142828 9.62426453
v 40.55093265 51.87629032 9.53334217
v 40.51790738 51.88810694 9.58063583
v 40.59688020 51.99540484 9.53334217
v 40.08121347 52.04435849 9.80000000
v 40.13658595 52.02454591 9.79711037
v 40.13597345 52.18631864 9.80000000
v 40.19142509 52.00492418 9.78847103
v 40.29688621 52.11966634 9.77416401
v 40.34810543 52.09845066 9.75432758
v 40.19030714 52.16381288 9.79711037
v 40.24411750 52.14152396 9.78847103
v 40.25079703 52.30027616 9.79711037
v 40.19763327 52.32542074 9.80000000
v 40.30344892 52.27537370 9.78847103
v 40.35508180 52.25095320 9.77416401
v 40.26604414 52.46132994 9.80000000
v 40.31791019 52.43360686 9.79711037
v 40.36927676 52.40615094 9.78847103
v 40.74002671 52.06888771 9.19999962
v 40.73741508 52.07012296 9.25880985
v 40.72960472 52.07381690 9.31705456
v 40.69873953 52.08841515 9.42961006
v 40.71667147 52.07993400 9.37417107
v 40.67598152 52.09917879 9.48283844
v 40.73271513 52.21188903 9.48283844
v 40.44394135 52.05875409 9.69888191
v 40.52794242 52.02395976 9.62426453
v 40.48763514 52.04065561 9.66380672
v 40.39728165 52.07808125 9.72915249
v 40.49897099 52.18289864 9.69888191
v 40.54172397 52.16267788 9.66380672
v 40.40519834 52.22724986 9.75432758
v 40.45331573 52.20449197 9.72915249
v 40.56447458 52.00882769 9.58063583
v 40.64861703 52.11212134 9.53334217
v 40.58116341 52.14402449 9.62426453
v 40.61690903 52.12711811 9.58063583
v 40.67508459 52.24269307 9.58063583
v 40.70601845 52.22615862 9.53334217
v 40.56002569 52.30419350 9.69888191
v 40.46854210 52.35309243 9.75432758
v 40.51548505 52.32800090 9.72915249
v 40.41964912 52.37922633 9.77416401
v 40.53798437 52.47567534 9.75432758
v 40.64021158 52.26133323 9.62426453
v 40.60173512 52.28189933 9.66380672
v 40.73886132 52.35527444 9.58063583
v 40.62695837 52.42234635 9.69888191
v 40.70494485 52.37560320 9.62426453
v 40.66752362 52.39803255 9.66380672
v 40.58363962 52.44831073 9.72915249
v 40.34104133 52.59371853 9.80000000
v 40.44144201 52.53354061 9.78847103
v 40.39148450 52.56348395 9.79711037
v 40.49043250 52.50417686 9.77416401
v 40.42244411 52.72226775 9.80000000
v 40.51977110 52.65723586 9.78847103
v 40.47134328 52.68959451 9.79711037
v 40.69960809 52.53707278 9.69888191
v 40.73893142 52.51079774 9.66380672
v 40.61335802 52.59470320 9.75432758
v 40.65761542 52.56513131 9.72915249
v 40.56726193 52.62550366 9.77416401
v 40.64995193 52.74291444 9.77416401
v 40.73723435 52.67818141 9.72915249
v 40.69448113 52.70988929 9.75432758
v 40.55729342 52.81163454 9.79711037
v 40.51005673 52.84666789 9.80000000
v 40.60407543 52.77693880 9.78847103
v 40.73830342 52.85612643 9.77416401
v 40.64912868 52.92931032 9.79711037
v 40.60366750 52.96661913 9.80000000
v 40.69415164 52.89236081 9.78847103
v 40.79519677 52.17849183 9.19999962
v 40.79264879 52.17985380 9.25880985
v 40.78502941 52.18392646 9.31705456
v 40.77241158 52.19067073 9.37417107
v 40.75491738 52.20002162 9.42961006
v 40.85567856 52.28525686 9.19999962
v 40.85320044 52.28674221 9.25880985
v 40.84578991 52.29118383 9.31705456
v 40.83351827 52.29853916 9.37417107
v 40.81650400 52.30873716 9.42961006
v 40.79491067 52.32167959 9.48283844
v 40.92132592 52.38892555 9.19999962
v 40.91892362 52.39053071 9.25880985
v 40.91174006 52.39533067 9.31705456
v 40.88335085 52.41429973 9.42961006
v 40.89984417 52.40327919 9.37417107
v 40.86241865 52.42828619 9.48283844
v 40.99198127 52.48924828 9.19999962
v 40.98272109 52.49611592 9.31705456
v 40.98966050 52.49096930 9.25880985
v 40.76894641 52.33724201 9.53334217
v 40.77520680 52.48655927 9.62426453
v 40.83724928 52.44510388 9.53334217
v 40.80808496 52.46459079 9.58063583
v 40.93507624 52.53145194 9.48283844
v 41.06747389 52.58598316 9.19999962
v 41.06524050 52.58781612 9.25880985
v 41.05856192 52.59329700 9.31705456
v 40.97122955 52.50463867 9.37417107
v 40.95529675 52.51645517 9.42961006
v 41.04750252 52.60237324 9.37417107
v 41.03216875 52.61495745 9.42961006
v 41.01270819 52.63092828 9.48283844
v 41.11378121 52.70956898 9.42961006
v 41.09512782 52.72647548 9.48283844
v 40.81578636 52.61992323 9.66380672
v 40.91076231 52.54948437 9.53334217
v 40.88258934 52.57037878 9.58063583
v 40.85082865 52.59393406 9.62426453
v 40.77779961 52.64809620 9.69888191
v 40.93162823 52.69746888 9.62426453
v 40.89790320 52.72514629 9.66380672
v 40.96219468 52.67238355 9.58063583
v 40.98930836 52.65013194 9.53334217
v 41.07269847 52.74680424 9.53334217
v 40.86134458 52.75514913 9.69888191
v 40.82230425 52.78718865 9.72915249
v 40.78115869 52.82095611 9.75432758
v 40.83210349 52.96486676 9.77416401
v 40.87318134 52.92763603 9.75432758
v 40.91262078 52.89189029 9.72915249
v 41.01741040 52.79691446 9.62426453
v 40.95004177 52.85797381 9.69888191
v 40.98508406 52.82621324 9.66380672
v 41.04670930 52.77035952 9.58063583
v 41.10796893 52.89203107 9.62426453
v 41.07711923 52.92288077 9.66380672
v 41.04367745 52.95632255 9.69888191
v 41.00796568 52.99203432 9.72915249
v 41.14762223 52.67889738 9.19999962
v 41.14548147 52.68083763 9.25880985
v 41.13907993 52.68663967 9.31705456
v 41.12847912 52.69624770 9.37417107
v 41.23223305 52.76776695 9.19999962
v 41.23019016 52.76980984 9.25880985
v 41.22408092 52.77591908 9.31705456
v 41.21396434 52.78603566 9.37417107
v 41.19993782 52.80006218 9.42961006
v 41.18213654 52.81786346 9.48283844
v 41.30375230 52.87152088 9.37417107
v 41.29043102 52.88621879 9.42961006
v 41.27352452 52.90487218 9.48283844
v 41.32110262 52.85237777 9.19999962
v 41.31916237 52.85451853 9.25880985
v 41.31336033 52.86092007 9.31705456
v 41.41401684 52.93252611 9.19999962
v 41.41218388 52.93475950 9.25880985
v 41.40670300 52.94143808 9.31705456
v 41.39762676 52.95249748 9.37417107
v 41.38504255 52.96783125 9.42961006
v 41.36907172 52.98729181 9.48283844
v 41.16073167 52.83926833 9.53334217
v 41.13592958 52.86407042 9.58063583
v 41.20308554 52.98258960 9.62426453
v 41.25319576 52.92730153 9.53334217
v 41.22964048 52.95329070 9.58063583
v 42.22000003 51.00000000 11.80000000
v 42.22059947 51.01831288 11.80000000
v 42.22239542 51.03654733 11.80000000
v 42.22538012 51.05462529 11.80000000
v 42.22954077 51.07246933 11.80000000
v 42.23485959 51.09000305 11.80000000
v 42.24131376 51.10715136 11.80000000
v 42.24887562 51.12384083 11.80000000
v 42.22000003 51.00000000 12.19999962
v 42.22059947 51.01831288 12.19999962
v 42.22239542 51.03654733 12.19999962
v 42.22538012 51.05462529 12.19999962
v 42.22954077 51.07246933 12.19999962
v 42.23485959 51.09000305 12.19999962
v 42.24131376 51.10715136 12.19999962
v 42.24887562 51.12384083 12.19999962
v 42.25751287 51.14000000 11.80000000
v 42.26718849 51.15555966 11.80000000
v 42.27786106 51.17045321 11.80000000
v 42.28948486 51.18461683 11.80000000
v 42.30201012 51.19798990 11.80000000
v 42.31538320 51.21051514 11.80000000
v 42.32954681 51.22213894 11.80000000
v 42.34444034 51.23281150 11.80000000
v 42.36000001 51.24248712 11.80000000
v 42.25751287 51.14000000 12.19999962
v 42.26718849 51.15555966 12.19999962
v 42.27786106 51.17045321 12.19999962
v 42.28948486 51.18461683 12.19999962
v 42.30201012 51.19798990 12.19999962
v 42.31538320 51.21051514 12.19999962
v 42.32954681 51.22213894 12.19999962
v 42.34444034 51.23281150 12.19999962
v 42.36000001 51.24248712 12.19999962
v 42.37615919 51.25112438 11.80000000
v 42.39284861 51.25868627 11.80000000
v 42.40999693 51.26514044 11.80000000
v 42.42753065 51.27045923 11.80000000
v 42.44537473 51.27461988 11.80000000
v 42.46345264 51.27760455 11.80000000
v 42.48168713 51.27940050 11.80000000
v 42.50000000 51.28000000 11.80000000
v 42.51831287 51.27940050 11.80000000
v 42.53654733 51.27760455 11.80000000
v 42.55462530 51.27461988 11.80000000
v 42.57246932 51.27045923 11.80000000
v 42.59000304 51.26514044 11.80000000
v 42.60715136 51.25868627 11.80000000
v 42.62384084 51.25112438 11.80000000
v 42.37615919 51.25112438 12.19999962
v 42.39284861 51.25868627 12.19999962
v 42.40999693 51.26514044 12.19999962
v 42.42753065 51.27045923 12.19999962
v 42.44537473 51.27461988 12.19999962
v 42.46345264 51.27760455 12.19999962
v 42.48168713 51.27940050 12.19999962
v 42.50000000 51.28000000 12.19999962
v 42.51831287 51.27940050 12.19999962
v 42.53654733 51.27760455 12.19999962
v 42.55462530 51.27461988 12.19999962
v 42.57246932 51.27045923 12.19999962
v 42.59000304 51.26514044 12.19999962
v 42.60715136 51.25868627 12.19999962
v 42.62384084 51.25112438 12.19999962
v 42.78000000 51.00000000 11.80000000
v 42.77940050 51.01831288 11.80000000
v 42.77760457 51.03654733 11.80000000
v 42.77461988 51.05462529 11.80000000
v 42.76514043 51.09000305 11.80000000
v 42.75868627 51.10715136 11.80000000
v 42.75112437 51.12384083 11.80000000
v 42.77045923 51.07246933 11.80000000
v 42.71051514 51.18461683 11.80000000
v 42.63999999 51.24248712 11.80000000
v 42.65555966 51.23281150 11.80000000
v 42.67045319 51.22213894 11.80000000
v 42.68461683 51.21051514 11.80000000
v 42.69798991 51.19798990 11.80000000
v 42.73281148 51.15555966 11.80000000
v 42.74248710 51.14000000 11.80000000
v 42.72213894 51.17045321 11.80000000
v 42.78000000 51.00000000 12.19999962
v 42.77940050 51.01831288 12.19999962
v 42.77760457 51.03654733 12.19999962
v 42.77461988 51.05462529 12.19999962
v 42.76514043 51.09000305 12.19999962
v 42.75868627 51.10715136 12.19999962
v 42.75112437 51.12384083 12.19999962
v 42.77045923 51.07246933 12.19999962
v 42.71051514 51.18461683 12.19999962
v 42.63999999 51.24248712 12.19999962
v 42.65555966 51.23281150 12.19999962
v 42.67045319 51.22213894 12.19999962
v 42.68461683 51.21051514 12.19999962
v 42.69798991 51.19798990 12.19999962
v 42.73281148 51.15555966 12.19999962
v 42.74248710 51.14000000 12.19999962
v 42.72213894 51.17045321 12.19999962
v 40.74662709 53.04233813 9.79711037
v 40.70305157 53.08183265 9.80000000
v 40.78978300 53.00322390 9.78847103
v 40.93112636 53.06887364 9.77416401
v 40.89073873 53.10926127 9.78847103
v 40.80796909 53.19203091 9.80000000
v 40.84955406 53.15044594 9.79711037
v 40.97032785 53.02967215 9.75432758
v 41.10810971 53.08737922 9.72915249
v 40.99677610 53.21021700 9.78847103
v 41.07236397 53.12681866 9.75432758
v 41.03513324 53.16789651 9.77416401
v 40.91816735 53.29694843 9.80000000
v 40.95766187 53.25337291 9.79711037
v 41.10763919 53.30584836 9.78847103
v 41.07068968 53.35087132 9.79711037
v 41.03338087 53.39633250 9.80000000
v 41.49536133 53.02877045 9.37417107
v 41.48354483 53.04470325 9.42961006
v 41.46854806 53.06492376 9.48283844
v 41.14202619 53.04995823 9.69888191
v 41.17378676 53.01491594 9.66380672
v 41.30253112 53.06837177 9.62426453
v 41.27485371 53.10209680 9.66380672
v 41.24485087 53.13865542 9.69888191
v 41.21281135 53.17769575 9.72915249
v 41.17904389 53.21884131 9.75432758
v 41.34986806 53.01069164 9.53334217
v 41.32761645 53.03780532 9.58063583
v 41.45051563 53.08923769 9.53334217
v 41.42962122 53.11741066 9.58063583
v 41.40606594 53.14917135 9.62426453
v 41.38007677 53.18421364 9.66380672
v 41.35190380 53.22220039 9.69888191
v 41.14387357 53.26169658 9.77416401
v 41.29011071 53.30551887 9.75432758
v 41.25708556 53.35004807 9.77416401
v 41.15333211 53.48994327 9.80000000
v 41.18836546 53.44270658 9.79711037
v 41.22306120 53.39592457 9.78847103
v 41.48920226 53.26106858 9.66380672
v 41.46292722 53.30039191 9.69888191
v 41.32181859 53.26276565 9.72915249
v 41.43486869 53.34238458 9.72915249
v 41.40529680 53.38664198 9.75432758
v 41.37449634 53.43273807 9.77416401
v 41.34276414 53.48022890 9.78847103
v 41.31040549 53.52865672 9.79711037
v 41.27773225 53.57755589 9.80000000
v 41.49582314 53.50956750 9.77416401
v 41.46645939 53.55855799 9.78847103
v 41.43651605 53.60851550 9.79711037
v 41.40628147 53.65895867 9.80000000
v 41.51075172 53.00801873 9.19999962
v 41.50903070 53.01033950 9.25880985
v 41.50388408 53.01727891 9.31705456
v 41.61107445 53.07867408 9.19999962
v 41.60946929 53.08107638 9.25880985
v 41.60466933 53.08825994 9.31705456
v 41.58570027 53.11664915 9.42961006
v 41.59672081 53.10015583 9.37417107
v 41.57171381 53.13758135 9.48283844
v 41.67832041 53.20508933 9.48283844
v 41.71474314 53.14432144 9.19999962
v 41.71325779 53.14679956 9.25880985
v 41.70881617 53.15421009 9.31705456
v 41.82150817 53.20480323 9.19999962
v 41.82014620 53.20735121 9.25880985
v 41.81607354 53.21497059 9.31705456
v 41.70146084 53.16648173 9.37417107
v 41.69126284 53.18349600 9.42961006
v 41.80932927 53.22758842 9.37417107
v 41.79997838 53.24508262 9.42961006
v 41.55489612 53.16275072 9.53334217
v 41.53540921 53.19191504 9.58063583
v 41.51344073 53.22479320 9.62426453
v 41.66275799 53.23105359 9.53334217
v 41.78811097 53.26728487 9.48283844
v 41.57765365 53.37304163 9.69888191
v 41.62439680 53.29505515 9.62426453
v 41.64472556 53.26113868 9.58063583
v 41.60196745 53.33247638 9.66380672
v 41.55168927 53.41636038 9.72915249
v 41.52432466 53.46201563 9.75432758
v 41.67199910 53.48451495 9.72915249
v 41.77384138 53.29398155 9.53334217
v 41.75730693 53.32491541 9.58063583
v 41.73866677 53.35978842 9.62426453
v 41.71810067 53.39826488 9.66380672
v 41.69580650 53.43997431 9.69888191
v 41.87288189 53.38309097 9.58063583
v 41.85597551 53.41883659 9.62426453
v 41.83732212 53.45827603 9.66380672
v 41.93111229 53.25997329 9.19999962
v 41.92987704 53.26258492 9.25880985
v 41.92618310 53.27039528 9.31705456
v 42.04329139 53.30969882 9.19999962
v 42.04218578 53.31236815 9.25880985
v 42.03887951 53.32035017 9.31705456
v 41.92006600 53.28332853 9.37417107
v 41.91158485 53.30126047 9.42961006
v 41.90082121 53.32401848 9.48283844
v 42.03340447 53.33356810 9.37417107
v 42.02581340 53.35189462 9.42961006
v 42.01617938 53.37515306 9.48283844
v 42.15389144 53.36471510 9.31705456
v 42.15777534 53.35386014 9.19999962
v 42.15680206 53.35658050 9.25880985
v 42.14907157 53.37818575 9.37417107
v 42.14238882 53.39686275 9.42961006
v 42.13390768 53.42056584 9.48283844
v 41.88787866 53.35138297 9.53334217
v 42.00459516 53.40311980 9.53334217
v 41.99117231 53.43552542 9.58063583
v 41.97604024 53.47205758 9.62426453
v 42.12370968 53.44906735 9.53334217
v 42.11189306 53.48209262 9.58063583
v 42.24493521 53.48911500 9.53334217
v 41.64690757 53.53145790 9.75432758
v 41.62077367 53.58035088 9.77416401
v 41.56639314 53.68208981 9.79711037
v 41.53867006 53.73395586 9.80000000
v 41.59384906 53.63072324 9.78847103
v 41.81710136 53.50102901 9.69888191
v 41.77275014 53.59480166 9.75432758
v 41.79550803 53.54668427 9.72915249
v 41.74904680 53.64491820 9.77416401
v 41.72462630 53.69655108 9.78847103
v 41.69972384 53.74920297 9.79711037
v 41.67457926 53.80236673 9.80000000
v 41.85847604 53.75588250 9.78847103
v 41.83618712 53.80969286 9.79711037
v 41.81368136 53.86402655 9.80000000
v 41.95934439 53.51236486 9.66380672
v 41.94124591 53.55605865 9.69888191
v 41.92191875 53.60271835 9.72915249
v 41.90154934 53.65189457 9.75432758
v 41.88033366 53.70311379 9.77416401
v 42.05092674 53.65248203 9.72915249
v 42.03299475 53.70259857 9.75432758
v 42.09857172 53.51932335 9.62426453
v 42.08387387 53.56040096 9.66380672
v 42.06794101 53.60493040 9.69888191
v 42.23475337 53.52268004 9.58063583
v 42.22327489 53.56051970 9.62426453
v 42.21061027 53.60226917 9.66380672
v 42.19688159 53.64752650 9.69888191
v 42.18222106 53.69585586 9.72915249
v 42.16676980 53.74679184 9.75432758
v 42.01431781 53.75479722 9.77416401
v 41.99507582 53.80857491 9.78847103
v 41.97545409 53.86341405 9.79711037
v 41.95564151 53.91878653 9.80000000
v 42.15067661 53.79984403 9.77416401
v 42.13409656 53.85450125 9.78847103
v 42.11718923 53.91023707 9.79711037
v 42.10011750 53.96651506 9.80000000
v 42.27428830 53.39235091 9.19999962
v 42.27344960 53.39511561 9.25880985
v 42.27094167 53.40338326 9.31705456
v 42.39254957 53.42507815 9.19999962
v 42.38974828 53.43626142 9.31705456
v 42.39184755 53.42788076 9.25880985
v 42.26678854 53.41707420 9.37417107
v 42.26103032 53.43605638 9.42961006
v 42.25372243 53.46014738 9.48283844
v 42.38627195 53.45013976 9.37417107
v 42.38145208 53.46938157 9.42961006
v 42.37533510 53.49380207 9.48283844
v 42.51227421 53.45196319 9.19999962
v 42.51171055 53.45479679 9.25880985
v 42.51002502 53.46327043 9.31705456
v 42.50723389 53.47730255 9.37417107
v 42.50336397 53.49675798 9.42961006
v 42.63317382 53.47294116 9.19999962
v 42.63274989 53.47579908 9.25880985
v 42.63148218 53.48434544 9.31705456
v 42.75495715 53.48796177 9.19999962
v 42.75467396 53.49083710 9.25880985
v 42.75382712 53.49943519 9.31705456
v 42.62938291 53.49849749 9.37417107
v 42.87733082 53.49698853 9.19999962
v 42.87718905 53.49987435 9.25880985
v 42.49845260 53.52144909 9.48283844
v 42.62277836 53.54302168 9.48283844
v 42.36797982 53.52316594 9.53334217
v 42.35945719 53.55719042 9.58063583
v 42.34984922 53.59554744 9.62426453
v 42.33924842 53.63786817 9.66380672
v 42.32775700 53.68374467 9.69888191
v 42.31548548 53.73273516 9.72915249
v 42.49254704 53.55113840 9.53334217
v 42.47798979 53.62432241 9.62426453
v 42.48570412 53.58554006 9.58063583
v 42.61833668 53.57296515 9.53334217
v 42.61319005 53.60766101 9.58063583
v 42.46947837 53.66711211 9.66380672
v 42.46025181 53.71349740 9.69888191
v 42.60738799 53.64677525 9.62426453
v 42.60098642 53.68993092 9.66380672
v 42.59404698 53.73671293 9.69888191
v 42.30255216 53.78436804 9.75432758
v 42.28908151 53.83814573 9.77416401
v 42.42919904 53.86961031 9.77416401
v 42.27520329 53.89355063 9.78847103
v 42.26105118 53.95004916 9.79711037
v 42.41805613 53.92562938 9.78847103
v 42.40669334 53.98275399 9.79711037
v 42.45039898 53.76303101 9.72915249
v 42.44001472 53.81523609 9.75432758
v 42.58663648 53.78667045 9.72915249
v 42.57882631 53.83932233 9.75432758
v 42.57069170 53.89416146 9.77416401
v 42.56231093 53.95065999 9.78847103
v 42.62647229 53.51811934 9.42961006
v 42.75242479 53.51367331 9.37417107
v 42.75048049 53.53341413 9.42961006
v 42.74801290 53.55846786 9.48283844
v 42.87676512 53.50850368 9.31705456
v 42.87606311 53.52279329 9.37417107
v 42.87508978 53.54260588 9.42961006
v 42.87385450 53.56775045 9.48283844
v 42.74504584 53.58859324 9.53334217
v 42.74160782 53.62349963 9.58063583
v 42.73773202 53.66285157 9.62426453
v 42.73345572 53.70626950 9.66380672
v 42.87236919 53.59798503 9.53334217
v 42.87064810 53.63301826 9.58063583
v 42.86870787 53.67251301 9.62426453
v 42.86656713 53.71608853 9.66380672
v 42.72882012 53.75333571 9.69888191
v 42.71865258 53.85656834 9.75432758
v 42.72386983 53.80359650 9.72915249
v 42.71321860 53.91174054 9.77416401
v 42.70762017 53.96858215 9.78847103
v 42.86424653 53.76332521 9.69888191
v 42.85915664 53.86693239 9.75432758
v 42.86176841 53.81376863 9.72915249
v 42.85643637 53.92230487 9.77416401
v 42.85363379 53.97935271 9.78847103
v 42.24676144 54.00709677 9.80000000
v 42.39521998 54.04043436 9.80000000
v 42.55376479 54.00827336 9.79711037
v 42.54513553 54.06644726 9.80000000
v 42.70191127 54.02654552 9.79711037
v 42.69614688 54.08507276 9.80000000
v 42.85077590 54.03752637 9.79711037
v 42.84789021 54.09626603 9.80000000
v 43.12266918 48.50301147 0.49999999
v 43.24504285 48.51203823 0.49999999
v 43.36682618 48.52705884 0.49999999
v 43.00000000 48.90000010 0.00000000
v 43.10304212 48.90252948 0.00000000
v 43.20583600 48.91011214 0.00000000
v 43.30813399 48.92272925 0.00000000
v 43.48772579 48.54803681 0.49999999
v 43.60745043 48.57492185 0.49999999
v 43.72571170 48.60764909 0.49999999
v 43.40968966 48.94035101 0.00000000
v 43.51025838 48.96293426 0.00000000
v 43.60959780 48.99042535 0.00000000
v 43.84222466 48.64613986 0.49999999
v 43.95670861 48.69030118 0.49999999
v 44.06888771 48.74002671 0.49999999
v 44.17849183 48.79519677 0.49999999
v 44.28525686 48.85567856 0.49999999
v 44.38892555 48.92132592 0.49999999
v 44.48924828 48.99198127 0.49999999
v 43.70746869 49.02275741 0.00000000
v 43.80363518 49.05985296 0.00000000
v 43.89786571 49.10162246 0.00000000
v 43.98993313 49.14796531 0.00000000
v 44.07961571 49.19876993 0.00000000
v 44.16669750 49.25391376 0.00000000
v 44.25096858 49.31326413 0.00000000
v 44.33222592 49.37667799 0.00000000
v 44.41027379 49.44400263 0.00000000
v 44.48492420 49.51507580 0.00000000
v 44.58598316 49.06747389 0.49999999
v 44.67889738 49.14762223 0.49999999
v 44.76776695 49.23223305 0.49999999
v 44.85237777 49.32110262 0.49999999
v 44.93252611 49.41401684 0.49999999
v 44.55599737 49.58972621 0.00000000
v 44.62332201 49.66777408 0.00000000
v 44.68673587 49.74903142 0.00000000
v 44.74608624 49.83330250 0.00000000
v 44.80123007 49.92038429 0.00000000
v 45.00801873 49.51075172 0.49999999
v 45.07867408 49.61107445 0.49999999
v 45.14432144 49.71474314 0.49999999
v 45.20480323 49.82150817 0.49999999
v 45.25997329 49.93111229 0.49999999
v 44.85203469 50.01006687 0.00000000
v 44.89837754 50.10213429 0.00000000
v 44.94014704 50.19636482 0.00000000
v 44.97724259 50.29253131 0.00000000
v 45.00957465 50.39040220 0.00000000
v 45.03706574 50.48974162 0.00000000
v 45.05964899 50.59031034 0.00000000
v 45.07727075 50.69186601 0.00000000
v 45.08988786 50.79416400 0.00000000
v 45.09747052 50.89695788 0.00000000
v 45.30969882 50.04329139 0.49999999
v 45.35386014 50.15777534 0.49999999
v 45.39235091 50.27428830 0.49999999
v 45.42507815 50.39254957 0.49999999
v 45.45196319 50.51227421 0.49999999
v 45.47294116 50.63317382 0.49999999
v 45.48796177 50.75495715 0.49999999
v 45.49698853 50.87733082 0.49999999
v 43.15210979 47.90373397 9.80000000
v 43.14922410 47.96247363 9.79711037
v 43.30385312 47.91492724 9.80000000
v 43.29808873 47.97345448 9.79711037
v 43.45486447 47.93355274 9.80000000
v 43.44623521 47.99172664 9.79711037
v 43.60478002 47.95956564 9.80000000
v 43.75323856 47.99290323 9.80000000
v 43.14636621 48.02064729 9.78847103
v 43.14356363 48.07769513 9.77416401
v 43.13575347 48.23667479 9.69888191
v 43.13823159 48.18623137 9.72915249
v 43.14084336 48.13306761 9.75432758
v 43.29237983 48.03141785 9.78847103
v 43.28678140 48.08825946 9.77416401
v 43.27117988 48.24666429 9.69888191
v 43.27613017 48.19640350 9.72915249
v 43.28134742 48.14343166 9.75432758
v 43.12323488 48.49149632 9.31705456
v 43.12614550 48.43224955 9.48283844
v 43.12491022 48.45739412 9.42961006
v 43.12393689 48.47720671 9.37417107
v 43.24951951 48.46658587 9.42961006
v 43.24757521 48.48632669 9.37417107
v 43.25198710 48.44153214 9.48283844
v 43.37352771 48.48188066 9.42961006
v 43.13343287 48.28391147 9.66380672
v 43.13129213 48.32748699 9.62426453
v 43.12935190 48.36698174 9.58063583
v 43.12763081 48.40201497 9.53334217
v 43.26654428 48.29373050 9.66380672
v 43.26226798 48.33714843 9.62426453
v 43.25839218 48.37650037 9.58063583
v 43.25495416 48.41140676 9.53334217
v 43.43768907 48.04934001 9.78847103
v 43.42930830 48.10583854 9.77416401
v 43.42117369 48.16067767 9.75432758
v 43.41336352 48.21332955 9.72915249
v 43.55998528 48.18476391 9.75432758
v 43.54960102 48.23696899 9.72915249
v 43.59330666 48.01724601 9.79711037
v 43.58194387 48.07437062 9.78847103
v 43.73894882 48.04995084 9.79711037
v 43.72479671 48.10644937 9.78847103
v 43.57080096 48.13038969 9.77416401
v 43.71091849 48.16185427 9.77416401
v 43.69744784 48.21563196 9.75432758
v 43.37722164 48.45697832 9.48283844
v 43.50154740 48.47855091 9.48283844
v 43.40595302 48.26328707 9.69888191
v 43.39901358 48.31006908 9.66380672
v 43.39261201 48.35322475 9.62426453
v 43.53974819 48.28650260 9.69888191
v 43.53052163 48.33288789 9.66380672
v 43.38680995 48.39233899 9.58063583
v 43.38166332 48.42703485 9.53334217
v 43.51429588 48.41445994 9.58063583
v 43.52201021 48.37567759 9.62426453
v 43.50745296 48.44886160 9.53334217
v 43.67224300 48.31625533 9.69888191
v 43.66075158 48.36213183 9.66380672
v 43.68451452 48.26726484 9.72915249
v 43.65015078 48.40445256 9.62426453
v 43.64054281 48.44280958 9.58063583
v 43.63202018 48.47683406 9.53334217
v 43.12266918 48.50301147 9.19999962
v 43.12281095 48.50012565 9.25880985
v 43.24504285 48.51203823 9.19999962
v 43.24532604 48.50916290 9.25880985
v 43.24617288 48.50056481 9.31705456
v 43.36682618 48.52705884 9.19999962
v 43.36725011 48.52420092 9.25880985
v 43.36851782 48.51565456 9.31705456
v 43.37061709 48.50150251 9.37417107
v 43.48772579 48.54803681 9.19999962
v 43.48828945 48.54520321 9.25880985
v 43.48997498 48.53672957 9.31705456
v 43.49276611 48.52269745 9.37417107
v 43.49663603 48.50324202 9.42961006
v 43.60745043 48.57492185 9.19999962
v 43.60815245 48.57211924 9.25880985
v 43.61025172 48.56373858 9.31705456
v 43.72571170 48.60764909 9.19999962
v 43.72655040 48.60488439 9.25880985
v 43.72905833 48.59661674 9.31705456
v 43.61854792 48.53061843 9.42961006
v 43.61372805 48.54986024 9.37417107
v 43.62466490 48.50619793 9.48283844
v 43.74627757 48.53985262 9.48283844
v 43.73321146 48.58292580 9.37417107
v 43.73896968 48.56394362 9.42961006
v 43.89988250 48.03348494 9.80000000
v 43.88281077 48.08976293 9.79711037
v 43.86590344 48.14549875 9.78847103
v 43.84932339 48.20015597 9.77416401
v 44.04435849 48.08121347 9.80000000
v 44.02454591 48.13658595 9.79711037
v 44.00492418 48.19142509 9.78847103
v 43.98568219 48.24520278 9.77416401
v 43.80311841 48.35247350 9.69888191
v 43.83323020 48.25320816 9.75432758
v 43.81777894 48.30414414 9.72915249
v 43.78938973 48.39773083 9.66380672
v 43.77672511 48.43948030 9.62426453
v 43.76524663 48.47731996 9.58063583
v 43.93205899 48.39506960 9.69888191
v 43.90142828 48.48067665 9.62426453
v 43.91612613 48.43959904 9.66380672
v 43.96700525 48.29740143 9.75432758
v 43.94907326 48.34751797 9.72915249
v 44.11966634 48.29688621 9.77416401
v 44.09845066 48.34810543 9.75432758
v 44.05875409 48.44394135 9.69888191
v 44.04065561 48.48763514 9.66380672
v 44.07808125 48.39728165 9.72915249
v 44.18631864 48.13597345 9.80000000
v 44.16381288 48.19030714 9.79711037
v 44.14152396 48.24411750 9.78847103
v 44.32542074 48.19763327 9.80000000
v 44.30027616 48.25079703 9.79711037
v 44.27537370 48.30344892 9.78847103
v 44.25095320 48.35508180 9.77416401
v 44.18289864 48.49897099 9.69888191
v 44.20449197 48.45331573 9.72915249
v 44.22724986 48.40519834 9.75432758
v 44.40615094 48.36927676 9.78847103
v 44.46132994 48.26604414 9.80000000
v 44.43360686 48.31791019 9.79711037
v 44.37922633 48.41964912 9.77416401
v 44.35309243 48.46854210 9.75432758
v 43.85092843 48.62181425 9.37417107
v 43.85761118 48.60313725 9.42961006
v 43.86609232 48.57943416 9.48283844
v 43.84222466 48.64613986 9.19999962
v 43.84319794 48.64341950 9.25880985
v 43.84610856 48.63528490 9.31705456
v 43.98382062 48.62484694 9.48283844
v 43.96112049 48.67964983 9.31705456
v 43.95670861 48.69030118 9.19999962
v 43.95781422 48.68763185 9.25880985
v 44.06888771 48.74002671 9.19999962
v 44.07012296 48.73741508 9.25880985
v 44.07381690 48.72960472 9.31705456
v 43.97418660 48.64810538 9.42961006
v 43.96659553 48.66643190 9.37417107
v 44.09917879 48.67598152 9.48283844
v 44.07993400 48.71667147 9.37417107
v 44.08841515 48.69873953 9.42961006
v 43.75506479 48.51088500 9.53334217
v 43.88810694 48.51790738 9.58063583
v 43.87629032 48.55093265 9.53334217
v 44.02395976 48.52794242 9.62426453
v 44.00882769 48.56447458 9.58063583
v 43.99540484 48.59688020 9.53334217
v 44.11212134 48.64861703 9.53334217
v 44.21188903 48.73271513 9.48283844
v 44.16267788 48.54172397 9.66380672
v 44.14402449 48.58116341 9.62426453
v 44.12711811 48.61690903 9.58063583
v 44.30419350 48.56002569 9.69888191
v 44.28189933 48.60173512 9.66380672
v 44.26133323 48.64021158 9.62426453
v 44.24269307 48.67508459 9.58063583
v 44.22615862 48.70601845 9.53334217
v 44.32800090 48.51548505 9.72915249
v 44.47567534 48.53798437 9.75432758
v 44.44831073 48.58363962 9.72915249
v 44.39803255 48.66752362 9.66380672
v 44.35527444 48.73886132 9.58063583
v 44.37560320 48.70494485 9.62426453
v 44.42234635 48.62695837 9.69888191
v 44.17849183 48.79519677 9.19999962
v 44.17985380 48.79264879 9.25880985
v 44.18392646 48.78502941 9.31705456
v 44.28525686 48.85567856 9.19999962
v 44.28674221 48.85320044 9.25880985
v 44.29118383 48.84578991 9.31705456
v 44.19067073 48.77241158 9.37417107
v 44.20002162 48.75491738 9.42961006
v 44.29853916 48.83351827 9.37417107
v 44.30873716 48.81650400 9.42961006
v 44.32167959 48.79491067 9.48283844
v 44.42828619 48.86241865 9.48283844
v 44.38892555 48.92132592 9.19999962
v 44.39053071 48.91892362 9.25880985
v 44.39533067 48.91174006 9.31705456
v 44.48924828 48.99198127 9.19999962
v 44.49096930 48.98966050 9.25880985
v 44.49611592 48.98272109 9.31705456
v 44.40327919 48.89984417 9.37417107
v 44.41429973 48.88335085 9.42961006
v 44.33724201 48.76894641 9.53334217
v 44.48655927 48.77520680 9.62426453
v 44.46459079 48.80808496 9.58063583
v 44.44510388 48.83724928 9.53334217
v 44.59371853 48.34104133 9.80000000
v 44.56348395 48.39148450 9.79711037
v 44.53354061 48.44144201 9.78847103
v 44.50417686 48.49043250 9.77416401
v 44.72226775 48.42244411 9.80000000
v 44.68959451 48.47134328 9.79711037
v 44.65723586 48.51977110 9.78847103
v 44.62550366 48.56726193 9.77416401
v 44.59470320 48.61335802 9.75432758
v 44.53707278 48.69960809 9.69888191
v 44.51079774 48.73893142 9.66380672
v 44.56513131 48.65761542 9.72915249
v 44.67818141 48.73723435 9.72915249
v 44.77693880 48.60407543 9.78847103
v 44.81163454 48.55729342 9.79711037
v 44.84666789 48.51005673 9.80000000
v 44.74291444 48.64995193 9.77416401
v 44.70988929 48.69448113 9.75432758
v 44.85612643 48.73830342 9.77416401
v 44.53145194 48.93507624 9.48283844
v 44.51645517 48.95529675 9.42961006
v 44.50463867 48.97122955 9.37417107
v 44.64809620 48.77779961 9.69888191
v 44.59393406 48.85082865 9.62426453
v 44.61992323 48.81578636 9.66380672
v 44.57037878 48.88258934 9.58063583
v 44.54948437 48.91076231 9.53334217
v 44.67238355 48.96219468 9.58063583
v 44.65013194 48.98930836 9.53334217
v 44.75514913 48.86134458 9.69888191
v 44.82095611 48.78115869 9.75432758
v 44.78718865 48.82230425 9.72915249
v 44.69746888 48.93162823 9.62426453
v 44.72514629 48.89790320 9.66380672
v 44.82621324 48.98508406 9.66380672
v 44.85797381 48.95004177 9.69888191
v 44.96661913 48.60366750 9.80000000
v 44.92931032 48.64912868 9.79711037
v 44.89236081 48.69415164 9.78847103
v 45.04233813 48.74662709 9.79711037
v 45.08183265 48.70305157 9.80000000
v 44.96486676 48.83210349 9.77416401
v 44.92763603 48.87318134 9.75432758
v 45.00322390 48.78978300 9.78847103
v 44.89189029 48.91262078 9.72915249
v 45.02967215 48.97032785 9.75432758
v 45.15044594 48.84955406 9.79711037
v 45.19203091 48.80796909 9.80000000
v 45.10926127 48.89073873 9.78847103
v 45.06887364 48.93112636 9.77416401
v 45.21021700 48.99677610 9.78847103
v 45.29694843 48.91816735 9.80000000
v 45.25337291 48.95766187 9.79711037
v 43.67615914 50.74887562 11.80000000
v 43.69284862 50.74131373 11.80000000
v 43.70999694 50.73485956 11.80000000
v 43.72753066 50.72954077 11.80000000
v 43.74537474 50.72538012 11.80000000
v 43.67615914 50.74887562 12.19999962
v 43.69284862 50.74131373 12.19999962
v 43.70999694 50.73485956 12.19999962
v 43.72753066 50.72954077 12.19999962
v 43.74537474 50.72538012 12.19999962
v 43.55751288 50.86000000 11.80000000
v 43.54887563 50.87615917 11.80000000
v 43.54131371 50.89284864 11.80000000
v 43.53485954 50.90999695 11.80000000
v 43.52954078 50.92753067 11.80000000
v 43.52538013 50.94537471 11.80000000
v 43.52239543 50.96345267 11.80000000
v 43.52059948 50.98168712 11.80000000
v 43.60201013 50.80201010 11.80000000
v 43.62954682 50.77786106 11.80000000
v 43.64444035 50.76718850 11.80000000
v 43.61538315 50.78948486 11.80000000
v 43.57786107 50.82954679 11.80000000
v 43.58948487 50.81538317 11.80000000
v 43.56718850 50.84444034 11.80000000
v 43.66000003 50.75751288 11.80000000
v 43.55751288 50.86000000 12.19999962
v 43.54887563 50.87615917 12.19999962
v 43.54131371 50.89284864 12.19999962
v 43.53485954 50.90999695 12.19999962
v 43.52954078 50.92753067 12.19999962
v 43.52538013 50.94537471 12.19999962
v 43.52239543 50.96345267 12.19999962
v 43.52059948 50.98168712 12.19999962
v 43.60201013 50.80201010 12.19999962
v 43.62954682 50.77786106 12.19999962
v 43.64444035 50.76718850 12.19999962
v 43.61538315 50.78948486 12.19999962
v 43.57786107 50.82954679 12.19999962
v 43.58948487 50.81538317 12.19999962
v 43.56718850 50.84444034 12.19999962
v 43.66000003 50.75751288 12.19999962
v 43.76345265 50.72239545 11.80000000
v 43.78168714 50.72059950 11.80000000
v 43.80000001 50.72000000 11.80000000
v 43.81831288 50.72059950 11.80000000
v 43.83654732 50.72239545 11.80000000
v 43.85462528 50.72538012 11.80000000
v 43.87246931 50.72954077 11.80000000
v 43.89000303 50.73485956 11.80000000
v 43.90715134 50.74131373 11.80000000
v 43.92384082 50.74887562 11.80000000
v 43.76345265 50.72239545 12.19999962
v 43.78168714 50.72059950 12.19999962
v 43.80000001 50.72000000 12.19999962
v 43.81831288 50.72059950 12.19999962
v 43.83654732 50.72239545 12.19999962
v 43.85462528 50.72538012 12.19999962
v 43.87246931 50.72954077 12.19999962
v 43.89000303 50.73485956 12.19999962
v 43.90715134 50.74131373 12.19999962
v 43.92384082 50.74887562 12.19999962
v 43.94000000 50.75751288 11.80000000
v 43.95555967 50.76718850 11.80000000
v 43.97045320 50.77786106 11.80000000
v 43.98461682 50.78948486 11.80000000
v 43.99798989 50.80201010 11.80000000
v 44.01051509 50.81538317 11.80000000
v 44.02213895 50.82954679 11.80000000
v 44.03281152 50.84444034 11.80000000
v 44.04248714 50.86000000 11.80000000
v 44.05112433 50.87615917 11.80000000
v 44.05868626 50.89284864 11.80000000
v 44.06514049 50.90999695 11.80000000
v 44.07045925 50.92753067 11.80000000
v 44.07461989 50.94537471 11.80000000
v 44.07760453 50.96345267 11.80000000
v 44.07940054 50.98168712 11.80000000
v 43.94000000 50.75751288 12.19999962
v 43.95555967 50.76718850 12.19999962
v 43.97045320 50.77786106 12.19999962
v 43.98461682 50.78948486 12.19999962
v 43.99798989 50.80201010 12.19999962
v 44.01051509 50.81538317 12.19999962
v 44.02213895 50.82954679 12.19999962
v 44.03281152 50.84444034 12.19999962
v 44.04248714 50.86000000 12.19999962
v 44.05112433 50.87615917 12.19999962
v 44.05868626 50.89284864 12.19999962
v 44.06514049 50.90999695 12.19999962
v 44.07045925 50.92753067 12.19999962
v 44.07461989 50.94537471 12.19999962
v 44.07760453 50.96345267 12.19999962
v 44.07940054 50.98168712 12.19999962
v 44.59329700 49.05856192 9.31705456
v 44.58598316 49.06747389 9.19999962
v 44.58781612 49.06524050 9.25880985
v 44.60237324 49.04750252 9.37417107
v 44.61495745 49.03216875 9.42961006
v 44.63092828 49.01270819 9.48283844
v 44.67889738 49.14762223 9.19999962
v 44.68083763 49.14548147 9.25880985
v 44.68663967 49.13907993 9.31705456
v 44.70956898 49.11378121 9.42961006
v 44.72647548 49.09512782 9.48283844
v 44.76776695 49.23223305 9.19999962
v 44.76980984 49.23019016 9.25880985
v 44.77591908 49.22408092 9.31705456
v 44.69624770 49.12847912 9.37417107
v 44.81786346 49.18213654 9.48283844
v 44.78603566 49.21396434 9.37417107
v 44.80006218 49.19993782 9.42961006
v 44.77035952 49.04670930 9.58063583
v 44.74680424 49.07269847 9.53334217
v 44.79691446 49.01741040 9.62426453
v 44.86407042 49.13592958 9.58063583
v 44.83926833 49.16073167 9.53334217
v 44.85237777 49.32110262 9.19999962
v 44.85451853 49.31916237 9.25880985
v 44.86092007 49.31336033 9.31705456
v 44.87152088 49.30375230 9.37417107
v 44.95632255 49.04367745 9.69888191
v 44.89203107 49.10796893 9.62426453
v 44.92288077 49.07711923 9.66380672
v 44.99203432 49.00796568 9.72915249
v 44.95329070 49.22964048 9.58063583
v 45.01491594 49.17378676 9.66380672
v 45.04995823 49.14202619 9.69888191
v 44.98258960 49.20308554 9.62426453
v 45.08737922 49.10810971 9.72915249
v 45.12681866 49.07236397 9.75432758
v 45.16789651 49.03513324 9.77416401
v 45.13865542 49.24485087 9.69888191
v 45.21884131 49.17904389 9.75432758
v 45.17769575 49.21281135 9.72915249
v 44.88621879 49.29043102 9.42961006
v 44.90487218 49.27352452 9.48283844
v 44.98729181 49.36907172 9.48283844
v 44.93252611 49.41401684 9.19999962
v 44.93475950 49.41218388 9.25880985
v 44.94143808 49.40670300 9.31705456
v 44.95249748 49.39762676 9.37417107
v 44.96783125 49.38504255 9.42961006
v 45.02877045 49.49536133 9.37417107
v 45.04470325 49.48354483 9.42961006
v 45.06492376 49.46854806 9.48283844
v 44.92730153 49.25319576 9.53334217
v 45.01069164 49.34986806 9.53334217
v 45.03780532 49.32761645 9.58063583
v 45.06837177 49.30253112 9.62426453
v 45.10209680 49.27485371 9.66380672
v 45.22220039 49.35190380 9.69888191
v 45.14917135 49.40606594 9.62426453
v 45.11741066 49.42962122 9.58063583
v 45.08923769 49.45051563 9.53334217
v 45.18421364 49.38007677 9.66380672
v 45.00801873 49.51075172 9.19999962
v 45.01033950 49.50903070 9.25880985
v 45.01727891 49.50388408 9.31705456
v 45.07867408 49.61107445 9.19999962
v 45.08107638 49.60946929 9.25880985
v 45.08825994 49.60466933 9.31705456
v 45.10015583 49.59672081 9.37417107
v 45.11664915 49.58570027 9.42961006
v 45.13758135 49.57171381 9.48283844
v 45.14432144 49.71474314 9.19999962
v 45.14679956 49.71325779 9.25880985
v 45.15421009 49.70881617 9.31705456
v 45.20508933 49.67832041 9.48283844
v 45.16648173 49.70146084 9.37417107
v 45.18349600 49.69126284 9.42961006
v 45.16275072 49.55489612 9.53334217
v 45.19191504 49.53540921 9.58063583
v 45.22479320 49.51344073 9.62426453
v 45.23105359 49.66275799 9.53334217
v 45.20480323 49.82150817 9.19999962
v 45.20735121 49.82014620 9.25880985
v 45.21497059 49.81607354 9.31705456
v 45.22758842 49.80932927 9.37417107
v 45.24508262 49.79997838 9.42961006
v 45.30584836 49.10763919 9.78847103
v 45.39633250 49.03338087 9.80000000
v 45.35087132 49.07068968 9.79711037
v 45.26169658 49.14387357 9.77416401
v 45.39592457 49.22306120 9.78847103
v 45.48994327 49.15333211 9.80000000
v 45.44270658 49.18836546 9.79711037
v 45.30551887 49.29011071 9.75432758
v 45.26276565 49.32181859 9.72915249
v 45.35004807 49.25708556 9.77416401
v 45.43273807 49.37449634 9.77416401
v 45.26106858 49.48920226 9.66380672
v 45.30039191 49.46292722 9.69888191
v 45.34238458 49.43486869 9.72915249
v 45.38664198 49.40529680 9.75432758
v 45.52865672 49.31040549 9.79711037
v 45.48022890 49.34276414 9.78847103
v 45.57755589 49.27773225 9.80000000
v 45.50956750 49.49582314 9.77416401
v 45.60851550 49.43651605 9.79711037
v 45.55855799 49.46645939 9.78847103
v 45.65895867 49.40628147 9.80000000
v 45.29505515 49.62439680 9.62426453
v 45.33247638 49.60196745 9.66380672
v 45.37304163 49.57765365 9.69888191
v 45.41636038 49.55168927 9.72915249
v 45.26113868 49.64472556 9.58063583
v 45.35978842 49.73866677 9.62426453
v 45.39826488 49.71810067 9.66380672
v 45.46201563 49.52432466 9.75432758
v 45.58035088 49.62077367 9.77416401
v 45.43997431 49.69580650 9.69888191
v 45.48451495 49.67199910 9.72915249
v 45.53145790 49.64690757 9.75432758
v 45.26728487 49.78811097 9.48283844
v 45.25997329 49.93111229 9.19999962
v 45.26258492 49.92987704 9.25880985
v 45.27039528 49.92618310 9.31705456
v 45.28332853 49.92006600 9.37417107
v 45.30126047 49.91158485 9.42961006
v 45.32401848 49.90082121 9.48283844
v 45.29398155 49.77384138 9.53334217
v 45.32491541 49.75730693 9.58063583
v 45.38309097 49.87288189 9.58063583
v 45.41883659 49.85597551 9.62426453
v 45.35138297 49.88787866 9.53334217
v 45.43552542 49.99117231 9.58063583
v 45.45827603 49.83732212 9.66380672
v 45.50102901 49.81710136 9.69888191
v 45.54668427 49.79550803 9.72915249
v 45.59480166 49.77275014 9.75432758
v 45.47205758 49.97604024 9.62426453
v 45.51236486 49.95934439 9.66380672
v 45.55605865 49.94124591 9.69888191
v 45.60271835 49.92191875 9.72915249
v 45.63072324 49.59384906 9.78847103
v 45.68208981 49.56639314 9.79711037
v 45.73395586 49.53867006 9.80000000
v 45.64491820 49.74904680 9.77416401
v 45.69655108 49.72462630 9.78847103
v 45.80236673 49.67457926 9.80000000
v 45.74920297 49.69972384 9.79711037
v 45.75588250 49.85847604 9.78847103
v 45.80969286 49.83618712 9.79711037
v 45.65189457 49.90154934 9.75432758
v 45.70311379 49.88033366 9.77416401
v 45.80857491 49.99507582 9.78847103
v 45.86402655 49.81368136 9.80000000
v 45.86341405 49.97545409 9.79711037
v 45.91878653 49.95564151 9.80000000
v 45.30969882 50.04329139 9.19999962
v 45.31236815 50.04218578 9.25880985
v 45.32035017 50.03887951 9.31705456
v 45.33356810 50.03340447 9.37417107
v 45.35189462 50.02581340 9.42961006
v 45.37515306 50.01617938 9.48283844
v 45.35386014 50.15777534 9.19999962
v 45.36471510 50.15389144 9.31705456
v 45.35658050 50.15680206 9.25880985
v 45.37818575 50.14907157 9.37417107
v 45.39686275 50.14238882 9.42961006
v 45.42056584 50.13390768 9.48283844
v 45.40311980 50.00459516 9.53334217
v 45.44906735 50.12370968 9.53334217
v 45.48209262 50.11189306 9.58063583
v 45.51932335 50.09857172 9.62426453
v 45.56040096 50.08387387 9.66380672
v 45.60493040 50.06794101 9.69888191
v 45.48911500 50.24493521 9.53334217
v 45.52268004 50.23475337 9.58063583
v 45.56051970 50.22327489 9.62426453
v 45.60226917 50.21061027 9.66380672
v 45.39235091 50.27428830 9.19999962
v 45.39511561 50.27344960 9.25880985
v 45.40338326 50.27094167 9.31705456
v 45.41707420 50.26678854 9.37417107
v 45.43605638 50.26103032 9.42961006
v 45.42507815 50.39254957 9.19999962
v 45.42788076 50.39184755 9.25880985
v 45.43626142 50.38974828 9.31705456
v 45.46014738 50.25372243 9.48283844
v 45.45013976 50.38627195 9.37417107
v 45.46938157 50.38145208 9.42961006
v 45.49380207 50.37533510 9.48283844
v 45.52144909 50.49845260 9.48283844
v 45.52316594 50.36797982 9.53334217
v 45.55719042 50.35945719 9.58063583
v 45.59554744 50.34984922 9.62426453
v 45.55113840 50.49254704 9.53334217
v 45.58554006 50.48570412 9.58063583
v 45.62432241 50.47798979 9.62426453
v 45.65248203 50.05092674 9.72915249
v 45.70259857 50.03299475 9.75432758
v 45.75479722 50.01431781 9.77416401
v 45.64752650 50.19688159 9.69888191
v 45.69585586 50.18222106 9.72915249
v 45.74679184 50.16676980 9.75432758
v 45.79984403 50.15067661 9.77416401
v 45.91023707 50.11718923 9.79711037
v 45.96651506 50.10011750 9.80000000
v 45.85450125 50.13409656 9.78847103
v 45.63786817 50.33924842 9.66380672
v 45.68374467 50.32775700 9.69888191
v 45.78436804 50.30255216 9.75432758
v 45.73273516 50.31548548 9.72915249
v 45.66711211 50.46947837 9.66380672
v 45.71349740 50.46025181 9.69888191
v 45.76303101 50.45039898 9.72915249
v 45.83814573 50.28908151 9.77416401
v 45.89355063 50.27520329 9.78847103
v 45.95004916 50.26105118 9.79711037
v 45.86961031 50.42919904 9.77416401
v 45.81523609 50.44001472 9.75432758
v 45.92562938 50.41805613 9.78847103
v 45.98275399 50.40669334 9.79711037
v 45.45196319 50.51227421 9.19999962
v 45.45479679 50.51171055 9.25880985
v 45.46327043 50.51002502 9.31705456
v 45.47730255 50.50723389 9.37417107
v 45.49675798 50.50336397 9.42961006
v 45.54302168 50.62277836 9.48283844
v 45.47294116 50.63317382 9.19999962
v 45.47579908 50.63274989 9.25880985
v 45.48434544 50.63148218 9.31705456
v 45.49849749 50.62938291 9.37417107
v 45.51811934 50.62647229 9.42961006
v 45.55846786 50.74801290 9.48283844
v 45.57296515 50.61833668 9.53334217
v 45.60766101 50.61319005 9.58063583
v 45.58859324 50.74504584 9.53334217
v 45.62349963 50.74160782 9.58063583
v 45.48796177 50.75495715 9.19999962
v 45.49083710 50.75467396 9.25880985
v 45.49943519 50.75382712 9.31705456
v 45.51367331 50.75242479 9.37417107
v 45.53341413 50.75048049 9.42961006
v 45.56775045 50.87385450 9.48283844
v 45.49698853 50.87733082 9.19999962
v 45.49987435 50.87718905 9.25880985
v 45.50850368 50.87676512 9.31705456
v 45.52279329 50.87606311 9.37417107
v 45.54260588 50.87508978 9.42961006
v 45.59798503 50.87236919 9.53334217
v 45.64677525 50.60738799 9.62426453
v 45.68993092 50.60098642 9.66380672
v 45.73671293 50.59404698 9.69888191
v 45.78667045 50.58663648 9.72915249
v 45.66285157 50.73773202 9.62426453
v 45.70626950 50.73345572 9.66380672
v 45.75333571 50.72882012 9.69888191
v 45.80359650 50.72386983 9.72915249
v 45.83932233 50.57882631 9.75432758
v 45.89416146 50.57069170 9.77416401
v 45.95065999 50.56231093 9.78847103
v 45.85656834 50.71865258 9.75432758
v 45.91174054 50.71321860 9.77416401
v 45.96858215 50.70762017 9.78847103
v 45.63301826 50.87064810 9.58063583
v 45.67251301 50.86870787 9.62426453
v 45.71608853 50.86656713 9.66380672
v 45.76332521 50.86424653 9.69888191
v 45.81376863 50.86176841 9.72915249
v 45.86693239 50.85915664 9.75432758
v 45.92230487 50.85643637 9.77416401
v 45.97935271 50.85363379 9.78847103
v 47.50000000 47.00000000 9.80000000
v 47.54907846 47.00080323 9.80000000
v 47.59810448 47.00321150 9.80000000
v 47.64702559 47.00722289 9.80000000
v 47.69578934 47.01283264 9.80000000
v 47.74434328 47.02003503 9.80000000
v 47.79263544 47.02882218 9.80000000
v 47.84061432 47.03918457 9.80000000
v 47.88822842 47.05111122 9.80000000
v 47.93542719 47.06458950 9.80000000
v 47.98215914 47.07960486 9.80000000
v 48.02837515 47.09614110 9.80000000
v 48.07402515 47.11418080 9.80000000
v 48.11906052 47.13370419 9.80000000
v 48.16343307 47.15469098 9.80000000
v 48.20709515 47.17711806 9.80000000
v 48.25000000 47.20096183 9.80000000
v 48.29210186 47.22619677 9.80000000
v 48.33335543 47.25279570 9.80000000
v 48.37371635 47.28073001 9.80000000
v 48.41314220 47.30996990 9.80000000
v 48.45159006 47.34048438 9.80000000
v 48.48901892 47.37224030 9.80000000
v 48.52538824 47.40520382 9.80000000
v 48.56066036 47.43933988 9.80000000
v 48.59479618 47.47461152 9.80000000
v 48.62775993 47.51098132 9.80000000
v 48.65951586 47.54841018 9.80000000
v 48.69003010 47.58685780 9.80000000
v 48.71927023 47.62628341 9.80000000
v 48.74720430 47.66664457 9.80000000
v 48.77380323 47.70789814 9.80000000
v 48.79903793 47.75000000 9.80000000
v 48.82288170 47.79290485 9.80000000
v 48.84530926 47.83656693 9.80000000
v 48.86629581 47.88093948 9.80000000
v 48.88581944 47.92597485 9.80000000
v 48.90385866 47.97162485 9.80000000
v 47.50000000 47.00000000 12.19999962
v 47.54907846 47.00080323 12.19999962
v 47.59810448 47.00321150 12.19999962
v 47.64702559 47.00722289 12.19999962
v 47.69578934 47.01283264 12.19999962
v 47.74434328 47.02003503 12.19999962
v 47.79263544 47.02882218 12.19999962
v 47.84061432 47.03918457 12.19999962
v 47.88822842 47.05111122 12.19999962
v 47.93542719 47.06458950 12.19999962
v 47.98215914 47.07960486 12.19999962
v 48.02837515 47.09614110 12.19999962
v 48.07402515 47.11418080 12.19999962
v 48.11906052 47.13370419 12.19999962
v 48.16343307 47.15469098 12.19999962
v 48.20709515 47.17711806 12.19999962
v 48.25000000 47.20096183 12.19999962
v 48.29210186 47.22619677 12.19999962
v 48.33335543 47.25279570 12.19999962
v 48.37371635 47.28073001 12.19999962
v 48.41314220 47.30996990 12.19999962
v 48.45159006 47.34048438 12.19999962
v 48.48901892 47.37224030 12.19999962
v 48.52538824 47.40520382 12.19999962
v 48.56066036 47.43933988 12.19999962
v 48.59479618 47.47461152 12.19999962
v 48.62775993 47.51098132 12.19999962
v 48.65951586 47.54841018 12.19999962
v 48.69003010 47.58685780 12.19999962
v 48.71927023 47.62628341 12.19999962
v 48.74720430 47.66664457 12.19999962
v 48.77380323 47.70789814 12.19999962
v 48.79903793 47.75000000 12.19999962
v 48.82288170 47.79290485 12.19999962
v 48.84530926 47.83656693 12.19999962
v 48.86629581 47.88093948 12.19999962
v 48.88581944 47.92597485 12.19999962
v 48.90385866 47.97162485 12.19999962
v 48.92039537 48.01784086 9.80000000
v 48.93541050 48.06457305 9.80000000
v 48.94888878 48.11177135 9.80000000
v 48.96081543 48.15938568 9.80000000
v 48.97117805 48.20736456 9.80000000
v 48.97996521 48.25565672 9.80000000
v 48.98716736 48.30421066 9.80000000
v 48.99277687 48.35297418 9.80000000
v 48.99678850 48.40189528 9.80000000
v 48.99919701 48.45092130 9.80000000
v 49.00000000 48.50000000 9.80000000
v 48.92039537 48.01784086 12.19999962
v 48.93541050 48.06457305 12.19999962
v 48.94888878 48.11177135 12.19999962
v 48.96081543 48.15938568 12.19999962
v 48.97117805 48.20736456 12.19999962
v 48.97996521 48.25565672 12.19999962
v 48.98716736 48.30421066 12.19999962
v 48.99277687 48.35297418 12.19999962
v 48.99678850 48.40189528 12.19999962
v 48.99919701 48.45092130 12.19999962
v 49.00000000 48.50000000 12.19999962
v 46.00709677 50.24676144 9.80000000
v 46.04043436 50.39521998 9.80000000
v 46.00827336 50.55376479 9.79711037
v 46.06644726 50.54513553 9.80000000
v 46.02654552 50.70191127 9.79711037
v 46.08507276 50.69614688 9.80000000
v 46.03752637 50.85077590 9.79711037
v 46.09626603 50.84789021 9.80000000
v 43.00000000 51.00000000 0.00000000
v 43.70746869 52.97724259 0.00000000
v 44.48492420 52.48492420 0.00000000
v 43.80363518 52.94014704 0.00000000
v 43.89786571 52.89837754 0.00000000
v 43.98993313 52.85203469 0.00000000
v 44.07961571 52.80123007 0.00000000
v 44.16669750 52.74608624 0.00000000
v 44.25096858 52.68673587 0.00000000
v 44.33222592 52.62332201 0.00000000
v 44.41027379 52.55599737 0.00000000
v 45.09999990 51.00000000 0.00000000
v 45.09747052 51.10304212 0.00000000
v 45.08988786 51.20583600 0.00000000
v 45.05964899 51.40968966 0.00000000
v 45.07727075 51.30813399 0.00000000
v 44.85203469 51.98993313 0.00000000
v 45.03706574 51.51025838 0.00000000
v 45.00957465 51.60959780 0.00000000
v 44.97724259 51.70746869 0.00000000
v 44.94014704 51.80363518 0.00000000
v 44.89837754 51.89786571 0.00000000
v 45.50000000 51.00000000 0.49999999
v 45.49698853 51.12266918 0.49999999
v 45.48796177 51.24504285 0.49999999
v 45.47294116 51.36682618 0.49999999
v 45.45196319 51.48772579 0.49999999
v 45.42507815 51.60745043 0.49999999
v 45.39235091 51.72571170 0.49999999
v 45.35386014 51.84222466 0.49999999
v 45.30969882 51.95670861 0.49999999
v 44.80123007 52.07961571 0.00000000
v 44.74608624 52.16669750 0.00000000
v 44.68673587 52.25096858 0.00000000
v 44.62332201 52.33222592 0.00000000
v 44.55599737 52.41027379 0.00000000
v 45.20480323 52.17849183 0.49999999
v 45.00801873 52.48924828 0.49999999
v 45.14432144 52.28525686 0.49999999
v 45.07867408 52.38892555 0.49999999
v 44.85237777 52.67889738 0.49999999
v 44.67889738 52.85237777 0.49999999
v 44.58598316 52.93252611 0.49999999
v 44.76776695 52.76776695 0.49999999
v 44.93252611 52.58598316 0.49999999
v 45.25997329 52.06888771 0.49999999
v 43.00000000 53.09999990 0.00000000
v 43.10304212 53.09747052 0.00000000
v 43.20583600 53.08988786 0.00000000
v 43.30813399 53.07727075 0.00000000
v 43.12266918 53.49698853 0.49999999
v 43.24504285 53.48796177 0.49999999
v 43.36682618 53.47294116 0.49999999
v 43.40968966 53.05964899 0.00000000
v 43.51025838 53.03706574 0.00000000
v 43.60959780 53.00957465 0.00000000
v 43.48772579 53.45196319 0.49999999
v 43.60745043 53.42507815 0.49999999
v 43.72571170 53.39235091 0.49999999
v 43.00000000 53.50000000 0.49999999
v 43.84222466 53.35386014 0.49999999
v 43.95670861 53.30969882 0.49999999
v 44.06888771 53.25997329 0.49999999
v 44.17849183 53.20480323 0.49999999
v 44.28525686 53.14432144 0.49999999
v 44.38892555 53.07867408 0.49999999
v 44.48924828 53.00801873 0.49999999
v 43.51999998 51.00000000 11.80000000
v 43.52059948 51.01831288 11.80000000
v 43.52239543 51.03654733 11.80000000
v 43.52538013 51.05462529 11.80000000
v 43.52954078 51.07246933 11.80000000
v 43.53485954 51.09000305 11.80000000
v 43.54131371 51.10715136 11.80000000
v 43.54887563 51.12384083 11.80000000
v 43.55751288 51.14000000 11.80000000
v 43.56718850 51.15555966 11.80000000
v 43.57786107 51.17045321 11.80000000
v 43.58948487 51.18461683 11.80000000
v 43.60201013 51.19798990 11.80000000
v 43.61538315 51.21051514 11.80000000
v 43.62954682 51.22213894 11.80000000
v 43.64444035 51.23281150 11.80000000
v 43.66000003 51.24248712 11.80000000
v 43.51999998 51.00000000 12.19999962
v 43.52059948 51.01831288 12.19999962
v 43.52239543 51.03654733 12.19999962
v 43.52538013 51.05462529 12.19999962
v 43.52954078 51.07246933 12.19999962
v 43.53485954 51.09000305 12.19999962
v 43.54131371 51.10715136 12.19999962
v 43.54887563 51.12384083 12.19999962
v 43.55751288 51.14000000 12.19999962
v 43.56718850 51.15555966 12.19999962
v 43.57786107 51.17045321 12.19999962
v 43.58948487 51.18461683 12.19999962
v 43.60201013 51.19798990 12.19999962
v 43.61538315 51.21051514 12.19999962
v 43.62954682 51.22213894 12.19999962
v 43.64444035 51.23281150 12.19999962
v 43.66000003 51.24248712 12.19999962
v 43.67615914 51.25112438 11.80000000
v 43.69284862 51.25868627 11.80000000
v 43.70999694 51.26514044 11.80000000
v 43.72753066 51.27045923 11.80000000
v 43.74537474 51.27461988 11.80000000
v 43.67615914 51.25112438 12.19999962
v 43.69284862 51.25868627 12.19999962
v 43.70999694 51.26514044 12.19999962
v 43.72753066 51.27045923 12.19999962
v 43.74537474 51.27461988 12.19999962
v 44.07760453 51.03654733 11.80000000
v 44.07461989 51.05462529 11.80000000
v 44.08000004 51.00000000 11.80000000
v 44.07940054 51.01831288 11.80000000
v 44.07045925 51.07246933 11.80000000
v 44.06514049 51.09000305 11.80000000
v 44.05112433 51.12384083 11.80000000
v 44.05868626 51.10715136 11.80000000
v 44.02213895 51.17045321 11.80000000
v 44.01051509 51.18461683 11.80000000
v 43.95555967 51.23281150 11.80000000
v 43.94000000 51.24248712 11.80000000
v 43.97045320 51.22213894 11.80000000
v 43.99798989 51.19798990 11.80000000
v 43.98461682 51.21051514 11.80000000
v 44.04248714 51.14000000 11.80000000
v 44.03281152 51.15555966 11.80000000
v 44.07760453 51.03654733 12.19999962
v 44.07461989 51.05462529 12.19999962
v 44.08000004 51.00000000 12.19999962
v 44.07940054 51.01831288 12.19999962
v 44.07045925 51.07246933 12.19999962
v 44.06514049 51.09000305 12.19999962
v 44.05112433 51.12384083 12.19999962
v 44.05868626 51.10715136 12.19999962
v 44.02213895 51.17045321 12.19999962
v 44.01051509 51.18461683 12.19999962
v 43.95555967 51.23281150 12.19999962
v 43.94000000 51.24248712 12.19999962
v 43.97045320 51.22213894 12.19999962
v 43.99798989 51.19798990 12.19999962
v 43.98461682 51.21051514 12.19999962
v 44.04248714 51.14000000 12.19999962
v 44.03281152 51.15555966 12.19999962
v 43.76345265 51.27760455 11.80000000
v 43.78168714 51.27940050 11.80000000
v 43.80000001 51.28000000 11.80000000
v 43.81831288 51.27940050 11.80000000
v 43.83654732 51.27760455 11.80000000
v 43.85462528 51.27461988 11.80000000
v 43.89000303 51.26514044 11.80000000
v 43.87246931 51.27045923 11.80000000
v 43.90715134 51.25868627 11.80000000
v 43.92384082 51.25112438 11.80000000
v 43.76345265 51.27760455 12.19999962
v 43.78168714 51.27940050 12.19999962
v 43.80000001 51.28000000 12.19999962
v 43.81831288 51.27940050 12.19999962
v 43.83654732 51.27760455 12.19999962
v 43.85462528 51.27461988 12.19999962
v 43.89000303 51.26514044 12.19999962
v 43.87246931 51.27045923 12.19999962
v 43.90715134 51.25868627 12.19999962
v 43.92384082 51.25112438 12.19999962
v 45.50000000 51.00000000 9.19999962
v 45.50288916 51.00000000 9.25880985
v 45.51152873 51.00000000 9.31705456
v 45.49698853 51.12266918 9.19999962
v 45.49987435 51.12281095 9.25880985
v 45.50850368 51.12323488 9.31705456
v 45.52583575 51.00000000 9.37417107
v 45.52279329 51.12393689 9.37417107
v 45.54567218 51.00000000 9.42961006
v 45.57084727 51.00000000 9.48283844
v 45.54260588 51.12491022 9.42961006
v 45.48796177 51.24504285 9.19999962
v 45.49083710 51.24532604 9.25880985
v 45.49943519 51.24617288 9.31705456
v 45.51367331 51.24757521 9.37417107
v 45.56775045 51.12614550 9.48283844
v 45.53341413 51.24951951 9.42961006
v 45.60111833 51.00000000 9.53334217
v 45.59798503 51.12763081 9.53334217
v 45.47294116 51.36682618 9.19999962
v 45.47579908 51.36725011 9.25880985
v 45.48434544 51.36851782 9.31705456
v 45.49849749 51.37061709 9.37417107
v 45.51811934 51.37352771 9.42961006
v 45.55846786 51.25198710 9.48283844
v 45.45196319 51.48772579 9.19999962
v 45.45479679 51.48828945 9.25880985
v 45.46327043 51.48997498 9.31705456
v 45.47730255 51.49276611 9.37417107
v 45.49675798 51.49663603 9.42961006
v 45.54302168 51.37722164 9.48283844
v 45.58859324 51.25495416 9.53334217
v 45.62349963 51.25839218 9.58063583
v 45.57296515 51.38166332 9.53334217
v 45.60766101 51.38680995 9.58063583
v 45.63619375 51.00000000 9.58063583
v 45.67573595 51.00000000 9.62426453
v 45.71936393 51.00000000 9.66380672
v 45.76665783 51.00000000 9.69888191
v 45.63301826 51.12935190 9.58063583
v 45.67251301 51.13129213 9.62426453
v 45.71608853 51.13343287 9.66380672
v 45.76332521 51.13575347 9.69888191
v 45.81716204 51.00000000 9.72915249
v 45.87038994 51.00000000 9.75432758
v 45.92582917 51.00000000 9.77416401
v 45.98294592 51.00000000 9.78847103
v 45.81376863 51.13823159 9.72915249
v 45.86693239 51.14084336 9.75432758
v 45.92230487 51.14356363 9.77416401
v 45.97935271 51.14636621 9.78847103
v 45.66285157 51.26226798 9.62426453
v 45.70626950 51.26654428 9.66380672
v 45.75333571 51.27117988 9.69888191
v 45.80359650 51.27613017 9.72915249
v 45.64677525 51.39261201 9.62426453
v 45.68993092 51.39901358 9.66380672
v 45.73671293 51.40595302 9.69888191
v 45.78667045 51.41336352 9.72915249
v 45.85656834 51.28134742 9.75432758
v 45.91174054 51.28678140 9.77416401
v 45.96858215 51.29237983 9.78847103
v 45.83932233 51.42117369 9.75432758
v 45.89416146 51.42930830 9.77416401
v 45.95065999 51.43768907 9.78847103
v 45.42507815 51.60745043 9.19999962
v 45.42788076 51.60815245 9.25880985
v 45.43626142 51.61025172 9.31705456
v 45.39235091 51.72571170 9.19999962
v 45.39511561 51.72655040 9.25880985
v 45.40338326 51.72905833 9.31705456
v 45.41707420 51.73321146 9.37417107
v 45.43605638 51.73896968 9.42961006
v 45.52144909 51.50154740 9.48283844
v 45.45013976 51.61372805 9.37417107
v 45.46938157 51.61854792 9.42961006
v 45.49380207 51.62466490 9.48283844
v 45.46014738 51.74627757 9.48283844
v 45.55113840 51.50745296 9.53334217
v 45.58554006 51.51429588 9.58063583
v 45.62432241 51.52201021 9.62426453
v 45.52316594 51.63202018 9.53334217
v 45.55719042 51.64054281 9.58063583
v 45.59554744 51.65015078 9.62426453
v 45.35386014 51.84222466 9.19999962
v 45.35658050 51.84319794 9.25880985
v 45.36471510 51.84610856 9.31705456
v 45.37818575 51.85092843 9.37417107
v 45.39686275 51.85761118 9.42961006
v 45.42056584 51.86609232 9.48283844
v 45.30969882 51.95670861 9.19999962
v 45.31236815 51.95781422 9.25880985
v 45.32035017 51.96112049 9.31705456
v 45.33356810 51.96659553 9.37417107
v 45.35189462 51.97418660 9.42961006
v 45.37515306 51.98382062 9.48283844
v 45.40311980 51.99540484 9.53334217
v 45.48911500 51.75506479 9.53334217
v 45.52268004 51.76524663 9.58063583
v 45.56051970 51.77672511 9.62426453
v 45.60226917 51.78938973 9.66380672
v 45.44906735 51.87629032 9.53334217
v 45.48209262 51.88810694 9.58063583
v 45.51932335 51.90142828 9.62426453
v 45.56040096 51.91612613 9.66380672
v 45.60493040 51.93205899 9.69888191
v 45.66711211 51.53052163 9.66380672
v 45.71349740 51.53974819 9.69888191
v 45.76303101 51.54960102 9.72915249
v 45.63786817 51.66075158 9.66380672
v 45.68374467 51.67224300 9.69888191
v 45.73273516 51.68451452 9.72915249
v 45.78436804 51.69744784 9.75432758
v 45.81523609 51.55998528 9.75432758
v 45.86961031 51.57080096 9.77416401
v 45.92562938 51.58194387 9.78847103
v 45.98275399 51.59330666 9.79711037
v 45.83814573 51.71091849 9.77416401
v 45.89355063 51.72479671 9.78847103
v 45.95004916 51.73894882 9.79711037
v 45.64752650 51.80311841 9.69888191
v 45.69585586 51.81777894 9.72915249
v 45.74679184 51.83323020 9.75432758
v 45.79984403 51.84932339 9.77416401
v 45.65248203 51.94907326 9.72915249
v 45.70259857 51.96700525 9.75432758
v 45.75479722 51.98568219 9.77416401
v 45.85450125 51.86590344 9.78847103
v 45.91023707 51.88281077 9.79711037
v 45.96651506 51.89988250 9.80000000
v 45.20480323 52.17849183 9.19999962
v 45.20735121 52.17985380 9.25880985
v 45.21497059 52.18392646 9.31705456
v 45.22758842 52.19067073 9.37417107
v 45.24508262 52.20002162 9.42961006
v 45.00801873 52.48924828 9.19999962
v 45.01033950 52.49096930 9.25880985
v 45.01727891 52.49611592 9.31705456
v 45.14432144 52.28525686 9.19999962
v 45.14679956 52.28674221 9.25880985
v 45.15421009 52.29118383 9.31705456
v 45.16648173 52.29853916 9.37417107
v 45.18349600 52.30873716 9.42961006
v 45.20508933 52.32167959 9.48283844
v 45.07867408 52.38892555 9.19999962
v 45.08107638 52.39053071 9.25880985
v 45.08825994 52.39533067 9.31705456
v 45.10015583 52.40327919 9.37417107
v 45.11664915 52.41429973 9.42961006
v 45.13758135 52.42828619 9.48283844
v 45.23105359 52.33724201 9.53334217
v 45.16275072 52.44510388 9.53334217
v 45.19191504 52.46459079 9.58063583
v 45.22479320 52.48655927 9.62426453
v 44.85237777 52.67889738 9.19999962
v 44.85451853 52.68083763 9.25880985
v 44.86092007 52.68663967 9.31705456
v 44.87152088 52.69624770 9.37417107
v 44.67889738 52.85237777 9.19999962
v 44.68083763 52.85451853 9.25880985
v 44.68663967 52.86092007 9.31705456
v 44.58598316 52.93252611 9.19999962
v 44.58781612 52.93475950 9.25880985
v 44.59329700 52.94143808 9.31705456
v 44.60237324 52.95249748 9.37417107
v 44.61495745 52.96783125 9.42961006
v 44.63092828 52.98729181 9.48283844
v 44.76776695 52.76776695 9.19999962
v 44.76980984 52.76980984 9.25880985
v 44.77591908 52.77591908 9.31705456
v 44.69624770 52.87152088 9.37417107
v 44.78603566 52.78603566 9.37417107
v 44.80006218 52.80006218 9.42961006
v 44.81786346 52.81786346 9.48283844
v 44.70956898 52.88621879 9.42961006
v 44.72647548 52.90487218 9.48283844
v 44.83926833 52.83926833 9.53334217
v 44.86407042 52.86407042 9.58063583
v 44.74680424 52.92730153 9.53334217
v 44.77035952 52.95329070 9.58063583
v 44.79691446 52.98258960 9.62426453
v 44.93252611 52.58598316 9.19999962
v 44.93475950 52.58781612 9.25880985
v 44.94143808 52.59329700 9.31705456
v 44.95249748 52.60237324 9.37417107
v 44.96783125 52.61495745 9.42961006
v 45.02877045 52.50463867 9.37417107
v 45.04470325 52.51645517 9.42961006
v 44.88621879 52.70956898 9.42961006
v 44.90487218 52.72647548 9.48283844
v 44.98729181 52.63092828 9.48283844
v 45.06492376 52.53145194 9.48283844
v 44.92730153 52.74680424 9.53334217
v 45.01069164 52.65013194 9.53334217
v 45.03780532 52.67238355 9.58063583
v 45.08923769 52.54948437 9.53334217
v 45.11741066 52.57037878 9.58063583
v 45.14917135 52.59393406 9.62426453
v 45.18421364 52.61992323 9.66380672
v 45.06837177 52.69746888 9.62426453
v 45.10209680 52.72514629 9.66380672
v 45.22220039 52.64809620 9.69888191
v 44.95329070 52.77035952 9.58063583
v 44.98258960 52.79691446 9.62426453
v 45.01491594 52.82621324 9.66380672
v 45.04995823 52.85797381 9.69888191
v 44.89203107 52.89203107 9.62426453
v 44.92288077 52.92288077 9.66380672
v 44.95632255 52.95632255 9.69888191
v 44.99203432 52.99203432 9.72915249
v 45.13865542 52.75514913 9.69888191
v 45.17769575 52.78718865 9.72915249
v 45.21884131 52.82095611 9.75432758
v 45.08737922 52.89189029 9.72915249
v 45.12681866 52.92763603 9.75432758
v 45.16789651 52.96486676 9.77416401
v 45.25997329 52.06888771 9.19999962
v 45.26258492 52.07012296 9.25880985
v 45.27039528 52.07381690 9.31705456
v 45.28332853 52.07993400 9.37417107
v 45.30126047 52.08841515 9.42961006
v 45.32401848 52.09917879 9.48283844
v 45.26728487 52.21188903 9.48283844
v 45.43552542 52.00882769 9.58063583
v 45.35138297 52.11212134 9.53334217
v 45.29398155 52.22615862 9.53334217
v 45.32491541 52.24269307 9.58063583
v 45.38309097 52.12711811 9.58063583
v 45.41883659 52.14402449 9.62426453
v 45.47205758 52.02395976 9.62426453
v 45.51236486 52.04065561 9.66380672
v 45.55605865 52.05875409 9.69888191
v 45.60271835 52.07808125 9.72915249
v 45.45827603 52.16267788 9.66380672
v 45.50102901 52.18289864 9.69888191
v 45.54668427 52.20449197 9.72915249
v 45.59480166 52.22724986 9.75432758
v 45.26113868 52.35527444 9.58063583
v 45.35978842 52.26133323 9.62426453
v 45.39826488 52.28189933 9.66380672
v 45.29505515 52.37560320 9.62426453
v 45.33247638 52.39803255 9.66380672
v 45.37304163 52.42234635 9.69888191
v 45.41636038 52.44831073 9.72915249
v 45.43997431 52.30419350 9.69888191
v 45.48451495 52.32800090 9.72915249
v 45.53145790 52.35309243 9.75432758
v 45.46201563 52.47567534 9.75432758
v 45.58035088 52.37922633 9.77416401
v 45.65189457 52.09845066 9.75432758
v 45.70311379 52.11966634 9.77416401
v 45.80857491 52.00492418 9.78847103
v 45.75588250 52.14152396 9.78847103
v 45.80969286 52.16381288 9.79711037
v 45.86341405 52.02454591 9.79711037
v 45.91878653 52.04435849 9.80000000
v 45.86402655 52.18631864 9.80000000
v 45.64491820 52.25095320 9.77416401
v 45.69655108 52.27537370 9.78847103
v 45.74920297 52.30027616 9.79711037
v 45.80236673 52.32542074 9.80000000
v 45.63072324 52.40615094 9.78847103
v 45.68208981 52.43360686 9.79711037
v 45.73395586 52.46132994 9.80000000
v 45.26106858 52.51079774 9.66380672
v 45.30039191 52.53707278 9.69888191
v 45.34238458 52.56513131 9.72915249
v 45.38664198 52.59470320 9.75432758
v 45.26276565 52.67818141 9.72915249
v 45.30551887 52.70988929 9.75432758
v 45.43273807 52.62550366 9.77416401
v 45.35004807 52.74291444 9.77416401
v 45.50956750 52.50417686 9.77416401
v 45.55855799 52.53354061 9.78847103
v 45.60851550 52.56348395 9.79711037
v 45.48022890 52.65723586 9.78847103
v 45.52865672 52.68959451 9.79711037
v 45.57755589 52.72226775 9.80000000
v 45.26169658 52.85612643 9.77416401
v 45.39592457 52.77693880 9.78847103
v 45.30584836 52.89236081 9.78847103
v 45.35087132 52.92931032 9.79711037
v 45.39633250 52.96661913 9.80000000
v 45.44270658 52.81163454 9.79711037
v 45.48994327 52.84666789 9.80000000
v 45.65895867 52.59371853 9.80000000
v 43.12266918 53.49698853 9.19999962
v 43.12281095 53.49987435 9.25880985
v 43.24504285 53.48796177 9.19999962
v 43.24532604 53.49083710 9.25880985
v 43.24617288 53.49943519 9.31705456
v 43.36682618 53.47294116 9.19999962
v 43.36725011 53.47579908 9.25880985
v 43.36851782 53.48434544 9.31705456
v 43.37061709 53.49849749 9.37417107
v 43.48772579 53.45196319 9.19999962
v 43.48828945 53.45479679 9.25880985
v 43.48997498 53.46327043 9.31705456
v 43.49276611 53.47730255 9.37417107
v 43.49663603 53.49675798 9.42961006
v 43.60745043 53.42507815 9.19999962
v 43.60815245 53.42788076 9.25880985
v 43.61025172 53.43626142 9.31705456
v 43.72571170 53.39235091 9.19999962
v 43.72655040 53.39511561 9.25880985
v 43.72905833 53.40338326 9.31705456
v 43.61372805 53.45013976 9.37417107
v 43.61854792 53.46938157 9.42961006
v 43.62466490 53.49380207 9.48283844
v 43.73321146 53.41707420 9.37417107
v 43.73896968 53.43605638 9.42961006
v 43.74627757 53.46014738 9.48283844
v 43.00000000 53.50000000 9.19999962
v 43.00000000 53.50288916 9.25880985
v 43.00000000 53.51152873 9.31705456
v 43.12323488 53.50850368 9.31705456
v 43.00000000 53.52583575 9.37417107
v 43.00000000 53.54567218 9.42961006
v 43.00000000 53.57084727 9.48283844
v 43.12393689 53.52279329 9.37417107
v 43.12491022 53.54260588 9.42961006
v 43.12614550 53.56775045 9.48283844
v 43.24757521 53.51367331 9.37417107
v 43.24951951 53.53341413 9.42961006
v 43.25198710 53.55846786 9.48283844
v 43.37352771 53.51811934 9.42961006
v 43.00000000 53.60111833 9.53334217
v 43.12763081 53.59798503 9.53334217
v 43.00000000 53.63619375 9.58063583
v 43.00000000 53.67573595 9.62426453
v 43.00000000 53.71936393 9.66380672
v 43.12935190 53.63301826 9.58063583
v 43.13129213 53.67251301 9.62426453
v 43.13343287 53.71608853 9.66380672
v 43.25495416 53.58859324 9.53334217
v 43.25839218 53.62349963 9.58063583
v 43.26226798 53.66285157 9.62426453
v 43.26654428 53.70626950 9.66380672
v 43.00000000 53.76665783 9.69888191
v 43.13575347 53.76332521 9.69888191
v 43.00000000 53.81716204 9.72915249
v 43.00000000 53.87038994 9.75432758
v 43.13823159 53.81376863 9.72915249
v 43.14084336 53.86693239 9.75432758
v 43.00000000 53.92582917 9.77416401
v 43.00000000 53.98294592 9.78847103
v 43.14356363 53.92230487 9.77416401
v 43.14636621 53.97935271 9.78847103
v 43.27117988 53.75333571 9.69888191
v 43.27613017 53.80359650 9.72915249
v 43.28134742 53.85656834 9.75432758
v 43.28678140 53.91174054 9.77416401
v 43.29237983 53.96858215 9.78847103
v 43.37722164 53.54302168 9.48283844
v 43.50154740 53.52144909 9.48283844
v 43.38166332 53.57296515 9.53334217
v 43.38680995 53.60766101 9.58063583
v 43.50745296 53.55113840 9.53334217
v 43.51429588 53.58554006 9.58063583
v 43.52201021 53.62432241 9.62426453
v 43.39261201 53.64677525 9.62426453
v 43.39901358 53.68993092 9.66380672
v 43.40595302 53.73671293 9.69888191
v 43.53052163 53.66711211 9.66380672
v 43.53974819 53.71349740 9.69888191
v 43.63202018 53.52316594 9.53334217
v 43.64054281 53.55719042 9.58063583
v 43.65015078 53.59554744 9.62426453
v 43.66075158 53.63786817 9.66380672
v 43.67224300 53.68374467 9.69888191
v 43.68451452 53.73273516 9.72915249
v 43.41336352 53.78667045 9.72915249
v 43.42117369 53.83932233 9.75432758
v 43.54960102 53.76303101 9.72915249
v 43.55998528 53.81523609 9.75432758
v 43.42930830 53.89416146 9.77416401
v 43.43768907 53.95065999 9.78847103
v 43.57080096 53.86961031 9.77416401
v 43.69744784 53.78436804 9.75432758
v 43.71091849 53.83814573 9.77416401
v 43.58194387 53.92562938 9.78847103
v 43.59330666 53.98275399 9.79711037
v 43.72479671 53.89355063 9.78847103
v 43.73894882 53.95004916 9.79711037
v 43.84222466 53.35386014 9.19999962
v 43.84319794 53.35658050 9.25880985
v 43.84610856 53.36471510 9.31705456
v 43.85092843 53.37818575 9.37417107
v 43.85761118 53.39686275 9.42961006
v 43.86609232 53.42056584 9.48283844
v 43.95670861 53.30969882 9.19999962
v 43.95781422 53.31236815 9.25880985
v 43.96112049 53.32035017 9.31705456
v 44.06888771 53.25997329 9.19999962
v 44.07012296 53.26258492 9.25880985
v 44.07381690 53.27039528 9.31705456
v 43.96659553 53.33356810 9.37417107
v 43.97418660 53.35189462 9.42961006
v 44.07993400 53.28332853 9.37417107
v 44.08841515 53.30126047 9.42961006
v 44.09917879 53.32401848 9.48283844
v 43.98382062 53.37515306 9.48283844
v 43.75506479 53.48911500 9.53334217
v 43.87629032 53.44906735 9.53334217
v 43.88810694 53.48209262 9.58063583
v 44.11212134 53.35138297 9.53334217
v 43.99540484 53.40311980 9.53334217
v 44.00882769 53.43552542 9.58063583
v 44.02395976 53.47205758 9.62426453
v 44.17849183 53.20480323 9.19999962
v 44.17985380 53.20735121 9.25880985
v 44.18392646 53.21497059 9.31705456
v 44.28525686 53.14432144 9.19999962
v 44.28674221 53.14679956 9.25880985
v 44.29118383 53.15421009 9.31705456
v 44.19067073 53.22758842 9.37417107
v 44.20002162 53.24508262 9.42961006
v 44.29853916 53.16648173 9.37417107
v 44.30873716 53.18349600 9.42961006
v 44.38892555 53.07867408 9.19999962
v 44.39053071 53.08107638 9.25880985
v 44.39533067 53.08825994 9.31705456
v 44.48924828 53.00801873 9.19999962
v 44.49096930 53.01033950 9.25880985
v 44.49611592 53.01727891 9.31705456
v 44.40327919 53.10015583 9.37417107
v 44.41429973 53.11664915 9.42961006
v 44.32167959 53.20508933 9.48283844
v 44.42828619 53.13758135 9.48283844
v 44.33724201 53.23105359 9.53334217
v 44.44510388 53.16275072 9.53334217
v 44.46459079 53.19191504 9.58063583
v 44.48655927 53.22479320 9.62426453
v 44.21188903 53.26728487 9.48283844
v 44.22615862 53.29398155 9.53334217
v 44.24269307 53.32491541 9.58063583
v 44.26133323 53.35978842 9.62426453
v 44.12711811 53.38309097 9.58063583
v 44.14402449 53.41883659 9.62426453
v 44.16267788 53.45827603 9.66380672
v 44.28189933 53.39826488 9.66380672
v 44.30419350 53.43997431 9.69888191
v 44.35527444 53.26113868 9.58063583
v 44.37560320 53.29505515 9.62426453
v 44.39803255 53.33247638 9.66380672
v 44.42234635 53.37304163 9.69888191
v 44.32800090 53.48451495 9.72915249
v 44.44831073 53.41636038 9.72915249
v 44.47567534 53.46201563 9.75432758
v 43.76524663 53.52268004 9.58063583
v 43.77672511 53.56051970 9.62426453
v 43.78938973 53.60226917 9.66380672
v 43.90142828 53.51932335 9.62426453
v 43.91612613 53.56040096 9.66380672
v 43.93205899 53.60493040 9.69888191
v 43.80311841 53.64752650 9.69888191
v 43.81777894 53.69585586 9.72915249
v 43.83323020 53.74679184 9.75432758
v 44.04065561 53.51236486 9.66380672
v 44.05875409 53.55605865 9.69888191
v 44.07808125 53.60271835 9.72915249
v 43.94907326 53.65248203 9.72915249
v 43.96700525 53.70259857 9.75432758
v 44.09845066 53.65189457 9.75432758
v 44.11966634 53.70311379 9.77416401
v 43.84932339 53.79984403 9.77416401
v 43.86590344 53.85450125 9.78847103
v 43.88281077 53.91023707 9.79711037
v 43.89988250 53.96651506 9.80000000
v 43.98568219 53.75479722 9.77416401
v 44.00492418 53.80857491 9.78847103
v 44.02454591 53.86341405 9.79711037
v 44.04435849 53.91878653 9.80000000
v 44.18289864 53.50102901 9.69888191
v 44.20449197 53.54668427 9.72915249
v 44.22724986 53.59480166 9.75432758
v 44.25095320 53.64491820 9.77416401
v 44.27537370 53.69655108 9.78847103
v 44.30027616 53.74920297 9.79711037
v 44.35309243 53.53145790 9.75432758
v 44.37922633 53.58035088 9.77416401
v 44.40615094 53.63072324 9.78847103
v 44.43360686 53.68208981 9.79711037
v 44.46132994 53.73395586 9.80000000
v 44.14152396 53.75588250 9.78847103
v 44.16381288 53.80969286 9.79711037
v 44.18631864 53.86402655 9.80000000
v 44.32542074 53.80236673 9.80000000
v 43.00000000 54.04118967 9.79711037
v 43.00000000 54.09999990 9.80000000
v 43.14922410 54.03752637 9.79711037
v 43.15210979 54.09626603 9.80000000
v 43.29808873 54.02654552 9.79711037
v 43.30385312 54.08507276 9.80000000
v 43.44623521 54.00827336 9.79711037
v 43.45486447 54.06644726 9.80000000
v 43.60478002 54.04043436 9.80000000
v 43.75323856 54.00709677 9.80000000
v 44.50463867 53.02877045 9.37417107
v 44.51645517 53.04470325 9.42961006
v 44.53145194 53.06492376 9.48283844
v 44.54948437 53.08923769 9.53334217
v 44.57037878 53.11741066 9.58063583
v 44.65013194 53.01069164 9.53334217
v 44.67238355 53.03780532 9.58063583
v 44.59393406 53.14917135 9.62426453
v 44.61992323 53.18421364 9.66380672
v 44.64809620 53.22220039 9.69888191
v 44.69746888 53.06837177 9.62426453
v 44.72514629 53.10209680 9.66380672
v 44.82621324 53.01491594 9.66380672
v 44.85797381 53.04995823 9.69888191
v 44.75514913 53.13865542 9.69888191
v 44.78718865 53.17769575 9.72915249
v 44.82095611 53.21884131 9.75432758
v 44.51079774 53.26106858 9.66380672
v 44.53707278 53.30039191 9.69888191
v 44.56513131 53.34238458 9.72915249
v 44.67818141 53.26276565 9.72915249
v 44.59470320 53.38664198 9.75432758
v 44.62550366 53.43273807 9.77416401
v 44.65723586 53.48022890 9.78847103
v 44.70988929 53.30551887 9.75432758
v 44.74291444 53.35004807 9.77416401
v 44.85612643 53.26169658 9.77416401
v 44.77693880 53.39592457 9.78847103
v 44.81163454 53.44270658 9.79711037
v 44.84666789 53.48994327 9.80000000
v 44.89189029 53.08737922 9.72915249
v 45.02967215 53.02967215 9.75432758
v 44.92763603 53.12681866 9.75432758
v 44.96486676 53.16789651 9.77416401
v 45.00322390 53.21021700 9.78847103
v 45.06887364 53.06887364 9.77416401
v 45.10926127 53.10926127 9.78847103
v 45.21021700 53.00322390 9.78847103
v 45.15044594 53.15044594 9.79711037
v 45.19203091 53.19203091 9.80000000
v 44.89236081 53.30584836 9.78847103
v 44.92931032 53.35087132 9.79711037
v 45.04233813 53.25337291 9.79711037
v 44.96661913 53.39633250 9.80000000
v 45.08183265 53.29694843 9.80000000
v 44.50417686 53.50956750 9.77416401
v 44.53354061 53.55855799 9.78847103
v 44.56348395 53.60851550 9.79711037
v 44.59371853 53.65895867 9.80000000
v 44.68959451 53.52865672 9.79711037
v 44.72226775 53.57755589 9.80000000
v 45.25337291 53.04233813 9.79711037
v 45.29694843 53.08183265 9.80000000
v 46.04118967 51.00000000 9.79711037
v 46.09999990 51.00000000 9.80000000
v 46.03752637 51.14922410 9.79711037
v 46.09626603 51.15210979 9.80000000
v 46.02654552 51.29808873 9.79711037
v 46.08507276 51.30385312 9.80000000
v 46.00827336 51.44623521 9.79711037
v 46.06644726 51.45486447 9.80000000
v 46.04043436 51.60478002 9.80000000
v 46.00709677 51.75323856 9.80000000
v 49.00000000 53.50000000 9.80000000
v 48.99919701 53.54907870 9.80000000
v 48.99678850 53.59810472 9.80000000
v 48.99277687 53.64702582 9.80000000
v 48.98716736 53.69578934 9.80000000
v 48.97996521 53.74434328 9.80000000
v 48.97117805 53.79263544 9.80000000
v 48.96081543 53.84061432 9.80000000
v 48.94888878 53.88822865 9.80000000
v 48.93541050 53.93542695 9.80000000
v 48.92039537 53.98215914 9.80000000
v 49.00000000 53.50000000 12.19999962
v 48.99919701 53.54907870 12.19999962
v 48.99678850 53.59810472 12.19999962
v 48.99277687 53.64702582 12.19999962
v 48.98716736 53.69578934 12.19999962
v 48.97996521 53.74434328 12.19999962
v 48.97117805 53.79263544 12.19999962
v 48.96081543 53.84061432 12.19999962
v 48.94888878 53.88822865 12.19999962
v 48.93541050 53.93542695 12.19999962
v 48.92039537 53.98215914 12.19999962
v 47.50000000 55.00000000 9.80000000
v 47.54907846 54.99919677 9.80000000
v 47.59810448 54.99678850 9.80000000
v 47.64702559 54.99277711 9.80000000
v 47.69578934 54.98716736 9.80000000
v 47.74434328 54.97996497 9.80000000
v 47.79263544 54.97117782 9.80000000
v 47.84061432 54.96081543 9.80000000
v 47.93542719 54.93541050 9.80000000
v 47.88822842 54.94888878 9.80000000
v 47.98215914 54.92039514 9.80000000
v 48.02837515 54.90385890 9.80000000
v 48.11906052 54.86629581 9.80000000
v 48.16343307 54.84530902 9.80000000
v 48.20709515 54.82288194 9.80000000
v 48.07402515 54.88581920 9.80000000
v 48.90385866 54.02837515 9.80000000
v 48.88581944 54.07402515 9.80000000
v 48.86629581 54.11906052 9.80000000
v 48.84530926 54.16343307 9.80000000
v 48.82288170 54.20709515 9.80000000
v 48.79903793 54.25000000 9.80000000
v 48.77380323 54.29210186 9.80000000
v 48.74720430 54.33335543 9.80000000
v 48.71927023 54.37371659 9.80000000
v 48.69003010 54.41314220 9.80000000
v 48.65951586 54.45158982 9.80000000
v 48.62775993 54.48901868 9.80000000
v 48.33335543 54.74720430 9.80000000
v 48.37371635 54.71926999 9.80000000
v 48.41314220 54.69003010 9.80000000
v 48.52538824 54.59479618 9.80000000
v 48.56066036 54.56066012 9.80000000
v 48.59479618 54.52538848 9.80000000
v 48.45159006 54.65951562 9.80000000
v 48.48901892 54.62775970 9.80000000
v 48.29210186 54.77380323 9.80000000
v 48.25000000 54.79903817 9.80000000
v 47.50000000 55.00000000 12.19999962
v 47.54907846 54.99919677 12.19999962
v 47.59810448 54.99678850 12.19999962
v 47.64702559 54.99277711 12.19999962
v 47.69578934 54.98716736 12.19999962
v 47.74434328 54.97996497 12.19999962
v 47.79263544 54.97117782 12.19999962
v 47.84061432 54.96081543 12.19999962
v 47.93542719 54.93541050 12.19999962
v 47.88822842 54.94888878 12.19999962
v 47.98215914 54.92039514 12.19999962
v 48.02837515 54.90385890 12.19999962
v 48.11906052 54.86629581 12.19999962
v 48.16343307 54.84530902 12.19999962
v 48.20709515 54.82288194 12.19999962
v 48.07402515 54.88581920 12.19999962
v 48.90385866 54.02837515 12.19999962
v 48.88581944 54.07402515 12.19999962
v 48.86629581 54.11906052 12.19999962
v 48.84530926 54.16343307 12.19999962
v 48.82288170 54.20709515 12.19999962
v 48.79903793 54.25000000 12.19999962
v 48.77380323 54.29210186 12.19999962
v 48.74720430 54.33335543 12.19999962
v 48.71927023 54.37371659 12.19999962
v 48.69003010 54.41314220 12.19999962
v 48.65951586 54.45158982 12.19999962
v 48.62775993 54.48901868 12.19999962
v 48.33335543 54.74720430 12.19999962
v 48.37371635 54.71926999 12.19999962
v 48.41314220 54.69003010 12.19999962
v 48.52538824 54.59479618 12.19999962
v 48.56066036 54.56066012 12.19999962
v 48.59479618 54.52538848 12.19999962
v 48.45159006 54.65951562 12.19999962
v 48.48901892 54.62775970 12.19999962
v 48.29210186 54.77380323 12.19999962
v 48.25000000 54.79903817 12.19999962
f 1 2 3
f 1 4 2
f 5 6 7
f 8 7 6
f 9 6 10
f 11 6 12
f 11 13 6
f 12 6 9
f 14 6 5
f 14 10 6
f 13 15 6
f 15 16 6
f 17 6 16
f 18 19 6
f 20 6 19
f 17 18 6
f 21 22 6
f 22 23 6
f 20 24 6
f 24 25 6
f 25 26 6
f 26 21 6
f 14 27 10
f 5 7 28
f 14 5 29
f 30 31 32
f 33 34 35
f 36 33 37
f 38 36 39
f 8 40 7
f 38 41 8
f 34 42 43
f 30 44 42
f 11 45 13
f 17 16 46
f 17 47 18
f 13 48 15
f 15 49 16
f 12 9 50
f 9 10 51
f 11 12 52
f 20 19 53
f 18 54 19
f 20 55 24
f 24 56 25
f 25 57 26
f 26 58 21
f 21 59 22
f 22 60 23
f 31 61 62
f 63 64 61
f 63 65 66
f 65 67 68
f 69 70 71
f 67 72 73
f 69 74 72
f 70 75 76
f 75 77 78
f 77 79 80
f 79 81 82
f 81 83 84
f 83 85 86
f 85 87 88
f 87 89 90
f 89 91 92
f 91 93 94
f 93 95 96
f 95 1 97
f 1 3 98
f 3 2 99
f 23 100 6
f 30 6 31
f 31 6 61
f 63 61 6
f 67 6 72
f 63 6 65
f 65 6 67
f 36 6 33
f 33 6 34
f 38 8 6
f 38 6 36
f 34 6 42
f 30 42 6
f 69 72 6
f 69 6 70
f 70 6 75
f 75 6 77
f 79 6 81
f 81 6 83
f 83 6 85
f 85 6 87
f 77 6 79
f 87 6 89
f 89 6 91
f 91 6 93
f 93 6 95
f 2 4 101
f 95 6 1
f 1 6 4
f 2 101 102
f 7 40 28
f 5 28 29
f 14 29 27
f 31 62 32
f 38 39 41
f 36 37 39
f 33 35 37
f 8 41 40
f 34 43 35
f 42 44 43
f 30 32 44
f 11 52 45
f 17 46 47
f 15 48 49
f 13 45 48
f 16 49 46
f 9 51 50
f 10 27 51
f 12 50 52
f 18 47 54
f 19 54 53
f 20 53 55
f 24 55 56
f 25 56 57
f 26 57 58
f 21 58 59
f 22 59 60
f 61 64 62
f 63 66 64
f 65 68 66
f 67 73 68
f 69 71 74
f 70 76 71
f 72 74 73
f 75 78 76
f 77 80 78
f 79 82 80
f 81 84 82
f 83 86 84
f 85 88 86
f 87 90 88
f 89 92 90
f 91 94 92
f 93 96 94
f 95 97 96
f 1 98 97
f 3 99 98
f 2 103 99
f 43 44 104
f 32 105 44
f 32 62 106
f 62 64 107
f 66 108 64
f 68 73 109
f 73 74 110
f 71 111 74
f 66 68 112
f 71 76 113
f 78 80 114
f 76 78 115
f 35 43 116
f 43 104 117
f 43 117 118
f 43 118 119
f 43 120 116
f 43 119 120
f 32 121 105
f 62 122 123
f 62 123 106
f 32 124 125
f 32 106 124
f 32 125 121
f 44 126 127
f 44 128 126
f 44 127 104
f 44 105 128
f 64 129 130
f 64 108 131
f 64 131 129
f 66 132 108
f 66 133 132
f 68 134 112
f 68 109 134
f 66 112 133
f 73 135 109
f 73 110 135
f 62 107 136
f 62 136 122
f 64 130 107
f 35 116 137
f 35 138 139
f 35 137 138
f 35 139 140
f 80 82 141
f 82 84 141
f 84 86 141
f 86 88 141
f 88 90 141
f 90 92 141
f 92 94 141
f 94 96 141
f 96 97 141
f 98 99 103
f 97 98 141
f 74 111 142
f 71 143 144
f 71 144 111
f 71 145 143
f 71 113 145
f 74 146 110
f 74 142 146
f 76 147 113
f 76 148 147
f 76 149 148
f 76 115 149
f 78 150 115
f 78 151 150
f 78 152 151
f 78 114 152
f 80 141 114
f 23 60 153
f 29 154 27
f 28 40 154
f 29 28 154
f 41 154 40
f 39 154 41
f 39 37 154
f 37 35 154
f 46 154 47
f 47 154 54
f 53 54 154
f 53 154 55
f 55 154 56
f 50 51 154
f 52 50 154
f 45 154 48
f 48 154 49
f 52 154 45
f 51 27 154
f 46 49 154
f 56 154 57
f 57 154 58
f 58 154 59
f 59 154 60
f 35 140 154
f 2 102 103
f 98 103 155
f 98 156 141
f 103 102 155
f 98 157 158
f 98 159 157
f 98 160 159
f 98 161 160
f 98 162 163
f 98 164 162
f 98 165 164
f 98 166 161
f 98 167 166
f 98 163 167
f 98 168 169
f 98 170 168
f 98 171 170
f 98 172 165
f 98 173 172
f 98 174 173
f 98 175 174
f 98 176 175
f 98 177 176
f 98 169 177
f 98 178 171
f 98 179 178
f 98 180 179
f 98 181 180
f 98 182 181
f 98 183 184
f 98 184 185
f 98 185 186
f 98 186 182
f 98 187 156
f 98 158 187
f 98 188 189
f 98 189 183
f 141 156 190
f 141 190 191
f 141 191 192
f 141 192 193
f 141 193 194
f 141 194 195
f 141 195 196
f 141 196 197
f 141 197 198
f 141 198 199
f 141 199 200
f 141 200 201
f 141 201 202
f 141 202 203
f 141 203 204
f 141 204 205
f 98 206 188
f 98 155 207
f 98 208 206
f 98 209 210
f 98 210 211
f 98 211 212
f 98 212 208
f 98 213 214
f 98 214 215
f 98 215 209
f 98 207 213
f 100 216 6
f 216 217 6
f 217 218 6
f 218 219 6
f 219 220 6
f 220 221 6
f 221 222 6
f 222 223 6
f 223 224 6
f 224 225 6
f 225 226 6
f 226 227 6
f 227 228 6
f 228 229 6
f 229 230 6
f 230 231 6
f 231 232 6
f 232 233 6
f 233 234 6
f 234 235 6
f 23 153 100
f 100 236 216
f 216 237 217
f 217 238 218
f 218 239 219
f 219 240 220
f 220 241 221
f 221 242 222
f 222 243 223
f 223 244 224
f 224 245 225
f 225 246 226
f 226 247 227
f 227 248 228
f 228 249 229
f 229 250 230
f 230 251 231
f 231 252 232
f 232 253 233
f 233 254 234
f 234 255 235
f 235 256 257
f 257 258 259
f 259 260 261
f 261 262 263
f 263 264 265
f 265 266 267
f 267 268 269
f 269 270 271
f 271 272 273
f 273 274 275
f 275 276 277
f 277 278 279
f 279 280 281
f 281 282 283
f 283 284 285
f 285 286 287
f 287 288 289
f 289 290 291
f 291 292 293
f 293 294 295
f 295 296 297
f 297 298 299
f 299 300 301
f 301 302 303
f 303 304 305
f 305 306 307
f 307 308 309
f 309 310 311
f 235 257 6
f 257 259 6
f 259 261 6
f 261 263 6
f 263 265 6
f 265 267 6
f 267 269 6
f 269 271 6
f 271 273 6
f 273 275 6
f 275 277 6
f 277 279 6
f 279 281 6
f 281 283 6
f 283 285 6
f 285 287 6
f 287 289 6
f 289 291 6
f 291 293 6
f 293 295 6
f 295 297 6
f 297 299 6
f 299 301 6
f 301 303 6
f 303 305 6
f 305 307 6
f 307 309 6
f 309 311 6
f 311 312 6
f 311 313 312
f 311 310 313
f 60 154 153
f 100 153 236
f 216 236 237
f 217 237 238
f 218 238 239
f 219 239 240
f 220 240 241
f 221 241 242
f 222 242 243
f 223 243 244
f 224 244 245
f 225 245 246
f 226 246 247
f 227 247 248
f 228 248 249
f 229 249 250
f 230 250 251
f 231 251 252
f 232 252 253
f 233 253 254
f 234 254 255
f 235 255 256
f 257 256 258
f 259 258 260
f 261 260 262
f 263 262 264
f 265 264 266
f 267 266 268
f 269 268 270
f 271 270 272
f 273 272 274
f 275 274 276
f 277 276 278
f 279 278 280
f 281 280 282
f 283 282 284
f 285 284 286
f 287 286 288
f 289 288 290
f 291 290 292
f 293 292 294
f 295 294 296
f 297 296 298
f 299 298 300
f 301 300 302
f 303 302 304
f 305 304 306
f 307 306 308
f 309 308 310
f 153 314 236
f 236 315 237
f 237 316 238
f 153 154 317
f 153 318 319
f 153 317 318
f 153 319 320
f 153 321 322
f 153 320 321
f 153 322 323
f 153 324 325
f 153 323 324
f 153 325 326
f 153 327 328
f 153 326 327
f 153 328 329
f 153 330 331
f 153 329 330
f 153 332 333
f 153 331 332
f 153 333 334
f 153 334 335
f 153 335 314
f 236 314 336
f 236 336 337
f 236 337 338
f 236 338 339
f 236 339 315
f 237 315 340
f 237 340 341
f 237 341 342
f 237 342 343
f 237 344 316
f 237 343 344
f 238 316 345
f 238 345 346
f 238 346 347
f 238 347 348
f 238 348 349
f 238 349 350
f 238 350 351
f 238 351 352
f 238 352 353
f 238 353 354
f 238 354 355
f 238 355 356
f 238 357 239
f 239 357 240
f 240 357 241
f 241 357 242
f 242 357 243
f 243 357 244
f 244 357 245
f 245 357 246
f 246 357 247
f 247 357 248
f 248 357 249
f 249 357 250
f 250 357 251
f 251 357 252
f 252 357 253
f 253 357 254
f 254 357 255
f 313 310 358
f 238 356 357
f 255 357 256
f 256 357 258
f 258 357 260
f 260 357 262
f 262 357 264
f 264 357 266
f 266 357 268
f 268 357 270
f 270 357 272
f 272 357 274
f 274 357 276
f 276 357 278
f 278 357 280
f 280 357 282
f 282 357 284
f 284 357 286
f 286 357 288
f 288 357 290
f 290 357 292
f 292 357 294
f 294 357 296
f 357 356 359
f 357 359 360
f 357 360 361
f 357 361 362
f 357 362 363
f 296 357 298
f 298 357 300
f 300 357 302
f 302 357 304
f 304 357 306
f 306 357 308
f 308 357 310
f 310 357 358
f 4 6 101
f 101 6 364
f 365 366 367
f 365 367 368
f 367 369 368
f 367 370 369
f 367 371 372
f 367 372 370
f 367 373 371
f 367 374 373
f 375 367 376
f 377 376 367
f 378 379 367
f 375 378 367
f 380 381 367
f 381 382 367
f 383 384 367
f 379 383 367
f 384 380 367
f 382 385 367
f 386 387 367
f 388 367 389
f 390 389 367
f 391 390 367
f 392 393 367
f 393 391 367
f 392 367 387
f 386 367 394
f 394 367 395
f 395 367 396
f 396 367 397
f 398 397 367
f 377 367 388
f 398 367 399
f 399 367 366
f 400 401 364
f 402 364 403
f 404 403 364
f 405 406 364
f 402 405 364
f 406 407 364
f 408 364 407
f 409 364 410
f 411 412 364
f 404 364 413
f 412 413 364
f 411 364 409
f 414 415 364
f 410 364 415
f 414 364 401
f 400 364 416
f 417 364 418
f 416 364 417
f 418 364 419
f 419 364 420
f 420 364 421
f 421 364 422
f 423 422 364
f 423 364 424
f 425 364 426
f 426 364 427
f 427 364 428
f 424 364 429
f 429 364 425
f 430 364 431
f 432 428 364
f 432 364 430
f 431 364 433
f 101 364 434
f 375 435 378
f 378 436 379
f 379 437 383
f 383 438 384
f 384 439 380
f 381 440 382
f 382 441 385
f 380 442 381
f 386 394 443
f 392 387 444
f 393 445 391
f 392 446 393
f 386 447 387
f 398 399 448
f 399 366 449
f 365 450 366
f 394 395 451
f 395 396 452
f 396 397 453
f 398 454 397
f 388 389 455
f 377 388 456
f 390 457 389
f 391 458 390
f 377 459 376
f 375 376 460
f 410 415 461
f 411 409 462
f 409 410 463
f 402 403 464
f 405 465 406
f 402 466 405
f 406 467 407
f 408 434 364
f 408 407 468
f 404 413 469
f 412 470 413
f 411 471 412
f 404 472 403
f 400 473 401
f 416 417 474
f 400 416 475
f 414 476 415
f 414 401 477
f 417 418 478
f 418 419 479
f 419 420 480
f 423 481 422
f 423 424 482
f 424 429 483
f 425 426 484
f 429 425 485
f 426 427 486
f 427 428 487
f 432 430 488
f 430 431 489
f 432 490 428
f 420 421 491
f 421 422 492
f 385 493 367
f 367 494 495
f 495 496 497
f 497 498 499
f 499 500 501
f 501 502 503
f 504 505 506
f 506 507 508
f 508 509 510
f 510 511 512
f 513 514 515
f 513 503 516
f 515 517 518
f 504 518 519
f 520 521 522
f 523 524 525
f 526 527 528
f 526 529 530
f 520 530 531
f 525 532 527
f 433 533 534
f 431 433 535
f 533 522 536
f 537 538 539
f 512 540 537
f 523 539 541
f 367 542 374
f 367 543 542
f 367 544 543
f 367 545 544
f 367 546 545
f 367 547 546
f 367 548 547
f 367 549 548
f 367 550 549
f 367 551 550
f 367 552 553
f 367 553 554
f 367 555 556
f 367 554 555
f 367 556 557
f 367 557 558
f 367 558 551
f 367 559 560
f 367 561 559
f 367 562 563
f 367 563 564
f 367 560 565
f 367 565 562
f 367 566 567
f 367 568 566
f 367 569 561
f 367 567 569
f 367 570 568
f 367 571 570
f 367 572 571
f 367 564 573
f 367 573 552
f 367 574 572
f 367 575 574
f 367 576 575
f 367 577 576
f 367 578 577
f 367 579 578
f 367 580 579
f 367 581 580
f 367 582 581
f 367 583 582
f 367 584 583
f 367 585 584
f 367 586 585
f 367 587 586
f 587 588 586
f 587 589 588
f 367 590 587
f 551 591 592
f 551 592 593
f 551 593 594
f 551 594 595
f 551 595 596
f 551 596 597
f 551 597 598
f 551 598 599
f 551 599 600
f 551 600 601
f 551 601 602
f 551 602 603
f 551 558 591
f 587 604 589
f 587 605 606
f 587 607 608
f 587 609 610
f 587 608 609
f 587 606 607
f 587 611 612
f 587 612 605
f 551 603 613
f 551 613 614
f 551 614 615
f 551 615 616
f 551 616 617
f 551 617 618
f 551 618 619
f 551 619 620
f 551 620 621
f 551 621 622
f 551 622 623
f 551 623 624
f 551 624 625
f 551 625 626
f 551 626 627
f 551 627 628
f 551 628 629
f 551 629 630
f 551 630 631
f 551 631 632
f 551 632 633
f 551 633 634
f 551 634 635
f 551 635 636
f 551 636 637
f 551 637 638
f 551 638 639
f 551 639 640
f 551 640 641
f 551 641 642
f 551 642 643
f 551 644 645
f 551 643 646
f 551 646 647
f 551 647 644
f 551 648 611
f 551 645 648
f 551 611 587
f 551 587 649
f 551 650 651
f 551 652 653
f 551 651 654
f 551 654 652
f 551 655 656
f 551 657 658
f 551 658 655
f 551 656 650
f 551 659 657
f 551 660 659
f 551 661 660
f 551 662 661
f 551 663 662
f 551 664 665
f 551 665 663
f 551 666 664
f 551 667 666
f 551 668 669
f 551 653 670
f 551 670 671
f 551 671 668
f 551 672 673
f 551 669 672
f 551 673 674
f 551 675 676
f 551 676 677
f 551 677 678
f 551 678 679
f 551 679 680
f 551 674 675
f 551 649 681
f 587 682 604
f 587 683 682
f 587 684 683
f 587 685 684
f 587 686 685
f 587 687 686
f 587 688 687
f 587 689 688
f 587 690 689
f 587 691 690
f 587 692 691
f 587 693 692
f 587 694 693
f 587 695 694
f 587 696 695
f 587 697 696
f 587 698 697
f 587 699 698
f 587 700 699
f 587 701 700
f 587 702 701
f 587 703 702
f 587 704 703
f 587 705 706
f 587 706 704
f 587 707 705
f 587 708 707
f 587 709 708
f 587 710 709
f 587 711 710
f 587 712 711
f 587 713 712
f 587 714 713
f 587 610 714
f 587 590 715
f 587 681 649
f 370 372 716
f 365 368 717
f 368 369 718
f 369 370 719
f 372 371 720
f 371 373 721
f 373 374 722
f 374 542 723
f 542 543 724
f 543 544 725
f 544 545 726
f 545 546 727
f 546 547 728
f 547 548 729
f 548 549 730
f 549 550 731
f 550 551 732
f 551 733 734
f 551 734 735
f 551 735 736
f 551 736 737
f 551 738 739
f 551 737 738
f 551 739 740
f 551 741 742
f 551 740 741
f 681 743 667
f 681 744 745
f 681 745 743
f 681 746 744
f 681 747 746
f 681 748 747
f 681 749 748
f 551 750 751
f 551 751 752
f 551 753 754
f 551 752 753
f 551 754 755
f 551 755 733
f 551 680 750
f 551 681 667
f 587 715 681
f 681 756 749
f 681 757 756
f 681 758 757
f 681 759 758
f 681 760 759
f 681 761 760
f 681 762 761
f 681 763 762
f 681 764 763
f 681 765 764
f 681 766 767
f 681 768 766
f 681 769 768
f 681 770 769
f 681 771 770
f 681 772 771
f 681 773 772
f 715 774 681
f 681 775 765
f 681 767 775
f 520 522 776
f 520 776 530
f 6 776 364
f 433 364 776
f 433 776 533
f 533 776 522
f 495 497 776
f 497 499 776
f 367 495 776
f 499 501 776
f 513 776 503
f 501 503 776
f 504 776 518
f 513 515 776
f 515 518 776
f 508 510 776
f 537 539 776
f 510 512 776
f 512 537 776
f 523 525 776
f 525 527 776
f 526 530 776
f 526 776 527
f 523 776 539
f 504 506 776
f 506 508 776
f 367 777 590
f 590 777 715
f 715 778 774
f 101 434 102
f 375 460 435
f 378 435 436
f 383 437 438
f 379 436 437
f 384 438 439
f 381 442 440
f 382 440 441
f 380 439 442
f 391 445 458
f 394 451 443
f 392 444 446
f 393 446 445
f 387 447 444
f 386 443 447
f 399 449 448
f 366 450 449
f 365 717 450
f 396 453 452
f 395 452 451
f 397 454 453
f 398 448 454
f 389 457 455
f 388 455 456
f 390 458 457
f 377 456 459
f 376 459 460
f 385 441 493
f 411 462 471
f 409 463 462
f 410 461 463
f 402 464 466
f 405 466 465
f 406 465 467
f 408 468 434
f 407 467 468
f 404 469 472
f 413 470 469
f 412 471 470
f 403 472 464
f 400 475 473
f 416 474 475
f 415 476 461
f 414 477 476
f 401 473 477
f 417 478 474
f 418 479 478
f 419 480 479
f 420 491 480
f 423 482 481
f 424 483 482
f 429 485 483
f 426 486 484
f 425 484 485
f 427 487 486
f 432 488 490
f 430 489 488
f 431 535 489
f 428 490 487
f 421 492 491
f 422 481 492
f 367 493 494
f 495 494 496
f 497 496 498
f 499 498 500
f 501 500 502
f 504 519 505
f 506 505 507
f 508 507 509
f 510 509 511
f 513 516 514
f 503 502 516
f 515 514 517
f 518 517 519
f 520 531 521
f 523 541 524
f 526 528 529
f 530 529 531
f 525 524 532
f 527 532 528
f 433 534 535
f 533 536 534
f 522 521 536
f 512 511 540
f 537 540 538
f 539 538 541
f 102 434 155
f 155 434 207
f 207 779 780
f 207 780 781
f 207 781 782
f 207 782 213
f 207 783 784
f 207 784 785
f 207 785 786
f 207 786 787
f 207 787 779
f 207 788 789
f 207 789 790
f 207 790 791
f 207 791 792
f 207 792 783
f 207 793 788
f 207 794 795
f 207 795 796
f 207 796 797
f 207 797 798
f 207 798 799
f 207 799 793
f 207 800 794
f 207 801 802
f 207 802 803
f 207 803 804
f 207 804 805
f 207 805 806
f 207 806 807
f 207 807 800
f 207 808 801
f 207 809 810
f 207 810 811
f 207 811 812
f 207 812 813
f 207 813 808
f 207 814 815
f 207 815 816
f 207 816 817
f 207 817 818
f 207 818 809
f 207 819 814
f 717 493 450
f 717 718 493
f 493 718 719
f 493 719 716
f 493 720 721
f 493 716 720
f 493 721 722
f 493 722 723
f 460 459 493
f 456 493 459
f 435 493 436
f 460 493 435
f 439 493 442
f 442 493 440
f 437 493 438
f 436 493 437
f 438 493 439
f 440 493 441
f 443 493 447
f 455 457 493
f 458 493 457
f 445 493 458
f 444 493 446
f 446 493 445
f 444 447 493
f 443 451 493
f 451 452 493
f 452 453 493
f 453 454 493
f 448 493 454
f 456 455 493
f 448 449 493
f 449 450 493
f 475 434 473
f 464 472 434
f 469 434 472
f 466 434 465
f 464 434 466
f 465 434 467
f 468 467 434
f 463 461 434
f 462 434 471
f 469 470 434
f 471 434 470
f 462 463 434
f 477 434 476
f 461 476 434
f 477 473 434
f 475 474 434
f 478 479 434
f 474 478 434
f 479 480 434
f 480 491 434
f 491 492 434
f 492 481 434
f 482 434 481
f 482 483 434
f 484 486 434
f 486 487 434
f 487 490 434
f 483 485 434
f 485 484 434
f 489 535 434
f 488 434 490
f 488 489 434
f 535 534 434
f 207 820 819
f 534 207 434
f 531 820 521
f 531 529 820
f 524 820 532
f 528 820 529
f 528 532 820
f 534 536 820
f 536 521 820
f 516 502 820
f 516 820 514
f 519 517 820
f 514 820 517
f 494 820 496
f 493 820 494
f 496 820 498
f 498 820 500
f 500 820 502
f 509 820 511
f 540 820 538
f 511 820 540
f 519 820 505
f 507 820 509
f 505 820 507
f 541 820 524
f 541 538 820
f 534 820 207
f 681 821 822
f 681 823 821
f 681 824 823
f 681 825 824
f 368 718 717
f 369 719 718
f 370 716 719
f 372 720 716
f 371 721 720
f 373 722 721
f 542 724 723
f 374 723 722
f 543 725 724
f 544 726 725
f 545 727 726
f 546 728 727
f 547 729 728
f 548 730 729
f 549 731 730
f 550 826 731
f 550 732 826
f 732 827 828
f 732 742 829
f 732 830 831
f 732 829 830
f 732 831 832
f 732 832 833
f 732 833 834
f 732 834 835
f 732 835 827
f 681 732 825
f 681 774 836
f 551 742 732
f 681 822 837
f 681 838 839
f 681 840 838
f 681 841 773
f 681 842 841
f 681 839 842
f 681 843 840
f 681 844 843
f 681 845 844
f 681 846 845
f 681 847 846
f 681 848 847
f 681 849 848
f 681 850 849
f 681 851 850
f 681 837 851
f 732 828 852
f 732 852 853
f 732 853 854
f 732 854 855
f 732 855 856
f 732 856 857
f 732 857 858
f 732 858 859
f 732 859 860
f 732 860 861
f 732 861 862
f 732 862 863
f 732 863 864
f 732 865 825
f 732 866 865
f 732 867 868
f 732 869 867
f 732 870 866
f 732 868 870
f 732 864 871
f 732 871 872
f 732 872 873
f 732 873 874
f 732 874 875
f 732 875 876
f 732 877 869
f 732 876 877
f 681 836 732
f 493 723 724
f 493 724 725
f 493 725 726
f 493 726 727
f 493 727 728
f 493 728 729
f 493 729 730
f 493 730 731
f 493 731 826
f 826 732 836
f 493 826 820
f 774 878 836
f 826 836 820
f 836 879 820
f 836 878 879
f 878 880 879
f 878 881 880
f 878 882 881
f 878 883 882
f 878 884 883
f 878 885 884
f 878 886 885
f 878 887 886
f 878 888 887
f 878 889 888
f 878 890 891
f 878 891 889
f 878 892 890
f 878 893 892
f 878 894 893
f 878 895 894
f 878 896 897
f 878 897 895
f 878 898 896
f 878 899 898
f 878 900 899
f 878 901 900
f 878 902 901
f 878 903 904
f 878 904 902
f 878 905 903
f 878 906 905
f 878 907 906
f 878 908 907
f 878 909 908
f 878 910 911
f 878 911 909
f 878 912 910
f 878 913 912
f 878 914 913
f 878 915 914
f 878 916 915
f 878 917 916
f 878 918 917
f 878 919 918
f 878 920 919
f 878 921 920
f 878 922 921
f 878 923 922
f 878 924 923
f 878 925 924
f 878 926 925
f 774 778 878
f 878 927 926
f 927 928 926
f 312 776 6
f 312 313 929
f 313 930 929
f 312 929 776
f 313 358 930
f 930 931 932
f 932 933 934
f 934 935 936
f 936 937 938
f 938 939 940
f 940 941 942
f 942 943 944
f 944 945 946
f 946 947 948
f 948 949 950
f 950 951 952
f 952 953 954
f 954 955 956
f 956 957 958
f 958 959 960
f 960 961 962
f 962 963 964
f 964 965 966
f 966 967 968
f 968 969 970
f 970 971 972
f 972 973 974
f 974 975 976
f 976 977 978
f 978 979 980
f 980 981 982
f 982 983 984
f 984 985 986
f 986 987 988
f 988 989 990
f 990 991 992
f 992 993 994
f 994 995 996
f 996 997 998
f 998 999 1000
f 1000 1001 1002
f 1002 1003 1004
f 1004 1005 1006
f 1006 1007 1008
f 1008 1009 1010
f 1010 1011 1012
f 1012 1013 1014
f 1014 1015 1016
f 1016 1017 1018
f 1018 1019 1020
f 1020 1021 1022
f 1022 1023 1024
f 1024 1025 1026
f 1026 1027 1028
f 1028 1029 1030
f 1030 1031 1032
f 1032 1033 1034
f 1034 1035 1036
f 1036 1037 1038
f 1038 1039 1040
f 1040 1041 1042
f 1042 1043 1044
f 1044 1045 1046
f 1046 1047 1048
f 1048 1049 1050
f 1050 1051 1052
f 1052 1053 1054
f 1054 1055 1056
f 1056 1057 1058
f 1058 1059 1060
f 1060 1061 1062
f 1062 1063 1064
f 1064 1065 1066
f 1066 1067 1068
f 1068 1069 1070
f 1070 1071 1072
f 1072 1073 1074
f 1074 1075 1076
f 1076 1077 1078
f 1078 1079 1080
f 1080 1081 1082
f 1082 1083 1084
f 1084 1085 1086
f 1086 1087 1088
f 1088 1089 1090
f 1090 1091 1092
f 1092 1093 1094
f 367 776 777
f 715 777 1095
f 715 1095 1096
f 715 1096 778
f 929 930 776
f 932 934 776
f 930 932 776
f 934 936 776
f 938 940 776
f 936 938 776
f 940 942 776
f 942 944 776
f 944 946 776
f 946 948 776
f 948 950 776
f 950 952 776
f 952 954 776
f 954 956 776
f 956 958 776
f 958 960 776
f 960 962 776
f 962 964 776
f 964 966 776
f 966 968 776
f 968 970 776
f 970 972 776
f 972 974 776
f 974 976 776
f 976 978 776
f 978 980 776
f 980 982 776
f 982 984 776
f 984 986 776
f 986 988 776
f 988 990 776
f 990 992 776
f 992 994 776
f 994 996 776
f 996 998 776
f 776 1097 1098
f 776 1098 1099
f 776 1099 1100
f 776 1101 1102
f 776 1102 1103
f 776 1100 1101
f 998 1000 776
f 1000 1002 776
f 1002 1004 776
f 1004 1006 776
f 1006 1008 776
f 1008 1010 776
f 1010 1012 776
f 1012 1014 776
f 1014 1016 776
f 1016 1018 776
f 1018 1020 776
f 1020 1022 776
f 1022 1024 776
f 1024 1026 776
f 1026 1028 776
f 1028 1030 776
f 1032 1034 776
f 1030 1032 776
f 1034 1036 776
f 1036 1038 776
f 1038 1040 776
f 1040 1042 776
f 1042 1044 776
f 1044 1046 776
f 1046 1048 776
f 1048 1050 776
f 1050 1052 776
f 1052 1054 776
f 1054 1056 776
f 1056 1058 776
f 1058 1060 776
f 1060 1062 776
f 1062 1064 776
f 1064 1066 776
f 1066 1068 776
f 1068 1070 776
f 1070 1072 776
f 1072 1074 776
f 1074 1076 776
f 1076 1078 776
f 1078 1080 776
f 1080 1082 776
f 1082 1084 776
f 1084 1086 776
f 1086 1088 776
f 1088 1090 776
f 1090 1092 776
f 1092 1094 776
f 1094 1104 776
f 1104 1105 776
f 1105 1106 776
f 1106 1107 776
f 1107 1108 776
f 1108 1109 776
f 1109 1110 776
f 1110 1111 776
f 1111 1112 776
f 1112 1113 776
f 1113 1114 776
f 1114 1115 776
f 1116 1117 1118
f 1116 1119 1117
f 1116 1118 1120
f 1116 1120 776
f 776 1120 1097
f 1115 1121 776
f 1121 1116 776
f 1116 1122 1123
f 1116 1124 1122
f 1116 1125 1124
f 1116 1126 1125
f 1116 1127 1128
f 1116 1129 1127
f 1116 1128 1119
f 1116 1130 1129
f 1116 1131 1130
f 1116 1123 1131
f 1116 1132 1126
f 1116 1133 1132
f 1116 1134 1133
f 1116 1135 1134
f 1116 1136 1135
f 1116 1137 1136
f 1116 1138 1137
f 1116 1139 1138
f 1116 1140 1139
f 1116 1141 1140
f 1116 1142 1141
f 1116 1143 1142
f 1116 1144 1143
f 1116 1145 1144
f 1116 1146 1145
f 1116 1147 1146
f 1116 1148 1147
f 1116 1149 1148
f 1116 1150 1149
f 1116 1151 1150
f 1116 1152 1151
f 1116 1153 1152
f 1116 1154 1153
f 1116 1155 1154
f 777 776 1095
f 776 1156 1157
f 776 1157 1158
f 776 1158 1159
f 776 1103 1160
f 776 1160 1156
f 776 1159 1161
f 776 1161 1162
f 776 1163 1164
f 776 1162 1165
f 776 1165 1163
f 776 1164 1166
f 776 1166 1167
f 776 1167 1168
f 776 1168 1169
f 776 1169 1170
f 776 1170 1171
f 776 1171 1172
f 776 1172 1173
f 776 1173 1174
f 776 1174 1175
f 776 1175 1176
f 776 1176 1177
f 776 1177 1178
f 776 1178 1179
f 1179 1178 1180
f 1179 1180 1181
f 1179 1181 1182
f 1179 1182 1183
f 1179 1183 1184
f 1179 1184 1185
f 1179 1185 1186
f 1179 1186 1187
f 1179 1187 1188
f 1179 1188 1189
f 1179 1189 1190
f 1095 776 1096
f 776 1179 1096
f 1179 1191 1192
f 1179 1192 1193
f 1179 1193 1194
f 1179 1194 1195
f 1179 1195 1196
f 1179 1196 1197
f 1179 1197 1198
f 1179 1198 1199
f 1116 1200 1155
f 1200 1201 1155
f 1200 1202 1201
f 1200 1203 1202
f 1200 1204 1203
f 1200 1205 1204
f 1200 1206 1205
f 1200 1207 1206
f 1200 1208 1207
f 1179 1190 1209
f 1179 1209 1210
f 1179 1210 1211
f 1179 1211 1212
f 1179 1212 1213
f 1179 1213 1214
f 1179 1214 1215
f 1179 1215 1216
f 1179 1216 1217
f 1179 1217 1218
f 1179 1218 1219
f 1179 1219 1220
f 1179 1220 1221
f 1179 1221 1222
f 1179 1222 1223
f 1179 1223 1224
f 1179 1225 1226
f 1179 1224 1225
f 1179 1226 1200
f 1179 1200 1227
f 1200 1228 1229
f 1200 1230 1228
f 1200 1231 1232
f 1200 1233 1234
f 1200 1234 1231
f 1200 1235 1236
f 1200 1237 1230
f 1200 1236 1237
f 1200 1232 1238
f 1200 1238 1235
f 1200 1239 1208
f 1200 1240 1239
f 1200 1241 1240
f 1200 1242 1241
f 1200 1243 1242
f 1200 1244 1243
f 1200 1245 1244
f 1200 1246 1247
f 1200 1247 1245
f 1200 1248 1246
f 1200 1249 1248
f 1200 1250 1249
f 1200 1229 1250
f 1200 1226 1233
f 1179 1251 1252
f 1179 1252 1253
f 1179 1253 1254
f 1179 1254 1255
f 1179 1255 1191
f 1179 1256 1257
f 1179 1258 1256
f 1179 1259 1251
f 1179 1260 1261
f 1179 1262 1260
f 1179 1261 1259
f 1179 1257 1262
f 1179 1263 1258
f 1179 1227 1263
f 1200 1264 1265
f 1200 1266 1264
f 1200 1267 1266
f 1200 1268 1267
f 1200 1269 1268
f 1200 1270 1269
f 1200 1271 1270
f 1200 1272 1271
f 1200 1273 1227
f 1200 1274 1273
f 1200 1275 1274
f 1200 1276 1275
f 1200 1265 1276
f 1200 1277 1272
f 1200 1278 1277
f 1200 1279 1278
f 1200 1280 1279
f 1200 1281 1280
f 1200 1282 1283
f 1200 1284 1282
f 1200 1285 1284
f 1200 1283 1281
f 1094 1286 1104
f 1104 1287 1105
f 1105 1288 1106
f 1106 1289 1107
f 1107 1290 1108
f 1108 1291 1109
f 1109 1292 1110
f 1110 1293 1111
f 1111 1294 1112
f 1112 1295 1113
f 1113 1296 1114
f 1114 1297 1115
f 1115 1298 1121
f 1121 1299 1116
f 1116 1299 1200
f 1179 1199 1096
f 1096 1199 1300
f 1096 1300 1301
f 1096 1301 1302
f 1096 1302 1303
f 1096 1303 1304
f 1096 1304 1305
f 1096 1305 1306
f 1096 1307 1308
f 1096 1308 1309
f 1096 1309 1310
f 1096 1310 1311
f 1096 1311 1312
f 1096 1312 1313
f 1096 1306 1307
f 1200 1314 1315
f 1200 1316 1314
f 1200 1317 1316
f 1200 1318 1319
f 1200 1319 1317
f 1200 1320 1318
f 1200 1321 1320
f 1200 1322 1321
f 1200 1323 1324
f 1200 1324 1285
f 1200 1325 1323
f 1200 1326 1325
f 1200 1327 1326
f 1200 1315 1327
f 358 1328 930
f 930 1328 931
f 932 931 933
f 934 933 935
f 936 935 937
f 938 937 939
f 940 939 941
f 942 941 943
f 944 943 945
f 946 945 947
f 948 947 949
f 950 949 951
f 952 951 953
f 954 953 955
f 956 955 957
f 958 957 959
f 960 959 961
f 962 961 963
f 964 963 965
f 966 965 967
f 968 967 969
f 970 969 971
f 972 971 973
f 974 973 975
f 976 975 977
f 978 977 979
f 980 979 981
f 982 981 983
f 984 983 985
f 986 985 987
f 988 987 989
f 990 989 991
f 992 991 993
f 994 993 995
f 996 995 997
f 998 997 999
f 1000 999 1001
f 1002 1001 1003
f 1004 1003 1005
f 1006 1005 1007
f 1008 1007 1009
f 1010 1009 1011
f 1012 1011 1013
f 1014 1013 1015
f 1016 1015 1017
f 1018 1017 1019
f 1020 1019 1021
f 1022 1021 1023
f 1024 1023 1025
f 1026 1025 1027
f 1028 1027 1029
f 1030 1029 1031
f 1032 1031 1033
f 1034 1033 1035
f 1036 1035 1037
f 1038 1037 1039
f 1040 1039 1041
f 1042 1041 1043
f 1044 1043 1045
f 1046 1045 1047
f 1048 1047 1049
f 1050 1049 1051
f 1052 1051 1053
f 1054 1053 1055
f 1056 1055 1057
f 1058 1057 1059
f 1060 1059 1061
f 1062 1061 1063
f 1064 1063 1065
f 1066 1065 1067
f 1068 1067 1069
f 1070 1069 1071
f 1072 1071 1073
f 1074 1073 1075
f 1076 1075 1077
f 1078 1077 1079
f 1080 1079 1081
f 1082 1081 1083
f 1084 1083 1085
f 1086 1085 1087
f 1088 1087 1089
f 1090 1089 1091
f 1092 1091 1093
f 1329 363 1330
f 1329 357 363
f 358 357 1328
f 1329 1330 357
f 357 1330 1331
f 357 1331 1328
f 931 1331 933
f 1328 1331 931
f 933 1331 935
f 937 1331 939
f 935 1331 937
f 939 1331 941
f 941 1331 943
f 943 1331 945
f 945 1331 947
f 947 1331 949
f 949 1331 951
f 951 1331 953
f 953 1331 955
f 955 1331 957
f 957 1331 959
f 959 1331 961
f 961 1331 963
f 963 1331 965
f 965 1331 967
f 967 1331 969
f 969 1331 971
f 971 1331 973
f 973 1331 975
f 975 1331 977
f 977 1331 979
f 979 1331 981
f 981 1331 983
f 983 1331 985
f 985 1331 987
f 987 1331 989
f 989 1331 991
f 991 1331 993
f 993 1331 995
f 995 1331 997
f 997 1331 999
f 999 1331 1001
f 1001 1331 1003
f 1003 1331 1005
f 1005 1331 1007
f 1007 1331 1009
f 1009 1331 1011
f 1011 1331 1013
f 1013 1331 1015
f 1015 1331 1017
f 1017 1331 1019
f 878 778 927
f 927 1332 928
f 1096 1333 1334
f 1096 1334 1335
f 1096 1335 1336
f 1096 1336 1337
f 778 1096 1338
f 1096 1337 1339
f 1096 1339 1331
f 1094 1093 1286
f 1104 1286 1287
f 1105 1287 1288
f 1106 1288 1289
f 1107 1289 1290
f 1108 1290 1291
f 1109 1291 1292
f 1110 1292 1293
f 1111 1293 1294
f 1112 1294 1295
f 1113 1295 1296
f 1114 1296 1297
f 1115 1297 1298
f 1121 1298 1299
f 1200 1299 1340
f 1340 1341 1342
f 1340 1343 1322
f 1340 1344 1343
f 1340 1345 1344
f 1340 1346 1345
f 1340 1342 1346
f 1096 1347 1348
f 1096 1313 1349
f 1096 1349 1347
f 1096 1348 1350
f 1096 1350 1351
f 1096 1351 1352
f 1096 1352 1353
f 1096 1353 1354
f 1096 1354 1355
f 1096 1355 1356
f 1096 1356 1357
f 1096 1357 1333
f 1200 1340 1322
f 1096 1331 1338
f 778 1338 927
f 1358 1330 1359
f 1358 1359 1338
f 1358 1331 1330
f 1358 1338 1331
f 1338 1359 927
f 927 1359 1360
f 927 1360 1361
f 927 1361 1362
f 927 1362 1363
f 927 1363 1364
f 927 1364 1365
f 927 1365 1366
f 927 1367 1368
f 927 1366 1367
f 927 1368 1369
f 927 1369 1370
f 927 1370 1371
f 927 1372 1373
f 927 1371 1374
f 927 1374 1375
f 927 1375 1372
f 927 1373 1376
f 927 1376 1377
f 927 1377 1378
f 927 1379 1380
f 927 1378 1381
f 927 1381 1379
f 1331 1339 1382
f 1331 1382 1383
f 1331 1383 1384
f 1331 1385 1386
f 1331 1386 1387
f 1331 1387 1388
f 1331 1384 1389
f 1331 1389 1390
f 1331 1390 1385
f 1340 1391 1392
f 1340 1393 1394
f 1340 1395 1393
f 1340 1394 1391
f 1340 1396 1395
f 1340 1397 1396
f 1340 1398 1397
f 1340 1399 1341
f 1340 1400 1399
f 1340 1392 1400
f 1340 1401 1402
f 1340 1388 1401
f 1340 1402 1403
f 1340 1403 1404
f 1340 1404 1405
f 1340 1406 1407
f 1340 1407 1408
f 1340 1405 1406
f 1340 1409 1410
f 1340 1411 1409
f 1340 1408 1411
f 1340 1412 1398
f 1340 1413 1412
f 1340 1410 1413
f 1331 1388 1340
f 1019 1331 1021
f 1021 1331 1023
f 1023 1331 1025
f 1025 1331 1027
f 1027 1331 1029
f 1029 1331 1031
f 1031 1331 1033
f 1033 1331 1035
f 1035 1331 1037
f 1039 1331 1041
f 1037 1331 1039
f 1041 1331 1340
f 1041 1340 1043
f 1043 1340 1045
f 1045 1340 1047
f 1047 1340 1049
f 1049 1340 1051
f 1051 1340 1053
f 1053 1340 1055
f 1055 1340 1057
f 1057 1340 1059
f 1059 1340 1061
f 1061 1340 1063
f 1063 1340 1065
f 1065 1340 1067
f 1067 1340 1069
f 1069 1340 1071
f 1071 1340 1073
f 1073 1340 1075
f 1075 1340 1077
f 1077 1340 1079
f 1079 1340 1081
f 1081 1340 1083
f 1083 1340 1085
f 1085 1340 1087
f 1087 1340 1089
f 1089 1340 1091
f 1091 1340 1093
f 1093 1340 1286
f 1286 1340 1287
f 1287 1340 1288
f 1288 1340 1289
f 1289 1340 1290
f 1290 1340 1291
f 1291 1340 1292
f 1292 1340 1293
f 1293 1340 1294
f 1294 1340 1295
f 1295 1340 1296
f 1296 1340 1297
f 1297 1340 1298
f 1298 1340 1299
f 927 1414 1332
f 927 1415 1414
f 927 1416 1417
f 927 1417 1415
f 927 1418 1416
f 927 1419 1418
f 927 1420 1419
f 927 1421 1422
f 927 1423 1421
f 927 1422 1420
f 927 1424 1425
f 927 1426 1427
f 927 1425 1426
f 927 1428 1429
f 927 1430 1428
f 927 1431 1432
f 927 1433 1431
f 927 1432 1430
f 927 1434 1435
f 927 1436 1433
f 927 1435 1436
f 927 1427 1434
f 927 1380 1437
f 927 1437 1438
f 927 1438 1424
f 927 1429 1423
f 1439 1440 124
f 1439 106 1441
f 1442 132 1443
f 1444 107 1445
f 1446 1445 130
f 1447 122 1448
f 1447 1441 123
f 1444 1448 136
f 1446 129 1449
f 1449 131 1450
f 1442 1450 108
f 1451 1452 128
f 1453 1454 127
f 1452 1453 126
f 1454 1455 104
f 1455 1456 117
f 1440 1457 125
f 1458 121 1457
f 1451 105 1458
f 1456 1459 118
f 1459 1460 119
f 1461 1462 116
f 1460 1461 120
f 1462 1463 137
f 1463 1464 138
f 1464 1465 139
f 1465 1466 140
f 1443 133 1467
f 1467 112 1468
f 1468 134 1469
f 1469 109 1470
f 1471 146 1472
f 1470 135 1473
f 1473 110 1471
f 1472 142 1474
f 1474 111 1475
f 1475 144 1476
f 1476 143 1477
f 1477 145 1478
f 1479 1478 113
f 1479 147 1480
f 1480 148 1481
f 1481 149 1482
f 1482 115 1483
f 1483 150 1484
f 1484 151 1485
f 1485 152 1486
f 1486 114 1487
f 1439 124 106
f 1441 106 123
f 1443 132 133
f 1444 136 107
f 1445 107 130
f 1446 130 129
f 1447 123 122
f 1448 122 136
f 1449 129 131
f 1450 131 108
f 1442 108 132
f 1452 126 128
f 1453 127 126
f 1454 104 127
f 1455 117 104
f 1457 121 125
f 1458 105 121
f 1451 128 105
f 1440 125 124
f 1456 118 117
f 1459 119 118
f 1460 120 119
f 1461 116 120
f 1462 137 116
f 1463 138 137
f 1464 139 138
f 1465 140 139
f 1467 133 112
f 1469 134 109
f 1468 112 134
f 1471 110 146
f 1470 109 135
f 1473 135 110
f 1472 146 142
f 1474 142 111
f 1475 111 144
f 1476 144 143
f 1477 143 145
f 1478 145 113
f 1479 113 147
f 1480 147 148
f 1481 148 149
f 1482 149 115
f 1483 115 150
f 1484 150 151
f 1485 151 152
f 1486 152 114
f 1487 114 141
f 1439 1488 1440
f 1447 1488 1441
f 1439 1441 1488
f 1447 1448 1488
f 1444 1488 1448
f 1446 1488 1445
f 1444 1445 1488
f 1446 1449 1488
f 1442 1488 1450
f 1449 1450 1488
f 1443 1467 1488
f 1442 1443 1488
f 1468 1469 1488
f 1467 1468 1488
f 1469 1470 1488
f 1470 1473 1488
f 1473 1471 1488
f 1472 1474 1488
f 1471 1472 1488
f 1474 1475 1488
f 1475 1476 1488
f 1476 1477 1488
f 1477 1478 1488
f 1479 1488 1478
f 1479 1480 1488
f 1480 1481 1488
f 1481 1482 1488
f 1482 1483 1488
f 1483 1484 1488
f 1484 1485 1488
f 1485 1486 1488
f 1486 1487 1488
f 1458 1457 1488
f 1451 1458 1488
f 1451 1488 1452
f 1452 1488 1453
f 1453 1488 1454
f 1454 1488 1455
f 1455 1488 1456
f 1456 1488 1459
f 1461 1488 1462
f 1459 1488 1460
f 1460 1488 1461
f 1440 1488 1457
f 1462 1488 1463
f 1463 1488 1464
f 1464 1488 1465
f 1465 1488 1466
f 1466 154 140
f 1487 141 1489
f 1489 141 205
f 1487 1489 1490
f 1491 1489 1492
f 1493 1489 1494
f 1495 1496 1489
f 1497 1498 1489
f 1495 1489 1498
f 1497 1489 1499
f 1491 1499 1489
f 1494 1489 1496
f 1500 1501 1489
f 1501 1502 1489
f 1503 1504 1489
f 1505 1489 1504
f 1503 1489 1493
f 1506 1507 1489
f 1508 1506 1489
f 1505 1508 1489
f 1500 1489 1509
f 1510 1509 1489
f 1507 1510 1489
f 1511 1489 1512
f 1502 1512 1489
f 1513 1489 1511
f 1513 1514 1489
f 1514 1515 1489
f 1515 1516 1489
f 1516 1517 1489
f 1518 1489 1517
f 1518 1519 1489
f 1520 1489 1521
f 1521 1489 1522
f 1523 1522 1489
f 1523 1489 1524
f 1524 1489 1525
f 1525 1489 1526
f 1492 1489 1527
f 1527 1489 1528
f 1528 1489 1529
f 1530 1529 1489
f 1530 1489 1531
f 1531 1489 1532
f 1532 1489 1533
f 1533 1489 1534
f 1534 1489 1535
f 1535 1489 1520
f 1519 1536 1489
f 1536 1537 1489
f 1537 1538 1489
f 1538 1539 1489
f 1491 158 1499
f 1491 1492 187
f 1497 159 1498
f 1497 1499 157
f 1521 1522 200
f 1523 201 1522
f 1523 1524 202
f 1524 1525 203
f 1525 1526 204
f 1530 192 1529
f 1528 1529 191
f 1530 1531 193
f 1531 1532 194
f 1532 1533 195
f 1533 1534 196
f 1492 1527 156
f 1527 1528 190
f 1534 1535 197
f 1535 1520 198
f 1520 1521 199
f 1505 165 1508
f 1505 1504 164
f 1495 161 1496
f 1493 1494 167
f 1494 1496 166
f 1495 1498 160
f 1503 1493 163
f 1503 162 1504
f 1507 174 1510
f 1506 173 1507
f 1508 172 1506
f 1500 177 1501
f 1501 169 1502
f 1500 1509 176
f 1510 175 1509
f 1526 1489 205
f 1511 1512 170
f 1513 1511 171
f 1502 168 1512
f 1513 178 1514
f 1514 179 1515
f 1515 180 1516
f 1516 181 1517
f 1518 1517 182
f 1518 186 1519
f 1519 185 1536
f 1536 184 1537
f 1537 183 1538
f 1538 189 1539
f 1539 1540 1489
f 1539 188 1540
f 1499 158 157
f 1491 187 158
f 1497 157 159
f 1522 201 200
f 1523 202 201
f 1524 203 202
f 1525 204 203
f 1529 192 191
f 1528 191 190
f 1530 193 192
f 1531 194 193
f 1532 195 194
f 1533 196 195
f 1492 156 187
f 1527 190 156
f 1534 197 196
f 1535 198 197
f 1520 199 198
f 1521 200 199
f 1505 164 165
f 1508 165 172
f 1493 167 163
f 1494 166 167
f 1496 161 166
f 1495 160 161
f 1498 159 160
f 1503 163 162
f 1504 162 164
f 1510 174 175
f 1507 173 174
f 1506 172 173
f 1501 177 169
f 1500 176 177
f 1509 175 176
f 1526 205 204
f 1511 170 171
f 1512 168 170
f 1502 169 168
f 1514 178 179
f 1513 171 178
f 1515 179 180
f 1516 180 181
f 1517 181 182
f 1518 182 186
f 1519 186 185
f 1536 185 184
f 1537 184 183
f 1538 183 189
f 1539 189 188
f 1487 1490 1488
f 1466 1488 154
f 1488 1541 1542
f 1488 1543 1541
f 1488 1544 1543
f 1488 1545 1544
f 1488 1546 1545
f 1488 1547 1546
f 1488 1548 1547
f 1488 1549 1548
f 1488 1550 1549
f 1488 1551 1550
f 1488 1552 1551
f 1488 1553 1552
f 1488 1554 1553
f 1488 1555 1554
f 1488 1556 1555
f 1488 1557 1556
f 1488 1558 1557
f 1488 1559 1558
f 1488 1560 1559
f 1488 1561 1560
f 1488 1562 1561
f 1488 1563 1562
f 1488 1564 1563
f 1488 1565 1564
f 1488 1566 1565
f 1488 1567 1566
f 1488 1568 1567
f 1488 1569 1568
f 1488 1570 1569
f 1488 1571 1570
f 1488 1572 1571
f 1488 1573 1572
f 1488 1574 1573
f 1488 1575 1574
f 1488 1576 1575
f 1488 1577 1576
f 1488 1578 1577
f 1488 1579 1578
f 1488 1580 1579
f 1488 1581 1580
f 1488 1582 1581
f 1488 1583 1582
f 1488 1584 1583
f 1488 1585 1584
f 1488 1586 1585
f 1488 1587 1586
f 1488 1588 1587
f 1488 1542 317
f 1542 1541 318
f 1541 1543 319
f 1543 1544 320
f 1544 1545 321
f 1545 1546 322
f 1546 1547 323
f 1547 1548 324
f 1548 1549 325
f 1549 1550 326
f 1550 1551 327
f 1551 1552 328
f 1552 1553 329
f 1553 1554 330
f 1554 1555 331
f 1555 1556 332
f 1556 1557 333
f 1557 1558 334
f 1558 1559 335
f 1559 1560 314
f 1560 1561 336
f 1561 1562 337
f 1562 1563 338
f 1563 1564 339
f 1564 1565 315
f 1565 1566 340
f 1566 1567 341
f 1567 1568 342
f 1568 1569 343
f 1569 1570 344
f 1570 1571 316
f 1571 1572 345
f 1572 1573 346
f 1573 1574 347
f 1574 1575 348
f 1575 1576 349
f 1576 1577 350
f 1577 1578 351
f 1578 1579 352
f 1579 1580 353
f 1580 1581 354
f 1581 1582 355
f 1582 1583 356
f 1583 1584 359
f 1584 1585 360
f 1585 1586 361
f 1586 1587 362
f 1587 1588 363
f 1488 317 154
f 1542 318 317
f 1541 319 318
f 1543 320 319
f 1544 321 320
f 1545 322 321
f 1546 323 322
f 1547 324 323
f 1548 325 324
f 1549 326 325
f 1550 327 326
f 1551 328 327
f 1552 329 328
f 1553 330 329
f 1554 331 330
f 1555 332 331
f 1556 333 332
f 1557 334 333
f 1558 335 334
f 1559 314 335
f 1560 336 314
f 1561 337 336
f 1562 338 337
f 1563 339 338
f 1564 315 339
f 1565 340 315
f 1566 341 340
f 1567 342 341
f 1568 343 342
f 1569 344 343
f 1570 316 344
f 1571 345 316
f 1572 346 345
f 1573 347 346
f 1574 348 347
f 1575 349 348
f 1576 350 349
f 1577 351 350
f 1578 352 351
f 1579 353 352
f 1580 354 353
f 1581 355 354
f 1582 356 355
f 1583 359 356
f 1584 360 359
f 1585 361 360
f 1586 362 361
f 1587 363 362
f 1488 1589 1588
f 1588 1330 363
f 557 556 834
f 552 573 853
f 573 564 854
f 555 554 827
f 554 553 828
f 556 555 835
f 553 552 852
f 565 560 858
f 564 563 855
f 563 562 856
f 562 565 857
f 560 559 859
f 567 566 863
f 559 561 860
f 561 569 861
f 569 567 862
f 566 568 864
f 568 570 871
f 570 571 872
f 571 572 873
f 572 574 874
f 574 575 875
f 575 576 876
f 576 577 877
f 577 578 869
f 578 579 867
f 582 583 865
f 579 580 868
f 580 581 870
f 581 582 866
f 685 686 847
f 589 604 837
f 588 589 822
f 604 682 851
f 683 684 849
f 682 683 850
f 684 685 848
f 583 584 825
f 585 586 823
f 584 585 824
f 586 588 821
f 626 625 674
f 629 628 669
f 628 627 672
f 627 626 673
f 623 622 677
f 624 623 676
f 622 621 678
f 621 620 679
f 625 624 675
f 608 607 746
f 609 608 747
f 610 609 748
f 713 714 756
f 714 610 749
f 711 712 758
f 710 711 759
f 709 710 760
f 708 709 761
f 712 713 757
f 631 630 671
f 632 631 670
f 630 629 668
f 633 632 653
f 634 633 652
f 636 635 651
f 635 634 654
f 637 636 650
f 638 637 656
f 639 638 655
f 640 639 658
f 641 640 657
f 646 643 661
f 647 646 662
f 644 647 663
f 605 612 743
f 645 644 665
f 648 645 664
f 611 648 666
f 612 611 667
f 642 641 659
f 643 642 660
f 607 606 744
f 606 605 745
f 603 602 734
f 596 595 741
f 594 593 829
f 595 594 742
f 600 599 737
f 598 597 739
f 599 598 738
f 601 600 736
f 602 601 735
f 597 596 740
f 616 615 753
f 618 617 751
f 617 616 752
f 614 613 755
f 615 614 754
f 613 603 733
f 619 618 750
f 620 619 680
f 592 591 831
f 593 592 830
f 591 558 832
f 558 557 833
f 629 669 668
f 626 674 673
f 628 672 669
f 627 673 672
f 623 677 676
f 625 675 674
f 624 676 675
f 621 679 678
f 622 678 677
f 620 680 679
f 700 701 768
f 699 700 769
f 693 694 842
f 692 693 839
f 691 692 838
f 690 691 840
f 696 697 772
f 695 696 773
f 694 695 841
f 697 698 771
f 698 699 770
f 707 708 762
f 703 704 775
f 706 705 764
f 705 707 763
f 704 706 765
f 702 703 767
f 701 702 766
f 687 688 845
f 688 689 844
f 686 687 846
f 689 690 843
f 746 747 608
f 747 748 609
f 748 749 610
f 749 756 714
f 757 758 712
f 758 759 711
f 756 757 713
f 759 760 710
f 760 761 709
f 761 762 708
f 631 671 670
f 630 668 671
f 636 651 650
f 634 652 654
f 633 653 652
f 635 654 651
f 638 656 655
f 639 655 658
f 637 650 656
f 640 658 657
f 641 657 659
f 661 662 646
f 662 663 647
f 663 665 644
f 665 664 645
f 664 666 648
f 666 667 611
f 667 743 612
f 659 660 642
f 660 661 643
f 632 670 653
f 743 745 605
f 745 744 606
f 744 746 607
f 556 835 834
f 555 827 835
f 554 828 827
f 553 852 828
f 552 853 852
f 573 854 853
f 564 855 854
f 560 859 858
f 563 856 855
f 562 857 856
f 565 858 857
f 846 847 686
f 847 848 685
f 848 849 684
f 849 850 683
f 850 851 682
f 822 821 588
f 837 822 589
f 851 837 604
f 561 861 860
f 559 860 859
f 569 862 861
f 567 863 862
f 568 871 864
f 566 864 863
f 570 872 871
f 571 873 872
f 572 874 873
f 825 865 583
f 875 874 574
f 876 875 575
f 869 877 577
f 867 869 578
f 877 876 576
f 870 868 580
f 865 866 582
f 866 870 581
f 868 867 579
f 824 825 584
f 823 824 585
f 821 823 586
f 603 734 733
f 602 735 734
f 618 751 750
f 615 754 753
f 617 752 751
f 616 753 752
f 619 750 680
f 614 755 754
f 613 733 755
f 601 736 735
f 600 737 736
f 599 738 737
f 598 739 738
f 596 741 740
f 595 742 741
f 594 829 742
f 593 830 829
f 597 740 739
f 768 769 700
f 769 770 699
f 762 763 707
f 763 764 705
f 765 775 704
f 775 767 703
f 764 765 706
f 767 766 702
f 766 768 701
f 771 772 697
f 770 771 698
f 772 773 696
f 773 841 695
f 842 839 693
f 839 838 692
f 840 843 690
f 838 840 691
f 841 842 694
f 592 831 830
f 591 832 831
f 558 833 832
f 557 834 833
f 844 845 688
f 845 846 687
f 843 844 689
f 1489 1590 1490
f 1489 1540 1591
f 1489 1591 1592
f 1489 1592 1593
f 1489 1593 1594
f 1489 1594 1595
f 1489 1595 1596
f 1489 1596 1597
f 1489 1597 1598
f 1489 1598 1599
f 1489 1599 1600
f 1489 1600 1601
f 1489 1601 1602
f 1489 1602 1603
f 1489 1603 1604
f 1489 1604 1605
f 1489 1605 1606
f 1489 1606 1607
f 1489 1607 1608
f 1489 1608 1609
f 1489 1609 1610
f 1489 1610 1611
f 1489 1611 1612
f 1489 1612 1613
f 1489 1613 1614
f 1489 1614 1615
f 1489 1615 1616
f 1489 1616 1617
f 1489 1617 1618
f 1489 1618 1619
f 1489 1619 1620
f 1489 1620 1621
f 1489 1621 1622
f 1489 1622 1623
f 1489 1623 1624
f 1489 1624 1625
f 1489 1625 1626
f 1489 1626 1627
f 1489 1627 1628
f 1489 1628 1629
f 1489 1629 1630
f 1489 1630 1631
f 1489 1631 1632
f 1489 1632 1633
f 1489 1633 1634
f 1489 1634 1635
f 1489 1635 1636
f 1489 1636 1637
f 1489 1637 1638
f 1489 1638 1590
f 1540 206 1591
f 1591 208 1592
f 1592 212 1593
f 1593 211 1594
f 1594 210 1595
f 1595 209 1596
f 1596 215 1597
f 1597 214 1598
f 1598 213 1599
f 1599 782 1600
f 1600 781 1601
f 1601 780 1602
f 1602 779 1603
f 1603 787 1604
f 1604 786 1605
f 1605 785 1606
f 1606 784 1607
f 1607 783 1608
f 1608 792 1609
f 1609 791 1610
f 1610 790 1611
f 1611 789 1612
f 1612 788 1613
f 1613 793 1614
f 1614 799 1615
f 1615 798 1616
f 1616 797 1617
f 1540 188 206
f 1591 206 208
f 1592 208 212
f 1593 212 211
f 1594 211 210
f 1595 210 209
f 1596 209 215
f 1597 215 214
f 1598 214 213
f 1599 213 782
f 1600 782 781
f 1601 781 780
f 1602 780 779
f 1603 779 787
f 1604 787 786
f 1605 786 785
f 1606 785 784
f 1607 784 783
f 1608 783 792
f 1609 792 791
f 1610 791 790
f 1611 790 789
f 1612 789 788
f 1613 788 793
f 1614 793 799
f 1615 799 798
f 1616 798 797
f 1617 797 796
f 1617 796 1618
f 1618 795 1619
f 1619 794 1620
f 1620 800 1621
f 1621 807 1622
f 1622 806 1623
f 1623 805 1624
f 1624 804 1625
f 1625 803 1626
f 1626 802 1627
f 1627 801 1628
f 1628 808 1629
f 1629 813 1630
f 1630 812 1631
f 1631 811 1632
f 1632 810 1633
f 1633 809 1634
f 1634 818 1635
f 1635 817 1636
f 1636 816 1637
f 1637 815 1638
f 1638 814 1590
f 1618 796 795
f 1619 795 794
f 1620 794 800
f 1621 800 807
f 1622 807 806
f 1623 806 805
f 1624 805 804
f 1625 804 803
f 1626 803 802
f 1627 802 801
f 1628 801 808
f 1629 808 813
f 1630 813 812
f 1631 812 811
f 1632 811 810
f 1633 810 809
f 1634 809 818
f 1635 818 817
f 1636 817 816
f 1637 816 815
f 1638 815 814
f 1590 814 819
f 1590 820 1490
f 1590 819 820
f 1488 1490 1639
f 1488 1639 1640
f 1488 1640 1641
f 1488 1641 1642
f 1488 1642 1643
f 1488 1643 1644
f 1488 1644 1645
f 1488 1645 1646
f 1488 1646 1647
f 1488 1647 1648
f 1488 1648 1649
f 1488 1649 1650
f 1488 1650 1651
f 1488 1651 1652
f 1488 1652 1653
f 1488 1653 1654
f 1488 1654 1655
f 1488 1655 1656
f 1488 1656 1657
f 1488 1657 1658
f 1488 1658 1659
f 1488 1659 1660
f 1488 1660 1661
f 1488 1661 1662
f 1488 1662 1663
f 1488 1663 1664
f 1488 1664 1665
f 1488 1665 1666
f 1488 1666 1667
f 1488 1667 1668
f 1488 1668 1669
f 1488 1669 1670
f 1488 1670 1671
f 1488 1671 1672
f 1488 1672 1673
f 1488 1673 1674
f 1488 1674 1675
f 1488 1675 1676
f 1488 1676 1677
f 1488 1677 1678
f 1488 1678 1679
f 1488 1679 1680
f 1488 1680 1681
f 1488 1681 1682
f 1488 1682 1683
f 1488 1683 1684
f 1488 1684 1685
f 1488 1685 1686
f 1490 879 1639
f 1639 880 1640
f 1640 881 1641
f 1641 882 1642
f 1642 883 1643
f 1643 884 1644
f 1644 885 1645
f 1645 886 1646
f 1646 887 1647
f 1647 888 1648
f 1648 889 1649
f 1649 891 1650
f 1650 890 1651
f 1651 892 1652
f 1652 893 1653
f 1653 894 1654
f 1654 895 1655
f 1655 897 1656
f 1656 896 1657
f 1657 898 1658
f 1658 899 1659
f 1659 900 1660
f 1660 901 1661
f 1661 902 1662
f 1662 904 1663
f 1663 903 1664
f 1664 905 1665
f 1665 906 1666
f 1666 907 1667
f 1667 908 1668
f 1668 909 1669
f 1669 911 1670
f 1670 910 1671
f 1671 912 1672
f 1672 913 1673
f 1490 820 879
f 1639 879 880
f 1640 880 881
f 1641 881 882
f 1642 882 883
f 1643 883 884
f 1644 884 885
f 1645 885 886
f 1646 886 887
f 1647 887 888
f 1648 888 889
f 1649 889 891
f 1650 891 890
f 1651 890 892
f 1652 892 893
f 1653 893 894
f 1654 894 895
f 1655 895 897
f 1656 897 896
f 1657 896 898
f 1658 898 899
f 1659 899 900
f 1660 900 901
f 1661 901 902
f 1662 902 904
f 1663 904 903
f 1664 903 905
f 1665 905 906
f 1666 906 907
f 1667 907 908
f 1668 908 909
f 1669 909 911
f 1670 911 910
f 1671 910 912
f 1672 912 913
f 1673 913 914
f 1673 914 1674
f 1674 915 1675
f 1675 916 1676
f 1676 917 1677
f 1677 918 1678
f 1678 919 1679
f 1679 920 1680
f 1680 921 1681
f 1681 922 1682
f 1682 923 1683
f 1683 924 1684
f 1684 925 1685
f 1685 926 1686
f 1674 914 915
f 1675 915 916
f 1676 916 917
f 1677 917 918
f 1678 918 919
f 1679 919 920
f 1680 920 921
f 1681 921 922
f 1682 922 923
f 1683 923 924
f 1684 924 925
f 1685 925 926
f 1686 926 928
f 1686 928 1687
f 1131 1123 1402
f 1123 1122 1403
f 1124 1125 1405
f 1125 1126 1406
f 1126 1132 1407
f 1159 1158 1354
f 1156 1160 1357
f 1160 1103 1333
f 1157 1156 1356
f 1158 1157 1355
f 1099 1098 1339
f 1101 1100 1336
f 1100 1099 1337
f 1120 1118 1384
f 1118 1117 1389
f 1117 1119 1390
f 1098 1097 1382
f 1097 1120 1383
f 1103 1102 1334
f 1102 1101 1335
f 1119 1128 1385
f 1128 1127 1386
f 1127 1129 1387
f 1129 1130 1388
f 1130 1131 1401
f 1132 1133 1408
f 1133 1134 1411
f 1134 1135 1409
f 1135 1136 1410
f 1136 1137 1413
f 1151 1152 1345
f 1150 1151 1346
f 1146 1147 1400
f 1147 1148 1399
f 1148 1149 1341
f 1149 1150 1342
f 1144 1145 1391
f 1142 1143 1393
f 1141 1142 1395
f 1143 1144 1394
f 1137 1138 1412
f 1138 1139 1398
f 1139 1140 1397
f 1140 1141 1396
f 1145 1146 1392
f 1185 1184 1197
f 1184 1183 1198
f 1182 1181 1300
f 1180 1178 1302
f 1181 1180 1301
f 1183 1182 1199
f 1250 1229 1278
f 1248 1249 1280
f 1249 1250 1279
f 1247 1246 1283
f 1245 1247 1282
f 1244 1245 1284
f 1246 1248 1281
f 1188 1187 1194
f 1189 1188 1193
f 1190 1189 1192
f 1209 1190 1191
f 1210 1209 1255
f 1211 1210 1254
f 1212 1211 1253
f 1187 1186 1195
f 1186 1185 1196
f 1213 1212 1252
f 1214 1213 1251
f 1234 1233 1265
f 1215 1214 1259
f 1216 1215 1261
f 1220 1219 1256
f 1217 1216 1260
f 1218 1217 1262
f 1219 1218 1257
f 1221 1220 1258
f 1222 1221 1263
f 1223 1222 1227
f 1224 1223 1273
f 1225 1224 1274
f 1226 1225 1275
f 1233 1226 1276
f 1231 1234 1264
f 1228 1230 1272
f 1237 1236 1270
f 1230 1237 1271
f 1238 1232 1267
f 1235 1238 1268
f 1232 1231 1266
f 1236 1235 1269
f 1229 1228 1277
f 1172 1171 1309
f 1171 1170 1310
f 1166 1164 1347
f 1163 1165 1350
f 1164 1163 1348
f 1169 1168 1312
f 1168 1167 1313
f 1170 1169 1311
f 1167 1166 1349
f 1177 1176 1304
f 1176 1175 1305
f 1175 1174 1306
f 1173 1172 1308
f 1174 1173 1307
f 1178 1177 1303
f 1162 1161 1352
f 1165 1162 1351
f 1161 1159 1353
f 1185 1197 1196
f 1184 1198 1197
f 1199 1198 1183
f 1181 1301 1300
f 1182 1300 1199
f 1180 1302 1301
f 1178 1303 1302
f 1206 1207 1314
f 1207 1208 1315
f 1154 1155 1322
f 1202 1203 1318
f 1201 1202 1320
f 1155 1201 1321
f 1203 1204 1319
f 1204 1205 1317
f 1205 1206 1316
f 1240 1241 1325
f 1242 1243 1324
f 1243 1244 1285
f 1241 1242 1323
f 1239 1240 1326
f 1208 1239 1327
f 1152 1153 1344
f 1153 1154 1343
f 1278 1279 1250
f 1279 1280 1249
f 1280 1281 1248
f 1281 1283 1246
f 1283 1282 1247
f 1282 1284 1245
f 1284 1285 1244
f 1212 1253 1252
f 1210 1255 1254
f 1211 1254 1253
f 1209 1191 1255
f 1189 1193 1192
f 1188 1194 1193
f 1190 1192 1191
f 1213 1252 1251
f 1276 1265 1233
f 1265 1264 1234
f 1219 1257 1256
f 1220 1256 1258
f 1216 1261 1260
f 1215 1259 1261
f 1214 1251 1259
f 1217 1260 1262
f 1218 1262 1257
f 1258 1263 1221
f 1263 1227 1222
f 1227 1273 1223
f 1273 1274 1224
f 1274 1275 1225
f 1275 1276 1226
f 1187 1195 1194
f 1186 1196 1195
f 1264 1266 1231
f 1267 1268 1238
f 1266 1267 1232
f 1268 1269 1235
f 1270 1271 1237
f 1271 1272 1230
f 1269 1270 1236
f 1272 1277 1228
f 1277 1278 1229
f 1122 1124 1404
f 1159 1354 1353
f 1158 1355 1354
f 1157 1356 1355
f 1160 1333 1357
f 1156 1357 1356
f 1131 1402 1401
f 1123 1403 1402
f 1122 1404 1403
f 1405 1404 1124
f 1406 1405 1125
f 1407 1406 1126
f 1101 1336 1335
f 1100 1337 1336
f 1339 1337 1099
f 1098 1382 1339
f 1103 1334 1333
f 1102 1335 1334
f 1120 1384 1383
f 1118 1389 1384
f 1097 1383 1382
f 1117 1390 1389
f 1119 1385 1390
f 1128 1386 1385
f 1127 1387 1386
f 1129 1388 1387
f 1130 1401 1388
f 1408 1407 1132
f 1413 1410 1136
f 1410 1409 1135
f 1411 1408 1133
f 1409 1411 1134
f 1345 1346 1151
f 1346 1342 1150
f 1342 1341 1149
f 1341 1399 1148
f 1399 1400 1147
f 1391 1394 1144
f 1394 1393 1143
f 1393 1395 1142
f 1395 1396 1141
f 1392 1391 1145
f 1400 1392 1146
f 1398 1412 1138
f 1397 1398 1139
f 1396 1397 1140
f 1412 1413 1137
f 1171 1310 1309
f 1177 1304 1303
f 1176 1305 1304
f 1174 1307 1306
f 1175 1306 1305
f 1173 1308 1307
f 1172 1309 1308
f 1170 1311 1310
f 1169 1312 1311
f 1168 1313 1312
f 1167 1349 1313
f 1166 1347 1349
f 1164 1348 1347
f 1163 1350 1348
f 1327 1315 1208
f 1315 1314 1207
f 1285 1324 1243
f 1324 1323 1242
f 1325 1326 1240
f 1323 1325 1241
f 1326 1327 1239
f 1316 1317 1205
f 1314 1316 1206
f 1317 1319 1204
f 1319 1318 1203
f 1318 1320 1202
f 1320 1321 1201
f 1321 1322 1155
f 1165 1351 1350
f 1162 1352 1351
f 1161 1353 1352
f 1322 1343 1154
f 1343 1344 1153
f 1344 1345 1152
f 1488 1686 1687
f 1488 1688 1589
f 1488 1689 1688
f 1488 1690 1689
f 1488 1691 1690
f 1488 1692 1691
f 1488 1693 1692
f 1488 1694 1693
f 1488 1695 1694
f 1488 1696 1695
f 1488 1697 1696
f 1488 1698 1697
f 1488 1699 1700
f 1488 1701 1699
f 1488 1702 1703
f 1488 1704 1701
f 1488 1703 1704
f 1488 1705 1706
f 1488 1706 1707
f 1488 1708 1709
f 1488 1709 1710
f 1488 1707 1708
f 1488 1711 1702
f 1488 1710 1712
f 1488 1712 1711
f 1488 1713 1698
f 1488 1714 1713
f 1488 1715 1714
f 1488 1716 1715
f 1488 1717 1716
f 1488 1718 1719
f 1488 1719 1717
f 1488 1720 1718
f 1488 1721 1722
f 1488 1722 1720
f 1488 1700 1721
f 1488 1687 1723
f 1488 1723 1724
f 1488 1724 1725
f 1488 1725 1726
f 1488 1726 1727
f 1488 1727 1728
f 1488 1729 1730
f 1488 1730 1731
f 1488 1732 1733
f 1488 1731 1734
f 1488 1734 1732
f 1488 1728 1729
f 1488 1733 1705
f 1588 1589 1359
f 1588 1359 1330
f 1687 928 1332
f 1589 1688 1360
f 1688 1689 1361
f 1689 1690 1362
f 1690 1691 1363
f 1691 1692 1364
f 1693 1365 1692
f 1693 1694 1366
f 1694 1695 1367
f 1695 1696 1368
f 1696 1697 1369
f 1697 1698 1370
f 1698 1713 1371
f 1713 1714 1374
f 1714 1715 1375
f 1717 1373 1716
f 1717 1719 1376
f 1715 1716 1372
f 1705 1430 1706
f 1708 1707 1431
f 1706 1432 1707
f 1700 1699 1437
f 1699 1701 1438
f 1701 1704 1424
f 1719 1718 1377
f 1718 1720 1378
f 1720 1722 1381
f 1722 1721 1379
f 1700 1380 1721
f 1702 1711 1427
f 1711 1712 1434
f 1704 1703 1425
f 1702 1426 1703
f 1708 1433 1709
f 1710 1709 1436
f 1710 1435 1712
f 1589 1360 1359
f 1688 1361 1360
f 1689 1362 1361
f 1690 1363 1362
f 1691 1364 1363
f 1692 1365 1364
f 1693 1366 1365
f 1694 1367 1366
f 1695 1368 1367
f 1696 1369 1368
f 1697 1370 1369
f 1698 1371 1370
f 1713 1374 1371
f 1714 1375 1374
f 1717 1376 1373
f 1719 1377 1376
f 1715 1372 1375
f 1716 1373 1372
f 1706 1430 1432
f 1707 1432 1431
f 1708 1431 1433
f 1700 1437 1380
f 1699 1438 1437
f 1701 1424 1438
f 1718 1378 1377
f 1720 1381 1378
f 1722 1379 1381
f 1721 1380 1379
f 1712 1435 1434
f 1711 1434 1427
f 1704 1425 1424
f 1703 1426 1425
f 1702 1427 1426
f 1710 1436 1435
f 1709 1433 1436
f 1687 1332 1723
f 1723 1414 1724
f 1724 1415 1725
f 1725 1417 1726
f 1727 1726 1416
f 1727 1418 1728
f 1728 1419 1729
f 1729 1420 1730
f 1731 1421 1734
f 1733 1732 1429
f 1734 1423 1732
f 1730 1422 1731
f 1733 1428 1705
f 1723 1332 1414
f 1724 1414 1415
f 1725 1415 1417
f 1726 1417 1416
f 1727 1416 1418
f 1728 1418 1419
f 1729 1419 1420
f 1730 1420 1422
f 1734 1421 1423
f 1733 1429 1428
f 1732 1423 1429
f 1731 1422 1421
f 1705 1428 1430
f 1735 1736 1737
f 1735 1738 1739
f 1735 1740 1738
f 1735 1741 1740
f 1735 1742 1741
f 1735 1743 1742
f 1735 1744 1745
f 1735 1745 1746
f 1735 1746 1747
f 1735 1747 1748
f 1735 1748 1749
f 1735 1749 1750
f 1735 1750 1751
f 1735 1751 1752
f 1735 1739 1744
f 1735 1752 1753
f 1735 1753 1754
f 1735 1754 1755
f 1735 1756 1757
f 1735 1758 1756
f 1735 1759 1743
f 1735 1757 1759
f 1735 1760 1758
f 1735 1761 1760
f 1735 1762 1761
f 1735 1763 1736
f 1737 1764 1765
f 1765 1764 1766
f 1766 1764 1767
f 1767 1764 1768
f 1768 1764 1769
f 1769 1764 1770
f 1770 1764 1771
f 1771 1764 1772
f 1772 1764 1773
f 1773 1764 1774
f 1774 1764 1775
f 1775 1764 1776
f 1776 1764 1777
f 1777 1764 1778
f 1778 1764 1779
f 1779 1764 1780
f 1780 1764 1781
f 1781 1764 1782
f 1782 1764 1783
f 1783 1764 1784
f 1784 1764 1785
f 1737 1736 1764
f 1785 1764 1786
f 1786 1764 1787
f 1787 1764 1788
f 1788 1764 1789
f 1789 1764 1790
f 1790 1764 1791
f 1791 1764 1792
f 1792 1764 1793
f 1793 1764 1794
f 1794 1764 1795
f 1795 1764 1796
f 1796 1764 1797
f 1797 1764 1798
f 1798 1764 1799
f 1799 1764 1800
f 1800 1764 1801
f 1801 1764 1802
f 1802 1764 1803
f 1803 1764 1804
f 1804 1764 1805
f 1805 1764 1806
f 1806 1764 1807
f 1807 1764 1808
f 1808 1764 1809
f 1809 1764 1810
f 1810 1764 1811
f 1811 1764 1812
f 1812 1764 1813
f 1813 1764 1814
f 1814 1764 1815
f 1815 1764 1816
f 1816 1764 1817
f 1817 1764 1818
f 1818 1764 1819
f 1819 1764 1820
f 1820 1764 1821
f 1822 1736 1823
f 1735 1824 1825
f 1763 1826 1827
f 1763 1827 1828
f 1763 1828 1829
f 1763 1829 1830
f 1763 1830 1831
f 1763 1831 1832
f 1763 1832 1833
f 1763 1833 1834
f 1763 1834 1835
f 1763 1835 1836
f 1763 1836 1837
f 1763 1838 1839
f 1763 1839 1840
f 1763 1840 1841
f 1763 1837 1842
f 1763 1842 1838
f 1735 1825 1843
f 1735 1843 1844
f 1735 1845 1846
f 1735 1847 1845
f 1735 1848 1847
f 1735 1849 1848
f 1735 1844 1849
f 1735 1846 1762
f 1735 1755 1763
f 1735 1737 1850
f 1737 1765 1850
f 1765 1766 1851
f 1766 1767 1852
f 1767 1768 1853
f 1768 1769 1854
f 1769 1770 1855
f 1770 1771 1856
f 1771 1772 1857
f 1772 1773 1858
f 1773 1774 1859
f 1774 1775 1860
f 1775 1776 1861
f 1776 1777 1862
f 1777 1778 1863
f 1778 1779 1864
f 1779 1780 1865
f 1780 1781 1866
f 1781 1782 1867
f 1763 1755 1868
f 1763 1868 1869
f 1763 1869 1870
f 1763 1870 1871
f 1763 1871 1872
f 1763 1872 1873
f 1763 1873 1826
f 1736 1763 1823
f 1822 1764 1736
f 1822 1823 1874
f 1821 1764 1875
f 1875 1764 1876
f 1876 1764 1877
f 1877 1764 1878
f 1878 1764 1879
f 1879 1764 1880
f 1880 1764 1881
f 1881 1764 1882
f 1882 1764 1883
f 1883 1764 1884
f 1884 1764 1885
f 1886 1887 1888
f 1782 1783 1889
f 1783 1784 1890
f 1784 1785 1891
f 1785 1786 1892
f 1786 1787 1893
f 1787 1788 1894
f 1788 1789 1895
f 1789 1790 1896
f 1790 1791 1897
f 1791 1792 1898
f 1792 1793 1899
f 1793 1794 1900
f 1794 1795 1901
f 1795 1796 1902
f 1796 1797 1903
f 1797 1798 1904
f 1798 1799 1905
f 1799 1800 1906
f 1800 1801 1907
f 1801 1802 1908
f 1802 1803 1909
f 1803 1804 1910
f 1804 1805 1911
f 1805 1806 1912
f 1806 1807 1913
f 1807 1808 1914
f 1808 1809 1915
f 1809 1810 1916
f 1810 1811 1917
f 1811 1812 1918
f 1812 1813 1919
f 1813 1814 1920
f 1814 1815 1921
f 1815 1816 1922
f 1816 1817 1923
f 1817 1818 1924
f 1818 1819 1925
f 1819 1820 1926
f 1820 1821 1927
f 1821 1875 1928
f 1875 1876 1929
f 1876 1877 1930
f 1877 1878 1931
f 1878 1879 1932
f 1879 1880 1933
f 1880 1881 1934
f 1881 1882 1935
f 1882 1883 1936
f 1883 1884 1937
f 1884 1885 1938
f 1885 1939 1940
f 1939 1941 1942
f 1941 1943 1944
f 1943 1945 1946
f 1945 1947 1948
f 1947 1949 1950
f 1949 1951 1952
f 1951 1953 1954
f 1953 1955 1956
f 1955 1957 1958
f 1957 1959 1960
f 1959 1961 1962
f 1961 1963 1964
f 1963 1965 1966
f 1965 1967 1968
f 1967 1969 1970
f 1969 1971 1972
f 1971 1973 1974
f 1973 1975 1976
f 1975 1977 1978
f 1977 1979 1980
f 1979 1981 1982
f 1981 1983 1984
f 1983 1985 1986
f 1985 1987 1988
f 1987 1989 1990
f 1989 1991 1992
f 1991 1993 1994
f 1993 1995 1996
f 1995 1997 1998
f 1997 1999 2000
f 1999 2001 2002
f 2001 2003 2004
f 2005 2006 2003
f 2005 1886 2007
f 1886 1888 2008
f 1885 1764 1939
f 1939 1764 1941
f 1941 1764 1943
f 1943 1764 1945
f 1945 1764 1947
f 1947 1764 1949
f 1949 1764 1951
f 1951 1764 1953
f 1953 1764 1955
f 1955 1764 1957
f 1957 1764 1959
f 1959 1764 1961
f 1961 1764 1963
f 1963 1764 1965
f 1965 1764 1967
f 1967 1764 1969
f 1969 1764 1971
f 1971 1764 1973
f 1973 1764 1975
f 1975 1764 1977
f 1977 1764 1979
f 1979 1764 1981
f 1981 1764 1983
f 1983 1764 1985
f 1985 1764 1987
f 1987 1764 1989
f 1989 1764 1991
f 1991 1764 1993
f 1993 1764 1995
f 1995 1764 1997
f 1997 1764 1999
f 1999 1764 2001
f 2001 1764 2003
f 2005 2003 1764
f 2005 1764 1886
f 1886 1764 1887
f 1764 2009 1887
f 2009 2010 1887
f 1824 2011 2012
f 1824 2013 2011
f 1824 2014 2015
f 1824 2015 2013
f 1824 2016 2014
f 1824 2017 2016
f 1824 2018 2017
f 1824 2019 1825
f 1824 2020 2021
f 1824 2021 2019
f 1824 2022 2020
f 1824 2023 2024
f 1824 2024 2022
f 1824 2025 2023
f 1824 2026 2025
f 1824 2027 2026
f 1824 2012 2027
f 1763 2028 2029
f 1763 2029 2030
f 1763 1841 2031
f 1763 2031 2032
f 1763 2032 2033
f 1763 2033 2034
f 1763 2034 2035
f 1763 2035 2036
f 1763 2036 2028
f 1763 2030 2037
f 1763 2037 2038
f 1763 2038 2039
f 1763 2039 2040
f 1763 2041 1823
f 1735 1850 1824
f 1765 1851 1850
f 1766 1852 1851
f 1767 1853 1852
f 1768 1854 1853
f 1769 1855 1854
f 1770 1856 1855
f 1771 1857 1856
f 1772 1858 1857
f 1773 1859 1858
f 1774 1860 1859
f 1775 1861 1860
f 1776 1862 1861
f 1777 1863 1862
f 1778 1864 1863
f 1779 1865 1864
f 1780 1866 1865
f 1781 1867 1866
f 1782 1889 1867
f 1824 2042 2043
f 1824 2044 2018
f 1824 2045 2044
f 1824 2046 2045
f 1824 2047 2046
f 1824 2043 2047
f 1824 2048 2042
f 1824 2049 2050
f 1824 2050 2048
f 1824 2051 2049
f 1824 2052 2051
f 1824 2053 2052
f 1824 2054 2053
f 1824 2055 2054
f 1824 2056 2055
f 2040 2057 2058
f 2040 2059 2057
f 2040 2058 2060
f 2040 2060 2061
f 2040 2061 2062
f 2040 2062 2063
f 2040 2064 2056
f 2040 2065 2066
f 2040 2066 2064
f 2040 2067 2065
f 2040 2068 2067
f 2040 2069 2068
f 2040 2070 2069
f 2040 2071 2072
f 2040 2073 2070
f 2040 2074 2073
f 2040 2075 2074
f 2040 2076 2077
f 2040 2072 2076
f 2040 2077 2075
f 2040 2063 2078
f 2040 2078 2071
f 1824 2079 2080
f 1824 2081 2082
f 1824 2082 2083
f 1824 2080 2081
f 1824 2083 2084
f 1824 2084 2085
f 1824 2085 2086
f 1824 2086 2087
f 1824 2087 2088
f 1824 2088 2089
f 1824 2089 2090
f 1824 2090 2091
f 1824 2091 2092
f 1824 2092 2093
f 1824 2093 2094
f 1824 2094 2095
f 1824 2095 2096
f 1824 2097 2098
f 1824 2098 2099
f 1824 2100 2097
f 1824 2101 2102
f 1824 2102 2100
f 1824 2103 2104
f 1824 2105 2106
f 1824 2106 2101
f 1824 2107 2105
f 1824 2104 2107
f 1824 2108 2103
f 1824 2109 2110
f 1824 2111 2109
f 1824 2110 2112
f 1824 2112 2079
f 1824 2113 2111
f 1824 2099 2113
f 1824 2040 2056
f 1824 2096 2040
f 2040 2096 2114
f 2040 2114 2115
f 2040 2115 2116
f 2040 2116 2117
f 1824 1850 2108
f 2040 2118 2119
f 2040 2039 2120
f 2040 2120 2121
f 2040 2121 2122
f 2040 2122 2123
f 2040 2123 2118
f 2040 2119 2059
f 1763 2040 2124
f 1763 2124 2041
f 2040 2117 2125
f 2040 2125 2126
f 2040 2126 2127
f 2040 2127 2128
f 2040 2128 2129
f 2040 2129 2130
f 2040 2130 2131
f 2040 2131 2132
f 2040 2132 2133
f 2040 2133 2134
f 2040 2134 2135
f 2040 2135 2124
f 2124 2135 2136
f 2124 2136 2137
f 2124 2137 2138
f 2124 2138 2139
f 2124 2139 2140
f 2124 2140 2141
f 2124 2141 2142
f 2124 2142 2143
f 2124 2143 2144
f 2124 2144 2145
f 2124 2145 2146
f 2124 2146 2147
f 2124 2147 2148
f 2124 2148 2149
f 2124 2149 2150
f 2124 2150 2151
f 2124 2151 2152
f 2124 2152 2153
f 2124 2154 2155
f 2124 2153 2154
f 2124 2155 2156
f 2124 2156 2157
f 2124 2157 2158
f 2124 2159 2041
f 2041 2159 2160
f 2159 2161 2160
f 2124 2162 2159
f 2159 2162 2161
f 2160 2161 2163
f 2124 2164 2162
f 2124 2165 2164
f 2124 2166 2167
f 2124 2168 2166
f 2124 2169 2170
f 2124 2170 2171
f 2124 2171 2168
f 2124 2172 2173
f 2124 2173 2174
f 2124 2175 2176
f 2124 2177 2178
f 2124 2178 2175
f 2124 2176 2172
f 2124 2179 2180
f 2124 2174 2179
f 2124 2180 2165
f 2124 2167 2177
f 2160 2163 2181
f 2161 2162 2182
f 2161 2182 2183
f 2161 2184 2185
f 2161 2183 2184
f 2161 2185 2186
f 2161 2187 2188
f 2161 2186 2187
f 2161 2188 2163
f 1850 2189 2108
f 1850 2190 2189
f 1850 2191 2190
f 1850 2192 2191
f 1850 2193 2192
f 1850 2194 2193
f 1850 2195 2194
f 1850 2196 2195
f 1850 2197 2196
f 1850 2198 2197
f 1850 2199 2198
f 1850 2200 2199
f 1850 2201 2200
f 1850 2202 2201
f 1850 2203 2202
f 1850 2204 2203
f 1850 2205 2204
f 1850 2206 2205
f 1850 2207 2206
f 1850 2208 2207
f 1850 2209 2208
f 1850 2210 2209
f 1850 2211 2210
f 1850 2212 2211
f 1850 2213 2212
f 1850 2214 2213
f 1850 2215 2214
f 1850 2216 2215
f 1850 2217 2216
f 1850 2218 2217
f 1850 2219 2218
f 1850 2220 2219
f 1850 2221 2220
f 1850 2222 2221
f 1850 2223 2222
f 1850 2224 2223
f 1850 2225 2224
f 1850 2226 2227
f 1850 2227 2225
f 1850 2228 2226
f 1850 2229 2228
f 1850 2230 2231
f 1850 2232 2230
f 1850 2231 2229
f 2124 1850 1851
f 2124 1851 1852
f 2124 1852 1853
f 2124 2233 2234
f 2124 2234 1850
f 1850 2235 2236
f 1850 2234 2235
f 1850 2236 2232
f 2124 1853 1854
f 2124 1854 1855
f 2124 1855 1856
f 2124 1856 1857
f 2124 1857 1858
f 2124 1858 1859
f 2124 1859 1860
f 2124 1860 1861
f 2124 1861 1862
f 2124 1862 1863
f 2124 1863 1864
f 2124 1864 1865
f 2124 1865 1866
f 2124 1866 1867
f 2124 1867 1889
f 2124 1889 1890
f 2124 1890 1891
f 2124 1891 1892
f 2124 1892 1893
f 2124 1893 1894
f 2124 1894 1895
f 2124 1895 1896
f 2124 1896 1897
f 2124 1897 1898
f 2124 1898 1899
f 2124 1899 1900
f 2124 1900 1901
f 2124 1901 1902
f 2124 1902 1903
f 2124 1903 1904
f 2124 1904 1905
f 2124 1905 1906
f 2124 1906 1907
f 2124 1907 1908
f 2124 1908 1909
f 2124 1909 1910
f 2124 1910 1911
f 2124 1911 1912
f 2124 1912 1913
f 2124 1913 1914
f 2124 1914 1915
f 2124 1915 1916
f 2124 1916 1917
f 2124 1917 1918
f 2124 1918 1919
f 2124 1919 1920
f 2124 1920 1921
f 2124 1921 1922
f 2124 1922 1923
f 2124 1923 1924
f 2124 1924 1925
f 2124 1925 1926
f 2124 1926 1927
f 2124 1927 1928
f 2124 1928 1929
f 2124 1929 1930
f 2124 1930 1931
f 2124 1931 1932
f 2124 1932 1933
f 2124 1933 1934
f 2124 1934 1935
f 2124 1935 1936
f 2124 1936 1937
f 2124 1937 1938
f 2124 1938 1940
f 2124 2237 2238
f 2124 2239 2240
f 2124 2238 2239
f 2124 2240 2241
f 2124 2158 2237
f 2124 2242 2243
f 2124 2241 2242
f 2124 2243 2233
f 2124 2244 2245
f 2124 2246 2244
f 2124 2247 2246
f 2124 2248 2249
f 2124 2249 2169
f 2124 2245 2248
f 2124 2250 2247
f 2124 2251 2250
f 2124 2252 2253
f 2124 2253 2251
f 2124 2254 2252
f 2124 2255 2254
f 2124 2256 2255
f 2124 1940 1942
f 2124 1942 1944
f 2124 1944 1946
f 2124 1946 1948
f 2124 1948 1950
f 2124 1950 1952
f 2124 1952 1954
f 2124 1954 1956
f 2124 1956 1958
f 2124 1958 1960
f 2124 1960 1962
f 2124 1962 1964
f 2124 1964 1966
f 2124 1966 1968
f 2124 1968 1970
f 2124 1970 1972
f 2124 1972 1974
f 2124 1974 1976
f 2124 1976 1978
f 2124 1978 1980
f 2124 1980 1982
f 2124 1982 1984
f 2124 1984 1986
f 2124 1986 1988
f 2124 1988 1990
f 2124 1990 1992
f 2124 1992 1994
f 2124 1994 1996
f 2124 1996 1998
f 2124 1998 2000
f 2124 2000 2002
f 2124 2002 2004
f 2124 2004 2006
f 2124 2006 2007
f 2124 2007 2257
f 2124 2257 2256
f 2256 2258 2255
f 2256 2259 2258
f 2256 2260 2259
f 2256 2261 2260
f 2256 2262 2261
f 2256 2263 2262
f 2256 2264 2263
f 2256 2265 2264
f 2256 2266 2265
f 2256 2267 2266
f 1823 2041 2268
f 2041 2160 2268
f 2160 2181 2269
f 1783 1890 1889
f 1784 1891 1890
f 1785 1892 1891
f 1786 1893 1892
f 1787 1894 1893
f 1788 1895 1894
f 1789 1896 1895
f 1790 1897 1896
f 1791 1898 1897
f 1792 1899 1898
f 1793 1900 1899
f 1794 1901 1900
f 1795 1902 1901
f 1796 1903 1902
f 1797 1904 1903
f 1798 1905 1904
f 1799 1906 1905
f 1800 1907 1906
f 1801 1908 1907
f 1802 1909 1908
f 1803 1910 1909
f 1804 1911 1910
f 1805 1912 1911
f 1806 1913 1912
f 1807 1914 1913
f 1808 1915 1914
f 1809 1916 1915
f 1810 1917 1916
f 1811 1918 1917
f 1812 1919 1918
f 1813 1920 1919
f 1814 1921 1920
f 1815 1922 1921
f 1816 1923 1922
f 1817 1924 1923
f 1818 1925 1924
f 1819 1926 1925
f 1820 1927 1926
f 1821 1928 1927
f 1875 1929 1928
f 1876 1930 1929
f 1877 1931 1930
f 1878 1932 1931
f 1879 1933 1932
f 1880 1934 1933
f 1881 1935 1934
f 1882 1936 1935
f 1883 1937 1936
f 1884 1938 1937
f 1885 1940 1938
f 1939 1942 1940
f 1941 1944 1942
f 1943 1946 1944
f 1945 1948 1946
f 1947 1950 1948
f 1949 1952 1950
f 1951 1954 1952
f 1953 1956 1954
f 1955 1958 1956
f 1957 1960 1958
f 1959 1962 1960
f 1961 1964 1962
f 1963 1966 1964
f 1965 1968 1966
f 1967 1970 1968
f 1969 1972 1970
f 1971 1974 1972
f 1973 1976 1974
f 1975 1978 1976
f 1977 1980 1978
f 1979 1982 1980
f 1981 1984 1982
f 1983 1986 1984
f 1985 1988 1986
f 1987 1990 1988
f 1989 1992 1990
f 1991 1994 1992
f 1993 1996 1994
f 1995 1998 1996
f 1997 2000 1998
f 1999 2002 2000
f 2001 2004 2002
f 2003 2006 2004
f 2005 2007 2006
f 1886 2257 2007
f 1886 2008 2257
f 2256 2270 2267
f 2270 2271 2267
f 2256 2271 2270
f 2256 2272 2271
f 2257 2008 2256
f 2256 2273 2274
f 2256 2275 2273
f 2256 2276 2277
f 2256 2278 2276
f 2256 2279 2278
f 2256 2280 2279
f 2256 2281 2280
f 2256 2282 2281
f 2256 2283 2282
f 2256 2284 2283
f 2256 2285 2284
f 2256 2286 2285
f 2256 2287 2286
f 2256 2288 2287
f 2256 2289 2288
f 2256 2290 2272
f 2256 2291 2290
f 2256 2277 2291
f 2256 2292 2289
f 2256 2293 2292
f 2256 2294 2293
f 2256 2295 2294
f 2256 2296 2295
f 2256 2297 2296
f 2256 2298 2299
f 2256 2300 2298
f 2256 2301 2300
f 2256 2302 2301
f 2256 2303 2297
f 2256 2299 2303
f 2256 2304 2302
f 2256 2305 2304
f 2256 2306 2305
f 2256 2307 2306
f 2256 2308 2307
f 2256 2309 2308
f 2256 2310 2309
f 2256 2311 2310
f 2256 2312 2311
f 2256 2313 2312
f 2256 2314 2313
f 2256 2315 2314
f 2256 2274 2315
f 2271 2272 2316
f 2271 2317 2318
f 2271 2319 2317
f 2271 2320 2319
f 2271 2316 2320
f 2271 2318 2321
f 2256 2322 2275
f 2256 2323 2322
f 2256 2324 2323
f 2256 2325 2326
f 2256 2326 2327
f 2256 2327 2324
f 2256 2328 2329
f 2256 2329 2330
f 2256 2330 2325
f 1822 1874 2331
f 1822 2331 1764
f 1764 2331 2009
f 2009 2331 2332
f 2009 2332 2333
f 2331 1874 2332
f 2332 2334 2335
f 2332 2336 2334
f 2332 2337 2338
f 2332 2339 2337
f 2332 2340 2339
f 2332 2341 2340
f 2332 2342 2341
f 2332 2343 2342
f 2342 2344 2341
f 2342 2345 2344
f 2345 2346 2344
f 2346 2347 2344
f 2348 2349 2344
f 2347 2350 2344
f 2350 2351 2344
f 2351 2348 2344
f 2349 2352 2344
f 2352 2353 2344
f 2353 2354 2344
f 2355 2344 2356
f 2354 2356 2344
f 2332 2357 2358
f 2332 2359 2357
f 2332 2360 2359
f 2332 2361 2343
f 2332 2362 2361
f 2332 2358 2362
f 2332 2335 2360
f 2342 2363 2364
f 2342 2364 2365
f 2342 2365 2366
f 2342 2343 2367
f 2342 2367 2368
f 2342 2368 2369
f 2342 2369 2370
f 2342 2370 2371
f 2342 2371 2372
f 2342 2373 2374
f 2342 2372 2373
f 2342 2374 2375
f 2342 2375 2376
f 2342 2376 2363
f 2342 2366 2377
f 2342 2377 2378
f 2342 2378 2379
f 2342 2380 2381
f 2342 2379 2382
f 2342 2382 2380
f 2342 2381 2383
f 2342 2383 2384
f 2342 2384 2385
f 2342 2385 2386
f 2387 2388 2389
f 2387 2390 2391
f 2387 2391 2388
f 2387 2392 2390
f 2387 2393 2392
f 2387 2394 2393
f 2387 2395 2394
f 2387 2396 2395
f 2387 2397 2396
f 2387 2398 2399
f 2387 2400 2398
f 2387 2399 2397
f 2342 2401 2402
f 2332 2387 2336
f 2332 1874 2387
f 2387 2403 2336
f 2387 2404 2403
f 2387 2405 2404
f 2387 2406 2405
f 2387 2389 2406
f 2342 2407 2408
f 2342 2408 2409
f 2342 2409 2410
f 2342 2410 2411
f 2342 2411 2401
f 2342 2386 2407
f 2342 2402 2345
f 2345 2412 2346
f 2346 2413 2347
f 2347 2414 2350
f 2350 2415 2351
f 2351 2416 2348
f 2348 2417 2349
f 2349 2418 2352
f 2352 2419 2353
f 2353 2420 2354
f 2354 2421 2356
f 2355 2356 2422
f 2355 2423 2424
f 2424 2425 2426
f 2426 2427 2428
f 2429 2430 2431
f 2431 2432 2433
f 2433 2434 2435
f 2428 2436 2429
f 2009 2437 2010
f 2009 2333 2438
f 2009 2438 2437
f 2332 2338 2333
f 2333 2439 2440
f 2333 2441 2442
f 2333 2440 2441
f 2333 2443 2444
f 2333 2442 2443
f 2333 2444 2438
f 2333 2445 2446
f 2333 2447 2445
f 2333 2448 2449
f 2333 2450 2448
f 2333 2451 2452
f 2333 2453 2451
f 2333 2452 2447
f 2333 2449 2453
f 2333 2454 2455
f 2333 2456 2439
f 2333 2455 2456
f 2333 2446 2454
f 2333 2457 2450
f 2333 2338 2457
f 2444 2458 2438
f 2459 2460 2438
f 2461 2438 2460
f 2458 2459 2438
f 2462 2463 2438
f 2463 2464 2438
f 2461 2465 2438
f 2465 2466 2438
f 2466 2462 2438
f 2464 2467 2438
f 2468 2438 2467
f 2468 2469 2438
f 2469 2470 2438
f 2470 2471 2438
f 2471 2472 2438
f 2473 2474 2438
f 2472 2473 2438
f 2474 2475 2438
f 2476 2438 2475
f 2477 2478 2438
f 2476 2477 2438
f 2438 2479 2480
f 2481 2482 2438
f 2481 2438 2480
f 2438 2478 2479
f 2483 2438 2484
f 2438 2485 2484
f 2438 2486 2485
f 2487 2438 2482
f 2487 2486 2438
f 2344 2488 2489
f 2344 2489 2490
f 2344 2491 2492
f 2344 2490 2493
f 2344 2493 2494
f 2344 2495 2496
f 2344 2497 2498
f 2344 2496 2497
f 2344 2494 2495
f 2344 2498 2499
f 2344 2499 2500
f 2344 2500 2501
f 2344 2502 2503
f 2344 2504 2502
f 2344 2503 2491
f 2344 2501 2504
f 2344 2505 2506
f 2344 2507 2508
f 2344 2509 2507
f 2344 2510 2509
f 2344 2511 2505
f 2344 2508 2511
f 2344 2512 2513
f 2344 2513 2510
f 2344 2492 2514
f 2344 2514 2512
f 2355 2424 2344
f 2424 2426 2344
f 2428 2429 2344
f 2426 2428 2344
f 2429 2431 2344
f 2431 2433 2344
f 2433 2435 2344
f 2344 2435 2488
f 2437 2438 2515
f 2437 2515 2516
f 2446 2517 2454
f 2445 2447 2518
f 2446 2445 2519
f 2442 2520 2443
f 2444 2521 2458
f 2443 2522 2444
f 2456 2455 2523
f 2440 2524 2441
f 2440 2439 2525
f 2456 2526 2439
f 2455 2454 2527
f 2442 2441 2528
f 2448 2529 2449
f 2448 2450 2530
f 2338 2531 2457
f 2450 2457 2532
f 2447 2452 2533
f 2452 2451 2534
f 2451 2453 2535
f 2453 2449 2536
f 2338 2337 2537
f 2337 2339 2538
f 2339 2340 2539
f 2340 2341 2540
f 2341 2344 2541
f 2344 2506 2542
f 2468 2543 2469
f 2469 2544 2470
f 2461 2460 2545
f 2458 2546 2459
f 2459 2547 2460
f 2461 2548 2465
f 2465 2549 2466
f 2462 2550 2463
f 2466 2551 2462
f 2463 2552 2464
f 2464 2553 2467
f 2468 2467 2554
f 2470 2555 2471
f 2471 2556 2472
f 2472 2557 2473
f 2476 2475 2558
f 2476 2559 2477
f 2473 2560 2474
f 2474 2561 2475
f 2487 2482 2562
f 2481 2480 2563
f 2481 2564 2482
f 2483 2484 2565
f 2483 2566 2438
f 2484 2485 2567
f 2485 2486 2568
f 2487 2569 2486
f 2478 2570 2479
f 2479 2571 2480
f 2477 2572 2478
f 2514 2573 2512
f 2514 2492 2574
f 2502 2504 2575
f 2502 2576 2503
f 2491 2577 2492
f 2503 2578 2491
f 2493 2490 2579
f 2493 2580 2494
f 2496 2581 2497
f 2496 2495 2582
f 2494 2583 2495
f 2488 2435 2584
f 2488 2585 2489
f 2489 2586 2490
f 2498 2497 2587
f 2499 2498 2588
f 2500 2589 2501
f 2499 2590 2500
f 2501 2591 2504
f 2506 2505 2592
f 2505 2511 2593
f 2508 2594 2511
f 2508 2507 2595
f 2507 2509 2596
f 2509 2510 2597
f 2510 2513 2598
f 2513 2512 2599
f 2438 2566 2515
f 1823 2268 1874
f 2160 2269 2600
f 2160 2600 2268
f 2387 2601 2602
f 2387 2603 2400
f 2387 2604 2603
f 2387 2605 2604
f 2387 2606 2605
f 2387 2607 2606
f 2387 2602 2607
f 2387 2608 2601
f 2387 2609 2608
f 2387 2610 2609
f 2387 2611 2610
f 2387 2612 2611
f 2387 2613 2612
f 2387 2614 2613
f 2387 2615 2614
f 1874 2600 2387
f 2402 2616 2617
f 2402 2617 2618
f 2402 2618 2619
f 2402 2619 2620
f 2402 2621 2622
f 2402 2620 2621
f 2402 2401 2623
f 2402 2623 2624
f 2402 2624 2625
f 2402 2626 2627
f 2402 2625 2626
f 2402 2627 2628
f 2402 2628 2629
f 2402 2629 2616
f 2345 2402 2630
f 2345 2630 2412
f 2346 2412 2413
f 2347 2413 2414
f 2350 2414 2415
f 2351 2415 2416
f 2348 2416 2417
f 2349 2417 2418
f 2352 2418 2419
f 2353 2419 2420
f 2354 2420 2421
f 2356 2421 2422
f 2355 2422 2423
f 2424 2423 2425
f 2426 2425 2427
f 2428 2427 2436
f 2429 2436 2430
f 2431 2430 2432
f 2433 2432 2434
f 2615 2631 2614
f 2615 2632 2631
f 2615 2633 2632
f 2615 2634 2633
f 2615 2635 2634
f 2615 2636 2635
f 2615 2637 2636
f 2615 2638 2637
f 2387 2600 2615
f 1874 2268 2600
f 2615 2639 2640
f 2615 2641 2642
f 2615 2642 2639
f 2615 2643 2641
f 2615 2644 2643
f 2615 2645 2644
f 2615 2646 2647
f 2615 2648 2645
f 2615 2649 2648
f 2615 2650 2651
f 2615 2651 2649
f 2615 2652 2650
f 2615 2653 2652
f 2615 2647 2653
f 2615 2654 2646
f 2615 2655 2654
f 2615 2656 2655
f 2615 2657 2656
f 2615 2658 2657
f 2615 2659 2658
f 2615 2660 2659
f 2600 2269 2661
f 2600 2661 2662
f 2600 2662 2663
f 2600 2663 2664
f 2600 2664 2665
f 2600 2665 2666
f 2600 2667 2668
f 2600 2666 2667
f 2600 2668 2669
f 2600 2670 2671
f 2600 2669 2670
f 2600 2671 2672
f 2600 2673 2674
f 2600 2672 2673
f 2600 2674 2675
f 2600 2675 2676
f 2600 2676 2677
f 2600 2677 2678
f 2600 2678 2679
f 2600 2679 2680
f 2600 2680 2681
f 2600 2681 2682
f 2600 2682 2683
f 2600 2684 2685
f 2600 2683 2684
f 2600 2685 2686
f 2615 2687 2660
f 2615 2688 2687
f 2615 2689 2688
f 2615 2690 2689
f 2615 2691 2690
f 2615 2692 2691
f 2615 2693 2692
f 2615 2694 2693
f 2615 2695 2694
f 2615 2696 2695
f 2615 2697 2696
f 2615 2600 2542
f 2615 2698 2699
f 2615 2700 2698
f 2615 2701 2700
f 2615 2702 2701
f 2615 2703 2702
f 2615 2704 2703
f 2615 2705 2704
f 2615 2706 2705
f 2615 2707 2706
f 2615 2708 2638
f 2615 2709 2708
f 2615 2710 2709
f 2615 2711 2710
f 2615 2699 2711
f 2402 2712 2713
f 2402 2713 2714
f 2402 2715 2716
f 2402 2622 2717
f 2402 2717 2718
f 2402 2718 2715
f 2402 2716 2719
f 2402 2719 2720
f 2402 2720 2712
f 2402 2721 2722
f 2402 2722 2707
f 2402 2723 2724
f 2402 2724 2725
f 2402 2725 2721
f 2402 2714 2726
f 2402 2727 2728
f 2402 2726 2727
f 2402 2729 2730
f 2402 2728 2731
f 2402 2731 2729
f 2402 2730 2732
f 2402 2732 2723
f 2615 2402 2707
f 2615 2733 2734
f 2615 2735 2736
f 2615 2734 2735
f 2615 2640 2733
f 2615 2736 2402
f 2402 2736 2737
f 2402 2737 2738
f 2402 2738 2739
f 2402 2739 2740
f 2402 2740 2741
f 2402 2741 2742
f 2402 2742 2743
f 2402 2743 2744
f 2402 2744 2745
f 2402 2745 2746
f 2402 2746 2747
f 2402 2747 2748
f 2402 2748 2749
f 2402 2749 2750
f 2402 2750 2751
f 2402 2751 2752
f 2402 2752 2753
f 2402 2753 2754
f 2402 2754 2755
f 2402 2755 2756
f 2402 2756 2757
f 2402 2757 2758
f 2402 2758 2759
f 2402 2759 2760
f 2402 2760 2761
f 2402 2761 2762
f 2402 2762 2763
f 2402 2763 2764
f 2402 2764 2765
f 2402 2765 2766
f 2402 2766 2767
f 2402 2767 2768
f 2402 2768 2769
f 2402 2769 2770
f 2402 2770 2771
f 2402 2771 2772
f 2402 2772 2773
f 2402 2773 2774
f 2402 2774 2775
f 2402 2775 2776
f 2402 2776 2777
f 2402 2777 2778
f 2402 2778 2630
f 2600 2686 2779
f 2600 2779 2780
f 2600 2780 2781
f 2600 2781 2782
f 2600 2783 2784
f 2600 2782 2783
f 2600 2784 2785
f 2600 2785 2786
f 2600 2786 2787
f 2600 2787 2788
f 2600 2789 2790
f 2600 2788 2789
f 2600 2790 2791
f 2600 2791 2792
f 2600 2792 2793
f 2600 2793 2794
f 2600 2794 2795
f 2600 2795 2796
f 2600 2796 2797
f 2600 2797 2798
f 2600 2798 2799
f 2600 2799 2800
f 2615 2542 2697
f 2600 2800 2542
f 2801 2802 2800
f 2536 2529 2800
f 2530 2532 2800
f 2530 2800 2529
f 2532 2531 2800
f 2537 2800 2531
f 2537 2538 2800
f 2538 2539 2800
f 2539 2540 2800
f 2540 2541 2800
f 2541 2542 2800
f 2528 2800 2520
f 2520 2800 2522
f 2523 2800 2526
f 2519 2800 2517
f 2527 2517 2800
f 2523 2527 2800
f 2533 2534 2800
f 2518 2533 2800
f 2519 2518 2800
f 2535 2536 2800
f 2534 2535 2800
f 2525 2800 2524
f 2525 2526 2800
f 2528 2524 2800
f 2542 2803 2697
f 2542 2804 2803
f 2542 2805 2804
f 2542 2806 2805
f 2542 2807 2806
f 2542 2808 2807
f 2630 2778 2809
f 2630 2810 2811
f 2630 2812 2813
f 2630 2811 2812
f 2630 2809 2814
f 2630 2814 2815
f 2630 2815 2816
f 2630 2816 2817
f 2630 2818 2819
f 2630 2817 2820
f 2630 2820 2821
f 2630 2821 2818
f 2630 2819 2822
f 2630 2822 2823
f 2630 2823 2824
f 2630 2825 2810
f 2630 2824 2825
f 2542 2826 2808
f 2542 2827 2826
f 2542 2828 2827
f 2542 2829 2828
f 2542 2830 2829
f 2542 2831 2830
f 2542 2832 2831
f 2542 2833 2832
f 2542 2834 2833
f 2542 2835 2834
f 2542 2836 2835
f 2542 2837 2836
f 2542 2838 2837
f 2542 2839 2838
f 2542 2840 2841
f 2542 2842 2840
f 2542 2813 2843
f 2542 2844 2842
f 2542 2845 2844
f 2542 2843 2846
f 2542 2846 2845
f 2542 2847 2839
f 2542 2848 2847
f 2542 2849 2848
f 2542 2850 2849
f 2542 2851 2850
f 2542 2841 2851
f 2630 2813 2542
f 2630 2542 2412
f 2412 2542 2413
f 2416 2542 2417
f 2413 2542 2414
f 2414 2542 2415
f 2415 2542 2416
f 2417 2542 2418
f 2418 2542 2419
f 2419 2542 2420
f 2422 2421 2542
f 2420 2542 2421
f 2446 2519 2517
f 2445 2518 2519
f 2447 2533 2518
f 2442 2528 2520
f 2443 2520 2522
f 2444 2522 2521
f 2456 2523 2526
f 2455 2527 2523
f 2440 2525 2524
f 2439 2526 2525
f 2454 2517 2527
f 2441 2524 2528
f 2448 2530 2529
f 2450 2532 2530
f 2338 2537 2531
f 2457 2531 2532
f 2452 2534 2533
f 2451 2535 2534
f 2453 2536 2535
f 2449 2529 2536
f 2337 2538 2537
f 2339 2539 2538
f 2340 2540 2539
f 2341 2541 2540
f 2344 2542 2541
f 2468 2554 2543
f 2469 2543 2544
f 2461 2545 2548
f 2458 2521 2546
f 2459 2546 2547
f 2460 2547 2545
f 2465 2548 2549
f 2462 2551 2550
f 2466 2549 2551
f 2463 2550 2552
f 2464 2552 2553
f 2467 2553 2554
f 2470 2544 2555
f 2471 2555 2556
f 2472 2556 2557
f 2473 2557 2560
f 2475 2561 2558
f 2476 2558 2559
f 2477 2559 2572
f 2474 2560 2561
f 2487 2562 2569
f 2481 2563 2564
f 2480 2571 2563
f 2482 2564 2562
f 2483 2565 2566
f 2484 2567 2565
f 2485 2568 2567
f 2486 2569 2568
f 2478 2572 2570
f 2479 2570 2571
f 2506 2592 2542
f 2514 2574 2573
f 2492 2577 2574
f 2504 2591 2575
f 2503 2576 2578
f 2502 2575 2576
f 2491 2578 2577
f 2490 2586 2579
f 2493 2579 2580
f 2494 2580 2583
f 2495 2583 2582
f 2496 2582 2581
f 2435 2434 2584
f 2488 2584 2585
f 2489 2585 2586
f 2498 2587 2588
f 2501 2589 2591
f 2500 2590 2589
f 2499 2588 2590
f 2497 2581 2587
f 2508 2595 2594
f 2505 2593 2592
f 2511 2594 2593
f 2507 2596 2595
f 2509 2597 2596
f 2510 2598 2597
f 2513 2599 2598
f 2512 2573 2599
f 2566 2852 2515
f 2802 2566 2800
f 2522 2800 2566
f 2522 2566 2521
f 2546 2566 2547
f 2545 2547 2566
f 2521 2566 2546
f 2551 2566 2550
f 2550 2566 2552
f 2545 2566 2548
f 2548 2566 2549
f 2549 2566 2551
f 2552 2566 2553
f 2554 2553 2566
f 2554 2566 2543
f 2543 2566 2544
f 2544 2566 2555
f 2555 2566 2556
f 2557 2566 2560
f 2556 2566 2557
f 2560 2566 2561
f 2558 2561 2566
f 2559 2566 2572
f 2558 2566 2559
f 2566 2571 2570
f 2563 2566 2564
f 2563 2571 2566
f 2566 2570 2572
f 2565 2567 2566
f 2566 2567 2568
f 2566 2568 2569
f 2562 2564 2566
f 2562 2566 2569
f 2542 2585 2584
f 2542 2586 2585
f 2542 2577 2578
f 2542 2579 2586
f 2542 2580 2579
f 2542 2582 2583
f 2542 2587 2581
f 2542 2581 2582
f 2542 2583 2580
f 2542 2588 2587
f 2542 2590 2588
f 2542 2589 2590
f 2542 2576 2575
f 2542 2575 2591
f 2542 2578 2576
f 2542 2591 2589
f 2542 2592 2593
f 2542 2595 2596
f 2542 2596 2597
f 2542 2597 2598
f 2542 2593 2594
f 2542 2594 2595
f 2542 2599 2573
f 2542 2598 2599
f 2542 2574 2577
f 2542 2573 2574
f 2422 2542 2423
f 2423 2542 2425
f 2427 2542 2436
f 2425 2542 2427
f 2436 2542 2430
f 2430 2542 2432
f 2432 2542 2434
f 2542 2584 2434
f 2801 2800 2853
f 2802 2854 2566
f 2801 2855 2802
f 2566 2854 2852
f 1888 1887 2010
f 1888 2010 2856
f 1888 2856 2857
f 2437 2856 2010
f 2437 2858 2856
f 2437 2859 2858
f 2437 2860 2859
f 2437 2861 2860
f 2437 2862 2861
f 2437 2863 2862
f 2437 2864 2863
f 2437 2865 2864
f 2437 2866 2865
f 2437 2867 2866
f 2437 2868 2867
f 2437 2869 2868
f 2437 2870 2869
f 2437 2871 2870
f 2437 2872 2871
f 2437 2873 2872
f 2437 2874 2873
f 2437 2875 2874
f 2437 2876 2875
f 2437 2877 2876
f 2437 2878 2877
f 2437 2879 2878
f 2437 2880 2879
f 2437 2881 2880
f 2437 2882 2881
f 2437 2883 2882
f 2437 2884 2883
f 2437 2885 2884
f 2856 2858 2857
f 2858 2859 2886
f 2859 2860 2887
f 2860 2861 2888
f 2861 2862 2889
f 2862 2863 2890
f 2863 2864 2891
f 2864 2865 2892
f 2865 2866 2893
f 2866 2867 2894
f 2867 2868 2895
f 2868 2869 2896
f 2869 2870 2897
f 2870 2871 2898
f 2871 2872 2899
f 2872 2873 2900
f 2873 2874 2901
f 2874 2875 2902
f 2875 2876 2903
f 2876 2877 2904
f 2877 2878 2905
f 2878 2879 2906
f 2879 2880 2907
f 2880 2881 2908
f 2881 2882 2909
f 2882 2883 2910
f 2883 2884 2911
f 2884 2885 2912
f 2885 2913 2914
f 2913 2915 2916
f 2915 2917 2918
f 2917 2919 2920
f 2919 2921 2922
f 2921 2923 2924
f 2923 2925 2926
f 2925 2927 2928
f 2927 2929 2930
f 2929 2931 2932
f 2931 2933 2934
f 2933 2935 2936
f 2935 2937 2938
f 2937 2939 2940
f 2939 2941 2942
f 2941 2943 2944
f 2943 2945 2946
f 2945 2947 2948
f 2947 2949 2950
f 2949 2951 2952
f 2437 2913 2885
f 2437 2915 2913
f 2437 2917 2915
f 2437 2919 2917
f 2437 2921 2919
f 2437 2923 2921
f 2437 2925 2923
f 2437 2927 2925
f 2437 2929 2927
f 2437 2931 2929
f 2437 2933 2931
f 2437 2935 2933
f 2437 2937 2935
f 2437 2939 2937
f 2437 2941 2939
f 2437 2943 2941
f 2437 2945 2943
f 2437 2947 2945
f 2437 2949 2947
f 2437 2951 2949
f 2951 2953 2954
f 1888 2857 2008
f 2256 2008 2857
f 2256 2955 2328
f 2256 2857 2886
f 2256 2886 2887
f 2256 2887 2888
f 2256 2888 2889
f 2256 2889 2890
f 2256 2890 2891
f 2256 2891 2892
f 2955 2956 2328
f 2955 2957 2958
f 2955 2958 2959
f 2955 2959 2960
f 2955 2960 2961
f 2955 2961 2956
f 2955 2962 2957
f 2955 2963 2964
f 2955 2964 2965
f 2955 2965 2966
f 2955 2966 2962
f 2955 2967 2968
f 2955 2968 2969
f 2955 2969 2970
f 2955 2970 2971
f 2955 2971 2972
f 2955 2972 2963
f 2955 2973 2974
f 2955 2974 2975
f 2955 2975 2976
f 2955 2976 2977
f 2955 2977 2978
f 2955 2978 2979
f 2955 2979 2967
f 2955 2980 2981
f 2955 2981 2982
f 2955 2982 2983
f 2955 2983 2984
f 2955 2984 2985
f 2955 2985 2973
f 2955 2986 2987
f 2955 2987 2988
f 2955 2988 2989
f 2955 2989 2990
f 2955 2990 2991
f 2955 2991 2980
f 2955 2992 2993
f 2955 2993 2994
f 2955 2994 2995
f 2955 2995 2986
f 2955 2996 2992
f 2256 2997 2955
f 2256 2998 2997
f 2256 2999 2998
f 2256 3000 2999
f 2256 3001 3000
f 2256 2892 2893
f 2256 2893 2894
f 2256 2894 2895
f 2256 2895 2896
f 2256 2896 2897
f 2256 2897 2898
f 2256 2898 2899
f 2256 2899 2900
f 2256 2900 2901
f 2256 2901 2902
f 2256 2902 2903
f 2256 2903 2904
f 2256 2904 2905
f 2256 2905 2906
f 2256 2906 2907
f 2256 2907 2908
f 2256 2908 2909
f 2256 2909 2910
f 2256 2910 2911
f 2256 2911 2912
f 2256 2912 2914
f 2256 2948 3001
f 2858 2886 2857
f 2859 2887 2886
f 2860 2888 2887
f 2861 2889 2888
f 2862 2890 2889
f 2863 2891 2890
f 2864 2892 2891
f 2865 2893 2892
f 2866 2894 2893
f 2867 2895 2894
f 2868 2896 2895
f 2869 2897 2896
f 2870 2898 2897
f 2871 2899 2898
f 2872 2900 2899
f 2873 2901 2900
f 2874 2902 2901
f 2875 2903 2902
f 2876 2904 2903
f 2877 2905 2904
f 2878 2906 2905
f 2879 2907 2906
f 2880 2908 2907
f 2881 2909 2908
f 2882 2910 2909
f 2883 2911 2910
f 2884 2912 2911
f 2885 2914 2912
f 2913 2916 2914
f 2915 2918 2916
f 2917 2920 2918
f 2919 2922 2920
f 2921 2924 2922
f 2923 2926 2924
f 2925 2928 2926
f 2927 2930 2928
f 2929 2932 2930
f 2931 2934 2932
f 2933 2936 2934
f 2935 2938 2936
f 2937 2940 2938
f 2939 2942 2940
f 2941 2944 2942
f 2943 2946 2944
f 2945 2948 2946
f 2947 2950 2948
f 2949 2952 2950
f 2951 2954 2952
f 2256 2914 2916
f 2256 2916 2918
f 2256 2918 2920
f 2256 2920 2922
f 2256 2922 2924
f 2256 2924 2926
f 2256 2926 2928
f 2256 2928 2930
f 2256 2930 2932
f 2256 2932 2934
f 2256 2934 2936
f 2256 2936 2938
f 2256 2938 2940
f 2256 2940 2942
f 2256 2942 2944
f 2256 2944 2946
f 2256 2946 2948
f 2948 3002 3001
f 2948 3003 3002
f 2948 3004 3003
f 2948 3005 3004
f 2948 3006 3005
f 2948 3007 3008
f 2948 3008 3006
f 2948 3009 3007
f 2948 3010 3009
f 2948 3011 3010
f 2948 3012 3011
f 2948 3013 3012
f 2950 3014 3013
f 2950 3015 3014
f 2950 3016 3015
f 2950 3017 3016
f 2950 3018 3017
f 2950 3019 3018
f 2952 3020 3019
f 2952 3021 3020
f 2952 3022 3021
f 2952 3023 3022
f 2952 3024 3023
f 2954 3025 3024
f 2954 3026 3025
f 2954 3027 3026
f 2954 3028 3027
f 2954 3029 3028
f 2954 3030 3029
f 2954 3031 3030
f 2954 3032 3031
f 2954 3033 3032
f 2954 3034 3033
f 2954 3035 3034
f 2954 3036 3035
f 2954 3037 3036
f 2954 3038 3037
f 2954 3039 3038
f 2954 3040 3039
f 2954 3041 3040
f 2954 3042 3041
f 2954 3043 3042
f 2954 3044 3043
f 2948 2950 3013
f 2950 2952 3019
f 2952 2954 3024
f 2954 3045 3044
f 2437 2516 3046
f 2516 2515 3047
f 2437 3046 3048
f 2437 3048 3049
f 2437 3049 3050
f 2437 3050 3051
f 2437 3051 3052
f 2437 3053 3054
f 2437 3052 3055
f 2437 3055 3056
f 2437 3056 3057
f 2437 3057 3053
f 2437 3054 3058
f 2437 3058 3059
f 2437 3059 3060
f 2437 3060 3061
f 2437 3062 3063
f 2437 3064 3065
f 2437 3063 3064
f 2437 3066 3067
f 2437 3067 3068
f 2437 3065 3066
f 2437 3069 3070
f 2437 3070 3071
f 2437 3061 3069
f 2437 3071 3072
f 2437 3072 3073
f 2437 3073 3062
f 2516 3047 3046
f 2515 2852 3047
f 2437 2953 2951
f 2437 3074 3075
f 2437 3076 2953
f 2437 3077 3076
f 2437 3078 3077
f 2437 3079 3078
f 2437 3080 3079
f 2437 3081 3080
f 2437 3082 3083
f 2437 3084 3081
f 2437 3083 3084
f 2437 3085 3082
f 2437 3075 3085
f 2437 3086 3087
f 2437 3088 3086
f 2437 3089 3090
f 2437 3091 3074
f 2437 3090 3091
f 2437 3087 3089
f 2437 3068 3092
f 2437 3092 3088
f 3093 3046 3047
f 3093 3047 3094
f 3093 2855 3046
f 3046 3095 3048
f 3048 3096 3049
f 3049 3097 3050
f 3050 3098 3051
f 3051 3099 3052
f 3052 3100 3055
f 3055 3101 3056
f 3056 3102 3057
f 3057 3103 3053
f 3053 3104 3054
f 3054 3105 3058
f 3058 3106 3059
f 3061 3060 3107
f 3061 3108 3069
f 3059 3109 3060
f 3069 3110 3070
f 3070 3111 3071
f 3072 3071 3112
f 3072 3113 3073
f 2953 3076 3045
f 3076 3077 3114
f 3077 3078 3115
f 3078 3079 3116
f 3079 3080 3117
f 3080 3081 3118
f 3084 3083 3119
f 3084 3120 3081
f 3090 3121 3091
f 3089 3087 3122
f 3089 3123 3090
f 3085 3075 3124
f 3075 3074 3125
f 3083 3082 3126
f 3085 3127 3082
f 3074 3091 3128
f 3063 3062 3129
f 3063 3130 3064
f 3068 3067 3131
f 3092 3068 3132
f 3066 3133 3067
f 3065 3134 3066
f 3064 3135 3065
f 3073 3136 3062
f 3088 3137 3086
f 3092 3138 3088
f 3086 3139 3087
f 3047 2852 3140
f 2802 2855 2854
f 2801 2853 2855
f 2854 3140 2852
f 2854 2855 3140
f 2954 2953 3045
f 3135 3141 3044
f 3045 3114 3044
f 3114 3115 3044
f 3115 3116 3044
f 3116 3117 3044
f 3124 3044 3127
f 3122 3139 3044
f 3128 3121 3044
f 3124 3125 3044
f 3125 3128 3044
f 3123 3044 3121
f 3122 3044 3123
f 3117 3118 3044
f 3118 3120 3044
f 3119 3044 3120
f 3119 3126 3044
f 3126 3127 3044
f 3135 3044 3134
f 3134 3044 3133
f 3131 3133 3044
f 3132 3131 3044
f 3138 3044 3137
f 3132 3044 3138
f 3137 3044 3139
f 3047 3140 3094
f 3093 3094 2855
f 3046 2855 3095
f 3048 3095 3096
f 3049 3096 3097
f 3050 3097 3098
f 3051 3098 3099
f 3052 3099 3100
f 3055 3100 3101
f 3056 3101 3102
f 3057 3102 3103
f 3053 3103 3104
f 3054 3104 3105
f 3058 3105 3106
f 3061 3107 3108
f 3059 3106 3109
f 3060 3109 3107
f 3069 3108 3110
f 3070 3110 3111
f 3071 3111 3112
f 3072 3112 3113
f 3076 3114 3045
f 3077 3115 3114
f 3078 3116 3115
f 3079 3117 3116
f 3080 3118 3117
f 3081 3120 3118
f 3084 3119 3120
f 3083 3126 3119
f 3090 3123 3121
f 3087 3139 3122
f 3089 3122 3123
f 3085 3124 3127
f 3074 3128 3125
f 3075 3125 3124
f 3082 3127 3126
f 3091 3121 3128
f 3062 3136 3129
f 3063 3129 3130
f 3064 3130 3135
f 3068 3131 3132
f 3065 3135 3134
f 3066 3134 3133
f 3067 3133 3131
f 3073 3113 3136
f 3086 3137 3139
f 3088 3138 3137
f 3092 3132 3138
f 3104 2853 3142
f 3105 3142 3143
f 3105 3143 3144
f 3105 3144 3145
f 3105 3145 3146
f 3106 3146 3147
f 3106 3147 3148
f 3106 3148 3149
f 3106 3149 3150
f 3107 3151 3152
f 3107 3152 3153
f 3109 3150 3154
f 3109 3154 3155
f 3109 3155 3156
f 3109 3156 3157
f 3107 3157 3151
f 2855 2853 3095
f 3094 3140 2855
f 3095 2853 3096
f 3096 2853 3097
f 3097 2853 3098
f 3098 2853 3099
f 3099 2853 3100
f 3100 2853 3101
f 3101 2853 3102
f 3102 2853 3103
f 3103 2853 3104
f 3135 3158 3141
f 3135 3159 3158
f 3135 3160 3159
f 3135 3161 3160
f 3112 3162 3163
f 3113 3164 3165
f 3113 3163 3164
f 3108 3153 3166
f 3108 3166 3167
f 3111 3168 3169
f 3110 3167 3170
f 3110 3170 3168
f 3111 3169 3171
f 3111 3171 3172
f 3112 3173 3174
f 3112 3172 3173
f 3112 3174 3162
f 3129 3175 3176
f 3129 3177 3178
f 3129 3179 3177
f 3129 3176 3179
f 3136 3180 3181
f 3136 3182 3183
f 3136 3183 3180
f 3113 3184 3182
f 3113 3165 3184
f 3136 3181 3175
f 3130 3185 3161
f 3130 3186 3185
f 3130 3187 3186
f 3130 3188 3187
f 3130 3178 3188
f 3130 3161 3135
f 3105 3146 3106
f 3104 3142 3105
f 3106 3150 3109
f 3110 3168 3111
f 3107 3109 3157
f 3107 3153 3108
f 3108 3167 3110
f 3112 3111 3172
f 3112 3163 3113
f 3113 3182 3136
f 3129 3136 3175
f 3129 3178 3130
f 3189 1847 1848
f 3190 1848 1849
f 3191 1849 1844
f 3192 1843 1825
f 3193 1844 1843
f 3194 1825 2019
f 3195 2019 2021
f 3196 2021 2020
f 3197 1834 1833
f 3198 1835 1834
f 3199 1836 1835
f 3200 1837 1836
f 3201 1842 1837
f 3202 1838 1842
f 3203 1839 1838
f 3204 2012 2011
f 3205 2020 2022
f 3206 2022 2024
f 3207 2023 2025
f 3208 2024 2023
f 3209 2025 2026
f 3210 2026 2027
f 3211 2027 2012
f 3212 2015 2014
f 3213 2011 2013
f 3214 2013 2015
f 3215 2014 2016
f 3216 2016 2017
f 3217 2018 2044
f 3218 2045 2046
f 3219 2044 2045
f 3220 2046 2047
f 3221 2017 2018
f 3222 2036 2035
f 3223 1840 1839
f 3224 1841 1840
f 3225 2031 1841
f 3226 2032 2031
f 3227 2033 2032
f 3228 2034 2033
f 3229 2035 2034
f 3230 2028 2036
f 3231 2029 2028
f 3232 2030 2029
f 3233 2037 2030
f 3234 2038 2037
f 3235 2120 2039
f 3236 2121 2120
f 3237 2122 2121
f 3238 2123 2122
f 3239 2039 2038
f 3240 1743 1759
f 3241 1742 1743
f 3242 1757 1756
f 3243 1759 1757
f 3244 1756 1758
f 3245 1758 1760
f 3246 1761 1762
f 3247 1762 1846
f 3248 1760 1761
f 3249 1846 1845
f 3250 1845 1847
f 3251 1739 1738
f 3252 1746 1745
f 3253 1744 1739
f 3254 1745 1744
f 3255 1747 1746
f 3256 1748 1747
f 3257 1741 1742
f 3258 1740 1741
f 3259 1738 1740
f 3260 1749 1748
f 3261 1750 1749
f 3262 1751 1750
f 3263 1752 1751
f 3264 1753 1752
f 3265 1754 1753
f 3266 1755 1754
f 3267 1868 1755
f 3268 1869 1868
f 3269 1870 1869
f 3270 1871 1870
f 3271 1872 1871
f 3272 1873 1872
f 3273 1827 1826
f 3274 1826 1873
f 3275 1829 1828
f 3276 1830 1829
f 3277 1828 1827
f 3278 1831 1830
f 3279 1832 1831
f 3280 1833 1832
f 3242 3243 1757
f 3243 3240 1759
f 3246 3248 1761
f 3250 3249 1845
f 3247 3246 1762
f 3249 3247 1846
f 3248 3245 1760
f 3245 3244 1758
f 3244 3242 1756
f 3240 3241 1743
f 3258 3259 1740
f 3257 3258 1741
f 3259 3251 1738
f 3251 3253 1739
f 3241 3257 1742
f 3253 3254 1744
f 3252 3255 1746
f 3254 3252 1745
f 3255 3256 1747
f 3256 3260 1748
f 3260 3261 1749
f 3261 3262 1750
f 3262 3263 1751
f 3264 3265 1753
f 3263 3264 1752
f 3267 1755 3266
f 3268 1868 3267
f 3266 1754 3265
f 3268 3269 1869
f 3270 3271 1871
f 3272 1872 3271
f 3279 1831 3278
f 3276 1829 3275
f 3278 1830 3276
f 3274 3273 1826
f 3277 1827 3273
f 3274 1873 3272
f 3275 1828 3277
f 3270 1870 3269
f 3281 2051 2052
f 3282 2052 2053
f 3283 2051 3281
f 3282 2053 3284
f 3282 3281 2052
f 3284 2053 2054
f 3285 2054 2055
f 3286 2055 2056
f 3287 2056 2064
f 3288 2068 2069
f 3289 2069 2070
f 3290 2064 2066
f 3291 2066 2065
f 3292 2065 2067
f 3293 2067 2068
f 3294 2072 2071
f 3295 2078 2063
f 3296 2071 2078
f 3297 2070 2073
f 3298 2073 2074
f 3299 2077 2076
f 3300 2074 2075
f 3301 2075 2077
f 3302 2076 2072
f 3303 2061 2060
f 3304 2062 2061
f 3305 2063 2062
f 3293 2068 3288
f 3288 2069 3289
f 3284 2054 3285
f 3285 2055 3286
f 3286 2056 3287
f 3287 2064 3290
f 3291 3290 2066
f 3291 2065 3292
f 3292 2067 3293
f 3289 2070 3297
f 3297 2073 3298
f 3298 2074 3300
f 3300 2075 3301
f 3301 2077 3299
f 3299 2076 3302
f 3302 2072 3294
f 3296 2078 3295
f 3294 2071 3296
f 3295 2063 3305
f 3305 2062 3304
f 3304 2061 3303
f 3306 2047 2043
f 3307 2043 2042
f 3308 2042 2048
f 3309 2048 2050
f 3310 2050 2049
f 3283 2049 2051
f 3204 3211 2012
f 3214 3213 2013
f 3213 3204 2011
f 3205 3196 2020
f 3192 3193 1843
f 3193 3191 1844
f 3195 3194 2019
f 3194 3192 1825
f 3196 3195 2021
f 3190 3189 1848
f 3191 3190 1849
f 3209 3207 2025
f 3208 3206 2024
f 3206 3205 2022
f 3207 3208 2023
f 3211 3210 2027
f 3209 2026 3210
f 3217 3221 2018
f 3307 3306 2043
f 3219 3217 2044
f 3218 3219 2045
f 3220 3218 2046
f 3306 3220 2047
f 3215 3212 2014
f 3216 3215 2016
f 3212 3214 2015
f 3216 2017 3221
f 3307 2042 3308
f 3310 3309 2050
f 3309 3308 2048
f 3283 3310 2049
f 3311 2119 2118
f 3312 2059 2119
f 3313 2118 2123
f 3314 2057 2059
f 3315 2058 2057
f 3316 2060 2058
f 3230 2036 3222
f 3231 2028 3230
f 3197 1833 3280
f 3199 1835 3198
f 3198 1834 3197
f 3200 1836 3199
f 3200 3201 1837
f 3202 1842 3201
f 3203 1838 3202
f 3223 1839 3203
f 3227 2032 3226
f 3224 1840 3223
f 3225 1841 3224
f 3226 2031 3225
f 3229 2034 3228
f 3222 2035 3229
f 3228 2033 3227
f 3311 2118 3313
f 3236 2120 3235
f 3237 2121 3236
f 3313 2123 3238
f 3238 2122 3237
f 3235 2039 3239
f 3233 2030 3232
f 3239 2038 3234
f 3234 2037 3233
f 3232 2029 3231
f 3315 2057 3314
f 3316 2058 3315
f 3303 2060 3316
f 3312 2119 3311
f 3314 2059 3312
f 3309 2111 3308
f 3283 2110 3310
f 3283 3281 2112
f 3282 2079 3281
f 3282 3284 2080
f 3310 2109 3309
f 3282 2080 2079
f 3284 2081 2080
f 3281 2079 2112
f 3283 2112 2110
f 3308 2111 2113
f 3310 2110 2109
f 3309 2109 2111
f 3307 2113 2099
f 3306 2099 2098
f 3291 2085 3290
f 3284 3285 2081
f 3285 3286 2082
f 3287 3290 2084
f 3286 3287 2083
f 3291 3292 2086
f 3292 3293 2087
f 3293 3288 2088
f 3288 3289 2089
f 3289 3297 2090
f 3297 3298 2091
f 3298 3300 2092
f 3300 3301 2093
f 3301 3299 2094
f 3299 3302 2095
f 3302 3294 2096
f 3294 3296 2114
f 3287 2084 2083
f 3290 2085 2084
f 3291 2086 2085
f 3292 2087 2086
f 3293 2088 2087
f 3288 2089 2088
f 3289 2090 2089
f 3297 2091 2090
f 3298 2092 2091
f 3300 2093 2092
f 3301 2094 2093
f 3299 2095 2094
f 3285 2082 2081
f 3286 2083 2082
f 3302 2096 2095
f 3294 2114 2096
f 3296 3295 2115
f 3295 3305 2116
f 3305 3304 2117
f 3304 3303 2125
f 3303 3316 2126
f 3316 3315 2127
f 3315 3314 2128
f 3296 2115 2114
f 3295 2116 2115
f 3305 2117 2116
f 3304 2125 2117
f 3303 2126 2125
f 3316 2127 2126
f 3315 2128 2127
f 3314 2129 2128
f 3312 2130 2129
f 3219 2102 3217
f 3217 2101 3221
f 3216 3221 2106
f 3307 3308 2113
f 3307 2099 3306
f 3306 2098 3220
f 3220 2097 3218
f 3218 2100 3219
f 3215 2107 3212
f 3216 2105 3215
f 3212 2104 3214
f 3214 2103 3213
f 3213 2108 3204
f 3204 2189 3211
f 3211 2190 3210
f 3220 2098 2097
f 3218 2097 2100
f 3219 2100 2102
f 3217 2102 2101
f 3221 2101 2106
f 3216 2106 2105
f 3214 2104 2103
f 3213 2103 2108
f 3215 2105 2107
f 3212 2107 2104
f 3204 2108 2189
f 3211 2189 2190
f 3209 3210 2191
f 3209 2192 3207
f 3207 2193 3208
f 3208 2194 3206
f 3206 2195 3205
f 3205 2196 3196
f 3196 2197 3195
f 3195 2198 3194
f 3194 2199 3192
f 3192 2200 3193
f 3193 2201 3191
f 3191 2202 3190
f 3210 2190 2191
f 3209 2191 2192
f 3207 2192 2193
f 3208 2193 2194
f 3206 2194 2195
f 3205 2195 2196
f 3196 2196 2197
f 3195 2197 2198
f 3194 2198 2199
f 3192 2199 2200
f 3193 2200 2201
f 3191 2201 2202
f 3314 3312 2129
f 3312 3311 2130
f 3311 3313 2131
f 3313 3238 2132
f 3238 3237 2133
f 3237 3236 2134
f 3236 3235 2135
f 3235 3239 2136
f 3239 3234 2137
f 3234 3233 2138
f 3233 3232 2139
f 3232 3231 2140
f 3231 3230 2141
f 3230 3222 2142
f 3311 2131 2130
f 3313 2132 2131
f 3238 2133 2132
f 3237 2134 2133
f 3236 2135 2134
f 3235 2136 2135
f 3239 2137 2136
f 3234 2138 2137
f 3233 2139 2138
f 3232 2140 2139
f 3231 2141 2140
f 3230 2142 2141
f 3222 2143 2142
f 3222 3229 2143
f 3229 3228 2144
f 3228 3227 2145
f 3227 3226 2146
f 3226 3225 2147
f 3225 3224 2148
f 3224 3223 2149
f 3223 3203 2150
f 3203 3202 2151
f 3202 3201 2152
f 3200 2153 3201
f 3200 3199 2154
f 3199 3198 2155
f 3229 2144 2143
f 3228 2145 2144
f 3227 2146 2145
f 3226 2147 2146
f 3225 2148 2147
f 3224 2149 2148
f 3223 2150 2149
f 3203 2151 2150
f 3201 2153 2152
f 3200 2154 2153
f 3202 2152 2151
f 3317 2180 3318
f 3319 3320 2182
f 3321 3322 2164
f 3317 3321 2165
f 3319 2162 3322
f 3320 3323 2183
f 3323 3324 2184
f 3324 3325 2185
f 3326 2186 3325
f 3326 3327 2187
f 3327 3328 2188
f 3328 3329 2163
f 3329 3330 2181
f 3318 2180 2179
f 3319 2182 2162
f 3321 2164 2165
f 3317 2165 2180
f 3322 2162 2164
f 3320 2183 2182
f 3323 2184 2183
f 3324 2185 2184
f 3325 2186 2185
f 3326 2187 2186
f 3327 2188 2187
f 3328 2163 2188
f 3329 2181 2163
f 3189 3250 1847
f 3279 3280 1832
f 3190 2203 3189
f 3189 2204 3250
f 3250 2205 3249
f 3249 2206 3247
f 3247 2207 3246
f 3246 2208 3248
f 3248 2209 3245
f 3245 2210 3244
f 3244 2211 3242
f 3242 2212 3243
f 3243 2213 3240
f 3240 2214 3241
f 3241 2215 3257
f 3257 2216 3258
f 3190 2202 2203
f 3189 2203 2204
f 3250 2204 2205
f 3249 2205 2206
f 3247 2206 2207
f 3246 2207 2208
f 3248 2208 2209
f 3245 2209 2210
f 3244 2210 2211
f 3242 2211 2212
f 3243 2212 2213
f 3240 2213 2214
f 3241 2214 2215
f 3257 2215 2216
f 3258 2216 2217
f 3258 2217 3259
f 3259 2218 3251
f 3251 2219 3253
f 3253 2220 3254
f 3254 2221 3252
f 3252 2222 3255
f 3255 2223 3256
f 3256 2224 3260
f 3268 3267 2232
f 3268 2236 3269
f 3260 2225 3261
f 3261 2227 3262
f 3262 2226 3263
f 3263 2228 3264
f 3264 2229 3265
f 3267 3266 2230
f 3266 3265 2231
f 3259 2217 2218
f 3251 2218 2219
f 3253 2219 2220
f 3254 2220 2221
f 3252 2221 2222
f 3255 2222 2223
f 3256 2223 2224
f 3260 2224 2225
f 3261 2225 2227
f 3262 2227 2226
f 3263 2226 2228
f 3264 2228 2229
f 3268 2232 2236
f 3266 2231 2230
f 3265 2229 2231
f 3267 2230 2232
f 3279 2158 3280
f 3279 3278 2237
f 3276 3275 2239
f 3278 3276 2238
f 3275 3277 2240
f 3277 3273 2241
f 3198 3197 2156
f 3197 3280 2157
f 3274 2242 3273
f 3274 3272 2243
f 3272 3271 2233
f 3270 3269 2235
f 3270 2234 3271
f 3276 2239 2238
f 3275 2240 2239
f 3199 2155 2154
f 3198 2156 2155
f 3280 2158 2157
f 3197 2157 2156
f 3279 2237 2158
f 3278 2238 2237
f 3272 2233 2243
f 3273 2242 2241
f 3277 2241 2240
f 3274 2243 2242
f 3270 2235 2234
f 3269 2236 2235
f 3271 2234 2233
f 3331 2175 3332
f 3333 2176 3331
f 3334 2172 3333
f 3335 2167 3336
f 3336 2166 3337
f 3338 3332 2178
f 3338 2177 3335
f 3339 2169 3340
f 3340 2249 3341
f 3341 2248 3342
f 3343 3342 2245
f 3343 2244 3344
f 3337 2168 3345
f 3346 3345 2171
f 3346 2170 3339
f 3347 2174 3348
f 3334 3348 2173
f 3347 3318 2179
f 3349 3350 2250
f 3344 2246 3351
f 3351 2247 3350
f 3349 2251 3352
f 3352 2253 3353
f 3353 2252 3354
f 3355 3354 2254
f 3355 2255 3356
f 3356 2258 3357
f 3357 2259 3358
f 3358 2260 3359
f 3359 2261 3360
f 3360 2262 3361
f 3361 2263 3362
f 3362 2264 3363
f 3363 2265 3364
f 3364 2266 3365
f 3333 2172 2176
f 3331 2176 2175
f 3335 2177 2167
f 3336 2167 2166
f 3337 2166 2168
f 3338 2178 2177
f 3332 2175 2178
f 3340 2169 2249
f 3341 2249 2248
f 3342 2248 2245
f 3343 2245 2244
f 3345 2168 2171
f 3346 2171 2170
f 3339 2170 2169
f 3334 2173 2172
f 3348 2174 2173
f 3347 2179 2174
f 3350 2247 2250
f 3349 2250 2251
f 3344 2244 2246
f 3351 2246 2247
f 3352 2251 2253
f 3353 2253 2252
f 3354 2252 2254
f 3355 2254 2255
f 3356 2255 2258
f 3357 2258 2259
f 3358 2259 2260
f 3359 2260 2261
f 3360 2261 2262
f 3361 2262 2263
f 3362 2263 2264
f 3363 2264 2265
f 3364 2265 2266
f 3365 2266 2267
f 3365 2267 2271
f 3321 3366 3322
f 3347 3366 3318
f 3334 3366 3348
f 3347 3348 3366
f 3317 3366 3321
f 3317 3318 3366
f 3319 3366 3320
f 3319 3322 3366
f 3320 3366 3323
f 3323 3366 3324
f 3324 3366 3325
f 3326 3325 3366
f 3326 3366 3327
f 3327 3366 3328
f 3328 3366 3329
f 3329 3366 3330
f 3338 3366 3332
f 3333 3331 3366
f 3334 3333 3366
f 3331 3332 3366
f 3338 3335 3366
f 3335 3336 3366
f 3336 3337 3366
f 3346 3366 3345
f 3337 3345 3366
f 3346 3339 3366
f 3340 3341 3366
f 3341 3342 3366
f 3339 3340 3366
f 3349 3366 3350
f 3349 3352 3366
f 3352 3353 3366
f 3353 3354 3366
f 3355 3366 3354
f 3343 3366 3342
f 3343 3344 3366
f 3344 3351 3366
f 3351 3350 3366
f 3357 3358 3366
f 3355 3356 3366
f 3356 3357 3366
f 3358 3359 3366
f 3359 3360 3366
f 3360 3361 3366
f 3361 3362 3366
f 3362 3363 3366
f 3363 3364 3366
f 3364 3365 3366
f 3330 2269 2181
f 3365 2271 3367
f 3365 3367 3368
f 3369 3367 3370
f 3371 3372 3367
f 3373 3371 3367
f 3373 3367 3369
f 3374 3375 3367
f 3374 3367 3376
f 3376 3367 3377
f 3377 3367 3378
f 3378 3367 3379
f 3379 3367 3372
f 3380 3367 3381
f 3382 3381 3367
f 3382 3367 3383
f 3383 3367 3384
f 3385 3367 3386
f 3386 3367 3380
f 3384 3367 3387
f 3387 3367 3388
f 3388 3367 3389
f 3389 3367 3390
f 3370 3367 3391
f 3391 3367 3392
f 3392 3367 3393
f 3393 3367 3394
f 3394 3367 3395
f 3395 3367 3385
f 3373 2286 3371
f 3373 3369 2285
f 3369 3370 2284
f 3379 3372 2288
f 3371 2287 3372
f 3386 3380 2277
f 3382 2290 3381
f 3380 3381 2291
f 3382 3383 2272
f 3383 3384 2316
f 3384 3387 2320
f 3387 3388 2319
f 3388 3389 2317
f 3389 3390 2318
f 3370 3391 2283
f 3391 3392 2282
f 3393 3394 2280
f 3392 3393 2281
f 3394 3395 2279
f 3395 3385 2278
f 3385 3386 2276
f 3390 3367 2321
f 3373 2285 2286
f 3369 2284 2285
f 3379 2288 2289
f 3371 2286 2287
f 3372 2287 2288
f 3380 2291 2277
f 3381 2290 2291
f 3382 2272 2290
f 3383 2316 2272
f 3384 2320 2316
f 3387 2319 2320
f 3388 2317 2319
f 3389 2318 2317
f 3392 2281 2282
f 3370 2283 2284
f 3391 2282 2283
f 3393 2280 2281
f 3394 2279 2280
f 3395 2278 2279
f 3385 2276 2278
f 3386 2277 2276
f 3390 2321 2318
f 3367 2271 2321
f 3396 3367 3397
f 3398 3399 3367
f 3396 3398 3367
f 3400 3401 3367
f 3402 3400 3367
f 3403 3402 3367
f 3403 3367 3404
f 3404 3367 3375
f 3401 3405 3367
f 3397 3367 3405
f 3406 3407 3367
f 3399 3408 3367
f 3408 3409 3367
f 3409 3406 3367
f 3407 3410 3367
f 3410 3411 3367
f 3411 3412 3367
f 3412 3413 3367
f 3413 3414 3367
f 3414 3415 3367
f 3415 3416 3367
f 3416 3417 3367
f 3403 3404 2297
f 3403 2303 3402
f 3404 3375 2296
f 3377 3378 2292
f 3376 3377 2293
f 3374 3376 2294
f 3378 3379 2289
f 3374 2295 3375
f 3400 2298 3401
f 3402 2299 3400
f 3401 2300 3405
f 3396 2304 3398
f 3398 2305 3399
f 3396 3397 2302
f 3397 3405 2301
f 3399 2306 3408
f 3408 2307 3409
f 3409 2308 3406
f 3406 2309 3407
f 3410 2311 3411
f 3407 2310 3410
f 3411 2312 3412
f 3412 2313 3413
f 3413 2314 3414
f 3414 2315 3415
f 3415 2274 3416
f 3416 2273 3417
f 3417 3418 3367
f 3417 2275 3418
f 3402 2303 2299
f 3403 2297 2303
f 3404 2296 2297
f 3374 2294 2295
f 3376 2293 2294
f 3377 2292 2293
f 3378 2289 2292
f 3375 2295 2296
f 3401 2298 2300
f 3400 2299 2298
f 3405 2300 2301
f 3398 2304 2305
f 3396 2302 2304
f 3397 2301 2302
f 3399 2305 2306
f 3408 2306 2307
f 3409 2307 2308
f 3406 2308 2309
f 3407 2309 2310
f 3410 2310 2311
f 3411 2311 2312
f 3412 2312 2313
f 3413 2313 2314
f 3414 2314 2315
f 3415 2315 2274
f 3416 2274 2273
f 3417 2273 2275
f 3365 3368 3366
f 3419 2357 2359
f 3420 2359 2360
f 3421 2361 2362
f 3422 2343 2361
f 3423 2367 2343
f 3424 2362 2358
f 3425 2358 2357
f 3426 2374 2373
f 3427 2375 2374
f 3428 2376 2375
f 3429 2363 2376
f 3430 2364 2363
f 3431 2368 2367
f 3432 2369 2368
f 3433 2370 2369
f 3434 2371 2370
f 3435 2372 2371
f 3436 2373 2372
f 3437 2365 2364
f 3438 2366 2365
f 3330 3366 2269
f 3366 3439 3440
f 3366 3441 3439
f 3366 3442 3441
f 3366 3443 3442
f 3366 3444 3443
f 3366 3445 3444
f 3366 3446 3445
f 3366 3447 3446
f 3366 3448 3447
f 3366 3449 3448
f 3366 3450 3449
f 3366 3451 3450
f 3366 3452 3451
f 3366 3453 3452
f 3366 3454 3453
f 3455 2394 2395
f 3456 2393 2394
f 3457 2396 2397
f 3458 2395 2396
f 3459 2397 2399
f 3460 2410 2409
f 3461 2411 2410
f 3462 2623 2401
f 3463 2401 2411
f 3464 2624 2623
f 3465 2606 2607
f 3466 2607 2602
f 3467 2398 2400
f 3468 2603 2604
f 3469 2400 2603
f 3470 2399 2398
f 3471 2604 2605
f 3472 2605 2606
f 3473 2602 2601
f 3474 2601 2608
f 3475 2608 2609
f 3476 2610 2611
f 3477 2611 2612
f 3478 2612 2613
f 3479 2609 2610
f 3480 2618 2617
f 3481 2626 2625
f 3482 2627 2626
f 3483 2628 2627
f 3484 2625 2624
f 3485 2629 2628
f 3486 2616 2629
f 3487 2617 2616
f 3488 2619 2618
f 3489 2620 2619
f 3490 2621 2620
f 3491 2717 2622
f 3492 2718 2717
f 3493 2715 2718
f 3494 2622 2621
f 3366 3495 3454
f 3366 3496 3495
f 3366 3497 3496
f 3366 3498 3497
f 3366 3499 3498
f 3366 3500 3499
f 3366 3501 3500
f 3366 3502 3501
f 3366 3503 3502
f 3366 3504 3503
f 3366 3505 3504
f 3366 3506 3505
f 3366 3507 3506
f 3366 3508 3507
f 3366 3509 3508
f 3366 3510 3509
f 3366 3511 3510
f 3366 3512 3511
f 3366 3513 3512
f 3366 3514 3513
f 3366 3515 3514
f 3366 3516 3515
f 3366 3517 3516
f 3366 3518 3517
f 3366 3519 3518
f 3366 3520 3519
f 3366 3521 3520
f 3366 3522 3521
f 3366 3523 3522
f 3366 3524 3523
f 3366 3525 3524
f 3366 3526 3525
f 3527 2334 2336
f 3528 2336 2403
f 3529 2335 2334
f 3530 2360 2335
f 3531 2403 2404
f 3532 2404 2405
f 3533 2389 2388
f 3534 2406 2389
f 3535 2388 2391
f 3536 2391 2390
f 3537 2405 2406
f 3538 2390 2392
f 3539 2392 2393
f 3540 2378 2377
f 3541 2379 2378
f 3542 2382 2379
f 3543 2377 2366
f 3544 2380 2382
f 3545 2381 2380
f 3546 2383 2381
f 3547 2385 2384
f 3548 2384 2383
f 3549 2407 2386
f 3550 2386 2385
f 3551 2408 2407
f 3552 2409 2408
f 3527 3529 2334
f 3529 3530 2335
f 3419 3425 2357
f 3530 3420 2360
f 3420 3419 2359
f 3534 3537 2406
f 3538 3536 2390
f 3536 3535 2391
f 3533 3534 2389
f 3535 3533 2388
f 3537 3532 2405
f 3531 3528 2403
f 3528 3527 2336
f 3532 3531 2404
f 3425 3424 2358
f 3424 3421 2362
f 3421 3422 2361
f 3422 3423 2343
f 3423 3431 2367
f 3426 3427 2374
f 3427 3428 2375
f 3429 2376 3428
f 3429 3430 2363
f 3437 2364 3430
f 3431 3432 2368
f 3432 3433 2369
f 3433 3434 2370
f 3434 3435 2371
f 3435 3436 2372
f 3436 3426 2373
f 3541 2378 3540
f 3437 3438 2365
f 3543 2366 3438
f 3543 3540 2377
f 3546 3548 2383
f 3550 3549 2386
f 3551 2407 3549
f 3550 2385 3547
f 3547 2384 3548
f 3541 3542 2379
f 3544 2382 3542
f 3546 2381 3545
f 3544 3545 2380
f 3366 3440 2661
f 3440 3439 2662
f 3439 3441 2663
f 3441 3442 2664
f 3442 3443 2665
f 3443 3444 2666
f 3444 3445 2667
f 3445 3446 2668
f 3446 3447 2669
f 3447 3448 2670
f 3448 3449 2671
f 3449 3450 2672
f 3450 3451 2673
f 3366 2661 2269
f 3440 2662 2661
f 3439 2663 2662
f 3441 2664 2663
f 3442 2665 2664
f 3443 2666 2665
f 3444 2667 2666
f 3445 2668 2667
f 3446 2669 2668
f 3447 2670 2669
f 3448 2671 2670
f 3449 2672 2671
f 3450 2673 2672
f 3474 2655 2656
f 3473 2656 2657
f 3466 2657 2658
f 3465 2658 2659
f 3472 2659 2660
f 3471 2660 2687
f 3468 2687 2688
f 3469 2688 2689
f 3467 2689 2690
f 3470 2690 2691
f 3459 2691 2692
f 3457 2692 2693
f 3458 2693 2694
f 3553 2633 2634
f 3554 2634 2635
f 3555 2635 2636
f 3556 2637 2638
f 3557 2638 2708
f 3558 2636 2637
f 3559 2709 2710
f 3560 2708 2709
f 3561 2710 2711
f 3553 3562 2633
f 3554 3553 2634
f 3558 2637 3556
f 3560 2709 3559
f 3561 3559 2710
f 3557 2708 3560
f 3557 3556 2638
f 3554 2635 3555
f 3558 3555 2636
f 3563 2699 2698
f 3564 2698 2700
f 3565 2700 2701
f 3566 2701 2702
f 3567 2702 2703
f 3568 2703 2704
f 3569 2704 2705
f 3570 2707 2722
f 3571 2722 2721
f 3572 2705 2706
f 3573 2706 2707
f 3574 2725 2724
f 3575 2721 2725
f 3576 2711 2699
f 3577 2724 2723
f 3578 2723 2732
f 3579 2713 2712
f 3580 2714 2713
f 3581 2726 2714
f 3582 2731 2728
f 3583 2728 2727
f 3584 2727 2726
f 3585 2730 2729
f 3586 2729 2731
f 3587 2732 2730
f 3580 2713 3579
f 3587 2730 3585
f 3586 2731 3582
f 3585 2729 3586
f 3582 2728 3583
f 3584 2726 3581
f 3583 2727 3584
f 3581 2714 3580
f 3588 2613 2614
f 3589 2614 2631
f 3590 2631 2632
f 3562 2632 2633
f 3473 3466 2602
f 3466 3465 2607
f 3467 3470 2398
f 3458 3455 2395
f 3455 3456 2394
f 3456 3539 2393
f 3459 3457 2397
f 3457 3458 2396
f 3470 3459 2399
f 3471 3468 2604
f 3469 3467 2400
f 3468 3469 2603
f 3472 3471 2605
f 3465 3472 2606
f 3479 2610 3476
f 3589 3588 2614
f 3478 3477 2612
f 3477 3476 2611
f 3478 2613 3588
f 3474 3473 2601
f 3475 3474 2608
f 3479 3475 2609
f 3590 3589 2631
f 3590 2632 3562
f 3591 2719 2716
f 3592 2716 2715
f 3593 2720 2719
f 3594 2712 2720
f 3480 2617 3487
f 3488 2618 3480
f 3460 3461 2410
f 3463 2411 3461
f 3464 2623 3462
f 3484 2624 3464
f 3481 2625 3484
f 3462 2401 3463
f 3485 2628 3483
f 3483 2627 3482
f 3482 2626 3481
f 3487 2616 3486
f 3486 2629 3485
f 3591 2716 3592
f 3492 2717 3491
f 3493 2718 3492
f 3592 2715 3493
f 3490 2620 3489
f 3491 2622 3494
f 3494 2621 3490
f 3489 2619 3488
f 3594 2720 3593
f 3593 2719 3591
f 3579 2712 3594
f 3564 3563 2698
f 3564 2700 3565
f 3565 2701 3566
f 3566 2702 3567
f 3567 2703 3568
f 3568 2704 3569
f 3570 2722 3571
f 3569 2705 3572
f 3572 2706 3573
f 3573 2707 3570
f 3571 2721 3575
f 3575 2725 3574
f 3574 2724 3577
f 3576 3561 2711
f 3576 2699 3563
f 3577 2723 3578
f 3557 3560 2639
f 3560 3559 2640
f 3561 2733 3559
f 3576 2734 3561
f 3554 2645 3553
f 3553 2648 3562
f 3590 2651 3589
f 3590 3562 2649
f 3557 2642 3556
f 3558 3556 2641
f 3558 2643 3555
f 3554 3555 2644
f 3561 2734 2733
f 3576 2735 2734
f 3558 2641 2643
f 3556 2642 2641
f 3557 2639 2642
f 3559 2733 2640
f 3560 2640 2639
f 3554 2644 2645
f 3553 2645 2648
f 3589 2651 2650
f 3562 2648 2649
f 3590 2649 2651
f 3555 2643 2644
f 3576 3563 2735
f 3564 2736 3563
f 3564 3565 2737
f 3565 3566 2738
f 3566 3567 2739
f 3567 3568 2740
f 3568 3569 2741
f 3569 3572 2742
f 3572 3573 2743
f 3573 3570 2744
f 3570 3571 2745
f 3571 3575 2746
f 3575 3574 2747
f 3574 3577 2748
f 3563 2736 2735
f 3564 2737 2736
f 3565 2738 2737
f 3566 2739 2738
f 3567 2740 2739
f 3568 2741 2740
f 3569 2742 2741
f 3572 2743 2742
f 3573 2744 2743
f 3570 2745 2744
f 3571 2746 2745
f 3575 2747 2746
f 3574 2748 2747
f 3578 2732 3587
f 3577 3578 2749
f 3578 3587 2750
f 3587 3585 2751
f 3585 3586 2752
f 3586 3582 2753
f 3582 3583 2754
f 3583 3584 2755
f 3584 3581 2756
f 3581 3580 2757
f 3580 3579 2758
f 3579 3594 2759
f 3577 2749 2748
f 3578 2750 2749
f 3587 2751 2750
f 3585 2752 2751
f 3586 2753 2752
f 3582 2754 2753
f 3583 2755 2754
f 3584 2756 2755
f 3581 2757 2756
f 3580 2758 2757
f 3579 2759 2758
f 3594 2760 2759
f 3593 2761 2760
f 3478 2653 3477
f 3589 2650 3588
f 3478 3588 2652
f 3477 2647 3476
f 3479 3476 2646
f 3479 2654 3475
f 3475 2655 3474
f 3474 2656 3473
f 3473 2657 3466
f 3466 2658 3465
f 3465 2659 3472
f 3588 2650 2652
f 3478 2652 2653
f 3477 2653 2647
f 3476 2647 2646
f 3479 2646 2654
f 3475 2654 2655
f 3472 2660 3471
f 3471 2687 3468
f 3468 2688 3469
f 3469 2689 3467
f 3467 2690 3470
f 3470 2691 3459
f 3459 2692 3457
f 3457 2693 3458
f 3458 2694 3455
f 3455 2695 3456
f 3456 2696 3539
f 3455 2694 2695
f 3456 2695 2696
f 3594 3593 2760
f 3593 3591 2761
f 3591 3592 2762
f 3592 3493 2763
f 3493 3492 2764
f 3492 3491 2765
f 3491 3494 2766
f 3494 3490 2767
f 3490 3489 2768
f 3489 3488 2769
f 3488 3480 2770
f 3480 3487 2771
f 3591 2762 2761
f 3592 2763 2762
f 3493 2764 2763
f 3492 2765 2764
f 3491 2766 2765
f 3494 2767 2766
f 3490 2768 2767
f 3489 2769 2768
f 3488 2770 2769
f 3480 2771 2770
f 3487 3486 2772
f 3486 3485 2773
f 3485 3483 2774
f 3483 3482 2775
f 3482 3481 2776
f 3481 3484 2777
f 3484 3464 2778
f 3464 3462 2809
f 3462 3463 2814
f 3463 3461 2815
f 3463 2815 2814
f 3487 2772 2771
f 3486 2773 2772
f 3485 2774 2773
f 3483 2775 2774
f 3482 2776 2775
f 3481 2777 2776
f 3484 2778 2777
f 3464 2809 2778
f 3462 2814 2809
f 3451 3452 2674
f 3452 3453 2675
f 3453 3454 2676
f 3454 3495 2677
f 3495 3496 2678
f 3496 3497 2679
f 3497 3498 2680
f 3498 3499 2681
f 3499 3500 2682
f 3500 3501 2683
f 3501 3502 2684
f 3502 3503 2685
f 3503 3504 2686
f 3504 3505 2779
f 3505 3506 2780
f 3506 3507 2781
f 3507 3508 2782
f 3508 3509 2783
f 3509 3510 2784
f 3510 3511 2785
f 3511 3512 2786
f 3512 3513 2787
f 3513 3514 2788
f 3514 3515 2789
f 3515 3516 2790
f 3516 3517 2791
f 3517 3518 2792
f 3518 3519 2793
f 3519 3520 2794
f 3520 3521 2795
f 3521 3522 2796
f 3522 3523 2797
f 3523 3524 2798
f 3524 3525 2799
f 3525 3526 2800
f 3451 2674 2673
f 3452 2675 2674
f 3453 2676 2675
f 3454 2677 2676
f 3495 2678 2677
f 3496 2679 2678
f 3497 2680 2679
f 3498 2681 2680
f 3499 2682 2681
f 3500 2683 2682
f 3501 2684 2683
f 3502 2685 2684
f 3503 2686 2685
f 3504 2779 2686
f 3505 2780 2779
f 3506 2781 2780
f 3507 2782 2781
f 3508 2783 2782
f 3509 2784 2783
f 3510 2785 2784
f 3511 2786 2785
f 3512 2787 2786
f 3513 2788 2787
f 3514 2789 2788
f 3515 2790 2789
f 3516 2791 2790
f 3517 2792 2791
f 3518 2793 2792
f 3519 2794 2793
f 3520 2795 2794
f 3521 2796 2795
f 3522 2797 2796
f 3523 2798 2797
f 3524 2799 2798
f 3525 2800 2799
f 3539 3538 2392
f 3552 2408 3551
f 3460 2409 3552
f 3539 2697 3538
f 3538 2803 3536
f 3536 2804 3535
f 3535 2805 3533
f 3533 2806 3534
f 3534 2807 3537
f 3537 2808 3532
f 3532 2826 3531
f 3531 2827 3528
f 3528 2828 3527
f 3527 2829 3529
f 3529 2830 3530
f 3530 2831 3420
f 3420 2832 3419
f 3539 2696 2697
f 3538 2697 2803
f 3536 2803 2804
f 3535 2804 2805
f 3533 2805 2806
f 3534 2806 2807
f 3537 2807 2808
f 3532 2808 2826
f 3531 2826 2827
f 3528 2827 2828
f 3527 2828 2829
f 3529 2829 2830
f 3419 2833 3425
f 3425 2834 3424
f 3530 2830 2831
f 3420 2831 2832
f 3419 2832 2833
f 3425 2833 2834
f 3424 2834 2835
f 3424 2835 3421
f 3421 2836 3422
f 3422 2837 3423
f 3423 2838 3431
f 3431 2839 3432
f 3432 2847 3433
f 3433 2848 3434
f 3434 2849 3435
f 3435 2850 3436
f 3436 2851 3426
f 3426 2841 3427
f 3429 3428 2842
f 3429 2844 3430
f 3427 2840 3428
f 3421 2835 2836
f 3422 2836 2837
f 3423 2837 2838
f 3431 2838 2839
f 3432 2839 2847
f 3433 2847 2848
f 3434 2848 2849
f 3435 2849 2850
f 3436 2850 2851
f 3426 2851 2841
f 3427 2841 2840
f 3428 2840 2842
f 3429 2842 2844
f 3460 2816 3461
f 3460 3552 2817
f 3552 3551 2820
f 3551 3549 2821
f 3550 2818 3549
f 3550 3547 2819
f 3544 2825 3545
f 3543 2813 3540
f 3543 3438 2843
f 3541 2811 3542
f 3544 3542 2810
f 3541 3540 2812
f 3547 3548 2822
f 3546 2823 3548
f 3546 3545 2824
f 3461 2816 2815
f 3460 2817 2816
f 3552 2820 2817
f 3551 2821 2820
f 3549 2818 2821
f 3541 2812 2811
f 3544 2810 2825
f 3542 2811 2810
f 3547 2822 2819
f 3546 2824 2823
f 3548 2823 2822
f 3550 2819 2818
f 3545 2825 2824
f 3437 3430 2845
f 3437 2846 3438
f 3543 2843 2813
f 3437 2845 2846
f 3430 2844 2845
f 3438 2846 2843
f 3540 2813 2812
f 3366 3595 3526
f 3526 2853 2800
f 3367 3596 3368
f 3367 3418 3597
f 3367 3597 3598
f 3367 3598 3599
f 3367 3599 3600
f 3367 3600 3601
f 3367 3601 3602
f 3367 3602 3603
f 3367 3603 3604
f 3367 3604 3605
f 3367 3605 3606
f 3367 3606 3607
f 3367 3607 3608
f 3367 3608 3609
f 3367 3609 3610
f 3367 3610 3611
f 3367 3611 3612
f 3367 3612 3613
f 3367 3613 3614
f 3367 3614 3615
f 3367 3615 3616
f 3367 3616 3617
f 3367 3617 3618
f 3367 3618 3619
f 3367 3619 3620
f 3367 3620 3621
f 3367 3621 3622
f 3367 3622 3623
f 3367 3623 3624
f 3367 3624 3625
f 3367 3625 3626
f 3367 3626 3627
f 3367 3627 3628
f 3367 3628 3629
f 3367 3629 3630
f 3367 3630 3631
f 3367 3631 3632
f 3367 3632 3633
f 3367 3633 3634
f 3367 3634 3635
f 3367 3635 3636
f 3367 3636 3637
f 3367 3637 3638
f 3367 3638 3639
f 3367 3639 3640
f 3367 3640 3641
f 3367 3641 3642
f 3367 3642 3643
f 3367 3643 3644
f 3367 3644 3596
f 3418 2322 3597
f 3597 2323 3598
f 3598 2324 3599
f 3599 2327 3600
f 3600 2326 3601
f 3601 2325 3602
f 3602 2330 3603
f 3603 2329 3604
f 3604 2328 3605
f 3605 2956 3606
f 3606 2961 3607
f 3607 2960 3608
f 3608 2959 3609
f 3609 2958 3610
f 3610 2957 3611
f 3611 2962 3612
f 3612 2966 3613
f 3613 2965 3614
f 3614 2964 3615
f 3615 2963 3616
f 3616 2972 3617
f 3617 2971 3618
f 3618 2970 3619
f 3619 2969 3620
f 3620 2968 3621
f 3621 2967 3622
f 3622 2979 3623
f 3623 2978 3624
f 3624 2977 3625
f 3625 2976 3626
f 3626 2975 3627
f 3627 2974 3628
f 3628 2973 3629
f 3629 2985 3630
f 3630 2984 3631
f 3631 2983 3632
f 3632 2982 3633
f 3633 2981 3634
f 3634 2980 3635
f 3635 2991 3636
f 3636 2990 3637
f 3637 2989 3638
f 3638 2988 3639
f 3639 2987 3640
f 3640 2986 3641
f 3641 2995 3642
f 3642 2994 3643
f 3643 2993 3644
f 3644 2992 3596
f 3418 2275 2322
f 3597 2322 2323
f 3598 2323 2324
f 3599 2324 2327
f 3600 2327 2326
f 3601 2326 2325
f 3602 2325 2330
f 3603 2330 2329
f 3604 2329 2328
f 3605 2328 2956
f 3606 2956 2961
f 3607 2961 2960
f 3608 2960 2959
f 3609 2959 2958
f 3610 2958 2957
f 3611 2957 2962
f 3612 2962 2966
f 3613 2966 2965
f 3614 2965 2964
f 3615 2964 2963
f 3616 2963 2972
f 3617 2972 2971
f 3618 2971 2970
f 3619 2970 2969
f 3620 2969 2968
f 3621 2968 2967
f 3622 2967 2979
f 3623 2979 2978
f 3624 2978 2977
f 3625 2977 2976
f 3626 2976 2975
f 3627 2975 2974
f 3628 2974 2973
f 3629 2973 2985
f 3630 2985 2984
f 3631 2984 2983
f 3632 2983 2982
f 3633 2982 2981
f 3634 2981 2980
f 3635 2980 2991
f 3636 2991 2990
f 3637 2990 2989
f 3638 2989 2988
f 3639 2988 2987
f 3640 2987 2986
f 3641 2986 2995
f 3642 2995 2994
f 3643 2994 2993
f 3644 2993 2992
f 3596 2992 2996
f 3596 2955 3368
f 3596 2996 2955
f 3366 3368 3645
f 3366 3645 3646
f 3366 3646 3647
f 3366 3647 3648
f 3366 3648 3649
f 3366 3649 3650
f 3366 3650 3651
f 3366 3651 3652
f 3366 3652 3653
f 3366 3653 3654
f 3366 3654 3655
f 3366 3655 3656
f 3366 3656 3657
f 3366 3657 3658
f 3366 3658 3659
f 3366 3659 3660
f 3366 3660 3661
f 3366 3661 3662
f 3366 3662 3663
f 3366 3663 3664
f 3366 3664 3665
f 3366 3665 3666
f 3366 3666 3667
f 3366 3667 3668
f 3366 3668 3669
f 3366 3669 3670
f 3366 3670 3671
f 3366 3671 3672
f 3366 3672 3673
f 3366 3673 3674
f 3366 3674 3675
f 3366 3675 3676
f 3366 3676 3677
f 3366 3677 3678
f 3366 3678 3679
f 3366 3679 3680
f 3366 3680 3681
f 3366 3681 3682
f 3366 3682 3683
f 3366 3683 3684
f 3366 3684 3685
f 3366 3685 3686
f 3366 3686 3687
f 3366 3687 3688
f 3366 3688 3689
f 3366 3689 3690
f 3366 3690 3691
f 3366 3691 3692
f 3368 2955 3645
f 3645 2997 3646
f 3646 2998 3647
f 3647 2999 3648
f 3648 3000 3649
f 3649 3001 3650
f 3650 3002 3651
f 3651 3003 3652
f 3652 3004 3653
f 3653 3005 3654
f 3654 3006 3655
f 3655 3008 3656
f 3656 3007 3657
f 3657 3009 3658
f 3658 3010 3659
f 3659 3011 3660
f 3660 3012 3661
f 3661 3013 3662
f 3662 3014 3663
f 3663 3015 3664
f 3664 3016 3665
f 3665 3017 3666
f 3666 3018 3667
f 3667 3019 3668
f 3668 3020 3669
f 3669 3021 3670
f 3670 3022 3671
f 3671 3023 3672
f 3672 3024 3673
f 3673 3025 3674
f 3674 3026 3675
f 3675 3027 3676
f 3676 3028 3677
f 3677 3029 3678
f 3678 3030 3679
f 3679 3031 3680
f 3680 3032 3681
f 3681 3033 3682
f 3682 3034 3683
f 3683 3035 3684
f 3684 3036 3685
f 3685 3037 3686
f 3686 3038 3687
f 3687 3039 3688
f 3688 3040 3689
f 3689 3041 3690
f 3690 3042 3691
f 3691 3043 3692
f 3645 2955 2997
f 3646 2997 2998
f 3647 2998 2999
f 3648 2999 3000
f 3649 3000 3001
f 3650 3001 3002
f 3651 3002 3003
f 3652 3003 3004
f 3653 3004 3005
f 3654 3005 3006
f 3655 3006 3008
f 3656 3008 3007
f 3657 3007 3009
f 3658 3009 3010
f 3659 3010 3011
f 3660 3011 3012
f 3661 3012 3013
f 3662 3013 3014
f 3663 3014 3015
f 3664 3015 3016
f 3665 3016 3017
f 3666 3017 3018
f 3667 3018 3019
f 3668 3019 3020
f 3669 3020 3021
f 3670 3021 3022
f 3671 3022 3023
f 3672 3023 3024
f 3673 3024 3025
f 3674 3025 3026
f 3675 3026 3027
f 3676 3027 3028
f 3677 3028 3029
f 3678 3029 3030
f 3679 3030 3031
f 3680 3031 3032
f 3681 3032 3033
f 3682 3033 3034
f 3683 3034 3035
f 3684 3035 3036
f 3685 3036 3037
f 3686 3037 3038
f 3687 3038 3039
f 3688 3039 3040
f 3689 3040 3041
f 3690 3041 3042
f 3691 3042 3043
f 3692 3043 3044
f 3692 3044 3693
f 3366 3692 3693
f 3366 3694 3595
f 3366 3695 3694
f 3366 3696 3695
f 3366 3697 3696
f 3366 3698 3699
f 3366 3699 3697
f 3366 3700 3698
f 3366 3701 3700
f 3366 3702 3701
f 3366 3703 3702
f 3366 3704 3703
f 3366 3705 3704
f 3366 3706 3705
f 3366 3707 3708
f 3366 3708 3706
f 3366 3709 3707
f 3366 3710 3711
f 3366 3711 3712
f 3366 3713 3714
f 3366 3715 3710
f 3366 3714 3715
f 3366 3716 3717
f 3366 3693 3718
f 3366 3718 3719
f 3366 3719 3720
f 3366 3720 3721
f 3366 3721 3716
f 3366 3717 3722
f 3366 3722 3723
f 3366 3723 3724
f 3366 3725 3726
f 3366 3726 3727
f 3366 3724 3725
f 3366 3728 3729
f 3366 3730 3731
f 3366 3731 3732
f 3366 3732 3733
f 3366 3733 3728
f 3366 3734 3735
f 3366 3735 3713
f 3366 3729 3734
f 3366 3727 3730
f 3366 3736 3737
f 3366 3737 3709
f 3366 3738 3736
f 3366 3739 3738
f 3366 3740 3739
f 3366 3712 3740
f 3526 3595 2853
f 3693 3044 3141
f 3595 3694 3142
f 3694 3695 3143
f 3695 3696 3144
f 3696 3697 3145
f 3697 3699 3146
f 3699 3698 3147
f 3698 3700 3148
f 3700 3701 3149
f 3701 3702 3150
f 3702 3703 3154
f 3703 3704 3155
f 3704 3705 3156
f 3705 3706 3157
f 3708 3151 3706
f 3707 3709 3153
f 3709 3737 3166
f 3708 3707 3152
f 3736 3167 3737
f 3736 3738 3170
f 3738 3739 3168
f 3740 3169 3739
f 3693 3141 3718
f 3718 3158 3719
f 3719 3159 3720
f 3720 3160 3721
f 3716 3185 3717
f 3721 3161 3716
f 3722 3717 3186
f 3722 3187 3723
f 3730 3175 3731
f 3731 3181 3732
f 3732 3180 3733
f 3724 3723 3188
f 3724 3178 3725
f 3726 3179 3727
f 3726 3725 3177
f 3730 3727 3176
f 3712 3711 3172
f 3711 3710 3173
f 3710 3715 3174
f 3713 3735 3164
f 3734 3165 3735
f 3734 3729 3184
f 3714 3162 3715
f 3714 3713 3163
f 3740 3712 3171
f 3729 3728 3182
f 3728 3733 3183
f 3595 3142 2853
f 3694 3143 3142
f 3695 3144 3143
f 3696 3145 3144
f 3697 3146 3145
f 3699 3147 3146
f 3698 3148 3147
f 3700 3149 3148
f 3701 3150 3149
f 3702 3154 3150
f 3703 3155 3154
f 3704 3156 3155
f 3705 3157 3156
f 3706 3151 3157
f 3708 3152 3151
f 3709 3166 3153
f 3737 3167 3166
f 3707 3153 3152
f 3738 3168 3170
f 3736 3170 3167
f 3739 3169 3168
f 3718 3141 3158
f 3719 3158 3159
f 3720 3159 3160
f 3721 3160 3161
f 3716 3161 3185
f 3717 3185 3186
f 3722 3186 3187
f 3723 3187 3188
f 3733 3180 3183
f 3730 3176 3175
f 3731 3175 3181
f 3732 3181 3180
f 3724 3188 3178
f 3725 3178 3177
f 3726 3177 3179
f 3727 3179 3176
f 3712 3172 3171
f 3711 3173 3172
f 3710 3174 3173
f 3735 3165 3164
f 3734 3184 3165
f 3715 3162 3174
f 3714 3163 3162
f 3713 3164 3163
f 3740 3171 3169
f 3729 3182 3184
f 3728 3183 3182
f 3743 3744 3800
f 3742 3797 3744
f 3748 3749 3801
f 3742 3747 3799
f 3747 3798 3799
f 3748 3801 3798
f 3747 3748 3798
f 3745 3802 3749
f 3746 3751 3756
f 3745 3746 3750
f 3749 3802 3801
f 3745 3750 3802
f 3746 3756 3750
f 3751 3752 3757
f 3752 3758 3757
f 3753 3759 3758
f 3752 3753 3758
f 3751 3757 3756
f 3754 3760 3759
f 3753 3754 3759
f 3754 3755 3760
f 3755 3761 3760
f 3761 4548 4554
f 3755 4548 3761
f 3763 3777 3767
f 3767 3778 3768
f 3764 3768 3776
f 3764 3795 3765
f 3764 3776 3795
f 3769 3771 3772
f 3762 3775 3763
f 3762 3770 3780
f 3770 3779 3780
f 3769 3779 3770
f 3741 3743 3773
f 3741 3774 3771
f 3741 3773 3774
f 3743 3800 3773
f 3771 3774 3772
f 3769 3772 3779
f 3767 3777 3778
f 3763 3775 3777
f 3762 3780 3775
f 3768 3778 3776
f 3781 3786 3782
f 3782 3787 3783
f 3783 3791 3784
f 3765 3796 3766
f 3766 3785 3781
f 3765 3795 3796
f 3766 3796 3785
f 3781 3785 3786
f 3782 3786 3787
f 3783 3787 3791
f 3784 3792 3788
f 3788 3793 3789
f 3789 3794 3790
f 3790 5362 5358
f 3784 3791 3792
f 3788 3792 3793
f 3789 3793 3794
f 3790 3794 5362
f 3785 6154 3786
f 3786 6154 3787
f 3787 6154 3791
f 3791 6154 3792
f 3792 6154 3793
f 3793 6154 3794
f 3794 6154 5362
f 3744 3797 3800
f 3742 3799 3797
f 3773 6154 3774
f 3772 3774 6154
f 3773 3800 6154
f 3797 3799 6154
f 3797 6154 3800
f 3798 6154 3799
f 3798 3801 6154
f 3750 6154 3802
f 3801 3802 6154
f 3750 3756 6154
f 3756 3757 6154
f 3757 3758 6154
f 3758 3759 6154
f 3759 3760 6154
f 3760 3761 6154
f 3761 4554 6154
f 3777 6154 3778
f 3772 6154 3779
f 3779 6154 3780
f 3775 6154 3777
f 3775 3780 6154
f 3776 6154 3795
f 3776 3778 6154
f 3795 6154 3796
f 3785 3796 6154
f 3741 3771 4122
f 3742 3744 4148
f 3743 4161 3744
f 3741 4154 3743
f 3745 4239 3746
f 3746 4280 3751
f 3747 4269 3748
f 3742 4262 3747
f 3748 4272 3749
f 3745 3749 4233
f 3751 4283 3752
f 3752 4290 3753
f 3753 4307 3754
f 3754 4313 3755
f 3755 4768 4548
f 3762 4416 3770
f 3763 3767 4356
f 3762 3763 4353
f 3764 3765 4373
f 3765 3766 4384
f 3767 3768 4407
f 3764 4410 3768
f 3769 3770 4413
f 3769 4422 3771
f 3781 3782 4426
f 3766 3781 4386
f 3782 3783 4429
f 3783 3784 4438
f 3784 3788 4441
f 3788 3789 4448
f 3789 3790 4451
f 3790 5358 4453
f 3803 3848 3811
f 3803 3827 3840
f 3805 3809 3842
f 3804 3805 3841
f 3807 3808 3844
f 3806 3807 3843
f 3806 3849 3812
f 3804 3845 3808
f 3809 3810 3846
f 3810 3811 3847
f 3812 3850 3813
f 3813 3851 3814
f 3814 3852 3815
f 3815 3853 3816
f 3817 3860 3823
f 3816 3854 3817
f 3818 3823 3855
f 3818 3856 3819
f 3819 3857 3820
f 3820 3858 3821
f 3821 3859 3822
f 3825 3826 3862
f 3825 3864 3827
f 3826 3828 3863
f 3824 3865 3828
f 3824 3829 3861
f 3829 3830 3866
f 3831 3869 3832
f 3830 3832 3867
f 3831 3833 3868
f 3833 3834 3870
f 3834 3835 3871
f 3835 3836 3872
f 3836 3837 3873
f 3837 3838 3874
f 3838 3839 3875
f 3839 3899 3876
f 3803 3840 3848
f 3827 3864 3840
f 3805 3842 3841
f 3808 3845 3844
f 3806 3843 3849
f 3807 3844 3843
f 3804 3841 3845
f 3811 3848 3847
f 3810 3847 3846
f 3809 3846 3842
f 3812 3849 3850
f 3813 3850 3851
f 3814 3851 3852
f 3815 3852 3853
f 3816 3853 3854
f 3817 3854 3860
f 3818 3855 3856
f 3819 3856 3857
f 3822 3859 3888
f 3820 3857 3858
f 3821 3858 3859
f 3823 3860 3855
f 3824 3861 3865
f 3825 3862 3864
f 3826 3863 3862
f 3828 3865 3863
f 3829 3866 3861
f 3830 3867 3866
f 3831 3868 3869
f 3832 3869 3867
f 3833 3870 3868
f 3834 3871 3870
f 3835 3872 3871
f 3836 3873 3872
f 3837 3874 3873
f 3838 3875 3874
f 3839 3876 3875
f 3876 3899 3900
f 3822 3888 3877
f 3877 3889 3878
f 3878 3890 3879
f 3879 3891 3880
f 3880 3892 3881
f 3881 3893 3882
f 3882 3894 3883
f 3883 3895 3884
f 3884 3896 3885
f 3885 3897 3886
f 3886 3898 3887
f 3877 3888 3889
f 3878 3889 3890
f 3880 3891 3892
f 3879 3890 3891
f 3881 3892 3893
f 3882 3893 3894
f 3883 3894 3895
f 3884 3895 3896
f 3885 3896 3897
f 3886 3897 3898
f 3899 4053 4094
f 3899 4054 4053
f 3899 4173 4054
f 3900 3906 3902
f 3900 3908 3906
f 3806 3812 4618
f 3804 4618 3805
f 3804 3808 4618
f 3807 4618 3808
f 3806 4618 3807
f 3824 3828 4618
f 3824 4618 3829
f 3830 4618 3832
f 3829 4618 3830
f 3831 3832 4618
f 3809 4618 3810
f 3803 3811 4618
f 3810 4618 3811
f 3803 4618 3827
f 3825 3827 4618
f 3825 4618 3826
f 3805 4618 3809
f 3826 4618 3828
f 3816 3817 4618
f 3815 3816 4618
f 3818 4618 3823
f 3817 3823 4618
f 3818 3819 4618
f 3819 3820 4618
f 3813 3814 4618
f 3812 3813 4618
f 3814 3815 4618
f 3820 3821 4618
f 3821 3822 4618
f 3822 3877 4618
f 3877 3878 4618
f 3878 3879 4618
f 3879 3880 4618
f 3880 3881 4618
f 3881 3882 4618
f 3834 4618 3835
f 3831 4618 3833
f 3833 4618 3834
f 3835 4618 3836
f 3836 4618 3837
f 3837 4618 3838
f 3838 4618 3839
f 3839 4618 3899
f 3843 4629 3849
f 3841 3842 4629
f 3841 4629 3845
f 3844 3845 4629
f 3843 3844 4629
f 3861 4629 3865
f 3861 3866 4629
f 3867 3869 4629
f 3866 3867 4629
f 3868 4629 3869
f 3846 3847 4629
f 3840 4629 3848
f 3847 3848 4629
f 3840 3864 4629
f 3862 4629 3864
f 3862 3863 4629
f 3842 3846 4629
f 3863 3865 4629
f 3853 4629 3854
f 3852 4629 3853
f 3855 3860 4629
f 3854 4629 3860
f 3855 4629 3856
f 3856 4629 3857
f 3850 4629 3851
f 3849 4629 3850
f 3851 4629 3852
f 3857 4629 3858
f 3858 4629 3859
f 3859 4629 3888
f 3888 4629 3889
f 3889 4629 3890
f 3890 4629 3891
f 3891 4629 3892
f 3892 4629 3893
f 3871 3872 4629
f 3868 3870 4629
f 3870 3871 4629
f 3872 3873 4629
f 3873 3874 4629
f 3874 3875 4629
f 3875 3876 4629
f 3876 3900 4629
f 3882 3883 4618
f 3883 3884 4618
f 3884 3885 4618
f 3885 3886 4618
f 3886 3887 4618
f 3887 3898 4629
f 3893 4629 3894
f 3894 4629 3895
f 3895 4629 3896
f 3896 4629 3897
f 3897 4629 3898
f 3900 3902 4629
f 3899 4171 4173
f 3899 4172 4171
f 3899 4179 4172
f 3899 4180 4179
f 3899 4189 4180
f 3899 4191 4189
f 3899 4201 4191
f 3899 4716 4201
f 3899 4618 4716
f 3902 3906 3912
f 3914 4613 3910
f 3908 3918 3917
f 3922 4617 3921
f 3899 4064 3923
f 3899 4058 4066
f 3899 4066 4064
f 3899 3924 3927
f 3899 3926 3940
f 3899 3928 3926
f 3899 3927 3928
f 3899 3923 3924
f 3899 4056 4057
f 3899 4091 4056
f 3899 4094 4091
f 3899 4057 4058
f 3899 3940 3939
f 3899 3939 3944
f 3899 3944 3946
f 3923 3925 3924
f 3923 4069 3925
f 3899 6056 3900
f 3899 3946 6056
f 3900 6094 3908
f 3926 3928 3934
f 3926 3941 3940
f 3926 3934 3941
f 3927 3932 3928
f 3927 3929 3932
f 3929 3933 3932
f 3924 3929 3927
f 3924 3925 3929
f 3925 3930 3929
f 3925 4326 3930
f 3929 3930 3933
f 3930 4326 3931
f 3930 3931 3937
f 3928 3932 3934
f 3932 3935 3934
f 3932 3933 3935
f 3934 3935 3949
f 3933 3936 3935
f 3930 3937 3933
f 3933 3937 3936
f 3931 3938 3937
f 3931 4329 3938
f 3937 3938 3954
f 3936 3937 3954
f 3938 3955 3954
f 3938 4339 3955
f 3939 3942 3945
f 3940 3941 3942
f 3934 3949 3941
f 3941 3949 3943
f 3939 3940 3942
f 3941 3943 3942
f 3943 3949 3958
f 3939 3945 3944
f 3944 3976 3946
f 3944 3945 3976
f 3945 3977 3976
f 3942 3943 3947
f 3942 3947 3945
f 3943 3958 3948
f 3943 3948 3947
f 3948 3958 3961
f 3945 3947 3977
f 3947 3980 3977
f 3947 3948 3980
f 3948 3961 3981
f 3935 3950 3949
f 3935 3936 3950
f 3936 3951 3950
f 3949 3950 3958
f 3950 3959 3958
f 3950 3951 3959
f 3951 3956 3960
f 3955 4339 4393
f 3952 3955 4393
f 3952 3963 3956
f 3952 3956 3955
f 3952 4393 3953
f 3936 3954 3951
f 3951 3954 3956
f 3954 3955 3956
f 3957 3962 3960
f 3958 3959 3961
f 3951 3960 3959
f 3959 3960 3962
f 3959 3962 3961
f 3961 3962 3993
f 3956 3963 3960
f 3952 3964 3963
f 3952 3953 3964
f 3953 3965 3964
f 3957 3960 3963
f 3963 3964 3995
f 3957 3963 3995
f 3964 3996 3995
f 3965 3997 3996
f 3964 3965 3996
f 3966 3984 3967
f 3967 3984 3969
f 3967 3969 3968
f 3968 3971 3970
f 3968 3969 3971
f 3969 4014 3971
f 3970 3971 3973
f 3970 3973 3972
f 3971 4021 3973
f 3972 3975 3974
f 3972 3973 3975
f 3973 4021 4023
f 3973 4023 3975
f 3946 3976 3978
f 3946 3978 3966
f 3976 3977 3979
f 3966 3978 3984
f 3976 3979 3978
f 3977 3982 3979
f 3978 3979 3985
f 3977 3980 3982
f 3948 3981 3980
f 3980 3983 3982
f 3980 3981 3983
f 3981 3994 3983
f 3978 3985 3984
f 3979 3986 3985
f 3979 3982 3986
f 3984 3985 4012
f 3969 3984 4012
f 3985 3986 4013
f 3985 4013 4012
f 3982 3983 3987
f 3982 3987 3986
f 3983 3994 3988
f 3983 3988 3987
f 3986 3987 4017
f 3986 4017 4013
f 3987 4018 4017
f 3987 3988 4018
f 3989 4001 4437
f 3989 4009 4001
f 3989 3991 4009
f 3991 4011 4009
f 3989 3990 3991
f 3962 3992 3993
f 3957 3992 3962
f 3957 3999 3992
f 3992 4002 3993
f 3993 4002 3994
f 3992 3999 4003
f 3992 4003 4002
f 3999 4007 4003
f 3961 3993 3981
f 3981 3993 3994
f 3957 3995 3999
f 3995 3996 3998
f 3995 3998 3999
f 3996 3997 4000
f 3996 4000 3998
f 3997 4447 4001
f 3998 4000 4008
f 3998 4007 3999
f 3997 4001 4000
f 4000 4001 4009
f 3994 4002 4004
f 3988 3994 4004
f 4002 4006 4004
f 4002 4003 4006
f 4003 4007 4005
f 3988 4004 4040
f 4004 4006 4041
f 4003 4005 4006
f 4005 4042 4006
f 3998 4008 4007
f 4007 4008 4010
f 4000 4009 4008
f 4008 4009 4011
f 4005 4007 4010
f 4008 4011 4010
f 4005 4010 4046
f 4010 4011 4047
f 3969 4012 4014
f 4012 4015 4014
f 4012 4013 4015
f 3971 4014 4021
f 4013 4019 4015
f 4014 4015 4022
f 4015 4019 4026
f 3988 4040 4018
f 4016 4018 4040
f 4016 4020 4018
f 4013 4017 4019
f 4017 4018 4020
f 4017 4020 4019
f 4019 4020 4027
f 4014 4022 4021
f 4015 4026 4022
f 4021 4022 4024
f 4021 4024 4023
f 4022 4026 5434
f 4022 5434 4024
f 4020 4025 4027
f 4016 4025 4020
f 4025 5432 4027
f 4027 5432 5435
f 4019 4027 4026
f 4026 4027 5435
f 4026 5435 5434
f 4011 4031 4047
f 3990 4029 4030
f 3991 4030 4031
f 3991 4031 4011
f 3990 4030 3991
f 4031 4034 4047
f 4034 4048 4047
f 4029 4033 4030
f 4028 4033 4029
f 4030 4033 4032
f 4030 4032 4031
f 4031 4032 4034
f 4028 4036 4033
f 4028 4035 4036
f 4035 5560 5447
f 4035 5447 4036
f 4036 5448 4039
f 4036 5447 5448
f 4034 4037 4048
f 4037 4052 4048
f 4032 4033 4039
f 4032 4039 4038
f 4033 4036 4039
f 4032 4038 4034
f 4034 4038 4037
f 4037 5451 4052
f 4052 5451 5470
f 4038 4039 5453
f 4038 5453 5452
f 4039 5448 5453
f 4037 4038 5452
f 4037 5452 5451
f 4004 4041 4040
f 4040 4041 4043
f 4005 4046 4042
f 4006 4042 4041
f 4041 4042 4044
f 4016 4040 4043
f 4041 4044 4043
f 4042 4046 4045
f 4042 4045 4044
f 4010 4047 4046
f 4046 4047 4048
f 4045 4046 4048
f 4016 4043 4049
f 4016 4049 4025
f 4043 4050 4049
f 4044 4051 4050
f 4044 4045 4051
f 4043 4044 4050
f 4025 4049 5464
f 4049 4050 5465
f 4025 5464 5432
f 4049 5465 5464
f 4050 4051 5466
f 4050 5466 5465
f 4045 4048 4052
f 4045 4052 4051
f 4051 4052 5470
f 4051 5470 5466
f 6094 3918 3908
f 3771 4422 4122
f 3743 4154 4161
f 3741 4122 4154
f 3744 4161 4148
f 3745 4233 4239
f 3746 4239 4280
f 3742 4148 4262
f 3747 4262 4269
f 3748 4269 4272
f 3749 4272 4233
f 3751 4280 4283
f 3753 4290 4307
f 3752 4283 4290
f 3754 4307 4313
f 3755 4313 4768
f 3767 4407 4356
f 3762 4353 4416
f 3763 4356 4353
f 3765 4384 4373
f 3766 4386 4384
f 3768 4410 4407
f 3764 4373 4410
f 3769 4413 4422
f 3770 4416 4413
f 3782 4429 4426
f 3781 4426 4386
f 3783 4438 4429
f 3784 4441 4438
f 3788 4448 4441
f 3789 4451 4448
f 3790 4453 4451
f 4453 5358 5560
f 4053 4054 4104
f 4054 4055 4104
f 4054 4173 4055
f 4055 4173 4174
f 4055 4174 4108
f 4056 4091 4060
f 4057 4059 4058
f 4057 4061 4059
f 4059 4061 4076
f 4056 4061 4057
f 4060 4062 4061
f 4056 4060 4061
f 4060 4097 4062
f 4061 4062 4076
f 4062 4097 4063
f 4064 4066 4065
f 4064 4065 4069
f 4058 4067 4066
f 4059 4068 4067
f 4065 4066 4067
f 4065 4067 4072
f 4067 4068 4072
f 4068 4078 4073
f 3923 4064 4069
f 4065 4072 4070
f 4065 4070 4069
f 4070 4072 4071
f 4069 4070 4326
f 3925 4069 4326
f 4070 4071 4327
f 4071 4072 4073
f 4068 4073 4072
f 4073 4078 4075
f 4071 4073 4074
f 4073 4075 4074
f 4074 4075 4333
f 4075 4085 4333
f 4058 4059 4067
f 4059 4076 4068
f 4076 4077 4078
f 4068 4076 4078
f 4077 4080 4083
f 4077 4083 4078
f 4080 4084 4083
f 4081 4132 4087
f 4062 4077 4076
f 4062 4063 4077
f 4063 4080 4077
f 4063 4079 4080
f 4080 4081 4084
f 4079 4081 4080
f 4079 4132 4081
f 4082 4330 4085
f 4082 4085 4084
f 4082 4084 4086
f 4082 4086 4362
f 4075 4078 4083
f 4075 4083 4085
f 4083 4084 4085
f 4081 4086 4084
f 4086 4087 4088
f 4081 4087 4086
f 4087 4140 4088
f 4086 4088 4362
f 4088 4365 4362
f 4088 4089 4365
f 4089 4139 4090
f 4088 4140 4089
f 4091 4094 4092
f 4060 4091 4092
f 4092 4094 4095
f 4053 4095 4094
f 4095 4104 4096
f 4092 4095 4093
f 4093 4095 4096
f 4093 4096 4101
f 4096 4106 4101
f 4060 4092 4097
f 4092 4093 4097
f 4093 4098 4097
f 4093 4101 4098
f 4063 4097 4098
f 4063 4098 4079
f 4079 4098 4099
f 4098 4101 4099
f 4100 4134 4103
f 4101 4106 4102
f 4102 4106 4114
f 4102 4114 4103
f 4099 4101 4102
f 4099 4102 4133
f 4102 4103 4133
f 4053 4104 4095
f 4096 4104 4105
f 4055 4105 4104
f 4105 4108 4107
f 4096 4105 4106
f 4106 4107 4114
f 4105 4107 4106
f 4107 4110 4114
f 4055 4108 4105
f 4107 4108 4109
f 4108 4175 4109
f 4107 4109 4110
f 4110 4111 4120
f 4109 4111 4110
f 4111 4218 4120
f 4112 4115 4120
f 4100 4103 4115
f 4100 4115 4112
f 4100 4112 4165
f 4112 4113 4165
f 4103 4114 4115
f 4110 4115 4114
f 4110 4120 4115
f 4112 4120 4116
f 4116 4120 4218
f 4116 4218 4224
f 4116 4224 4119
f 4112 4116 4113
f 4113 4116 4119
f 4113 4119 4168
f 4117 4168 4119
f 4117 4118 4169
f 4117 4119 4225
f 4142 4420 4425
f 4121 4142 4145
f 4121 4420 4142
f 4123 4422 4423
f 4124 4423 4424
f 4122 4422 4123
f 4123 4423 4124
f 4124 4424 4128
f 4128 4129 4157
f 4125 4137 4159
f 4125 4159 4129
f 4125 4145 4137
f 4126 4129 4128
f 4126 4127 4129
f 4126 4128 4424
f 4121 4125 4127
f 4121 4145 4125
f 4125 4129 4127
f 4124 4128 4158
f 4130 4132 4133
f 4130 4133 4134
f 4087 4132 4130
f 4087 4130 4140
f 4130 4131 4140
f 4130 4134 4131
f 4079 4099 4132
f 4099 4133 4132
f 4103 4134 4133
f 4100 4135 4134
f 4100 4165 4135
f 4135 4165 4136
f 4136 4144 4141
f 4131 4134 4135
f 4135 4136 4141
f 4131 4135 4141
f 4136 4164 4138
f 4136 4138 4144
f 4131 4139 4140
f 4089 4140 4139
f 4139 4141 4143
f 4142 4143 4144
f 4141 4144 4143
f 4131 4141 4139
f 4090 4139 4143
f 4090 4143 4425
f 4142 4425 4143
f 4138 4145 4144
f 4142 4144 4145
f 4137 4145 4138
f 4137 4166 4159
f 4147 4166 4170
f 4146 4157 4147
f 4147 4159 4166
f 4149 4163 4152
f 4149 4162 4163
f 4148 4161 4150
f 4148 4150 4263
f 4149 4264 4150
f 4149 4150 4162
f 4151 4170 4278
f 4151 4267 4153
f 4151 4278 4267
f 4152 4163 4160
f 4146 4153 4160
f 4152 4160 4153
f 4147 4170 4151
f 4146 4151 4153
f 4146 4147 4151
f 4149 4152 4265
f 4152 4153 4266
f 4124 4158 4156
f 4154 4162 4161
f 4154 4155 4162
f 4155 4163 4162
f 4156 4160 4163
f 4155 4156 4163
f 4122 4123 4155
f 4122 4155 4154
f 4123 4156 4155
f 4123 4124 4156
f 4128 4157 4158
f 4147 4157 4159
f 4129 4159 4157
f 4156 4158 4160
f 4146 4160 4158
f 4146 4158 4157
f 4150 4161 4162
f 4113 4164 4165
f 4136 4165 4164
f 4164 4168 4167
f 4166 4167 4169
f 4167 4168 4169
f 4113 4168 4164
f 4138 4164 4167
f 4137 4167 4166
f 4137 4138 4167
f 4117 4169 4168
f 4166 4169 4170
f 4118 4170 4169
f 4118 4278 4170
f 4171 4172 4176
f 4171 4174 4173
f 4171 4176 4174
f 4174 4176 4175
f 4108 4174 4175
f 4175 4176 4177
f 4175 4177 4216
f 4172 4182 4176
f 4176 4182 4177
f 4177 4182 4183
f 4177 4178 4216
f 4177 4183 4178
f 4178 4184 4222
f 4172 4179 4182
f 4179 4181 4182
f 4179 4180 4181
f 4181 4190 4186
f 4180 4190 4181
f 4186 4190 4194
f 4181 4183 4182
f 4181 4186 4183
f 4183 4186 4184
f 4184 4186 4187
f 4178 4183 4184
f 4184 4185 4222
f 4184 4187 4185
f 4185 4188 4250
f 4186 4194 4187
f 4187 4195 4188
f 4187 4194 4195
f 4185 4187 4188
f 4188 4255 4250
f 4188 4195 4196
f 4188 4196 4255
f 4180 4189 4190
f 4190 4192 4194
f 4189 4192 4190
f 4192 4193 4194
f 4189 4191 4192
f 4191 4202 4192
f 4192 4202 4193
f 4193 4203 4198
f 4193 4202 4203
f 4197 4200 4296
f 4193 4195 4194
f 4193 4198 4195
f 4195 4198 4196
f 4196 4198 4199
f 4196 4197 4255
f 4196 4199 4197
f 4197 4199 4200
f 4200 4300 4296
f 4200 4209 4300
f 4206 4300 4209
f 4198 4207 4199
f 4198 4203 4207
f 4199 4207 4208
f 4199 4208 4200
f 4200 4208 4209
f 4191 4201 4202
f 4201 4204 4202
f 4202 4204 4203
f 4203 4205 4207
f 4203 4204 4205
f 4205 4211 4207
f 4201 4716 4204
f 4204 4716 4717
f 4204 4717 4205
f 4205 4719 4211
f 4205 4717 4719
f 4211 4719 4726
f 4206 4209 4213
f 4206 4213 4210
f 4207 4211 4208
f 4208 4212 4209
f 4208 4211 4212
f 4209 4212 4213
f 4210 4213 4730
f 4210 4730 4724
f 4211 4726 4212
f 4212 4727 4213
f 4212 4726 4727
f 4213 4727 4730
f 4215 4276 4268
f 4228 4232 4268
f 4214 4276 4215
f 4215 4268 4232
f 4215 4232 4258
f 4214 4215 4237
f 4218 4219 4224
f 4219 4220 4224
f 4109 4175 4216
f 4109 4216 4111
f 4111 4216 4217
f 4178 4217 4216
f 4111 4217 4218
f 4217 4219 4218
f 4219 4223 4220
f 4220 4221 4231
f 4220 4223 4221
f 4221 4247 4231
f 4178 4222 4217
f 4217 4222 4219
f 4219 4222 4223
f 4185 4223 4222
f 4119 4224 4225
f 4226 4229 4227
f 4220 4225 4224
f 4220 4231 4225
f 4225 4231 4226
f 4117 4226 4118
f 4118 4226 4227
f 4118 4227 4278
f 4117 4225 4226
f 4227 4230 4228
f 4227 4228 4278
f 4227 4229 4230
f 4226 4231 4229
f 4229 4256 4230
f 4230 4257 4232
f 4230 4256 4257
f 4229 4231 4247
f 4229 4247 4256
f 4228 4230 4232
f 4234 4273 4235
f 4235 4274 4238
f 4233 4234 4241
f 4234 4235 4240
f 4237 4258 4260
f 4237 4260 4242
f 4238 4274 4277
f 4214 4236 4277
f 4236 4238 4277
f 4214 4237 4236
f 4215 4258 4237
f 4236 4244 4238
f 4235 4238 4245
f 4236 4237 4242
f 4236 4242 4244
f 4233 4241 4239
f 4234 4240 4241
f 4235 4245 4240
f 4239 4241 4281
f 4239 4281 4280
f 4240 4282 4241
f 4241 4282 4281
f 4240 4289 4282
f 4242 4243 4244
f 4242 4260 4261
f 4243 4285 4244
f 4242 4261 4243
f 4238 4244 4245
f 4240 4245 4289
f 4244 4285 4245
f 4245 4285 4289
f 4221 4223 4250
f 4221 4250 4246
f 4246 4250 4255
f 4221 4246 4247
f 4247 4249 4256
f 4246 4249 4247
f 4248 4256 4249
f 4185 4250 4223
f 4246 4255 4251
f 4246 4251 4249
f 4249 4251 4254
f 4197 4251 4255
f 4251 4296 4254
f 4248 4252 4259
f 4248 4249 4254
f 4248 4254 4252
f 4252 4253 4259
f 4252 4254 4297
f 4248 4257 4256
f 4232 4257 4258
f 4248 4259 4257
f 4257 4259 4258
f 4258 4259 4260
f 4253 4260 4259
f 4253 4261 4260
f 4262 4270 4269
f 4263 4264 4271
f 4263 4271 4270
f 4264 4275 4271
f 4148 4263 4262
f 4150 4264 4263
f 4149 4265 4264
f 4262 4263 4270
f 4266 4267 4268
f 4228 4267 4278
f 4153 4267 4266
f 4264 4265 4275
f 4265 4266 4276
f 4265 4276 4275
f 4266 4268 4276
f 4228 4268 4267
f 4152 4266 4265
f 4269 4270 4273
f 4270 4271 4274
f 4269 4273 4272
f 4270 4274 4273
f 4271 4277 4274
f 4271 4275 4277
f 4214 4275 4276
f 4214 4277 4275
f 4234 4272 4273
f 4233 4272 4234
f 4235 4273 4274
f 4295 4304 4321
f 4279 4282 4286
f 4280 4281 4284
f 4279 4281 4282
f 4280 4284 4283
f 4279 4284 4281
f 4285 4287 4289
f 4243 4261 4305
f 4243 4305 4288
f 4243 4288 4285
f 4286 4289 4287
f 4285 4288 4287
f 4282 4289 4286
f 4283 4284 4291
f 4283 4291 4290
f 4279 4292 4284
f 4284 4292 4291
f 4279 4294 4292
f 4290 4291 4308
f 4291 4292 4309
f 4279 4286 4294
f 4286 4287 4293
f 4286 4293 4294
f 4287 4288 4295
f 4288 4305 4304
f 4287 4295 4293
f 4288 4304 4295
f 4293 4311 4294
f 4292 4294 4310
f 4293 4295 4312
f 4197 4296 4251
f 4254 4296 4297
f 4296 4300 4297
f 4297 4301 4298
f 4253 4299 4261
f 4252 4298 4253
f 4261 4299 4305
f 4253 4298 4299
f 4252 4297 4298
f 4298 4302 4299
f 4299 4303 4305
f 4297 4300 4301
f 4298 4301 4302
f 4206 4301 4300
f 4206 4319 4301
f 4301 4319 4302
f 4302 4319 4318
f 4299 4302 4303
f 4303 4304 4305
f 4302 4318 4303
f 4303 4320 4304
f 4295 4321 4312
f 4312 4321 4325
f 4306 4312 4325
f 4306 4325 4789
f 4306 4789 4766
f 4290 4308 4307
f 4291 4309 4308
f 4292 4310 4309
f 4307 4308 4314
f 4307 4314 4313
f 4308 4309 4315
f 4308 4315 4314
f 4309 4316 4315
f 4294 4311 4310
f 4293 4312 4311
f 4310 4311 4317
f 4310 4317 4316
f 4309 4310 4316
f 4306 4311 4312
f 4306 4317 4311
f 4313 4314 4769
f 4314 4315 4770
f 4313 4769 4768
f 4314 4770 4769
f 4315 4774 4770
f 4315 4316 4774
f 4316 4317 4775
f 4306 4766 4317
f 4316 4775 4774
f 4317 4766 4775
f 4206 4210 4319
f 4210 4323 4319
f 4318 4319 4323
f 4318 4323 4322
f 4303 4318 4320
f 4304 4320 4321
f 4320 4324 4321
f 4318 4322 4320
f 4320 4322 4324
f 4321 4324 4325
f 4322 4784 4324
f 4210 4724 4323
f 4322 4323 4785
f 4323 4724 4785
f 4322 4785 4784
f 4324 4788 4325
f 4325 4788 4789
f 4324 4784 4788
f 4629 4617 6096
f 4070 4327 4326
f 3931 4326 4327
f 4071 4328 4327
f 3931 4327 4329
f 4327 4328 4329
f 4328 4334 4338
f 4328 4338 4329
f 4085 4330 4333
f 4330 4331 4333
f 4331 4334 4333
f 4331 4335 4334
f 4330 4332 4331
f 4330 4361 4332
f 4071 4074 4328
f 4074 4334 4328
f 4074 4333 4334
f 4334 4335 4338
f 4335 4336 4338
f 4336 4339 4338
f 4336 4393 4339
f 4335 4337 4336
f 4335 4340 4337
f 3938 4329 4339
f 4329 4338 4339
f 4331 4340 4335
f 4331 4332 4340
f 4341 4369 4342
f 4332 4369 4341
f 4332 4341 4340
f 4341 4398 4397
f 4340 4341 4397
f 4337 4340 4397
f 4341 4342 4398
f 4342 4372 4399
f 4353 4417 4416
f 4354 4418 4417
f 4344 4418 4355
f 4345 4346 4420
f 4346 4367 4425
f 4343 4367 4346
f 4343 4368 4367
f 4343 4346 4360
f 4345 4359 4360
f 4344 4359 4345
f 4345 4360 4346
f 4356 4407 4357
f 4357 4407 4408
f 4350 4358 4409
f 4357 4408 4358
f 4358 4408 4409
f 4347 4371 4368
f 4343 4347 4368
f 4343 4351 4347
f 4349 4372 4371
f 4347 4348 4349
f 4347 4349 4371
f 4349 4377 4372
f 4350 4352 4351
f 4350 4409 4352
f 4348 4351 4352
f 4347 4351 4348
f 4353 4356 4354
f 4354 4357 4355
f 4355 4358 4359
f 4355 4357 4358
f 4353 4354 4417
f 4354 4355 4418
f 4354 4356 4357
f 4350 4359 4358
f 4350 4351 4360
f 4350 4360 4359
f 4343 4360 4351
f 4344 4355 4359
f 4082 4361 4330
f 4082 4362 4361
f 4361 4362 4363
f 4362 4365 4363
f 4363 4370 4369
f 4361 4363 4369
f 4332 4361 4369
f 4363 4365 4364
f 4363 4364 4370
f 4364 4368 4371
f 4089 4366 4365
f 4364 4365 4366
f 4089 4090 4366
f 4090 4425 4367
f 4090 4367 4366
f 4364 4366 4368
f 4366 4367 4368
f 4342 4369 4370
f 4370 4371 4372
f 4364 4371 4370
f 4342 4370 4372
f 4374 4375 4406
f 4349 4376 4377
f 4372 4377 4399
f 4377 4378 4399
f 4378 4400 4399
f 4378 4391 4400
f 4378 4380 4389
f 4376 4379 4380
f 4376 4412 4379
f 4375 4379 4412
f 4377 4380 4378
f 4376 4380 4377
f 4382 4403 4391
f 4382 4405 4403
f 4381 4382 4391
f 4381 4434 4382
f 4382 4432 4405
f 4373 4384 4374
f 4374 4384 4385
f 4374 4385 4375
f 4375 4383 4379
f 4375 4385 4383
f 4384 4386 4385
f 4385 4386 4387
f 4383 4385 4387
f 4383 4388 4390
f 4383 4387 4388
f 4380 4390 4389
f 4378 4389 4391
f 4391 4403 4400
f 4381 4391 4389
f 4379 4383 4390
f 4379 4390 4380
f 4388 4392 4390
f 4389 4390 4392
f 4381 4389 4392
f 4336 4394 4393
f 4395 4397 4396
f 4336 4337 4394
f 4337 4397 4395
f 4337 4395 4394
f 4395 4402 4401
f 3953 4393 4394
f 4394 4395 4401
f 3953 4394 4401
f 4395 4396 4402
f 4396 4400 4403
f 4396 4403 4402
f 4396 4398 4400
f 4396 4397 4398
f 4398 4399 4400
f 4342 4399 4398
f 3965 4401 4404
f 4402 4405 4404
f 4401 4402 4404
f 3953 4401 3965
f 4402 4403 4405
f 3965 4404 3997
f 4404 4405 4447
f 4408 4410 4411
f 4352 4409 4406
f 4406 4409 4411
f 4407 4410 4408
f 4408 4411 4409
f 4373 4411 4410
f 4373 4374 4411
f 4374 4406 4411
f 4375 4412 4406
f 4348 4352 4412
f 4348 4412 4376
f 4352 4406 4412
f 4348 4376 4349
f 4413 4414 4423
f 4126 4424 4415
f 4414 4415 4424
f 4414 4416 4417
f 4414 4417 4415
f 4415 4418 4421
f 4415 4417 4418
f 4413 4416 4414
f 4344 4419 4421
f 4345 4420 4419
f 4346 4425 4420
f 4127 4421 4419
f 4126 4421 4127
f 4126 4415 4421
f 4121 4419 4420
f 4121 4127 4419
f 4344 4421 4418
f 4344 4345 4419
f 4413 4423 4422
f 4414 4424 4423
f 4388 4427 4428
f 4426 4429 4427
f 4427 4429 4430
f 4428 4431 4433
f 4428 4430 4431
f 4427 4430 4428
f 4405 4432 4447
f 4432 4437 4447
f 4432 4434 4436
f 4381 4433 4434
f 4392 4428 4433
f 4381 4392 4433
f 4382 4434 4432
f 4434 4435 4436
f 4001 4447 4437
f 4432 4436 4437
f 4436 4444 4437
f 4431 4435 4433
f 4433 4435 4434
f 4386 4426 4387
f 4387 4426 4427
f 4387 4427 4388
f 4388 4428 4392
f 4431 4440 4435
f 4431 4439 4440
f 4429 4438 4430
f 4430 4438 4439
f 4430 4439 4431
f 4438 4441 4439
f 4439 4441 4443
f 4439 4443 4440
f 4440 4442 4445
f 4440 4443 4442
f 4436 4445 4444
f 4435 4440 4445
f 4435 4445 4436
f 3989 4437 4444
f 4442 4446 4445
f 4444 4445 4446
f 3990 4444 4446
f 3989 4444 3990
f 3997 4404 4447
f 4441 4448 4443
f 4443 4448 4449
f 4442 4443 4449
f 4442 4450 4446
f 4442 4449 4450
f 4448 4451 4449
f 4449 4451 4452
f 4449 4452 4450
f 4028 4029 4450
f 4028 4450 4452
f 4029 4446 4450
f 3990 4446 4029
f 4451 4453 4452
f 4035 4452 4453
f 4028 4452 4035
f 4035 4453 5560
f 6094 3922 3918
f 6094 4617 3922
f 4629 6120 4483
f 4549 4555 4554
f 4548 4549 4554
f 4549 4550 4555
f 4550 4556 4555
f 4551 4557 4556
f 4550 4551 4556
f 4552 4558 4557
f 4551 4552 4557
f 4552 4553 4558
f 4553 4561 4559
f 4553 4559 4558
f 4559 4561 4560
f 4560 4561 4562
f 4562 4564 4563
f 4564 4565 4571
f 4560 4562 4563
f 4563 4564 4571
f 4565 4572 4571
f 4566 4573 4572
f 4565 4566 4572
f 4566 4567 4573
f 4567 4568 4574
f 4568 4569 4575
f 4554 4555 6154
f 4555 4556 6154
f 4556 4557 6154
f 4557 4558 6154
f 4558 4559 6154
f 4559 4560 6154
f 4560 4563 6154
f 4563 4571 6154
f 4571 4572 6154
f 4572 4573 6154
f 4567 4574 4573
f 4568 4575 4574
f 4573 4574 6154
f 4574 4575 6154
f 4575 4576 6154
f 4576 4577 6154
f 4577 4578 6154
f 4578 4579 6154
f 4579 4583 6154
f 4583 4584 6154
f 4584 4585 6154
f 4585 4586 6154
f 4586 4587 6154
f 4587 4588 6154
f 4588 4596 6154
f 4596 4597 6154
f 4597 4598 6154
f 4569 4576 4575
f 4570 4577 4576
f 4569 4570 4576
f 4570 4580 4577
f 4577 4580 4578
f 4578 4581 4579
f 4578 4580 4581
f 4579 4582 4583
f 4579 4581 4582
f 4582 4589 4583
f 4584 4589 4590
f 4583 4589 4584
f 4584 4590 4585
f 4585 4591 4586
f 4586 4592 4587
f 4585 4590 4591
f 4586 4591 4592
f 4587 4593 4588
f 4588 4594 4596
f 4587 4592 4593
f 4588 4593 4594
f 4594 4595 4596
f 4598 4599 6154
f 4599 4600 6154
f 4600 4605 6154
f 4605 4606 6154
f 4606 4607 6154
f 4607 4608 6154
f 4608 6163 6154
f 4595 4597 4596
f 4597 4601 4598
f 4595 4601 4597
f 4598 4602 4599
f 4599 4603 4600
f 4598 4601 4602
f 4599 4602 4603
f 4600 4603 4604
f 4600 4604 4605
f 4605 4609 4606
f 4606 4610 4607
f 4607 4611 4608
f 4608 6220 6163
f 4604 4609 4605
f 4606 4609 4610
f 4607 4610 4611
f 4608 4611 6220
f 4548 4771 4549
f 4549 4778 4550
f 4550 4796 4551
f 4551 4803 4552
f 4552 4805 4553
f 4553 4823 4561
f 4561 4830 4562
f 4562 4871 4564
f 4564 4874 4565
f 4565 4880 4566
f 4566 4921 4567
f 4567 4929 4568
f 4568 4932 4569
f 4569 4946 4570
f 4570 5104 4580
f 4580 5107 4581
f 4581 5110 4582
f 4582 5121 4589
f 4589 5124 4590
f 4590 5164 4591
f 4591 5168 4592
f 4592 5171 4593
f 4593 5179 4594
f 4594 5182 4595
f 4595 5204 4601
f 4601 5207 4602
f 4602 5216 4603
f 4603 5219 4604
f 4604 5226 4609
f 4609 5229 4610
f 4610 5231 4611
f 4611 6737 6220
f 3887 4629 4618
f 4629 3902 3904
f 4629 3904 4615
f 4618 4721 4716
f 4618 4736 4721
f 4618 4739 4736
f 4618 4748 4739
f 4618 4750 4748
f 4618 4758 4750
f 4618 4759 4758
f 4618 4763 4759
f 4618 4888 4763
f 4618 4890 4888
f 4618 4909 4890
f 4618 4911 4909
f 4618 4971 4911
f 4618 4976 4971
f 4618 4977 4976
f 4629 4615 4617
f 4618 4619 4620
f 4618 4620 4621
f 4618 4621 4622
f 4618 4622 4623
f 4618 4623 4624
f 4618 4624 4625
f 4618 4625 4626
f 4618 4626 4627
f 4618 4627 4628
f 4618 4628 4640
f 4618 4640 4641
f 4618 4641 4642
f 4618 4642 4643
f 4618 4643 4644
f 4618 4644 4645
f 4618 4630 4619
f 4619 4631 4620
f 4620 4632 4621
f 4621 4633 4622
f 4622 4634 4623
f 4623 4635 4624
f 4624 4636 4625
f 4625 4637 4626
f 4626 4638 4627
f 4627 4639 4628
f 4618 4629 4630
f 4619 4630 4631
f 4620 4631 4632
f 4621 4632 4633
f 4622 4633 4634
f 4623 4634 4635
f 4624 4635 4636
f 4625 4636 4637
f 4626 4637 4638
f 4627 4638 4639
f 4628 4639 4677
f 4629 4631 4630
f 4629 4632 4631
f 4629 4633 4632
f 4629 4634 4633
f 4629 4635 4634
f 4629 4636 4635
f 4629 4637 4636
f 4629 4638 4637
f 4629 4639 4638
f 4629 4677 4639
f 4629 4678 4677
f 4629 4679 4678
f 4629 4680 4679
f 4629 4681 4680
f 4629 4682 4681
f 4618 4645 4646
f 4618 4646 4647
f 4618 4647 4648
f 4618 4648 4649
f 4618 4649 4650
f 4618 4650 4651
f 4618 4651 4652
f 4618 4652 4653
f 4618 4653 4654
f 4618 4654 4655
f 4618 4655 4656
f 4618 4656 4657
f 4618 4657 4658
f 4618 4658 4659
f 4618 4659 4660
f 4618 4660 4661
f 4618 4661 4662
f 4618 4662 4663
f 4618 4663 4664
f 4618 4664 4665
f 4618 4665 4666
f 4618 4666 4667
f 4618 4667 4668
f 4618 4668 4669
f 4628 4677 4640
f 4640 4678 4641
f 4641 4679 4642
f 4642 4680 4643
f 4643 4681 4644
f 4644 4682 4645
f 4645 4683 4646
f 4646 4684 4647
f 4647 4685 4648
f 4648 4686 4649
f 4649 4687 4650
f 4650 4688 4651
f 4651 4689 4652
f 4652 4690 4653
f 4653 4691 4654
f 4654 4692 4655
f 4655 4693 4656
f 4656 4694 4657
f 4657 4695 4658
f 4658 4696 4659
f 4659 4697 4660
f 4660 4698 4661
f 4618 4669 4670
f 4618 4670 4671
f 4618 4671 4672
f 4618 4672 4673
f 4618 4673 4674
f 4618 4674 4675
f 4618 4675 4676
f 4618 4676 4714
f 4661 4699 4662
f 4662 4700 4663
f 4663 4701 4664
f 4664 4702 4665
f 4665 4703 4666
f 4666 4704 4667
f 4667 4705 4668
f 4668 4706 4669
f 4669 4707 4670
f 4670 4708 4671
f 4671 4709 4672
f 4672 4710 4673
f 4673 4711 4674
f 4674 4712 4675
f 4675 4713 4676
f 4676 4715 4714
f 4640 4677 4678
f 4641 4678 4679
f 4642 4679 4680
f 4643 4680 4681
f 4644 4681 4682
f 4645 4682 4683
f 4646 4683 4684
f 4647 4684 4685
f 4648 4685 4686
f 4649 4686 4687
f 4650 4687 4688
f 4629 4683 4682
f 4629 4684 4683
f 4629 4685 4684
f 4629 4686 4685
f 4629 4687 4686
f 4629 4688 4687
f 4629 4689 4688
f 4629 4690 4689
f 4629 4691 4690
f 4629 4692 4691
f 4629 4693 4692
f 4629 4694 4693
f 4629 4695 4694
f 4629 4696 4695
f 4629 4697 4696
f 4629 4698 4697
f 4629 4699 4698
f 4629 4700 4699
f 4629 4701 4700
f 4629 4702 4701
f 4629 4703 4702
f 4629 4704 4703
f 4629 4705 4704
f 4629 4706 4705
f 4651 4688 4689
f 4652 4689 4690
f 4653 4690 4691
f 4654 4691 4692
f 4655 4692 4693
f 4656 4693 4694
f 4657 4694 4695
f 4658 4695 4696
f 4659 4696 4697
f 4660 4697 4698
f 4629 4707 4706
f 4629 4708 4707
f 4629 4709 4708
f 4629 4710 4709
f 4629 4711 4710
f 4629 4712 4711
f 4629 4713 4712
f 4629 4715 4713
f 4661 4698 4699
f 4662 4699 4700
f 4663 4700 4701
f 4664 4701 4702
f 4665 4702 4703
f 4666 4703 4704
f 4667 4704 4705
f 4668 4705 4706
f 4669 4706 4707
f 4670 4707 4708
f 4671 4708 4709
f 4672 4709 4710
f 4673 4710 4711
f 4674 4711 4712
f 4675 4712 4713
f 4676 4713 4715
f 4618 4995 4977
f 4618 4997 4995
f 4618 5232 4997
f 4618 5234 5232
f 4548 4768 4771
f 4549 4771 4778
f 4550 4778 4796
f 4551 4796 4803
f 4552 4803 4805
f 4553 4805 4823
f 4561 4823 4830
f 4562 4830 4871
f 4564 4871 4874
f 4565 4874 4880
f 4566 4880 4921
f 4567 4921 4929
f 4568 4929 4932
f 4569 4932 4946
f 4570 4946 5104
f 4580 5104 5107
f 4581 5107 5110
f 4582 5110 5121
f 4589 5121 5124
f 4590 5124 5164
f 4591 5164 5168
f 4592 5168 5171
f 4593 5171 5179
f 4594 5179 5182
f 4595 5182 5204
f 4601 5204 5207
f 4602 5207 5216
f 4603 5216 5219
f 4604 5219 5226
f 4609 5226 5229
f 4610 5229 5231
f 4611 5231 6737
f 4716 4721 4717
f 4717 4721 4718
f 4717 4718 4719
f 4719 4720 4726
f 4718 4720 4719
f 4720 4728 4726
f 4718 4721 4736
f 4718 4736 4722
f 4718 4722 4720
f 4720 4723 4728
f 4720 4722 4723
f 4724 4730 4731
f 4724 4731 4725
f 4726 4728 4727
f 4727 4729 4730
f 4727 4728 4729
f 4729 4731 4730
f 4725 4731 4735
f 4725 4735 4732
f 4728 4733 4729
f 4729 4734 4731
f 4723 4733 4728
f 4729 4733 4734
f 4731 4734 4735
f 4722 4736 4739
f 4722 4739 4737
f 4722 4737 4723
f 4723 4738 4733
f 4723 4737 4738
f 4737 4739 4748
f 4737 4740 4738
f 4737 4748 4740
f 4738 4740 4744
f 4732 4735 4743
f 4732 4743 4813
f 4743 4747 4813
f 4733 4741 4734
f 4734 4741 4742
f 4733 4738 4741
f 4734 4742 4735
f 4735 4742 4743
f 4738 4744 4741
f 4741 4745 4742
f 4742 4745 4746
f 4741 4744 4745
f 4742 4746 4743
f 4743 4746 4747
f 4746 4753 4747
f 4740 4748 4750
f 4740 4749 4744
f 4740 4750 4749
f 4749 4750 4758
f 4749 4758 4754
f 4744 4751 4745
f 4745 4752 4746
f 4745 4751 4752
f 4744 4749 4751
f 4746 4752 4753
f 4747 4753 4840
f 4752 4756 4753
f 4753 4757 4840
f 4749 4754 4751
f 4751 4754 4755
f 4751 4755 4752
f 4752 4755 4756
f 4753 4756 4757
f 4756 4762 4757
f 4754 4758 4759
f 4754 4760 4755
f 4755 4761 4756
f 4755 4760 4761
f 4754 4759 4760
f 4756 4761 4762
f 4757 4762 4856
f 4761 4765 4762
f 4762 4858 4856
f 4759 4763 4760
f 4760 4764 4761
f 4760 4763 4764
f 4761 4764 4765
f 4762 4765 4858
f 4765 4891 4858
f 4766 4789 4791
f 4766 4791 4767
f 4767 4791 4795
f 4767 4795 4783
f 4783 4795 4815
f 4768 4769 4772
f 4769 4770 4773
f 4768 4772 4771
f 4769 4773 4772
f 4770 4776 4773
f 4770 4774 4776
f 4774 4775 4777
f 4766 4767 4775
f 4774 4777 4776
f 4767 4777 4775
f 4771 4772 4779
f 4771 4779 4778
f 4772 4773 4780
f 4772 4780 4779
f 4773 4781 4780
f 4778 4779 4797
f 4779 4780 4798
f 4773 4776 4781
f 4776 4777 4782
f 4776 4782 4781
f 4767 4783 4777
f 4777 4783 4782
f 4781 4782 4799
f 4780 4781 4800
f 4782 4783 4801
f 4784 4786 4788
f 4784 4785 4787
f 4724 4725 4785
f 4725 4787 4785
f 4784 4787 4786
f 4788 4790 4789
f 4789 4790 4791
f 4786 4790 4788
f 4786 4792 4790
f 4725 4732 4787
f 4732 4793 4787
f 4786 4787 4793
f 4786 4793 4792
f 4790 4794 4791
f 4790 4792 4794
f 4791 4794 4795
f 4794 4817 4795
f 4792 4816 4794
f 4783 4815 4801
f 4801 4815 4822
f 4778 4797 4796
f 4779 4798 4797
f 4780 4800 4798
f 4796 4797 4804
f 4797 4798 4802
f 4797 4802 4804
f 4798 4808 4802
f 4796 4804 4803
f 4781 4799 4800
f 4782 4801 4799
f 4798 4800 4808
f 4799 4809 4800
f 4800 4809 4808
f 4799 4801 4810
f 4799 4810 4809
f 4801 4822 4810
f 4803 4804 4806
f 4802 4807 4804
f 4803 4806 4805
f 4804 4807 4806
f 4802 4812 4807
f 4802 4808 4812
f 4808 4809 4811
f 4809 4810 4826
f 4808 4811 4812
f 4810 4822 4846
f 4810 4846 4826
f 4809 4826 4811
f 4732 4813 4793
f 4793 4813 4814
f 4792 4793 4814
f 4792 4814 4816
f 4813 4819 4814
f 4814 4818 4816
f 4794 4816 4817
f 4795 4817 4815
f 4816 4820 4817
f 4815 4817 4821
f 4747 4819 4813
f 4814 4819 4818
f 4747 4840 4819
f 4818 4819 4836
f 4817 4820 4821
f 4815 4821 4822
f 4816 4818 4820
f 4820 4837 4821
f 4821 4838 4822
f 4821 4837 4838
f 4818 4839 4820
f 4820 4839 4837
f 4822 4838 4846
f 4805 4806 4825
f 4805 4825 4823
f 4806 4807 4824
f 4806 4824 4825
f 4807 4828 4824
f 4823 4825 4831
f 4824 4832 4825
f 4811 4829 4812
f 4826 4846 4848
f 4811 4826 4827
f 4811 4827 4829
f 4826 4848 4827
f 4807 4812 4828
f 4812 4829 4828
f 4824 4828 4833
f 4828 4829 4834
f 4823 4831 4830
f 4825 4832 4831
f 4824 4833 4832
f 4831 4832 4873
f 4827 4848 4850
f 4827 4850 4835
f 4828 4834 4833
f 4827 4835 4829
f 4829 4835 4834
f 4832 4833 4877
f 4833 4834 4852
f 4833 4852 4877
f 4834 4835 4853
f 4835 4850 4865
f 4819 4840 4836
f 4818 4836 4839
f 4836 4840 4845
f 4836 4841 4839
f 4837 4842 4838
f 4838 4842 4847
f 4837 4839 4843
f 4839 4841 4843
f 4837 4843 4842
f 4836 4845 4841
f 4841 4845 4857
f 4841 4857 4854
f 4842 4843 4844
f 4841 4854 4843
f 4843 4854 4844
f 4842 4844 4849
f 4757 4845 4840
f 4757 4856 4845
f 4838 4847 4846
f 4846 4847 4848
f 4847 4851 4848
f 4842 4849 4847
f 4848 4851 4850
f 4847 4849 4851
f 4850 4851 4863
f 4835 4865 4853
f 4834 4853 4852
f 4852 4853 4883
f 4853 4865 4870
f 4853 4870 4883
f 4854 4857 4860
f 4844 4864 4849
f 4844 4854 4855
f 4854 4860 4855
f 4844 4855 4864
f 4845 4856 4857
f 4856 4859 4857
f 4857 4859 4860
f 4855 4860 4861
f 4855 4866 4864
f 4855 4861 4866
f 4856 4858 4859
f 4859 4893 4860
f 4858 4892 4859
f 4859 4892 4893
f 4860 4893 4861
f 4849 4862 4851
f 4851 4862 4863
f 4849 4864 4862
f 4862 4868 4863
f 4850 4863 4865
f 4863 4869 4865
f 4865 4869 4870
f 4862 4864 4867
f 4864 4866 4867
f 4862 4867 4868
f 4866 4899 4867
f 4867 4902 4868
f 4863 4868 4869
f 4868 4900 4869
f 4869 4901 4870
f 4870 4901 4887
f 4869 4900 4901
f 4830 4831 4872
f 4830 4872 4871
f 4831 4873 4872
f 4832 4877 4873
f 4871 4872 4875
f 4872 4873 4876
f 4871 4875 4874
f 4873 4878 4876
f 4872 4876 4875
f 4873 4877 4878
f 4852 4879 4877
f 4877 4879 4878
f 4852 4883 4879
f 4874 4875 4881
f 4875 4876 4882
f 4875 4882 4881
f 4876 4884 4882
f 4874 4881 4880
f 4880 4881 4922
f 4881 4882 4923
f 4878 4879 4885
f 4876 4878 4884
f 4878 4885 4884
f 4879 4883 4886
f 4870 4887 4883
f 4884 4885 4925
f 4883 4887 4886
f 4879 4886 4885
f 4882 4884 4924
f 4629 4515 4507
f 4629 4511 4512
f 4629 4513 4461
f 4629 4512 4513
f 4629 4510 4511
f 4629 4509 4510
f 4629 4507 4508
f 4629 4508 4509
f 4629 4483 4514
f 4629 4514 4515
f 4629 4462 4463
f 4629 4463 4464
f 4629 4461 4462
f 4629 4464 4465
f 4629 4465 4466
f 4629 4467 5014
f 4629 4466 4467
f 4629 5014 5015
f 4629 5015 5016
f 4629 5016 5017
f 4629 5017 5018
f 4629 5018 5019
f 4629 5019 5020
f 4629 5020 5021
f 4629 5021 5031
f 4629 5031 5032
f 4629 5032 5033
f 4629 5033 5034
f 4629 5034 5035
f 4629 5035 5036
f 4629 5036 5037
f 4629 5037 5038
f 4629 5038 5039
f 4629 5039 5055
f 4629 5068 5717
f 4629 5717 5718
f 4629 5718 5719
f 4629 5719 5720
f 4629 5720 5721
f 4629 5722 6238
f 4629 5721 5722
f 4629 6238 6239
f 4629 6239 6240
f 4629 6240 6241
f 4629 6241 6242
f 4629 6242 6243
f 4629 6243 6244
f 4629 6244 6245
f 4629 6245 6246
f 4629 6246 6247
f 4629 6247 6248
f 4629 6248 6249
f 4629 6249 6250
f 4629 6250 6251
f 4629 6251 6252
f 4629 6252 6253
f 4629 6253 6254
f 4629 6254 6260
f 4763 4888 4764
f 4764 4889 4765
f 4764 4888 4889
f 4765 4889 4891
f 4889 4896 4891
f 4888 4890 4889
f 4889 4890 4896
f 4890 4909 4896
f 4858 4891 4892
f 4891 4895 4892
f 4892 4897 4893
f 4892 4895 4897
f 4861 4893 4894
f 4893 4897 4894
f 4861 4894 4903
f 4891 4896 4895
f 4895 4896 4908
f 4894 4897 4898
f 4895 4910 4897
f 4897 4910 4898
f 4894 4898 4906
f 4861 4903 4866
f 4866 4903 4899
f 4867 4899 4902
f 4899 4903 4907
f 4900 4939 4901
f 4868 4902 4900
f 4900 4902 4905
f 4899 4904 4902
f 4902 4904 4905
f 4900 4905 4939
f 4899 4907 4904
f 4904 4907 4917
f 4904 4914 4905
f 4905 4914 4943
f 4904 4917 4914
f 4894 4906 4903
f 4903 4906 4907
f 4906 4916 4907
f 4896 4909 4908
f 4895 4908 4910
f 4908 4909 4911
f 4898 4910 4913
f 4908 4912 4910
f 4910 4912 4913
f 4908 4911 4912
f 4912 4972 4913
f 4911 4971 4912
f 4912 4971 4972
f 4914 4917 4962
f 4898 4915 4906
f 4906 4915 4916
f 4898 4913 4915
f 4915 4920 4916
f 4907 4916 4917
f 4916 4919 4917
f 4917 4919 4962
f 4913 4918 4915
f 4915 4918 4920
f 4913 4972 4918
f 4916 4920 4919
f 4918 4975 4920
f 4919 4920 4973
f 4880 4922 4921
f 4921 4922 4930
f 4881 4923 4922
f 4882 4924 4923
f 4922 4923 4931
f 4923 4935 4931
f 4885 4886 4926
f 4886 4887 4941
f 4886 4941 4926
f 4884 4925 4924
f 4885 4926 4925
f 4923 4924 4935
f 4924 4925 4927
f 4924 4927 4935
f 4925 4926 4928
f 4926 4941 4944
f 4925 4928 4927
f 4926 4944 4928
f 4927 4928 4938
f 4928 4944 4958
f 4928 4958 4938
f 4921 4930 4929
f 4922 4931 4930
f 4929 4930 4933
f 4929 4933 4932
f 4930 4931 4934
f 4930 4934 4933
f 4931 4937 4934
f 4932 4933 4947
f 4932 4947 4946
f 4933 4948 4947
f 4933 4934 4948
f 4931 4935 4937
f 4927 4936 4935
f 4935 4936 4937
f 4934 4937 4950
f 4936 4951 4937
f 4927 4938 4936
f 4887 4901 4940
f 4887 4940 4941
f 4901 4939 4940
f 4940 4945 4941
f 4939 4942 4940
f 4940 4942 4945
f 4905 4943 4939
f 4939 4943 4942
f 4941 4945 4944
f 4944 4945 4959
f 4942 4957 4945
f 4944 4959 4958
f 4946 4947 5105
f 4934 4950 4948
f 4947 4948 5106
f 4946 5105 5104
f 4947 5106 5105
f 4948 4952 5106
f 4938 4958 4965
f 4936 4938 4949
f 4936 4949 4951
f 4938 4965 4949
f 4949 4965 4969
f 4937 4951 4950
f 4948 4950 4952
f 4950 4951 4953
f 4950 4953 4952
f 4949 4954 4951
f 4949 4969 4954
f 4951 4954 4953
f 4953 4954 5115
f 4954 4969 5116
f 4914 4956 4943
f 4942 4943 4955
f 4943 4956 4955
f 4914 4962 4956
f 4955 4956 4961
f 4945 4957 4959
f 4942 4955 4957
f 4957 4966 4959
f 4955 4960 4957
f 4957 4960 4966
f 4956 4962 4963
f 4956 4963 4961
f 4955 4961 4960
f 4961 4963 4980
f 4960 4961 4985
f 4919 4979 4962
f 4962 4979 4963
f 4919 4973 4979
f 4958 4959 4964
f 4958 4964 4965
f 4959 4966 4964
f 4964 4970 4965
f 4964 4966 4967
f 4964 4967 4970
f 4960 4968 4966
f 4966 4968 4967
f 4960 4985 4968
f 4965 4970 4969
f 4969 4970 4987
f 4967 4988 4970
f 4969 4987 5116
f 4970 4988 4987
f 4918 4972 4974
f 4971 4976 4972
f 4972 4976 4974
f 4918 4974 4975
f 4920 4975 4973
f 4973 4975 4982
f 4974 4978 4975
f 4974 4976 4977
f 4975 4978 4982
f 4974 4977 4978
f 4977 4995 4978
f 4961 4980 4985
f 4973 4983 4979
f 4963 4979 4981
f 4973 4982 4983
f 4979 4983 4981
f 4963 4981 4980
f 4980 4981 4991
f 4982 4996 4983
f 4978 4994 4982
f 4982 4994 4996
f 4981 4983 4984
f 4981 4984 4991
f 4983 4996 4984
f 4968 4985 4986
f 4967 4968 4989
f 4968 4986 4989
f 4980 4992 4985
f 4985 4992 4986
f 4987 4988 5136
f 4967 4989 4988
f 4986 4990 4989
f 4988 4989 5139
f 4980 4991 4992
f 4986 4992 4993
f 4986 4993 4990
f 4989 4990 5139
f 4990 4993 5150
f 4984 4999 4991
f 4991 5001 4992
f 4992 5001 4993
f 4991 4999 5001
f 4978 4995 4994
f 4994 4995 4997
f 4994 4998 4996
f 4984 4996 5000
f 4994 4997 4998
f 4996 4998 5000
f 4997 5232 4998
f 4984 5000 4999
f 4999 5000 5004
f 4993 5001 5002
f 4999 5005 5001
f 4993 5002 5150
f 4999 5004 5005
f 5001 5005 5002
f 4998 5003 5000
f 5000 5003 5004
f 4998 5232 5003
f 5004 5153 5005
f 5003 5233 5004
f 5004 5233 5153
f 4629 5055 5056
f 4629 5056 5057
f 4629 5057 5058
f 4629 5058 5059
f 4629 5059 5060
f 4629 5060 5061
f 4629 5061 5062
f 4629 5062 5063
f 4629 5063 5064
f 4629 5064 5065
f 4629 5065 5066
f 4629 5066 5067
f 4629 5067 5068
f 4629 6260 6261
f 4629 6261 6262
f 4629 6262 6263
f 4629 6263 6264
f 5097 5717 5096
f 5101 5717 5103
f 5095 5717 5100
f 5103 5717 5095
f 5100 5717 5099
f 5099 5717 5098
f 5098 5717 5097
f 5069 5717 5068
f 5096 5717 5069
f 5104 5105 5108
f 5105 5106 5109
f 5104 5108 5107
f 5105 5109 5108
f 5106 5113 5109
f 5107 5108 5111
f 5107 5111 5110
f 5108 5112 5111
f 5108 5109 5112
f 5109 5117 5112
f 4952 5113 5106
f 4952 4953 5114
f 4952 5114 5113
f 4953 5115 5114
f 5113 5114 5118
f 4954 5116 5115
f 5114 5115 5119
f 5109 5113 5117
f 5113 5118 5117
f 5114 5119 5118
f 5110 5111 5122
f 5111 5112 5123
f 5115 5116 5135
f 5115 5135 5119
f 5112 5117 5127
f 5117 5118 5128
f 5117 5128 5127
f 5118 5119 5120
f 5119 5135 5138
f 5118 5120 5128
f 5119 5138 5120
f 5110 5122 5121
f 5111 5123 5122
f 5112 5127 5123
f 5121 5122 5125
f 5122 5126 5125
f 5122 5123 5126
f 5123 5130 5126
f 5121 5125 5124
f 5127 5128 5131
f 5123 5127 5130
f 5127 5131 5130
f 5120 5129 5128
f 5124 5125 5165
f 5124 5165 5164
f 5125 5166 5165
f 5125 5126 5166
f 5126 5132 5166
f 5120 5138 5145
f 5120 5145 5129
f 5128 5129 5131
f 5126 5130 5132
f 5130 5131 5133
f 5130 5133 5132
f 5129 5134 5131
f 5129 5145 5146
f 5129 5146 5134
f 5131 5134 5133
f 4987 5137 5116
f 5116 5137 5135
f 4987 5136 5137
f 4988 5139 5136
f 5135 5137 5142
f 5135 5142 5138
f 5136 5141 5137
f 5136 5139 5140
f 5136 5140 5141
f 4990 5147 5139
f 4990 5150 5147
f 5139 5147 5140
f 5137 5141 5142
f 5138 5142 5143
f 5141 5144 5142
f 5140 5148 5141
f 5141 5148 5144
f 5138 5143 5145
f 5142 5144 5143
f 5143 5157 5145
f 5145 5157 5146
f 5134 5146 5191
f 5147 5150 5151
f 5140 5147 5149
f 5140 5149 5148
f 5147 5151 5149
f 5149 5151 5162
f 5002 5152 5150
f 5150 5152 5151
f 5002 5005 5154
f 5002 5154 5152
f 5005 5153 5154
f 5151 5152 5155
f 5151 5155 5162
f 5152 5154 5236
f 5152 5236 5155
f 5143 5144 5158
f 5143 5158 5157
f 5144 5148 5156
f 5144 5156 5158
f 5148 5149 5159
f 5148 5159 5156
f 5146 5157 5192
f 5157 5158 5193
f 5157 5193 5192
f 5156 5160 5158
f 5158 5160 5193
f 5149 5162 5159
f 5156 5159 5161
f 5159 5162 5163
f 5156 5161 5160
f 5159 5163 5161
f 5161 5163 5250
f 5155 5241 5162
f 5162 5241 5163
f 5164 5165 5169
f 5164 5169 5168
f 5165 5166 5167
f 5165 5167 5169
f 5166 5170 5167
f 5168 5169 5172
f 5168 5172 5171
f 5167 5173 5169
f 5132 5170 5166
f 5132 5133 5174
f 5132 5174 5170
f 5133 5134 5175
f 5133 5175 5174
f 5167 5170 5176
f 5169 5173 5172
f 5167 5176 5173
f 5134 5191 5175
f 5175 5191 5194
f 5170 5174 5177
f 5170 5177 5176
f 5174 5175 5178
f 5174 5178 5177
f 5175 5194 5178
f 5177 5178 5187
f 5178 5194 5199
f 5171 5172 5180
f 5171 5180 5179
f 5172 5173 5181
f 5173 5185 5181
f 5172 5181 5180
f 5179 5180 5183
f 5179 5183 5182
f 5180 5184 5183
f 5180 5181 5184
f 5181 5188 5184
f 5173 5176 5185
f 5176 5177 5186
f 5176 5186 5185
f 5177 5187 5186
f 5178 5199 5187
f 5181 5185 5188
f 5185 5186 5189
f 5185 5189 5188
f 5186 5187 5190
f 5187 5199 5202
f 5186 5190 5189
f 5187 5202 5190
f 5189 5190 5212
f 5190 5202 5225
f 5146 5192 5191
f 5192 5193 5198
f 5191 5192 5197
f 5191 5197 5194
f 5192 5198 5197
f 5160 5195 5193
f 5193 5195 5198
f 5160 5161 5196
f 5160 5196 5195
f 5161 5250 5196
f 5197 5198 5201
f 5194 5197 5200
f 5197 5201 5200
f 5195 5248 5198
f 5198 5248 5201
f 5194 5200 5199
f 5199 5200 5203
f 5200 5201 5258
f 5200 5258 5203
f 5199 5203 5202
f 5202 5203 5278
f 5182 5183 5205
f 5182 5205 5204
f 5183 5184 5206
f 5183 5206 5205
f 5184 5210 5206
f 5204 5205 5208
f 5204 5208 5207
f 5205 5206 5209
f 5205 5209 5208
f 5206 5213 5209
f 5184 5188 5210
f 5188 5189 5211
f 5188 5211 5210
f 5189 5212 5211
f 5190 5225 5212
f 5211 5212 5215
f 5212 5225 5281
f 5206 5210 5213
f 5210 5211 5214
f 5210 5214 5213
f 5211 5215 5214
f 5212 5281 5215
f 5214 5215 5275
f 5207 5208 5217
f 5207 5217 5216
f 5208 5218 5217
f 5208 5209 5218
f 5209 5222 5218
f 5216 5217 5220
f 5216 5220 5219
f 5217 5221 5220
f 5217 5218 5221
f 5218 5224 5221
f 5209 5213 5222
f 5213 5214 5223
f 5213 5223 5222
f 5214 5275 5223
f 5218 5222 5224
f 5222 5223 5276
f 5222 5276 5224
f 5202 5278 5225
f 5219 5220 5227
f 5219 5227 5226
f 5220 5221 5228
f 5221 5312 5228
f 5220 5228 5227
f 5226 5227 5230
f 5226 5230 5229
f 5227 5228 5311
f 5227 5311 5230
f 5221 5224 5312
f 5229 5230 5318
f 5229 5318 5231
f 4629 6264 6309
f 4629 6309 6310
f 4629 6310 6311
f 4629 6311 6312
f 4629 6312 6313
f 4629 6313 6314
f 4629 6314 6316
f 4629 6316 6315
f 4618 5238 5234
f 4618 5239 5238
f 4618 5247 5239
f 4618 5266 5247
f 4618 5269 5266
f 4618 5273 5269
f 4618 5274 5273
f 4618 5350 5274
f 4618 5351 5350
f 4618 5352 5351
f 5003 5232 5234
f 5003 5234 5233
f 5233 5234 5238
f 4618 5355 5352
f 4618 5357 5355
f 4618 6828 5357
f 4618 4714 6902
f 4629 6940 4715
f 5153 5233 5235
f 5153 5237 5154
f 5153 5235 5237
f 5233 5238 5235
f 5154 5237 5236
f 5235 5243 5237
f 5236 5237 5242
f 5237 5243 5242
f 5235 5238 5239
f 5235 5239 5243
f 5155 5236 5240
f 5155 5240 5241
f 5236 5242 5240
f 5163 5241 5251
f 5163 5251 5250
f 5240 5244 5241
f 5241 5244 5251
f 5240 5242 5246
f 5242 5243 5245
f 5239 5247 5243
f 5243 5247 5245
f 5240 5246 5244
f 5242 5245 5246
f 5244 5246 5254
f 5245 5265 5246
f 5245 5247 5266
f 5245 5266 5265
f 5196 5250 5252
f 5195 5196 5249
f 5195 5249 5248
f 5196 5252 5249
f 5249 5252 5260
f 5250 5251 5255
f 5250 5255 5252
f 5244 5253 5251
f 5251 5253 5255
f 5244 5254 5253
f 5246 5265 5254
f 5252 5255 5261
f 5253 5262 5255
f 5253 5254 5267
f 5255 5262 5261
f 5253 5267 5262
f 5201 5248 5256
f 5248 5249 5257
f 5201 5256 5258
f 5248 5257 5256
f 5249 5260 5257
f 5203 5258 5279
f 5203 5279 5278
f 5256 5280 5258
f 5258 5280 5279
f 5256 5257 5259
f 5256 5259 5280
f 5257 5260 5263
f 5257 5263 5259
f 5252 5261 5260
f 5260 5261 5264
f 5261 5262 5270
f 5260 5264 5263
f 5261 5270 5264
f 5263 5264 5298
f 5254 5265 5268
f 5265 5266 5269
f 5254 5268 5267
f 5265 5269 5268
f 5268 5269 5273
f 5262 5267 5271
f 5262 5271 5270
f 5267 5268 5272
f 5267 5272 5271
f 5264 5270 5299
f 5270 5271 5302
f 5268 5273 5272
f 5271 5272 5303
f 5271 5303 5302
f 5272 5274 5303
f 5272 5273 5274
f 5215 5281 5288
f 5215 5288 5275
f 5275 5288 5291
f 5223 5275 5277
f 5223 5277 5276
f 5275 5291 5277
f 5225 5278 5282
f 5278 5279 5283
f 5278 5283 5282
f 5279 5280 5284
f 5279 5284 5283
f 5225 5282 5281
f 5281 5282 5289
f 5282 5283 5290
f 5283 5284 5293
f 5283 5293 5290
f 5259 5285 5280
f 5259 5263 5286
f 5280 5285 5284
f 5259 5286 5285
f 5284 5285 5294
f 5284 5294 5293
f 5285 5286 5287
f 5285 5287 5294
f 5263 5298 5286
f 5281 5289 5288
f 5282 5290 5289
f 5288 5289 5292
f 5289 5290 5295
f 5288 5292 5291
f 5289 5295 5292
f 5291 5292 5324
f 5290 5293 5296
f 5293 5297 5296
f 5287 5306 5294
f 5293 5294 5297
f 5294 5306 5297
f 5292 5295 5326
f 5290 5296 5295
f 5295 5296 5328
f 5296 5297 5327
f 5264 5299 5298
f 5270 5302 5299
f 5298 5299 5301
f 5299 5302 5304
f 5286 5298 5300
f 5298 5301 5300
f 5286 5300 5287
f 5299 5304 5301
f 5302 5303 5305
f 5274 5350 5303
f 5303 5350 5305
f 5302 5305 5304
f 5304 5305 5310
f 5297 5306 5337
f 5287 5300 5307
f 5287 5307 5306
f 5300 5301 5308
f 5300 5308 5307
f 5306 5338 5337
f 5307 5308 5341
f 5306 5307 5338
f 5307 5341 5338
f 5301 5304 5309
f 5301 5309 5308
f 5304 5310 5309
f 5308 5309 5342
f 5308 5342 5341
f 5309 5310 5353
f 5309 5353 5342
f 5228 5315 5311
f 5224 5276 5313
f 5224 5313 5312
f 5276 5277 5314
f 5276 5314 5313
f 5277 5291 5323
f 5277 5323 5314
f 5228 5312 5315
f 5312 5313 5316
f 5312 5316 5315
f 5313 5314 5317
f 5313 5317 5316
f 5314 5323 5325
f 5314 5325 5317
f 5230 5311 5319
f 5230 5319 5318
f 5311 5320 5319
f 5231 5318 6738
f 5231 6738 6737
f 5318 5319 6739
f 5318 6739 6738
f 5319 6742 6739
f 5311 5315 5320
f 5315 5316 5321
f 5315 5321 5320
f 5316 5317 5322
f 5316 5322 5321
f 5317 5325 5332
f 5317 5332 5322
f 5319 5320 6742
f 5320 5321 6743
f 5320 6743 6742
f 5321 5322 6744
f 5321 6744 6743
f 5322 5332 6755
f 5322 6755 6744
f 5291 5324 5323
f 5292 5326 5324
f 5323 5324 5329
f 5323 5329 5325
f 5324 5326 5330
f 5295 5328 5326
f 5326 5328 5331
f 5296 5327 5328
f 5327 5336 5328
f 5324 5330 5329
f 5326 5331 5330
f 5328 5336 5331
f 5325 5329 5333
f 5325 5333 5332
f 5332 5333 6757
f 5332 6757 6755
f 5329 5330 5334
f 5329 5334 5333
f 5330 5335 5334
f 5330 5331 5335
f 5331 5336 5345
f 5331 5345 5335
f 5333 5334 6758
f 5333 6758 6757
f 5334 5335 6759
f 5335 5345 6772
f 5334 6759 6758
f 5335 6772 6759
f 5297 5337 5327
f 5327 5337 5339
f 5327 5339 5336
f 5336 5339 5346
f 5337 5338 5340
f 5337 5340 5339
f 5338 5343 5340
f 5339 5340 5347
f 5338 5341 5343
f 5342 5353 5354
f 5341 5342 5344
f 5342 5354 5344
f 5341 5344 5343
f 5340 5343 5348
f 5343 5344 5349
f 5336 5346 5345
f 5345 5346 6774
f 5345 6774 6772
f 5339 5347 5346
f 5346 5347 6775
f 5346 6775 6774
f 5340 5348 5347
f 5343 5349 5348
f 5344 5356 5349
f 5347 5348 6778
f 5347 6778 6775
f 5348 5349 6779
f 5348 6779 6778
f 5305 5350 5351
f 5305 5351 5310
f 5310 5351 5352
f 5310 5352 5353
f 5352 5355 5353
f 5353 5355 5354
f 5344 5354 5356
f 5354 5355 5357
f 5354 5357 5356
f 5349 5356 6827
f 5349 6827 6779
f 5356 6828 6827
f 5356 5357 6828
f 4618 6885 6828
f 4714 4715 6940
f 5358 5363 5359
f 5359 5364 5360
f 5360 5365 5361
f 5361 5366 5367
f 5358 5362 5363
f 5359 5363 5364
f 5360 5364 5365
f 5361 5365 5366
f 5366 5371 5367
f 5367 5371 5368
f 5368 5372 5369
f 5369 5373 5370
f 5368 5371 5372
f 5369 5372 5373
f 5370 5374 5376
f 5370 5373 5374
f 5374 5375 5376
f 5362 6154 5363
f 5363 6154 5364
f 5364 6154 5365
f 5365 6154 5366
f 5366 6154 5371
f 5371 6154 5372
f 5372 6154 5373
f 5375 5377 5376
f 5377 5383 5378
f 5375 5383 5377
f 5378 5383 5384
f 5378 5384 5379
f 5379 5385 5380
f 5380 5386 5381
f 5379 5384 5385
f 5380 5385 5386
f 5381 5386 5387
f 5382 5387 5388
f 5381 5387 5382
f 5382 5388 5389
f 5388 5392 5389
f 5389 5392 5390
f 5390 5393 5391
f 5390 5392 5393
f 5391 5393 5394
f 5391 5394 5401
f 5395 5402 5401
f 5394 5395 5401
f 5395 5396 5402
f 5373 6154 5374
f 5374 6154 5375
f 5375 6154 5383
f 5383 6154 5384
f 5384 6154 5385
f 5385 6154 5386
f 5386 6154 5387
f 5387 6154 5388
f 5388 6154 5392
f 5392 6154 5393
f 5393 6154 5394
f 5394 6154 5395
f 5395 6154 5396
f 5396 6154 5397
f 5397 6154 5398
f 5396 5397 5403
f 5397 5398 5404
f 5398 6154 5399
f 5399 6154 5400
f 5400 6154 5408
f 5408 6154 5411
f 5411 6154 5412
f 5412 6154 5413
f 5413 6154 5414
f 5414 6154 5415
f 5415 6154 5416
f 5416 6154 6197
f 5396 5403 5402
f 5397 5404 5403
f 5398 5405 5404
f 5398 5399 5405
f 5399 5406 5405
f 5399 5400 5406
f 5400 5408 5407
f 5408 5411 5409
f 5400 5407 5406
f 5407 5408 5409
f 5409 5411 5410
f 5410 5411 5412
f 5412 5413 5417
f 5410 5412 5417
f 5413 5418 5417
f 5413 5414 5418
f 5414 5419 5418
f 5414 5415 5419
f 5415 5416 5420
f 5415 5420 5419
f 5416 6197 5421
f 5416 5421 5420
f 5421 6197 6204
f 5358 5359 5560
f 5359 5360 5561
f 5360 5361 5562
f 5361 5367 5564
f 5367 5368 5567
f 5368 5369 5570
f 5369 5370 5576
f 5370 5376 5579
f 5376 5377 5591
f 5377 5378 5595
f 5378 5379 5601
f 5379 5380 5622
f 5380 5381 5625
f 5381 5382 5652
f 5382 5389 5655
f 5389 5390 5676
f 5390 5391 5679
f 5391 5401 5685
f 5401 5402 5819
f 5402 5403 5843
f 5403 5404 5850
f 5404 5405 5855
f 5405 5406 5901
f 5406 5407 5908
f 5407 5409 5911
f 5409 5410 5937
f 5410 5417 5943
f 5417 5418 5966
f 5418 5419 5969
f 5419 5420 5977
f 5420 5421 5993
f 5421 6204 5999
f 3946 3966 6056
f 3966 3967 6056
f 3967 3968 6056
f 3968 3970 6056
f 3970 3972 6056
f 3972 3974 6056
f 3974 5423 5422
f 3974 3975 5423
f 3975 4023 5430
f 3975 5430 5423
f 5422 5423 5425
f 5422 5425 5424
f 5423 5438 5425
f 5424 5425 5426
f 5424 5426 5427
f 5426 5481 5427
f 5427 5481 5428
f 5428 5481 5486
f 5428 5486 5429
f 4023 4024 5431
f 4023 5431 5430
f 4024 5434 5436
f 4024 5436 5431
f 5423 5430 5438
f 5430 5431 5439
f 5431 5436 5443
f 5432 5433 5435
f 5433 5437 5435
f 5433 5442 5437
f 5434 5435 5437
f 5434 5437 5436
f 5436 5437 5444
f 5430 5439 5438
f 5431 5443 5439
f 5438 5439 5441
f 5425 5438 5440
f 5438 5441 5440
f 5425 5440 5426
f 5439 5445 5441
f 5437 5442 5444
f 5442 5476 5444
f 5444 5476 5446
f 5446 5476 5497
f 5436 5444 5443
f 5439 5443 5445
f 5443 5444 5446
f 5443 5446 5445
f 5447 5560 5561
f 5447 5561 5449
f 5447 5449 5448
f 5448 5450 5453
f 5448 5449 5450
f 5449 5563 5450
f 5450 5457 5456
f 5450 5563 5457
f 5451 5454 5470
f 5454 5471 5470
f 5452 5453 5456
f 5452 5456 5455
f 5450 5456 5453
f 5451 5452 5455
f 5451 5455 5454
f 5454 5460 5471
f 5460 5478 5471
f 5455 5456 5459
f 5455 5459 5458
f 5456 5457 5459
f 5454 5455 5458
f 5454 5458 5460
f 5457 5566 5459
f 5460 5463 5478
f 5463 5480 5478
f 5458 5459 5461
f 5459 5566 5461
f 5458 5461 5462
f 5458 5462 5460
f 5460 5462 5463
f 5461 5573 5462
f 5462 5573 5494
f 5463 5495 5480
f 5480 5495 5503
f 5462 5494 5463
f 5463 5494 5495
f 5432 5464 5467
f 5464 5465 5468
f 5432 5467 5433
f 5464 5468 5467
f 5465 5466 5469
f 5465 5469 5468
f 5433 5467 5472
f 5433 5472 5442
f 5467 5473 5472
f 5468 5469 5474
f 5468 5474 5473
f 5467 5468 5473
f 5466 5470 5471
f 5466 5471 5469
f 5469 5471 5478
f 5469 5478 5474
f 5442 5472 5475
f 5473 5474 5479
f 5472 5473 5477
f 5442 5475 5476
f 5475 5499 5476
f 5473 5479 5477
f 5472 5477 5475
f 5475 5477 5498
f 5474 5478 5480
f 5474 5480 5479
f 5477 5479 5502
f 5479 5480 5503
f 5426 5440 5482
f 5426 5482 5481
f 5440 5441 5483
f 5440 5483 5482
f 5481 5482 5487
f 5482 5483 5490
f 5482 5490 5487
f 5446 5497 5485
f 5441 5445 5484
f 5445 5485 5484
f 5441 5484 5483
f 5445 5446 5485
f 5483 5484 5491
f 5483 5491 5490
f 5484 5485 5508
f 5484 5508 5491
f 5481 5487 5486
f 5486 5487 5489
f 5429 5486 5488
f 5429 5488 5517
f 5486 5489 5488
f 5487 5490 5492
f 5491 5508 5509
f 5490 5491 5493
f 5491 5509 5493
f 5487 5492 5489
f 5490 5493 5492
f 5489 5492 5521
f 5492 5493 5528
f 5495 5496 5503
f 5494 5574 5495
f 5495 5574 5496
f 5496 5506 5503
f 5496 5584 5506
f 5506 5584 5513
f 5476 5499 5497
f 5477 5502 5498
f 5475 5498 5499
f 5498 5504 5499
f 5485 5497 5500
f 5497 5501 5500
f 5485 5500 5508
f 5497 5499 5501
f 5499 5504 5501
f 5479 5503 5502
f 5498 5502 5505
f 5502 5503 5506
f 5498 5505 5504
f 5502 5506 5505
f 5504 5505 5512
f 5505 5506 5513
f 5500 5507 5508
f 5507 5509 5508
f 5500 5501 5511
f 5500 5511 5507
f 5507 5527 5509
f 5507 5511 5514
f 5509 5527 5529
f 5507 5514 5527
f 5493 5509 5529
f 5504 5512 5510
f 5501 5504 5510
f 5501 5510 5511
f 5505 5513 5512
f 5512 5513 5588
f 5510 5515 5511
f 5511 5515 5514
f 5510 5512 5516
f 5510 5516 5515
f 5512 5588 5516
f 5517 5519 5518
f 5488 5519 5517
f 5488 5489 5520
f 5488 5520 5519
f 5518 5519 5523
f 5489 5521 5520
f 5492 5528 5521
f 5519 5520 5524
f 5519 5524 5523
f 5520 5521 5530
f 5520 5530 5524
f 5518 5523 5522
f 5522 5523 5526
f 5523 5524 5537
f 5522 5526 5525
f 5523 5537 5526
f 5527 5534 5529
f 5529 5534 5532
f 5493 5529 5528
f 5521 5528 5531
f 5528 5529 5532
f 5521 5531 5530
f 5528 5532 5531
f 5531 5532 5541
f 5514 5535 5527
f 5527 5535 5534
f 5515 5516 5609
f 5515 5609 5533
f 5514 5515 5533
f 5514 5533 5535
f 5532 5534 5539
f 5534 5535 5540
f 5533 5611 5535
f 5534 5540 5539
f 5535 5611 5540
f 5524 5530 5538
f 5530 5531 5536
f 5524 5538 5537
f 5530 5536 5538
f 5531 5541 5536
f 5526 5537 5545
f 5537 5538 5547
f 5536 5542 5538
f 5538 5542 5547
f 5532 5539 5541
f 5539 5616 5541
f 5539 5540 5617
f 5539 5617 5616
f 5541 5616 5543
f 5536 5541 5543
f 5536 5543 5542
f 5525 5526 5546
f 5525 5546 5544
f 5526 5545 5546
f 5537 5547 5545
f 5545 5549 5546
f 5545 5547 5551
f 5544 5546 5548
f 5544 5548 5552
f 5546 5549 5548
f 5545 5551 5549
f 5542 5550 5547
f 5547 5550 5551
f 5542 5543 5632
f 5542 5632 5550
f 5549 5551 5555
f 5550 5637 5551
f 5551 5637 5555
f 5548 5556 5552
f 5552 5556 5553
f 5548 5549 5554
f 5549 5555 5554
f 5548 5554 5556
f 5554 5555 5638
f 5553 5556 5558
f 5554 5639 5556
f 5554 5638 5639
f 5556 5639 5558
f 3974 5422 6056
f 5422 5424 6056
f 5424 5427 6056
f 5427 5428 6056
f 5428 5429 6056
f 5429 5517 6056
f 3900 6056 6094
f 5517 5518 6056
f 5518 5522 6056
f 5522 5525 6056
f 5553 5558 5557
f 5557 5558 5785
f 5557 5785 5559
f 5525 5544 6056
f 5544 5552 6056
f 5552 5553 6056
f 5553 5557 6059
f 5557 5559 6064
f 5559 5791 6069
f 5791 5793 6073
f 6094 6095 4617
f 6095 6096 4617
f 5359 5561 5560
f 5360 5562 5561
f 5361 5564 5562
f 5367 5567 5564
f 5368 5570 5567
f 5369 5576 5570
f 5370 5579 5576
f 5376 5591 5579
f 5377 5595 5591
f 5378 5601 5595
f 5379 5622 5601
f 5380 5625 5622
f 5381 5652 5625
f 5382 5655 5652
f 5389 5676 5655
f 5390 5679 5676
f 5391 5685 5679
f 5401 5819 5685
f 5402 5843 5819
f 5403 5850 5843
f 5404 5855 5850
f 5405 5901 5855
f 5406 5908 5901
f 5407 5911 5908
f 5409 5937 5911
f 5410 5943 5937
f 5417 5966 5943
f 5418 5969 5966
f 5419 5977 5969
f 5420 5993 5977
f 5421 5999 5993
f 5999 6204 6447
f 5449 5561 5562
f 5449 5562 5563
f 5562 5564 5563
f 5563 5564 5565
f 5457 5563 5565
f 5457 5565 5566
f 5564 5567 5565
f 5565 5567 5569
f 5565 5569 5566
f 5461 5566 5568
f 5566 5569 5568
f 5461 5568 5573
f 5567 5570 5569
f 5569 5570 5571
f 5568 5572 5573
f 5568 5569 5571
f 5568 5571 5572
f 5572 5578 5575
f 5570 5576 5571
f 5571 5576 5577
f 5571 5577 5572
f 5572 5577 5578
f 5494 5573 5575
f 5494 5575 5574
f 5572 5575 5573
f 5575 5578 5582
f 5574 5575 5582
f 5574 5582 5583
f 5496 5574 5583
f 5576 5579 5577
f 5577 5579 5580
f 5577 5580 5578
f 5578 5581 5582
f 5578 5580 5581
f 5580 5592 5581
f 5581 5593 5586
f 5496 5583 5584
f 5513 5584 5585
f 5583 5587 5584
f 5581 5586 5582
f 5582 5586 5583
f 5583 5586 5587
f 5513 5585 5588
f 5584 5587 5585
f 5585 5590 5588
f 5586 5593 5597
f 5586 5597 5587
f 5587 5597 5589
f 5585 5587 5589
f 5579 5591 5580
f 5580 5591 5592
f 5581 5592 5593
f 5516 5588 5610
f 5588 5590 5610
f 5585 5589 5590
f 5590 5600 5610
f 5589 5598 5590
f 5590 5598 5600
f 5600 5613 5610
f 5591 5595 5592
f 5592 5595 5596
f 5593 5594 5597
f 5592 5596 5593
f 5593 5596 5594
f 5595 5601 5596
f 5596 5601 5602
f 5594 5596 5602
f 5594 5603 5599
f 5594 5602 5603
f 5589 5597 5599
f 5589 5599 5598
f 5594 5599 5597
f 5598 5599 5605
f 5598 5605 5606
f 5600 5604 5613
f 5598 5606 5600
f 5599 5603 5605
f 5602 5623 5603
f 5603 5624 5605
f 5604 5618 5613
f 5600 5606 5604
f 5604 5608 5618
f 5605 5628 5606
f 5606 5628 5607
f 5604 5606 5607
f 5604 5607 5608
f 5608 5621 5618
f 5608 5647 5621
f 5516 5610 5609
f 5609 5610 5613
f 5533 5609 5612
f 5533 5612 5611
f 5609 5613 5612
f 5612 5613 5618
f 5540 5611 5614
f 5540 5614 5617
f 5611 5612 5615
f 5612 5618 5615
f 5611 5615 5614
f 5543 5616 5629
f 5616 5617 5630
f 5616 5630 5629
f 5614 5615 5620
f 5614 5619 5617
f 5617 5619 5630
f 5615 5618 5621
f 5615 5621 5620
f 5614 5620 5619
f 5620 5621 5664
f 5601 5622 5602
f 5602 5622 5623
f 5603 5623 5624
f 5622 5625 5623
f 5623 5626 5624
f 5624 5627 5628
f 5624 5626 5627
f 5623 5625 5626
f 5605 5624 5628
f 5607 5628 5648
f 5627 5648 5628
f 5607 5648 5646
f 5607 5646 5608
f 5608 5646 5647
f 5621 5647 5664
f 5543 5629 5632
f 5629 5631 5632
f 5629 5630 5636
f 5631 5633 5632
f 5629 5636 5631
f 5631 5641 5633
f 5550 5632 5633
f 5550 5633 5637
f 5619 5620 5635
f 5619 5635 5634
f 5619 5634 5630
f 5630 5634 5636
f 5620 5664 5635
f 5631 5636 5642
f 5631 5642 5641
f 5634 5635 5667
f 5634 5667 5666
f 5634 5666 5636
f 5636 5666 5642
f 5555 5637 5640
f 5555 5640 5638
f 5633 5644 5637
f 5637 5644 5640
f 5638 5783 5639
f 5638 5640 5786
f 5638 5786 5783
f 5633 5641 5644
f 5641 5643 5644
f 5641 5642 5670
f 5641 5670 5643
f 5643 5645 5644
f 5640 5644 5645
f 5640 5645 5786
f 5625 5652 5626
f 5626 5652 5653
f 5627 5654 5648
f 5626 5653 5627
f 5627 5653 5654
f 5646 5650 5647
f 5647 5651 5664
f 5651 5665 5664
f 5646 5648 5649
f 5646 5649 5650
f 5648 5654 5649
f 5647 5650 5651
f 5650 5659 5651
f 5651 5660 5665
f 5660 5672 5665
f 5652 5655 5653
f 5653 5655 5656
f 5649 5654 5657
f 5653 5656 5654
f 5654 5656 5657
f 5655 5676 5656
f 5657 5678 5658
f 5656 5677 5657
f 5649 5658 5650
f 5649 5657 5658
f 5650 5658 5659
f 5651 5659 5660
f 5656 5676 5677
f 5657 5677 5678
f 5659 5662 5660
f 5660 5663 5672
f 5663 5675 5672
f 5658 5661 5659
f 5659 5661 5662
f 5658 5678 5661
f 5660 5662 5663
f 5663 5683 5675
f 5675 5683 5688
f 5635 5664 5665
f 5635 5665 5667
f 5666 5667 5668
f 5665 5672 5667
f 5666 5668 5669
f 5642 5666 5669
f 5642 5669 5670
f 5667 5672 5668
f 5668 5673 5669
f 5643 5670 5671
f 5643 5795 5645
f 5643 5671 5795
f 5669 5673 5674
f 5669 5674 5670
f 5670 5674 5671
f 5668 5672 5675
f 5668 5675 5673
f 5673 5801 5674
f 5671 5674 5800
f 5673 5675 5688
f 5673 5688 5801
f 5676 5679 5677
f 5677 5679 5680
f 5661 5678 5681
f 5677 5680 5678
f 5678 5680 5681
f 5679 5685 5680
f 5680 5686 5681
f 5681 5687 5684
f 5661 5684 5662
f 5661 5681 5684
f 5662 5682 5663
f 5662 5684 5682
f 5663 5682 5683
f 5683 5818 5688
f 5682 5684 5822
f 5684 5687 5822
f 5682 5822 5823
f 5682 5823 5683
f 5680 5685 5686
f 5681 5686 5687
f 4629 6096 6097
f 4629 6097 6098
f 4629 6098 6099
f 4629 6099 6100
f 4629 6100 6101
f 4629 6101 6102
f 4629 6102 6103
f 4629 6103 6104
f 4629 6104 6105
f 4629 6105 6106
f 4629 6106 6107
f 4629 6107 6108
f 4629 6108 6109
f 4629 6109 6110
f 6120 4484 4483
f 6120 4485 4484
f 6121 4486 4485
f 5102 5716 5717
f 5102 5728 5727
f 5102 5723 5728
f 5102 5726 5723
f 5725 5102 5730
f 5724 5102 5725
f 5726 5102 5724
f 5730 5102 5694
f 5694 5102 5695
f 5102 5729 5715
f 5102 5727 5729
f 5102 5715 5716
f 5558 5639 5784
f 5558 5784 5785
f 5639 5783 5784
f 5559 5785 5790
f 5784 5788 5785
f 5785 5788 5790
f 5783 5786 5787
f 5783 5789 5784
f 5645 5796 5786
f 5783 5787 5789
f 5786 5796 5787
f 5784 5789 5788
f 5788 5789 5804
f 5559 5790 5791
f 5788 5792 5790
f 5790 5794 5791
f 5788 5804 5792
f 5790 5792 5794
f 5791 5794 5793
f 5793 5794 5810
f 5645 5795 5796
f 5671 5799 5795
f 5795 5802 5796
f 5796 5802 5797
f 5787 5798 5789
f 5787 5796 5797
f 5787 5797 5798
f 5789 5798 5804
f 5671 5800 5799
f 5795 5799 5802
f 5674 5801 5800
f 5799 5800 5829
f 5797 5802 5803
f 5797 5803 5808
f 5799 5830 5802
f 5799 5829 5830
f 5802 5830 5803
f 5797 5808 5798
f 5792 5804 5805
f 5798 5807 5804
f 5804 5807 5805
f 5792 5806 5794
f 5794 5806 5810
f 5792 5805 5806
f 5803 5834 5808
f 5798 5808 5807
f 5807 5808 5836
f 5805 5807 5809
f 5805 5815 5806
f 5807 5836 5809
f 5805 5809 5815
f 5793 5810 5811
f 5810 5814 5811
f 5806 5813 5810
f 5811 5814 5812
f 5810 5813 5814
f 5806 5815 5813
f 5813 5815 5868
f 5813 5870 5814
f 5812 5814 5816
f 5812 5816 5817
f 5814 5870 5816
f 5683 5823 5818
f 5688 5818 5827
f 5685 5819 5686
f 5686 5820 5687
f 5687 5821 5822
f 5686 5819 5820
f 5687 5820 5821
f 5821 5845 5824
f 5822 5824 5823
f 5823 5824 5825
f 5818 5823 5825
f 5818 5826 5827
f 5818 5825 5826
f 5821 5824 5822
f 5824 5846 5825
f 5826 5832 5827
f 5826 5848 5832
f 5825 5847 5826
f 5826 5847 5848
f 5832 5848 5838
f 5688 5827 5801
f 5800 5801 5828
f 5800 5828 5829
f 5801 5827 5828
f 5827 5832 5828
f 5803 5830 5835
f 5829 5831 5830
f 5828 5833 5829
f 5829 5833 5831
f 5830 5831 5835
f 5828 5832 5833
f 5832 5838 5833
f 5831 5833 5839
f 5833 5838 5839
f 5803 5835 5834
f 5808 5834 5836
f 5834 5835 5842
f 5834 5841 5836
f 5836 5841 5837
f 5809 5869 5815
f 5809 5836 5837
f 5809 5837 5869
f 5831 5839 5840
f 5831 5840 5835
f 5835 5840 5842
f 5839 5862 5840
f 5840 5863 5842
f 5834 5842 5841
f 5837 5841 5871
f 5841 5842 5864
f 5842 5863 5864
f 5841 5864 5871
f 5819 5843 5820
f 5820 5843 5844
f 5820 5844 5821
f 5821 5844 5845
f 5843 5850 5844
f 5844 5850 5851
f 5844 5851 5845
f 5845 5852 5846
f 5845 5851 5852
f 5824 5845 5846
f 5825 5846 5847
f 5847 5853 5848
f 5846 5849 5847
f 5847 5849 5853
f 5846 5852 5849
f 5850 5855 5851
f 5851 5857 5852
f 5838 5848 5854
f 5838 5854 5861
f 5848 5853 5854
f 5854 5858 5861
f 5849 5852 5856
f 5851 5855 5857
f 5855 5901 5857
f 5852 5857 5856
f 5856 5857 5902
f 5856 5903 5859
f 5849 5859 5853
f 5849 5856 5859
f 5853 5859 5860
f 5853 5860 5854
f 5858 5865 5861
f 5854 5860 5858
f 5859 5904 5860
f 5858 5860 5905
f 5858 5906 5865
f 5858 5905 5906
f 5865 5906 5917
f 5838 5861 5839
f 5840 5862 5863
f 5839 5861 5862
f 5861 5865 5862
f 5862 5866 5863
f 5863 5866 5867
f 5863 5867 5864
f 5864 5867 5881
f 5862 5865 5866
f 5866 5885 5867
f 5865 5917 5866
f 5866 5917 5885
f 5815 5869 5868
f 5813 5868 5870
f 5868 5869 5873
f 5816 5870 5875
f 5868 5874 5870
f 5870 5874 5875
f 5837 5871 5872
f 5837 5872 5869
f 5869 5872 5873
f 5872 5883 5873
f 5868 5873 5874
f 5874 5890 5875
f 5873 5884 5874
f 5874 5884 5890
f 5816 5876 5817
f 5817 5876 5877
f 5816 5875 5876
f 5876 5880 5877
f 5875 5878 5876
f 5876 5878 5880
f 5875 5890 5878
f 5877 5880 5879
f 5878 5893 5880
f 5879 5880 5892
f 5871 5882 5872
f 5864 5881 5871
f 5871 5881 5882
f 5872 5882 5883
f 5882 5888 5883
f 5873 5883 5884
f 5883 5889 5884
f 5884 5889 5894
f 5867 5886 5881
f 5881 5887 5882
f 5881 5886 5887
f 5882 5887 5888
f 5867 5885 5886
f 5886 5922 5887
f 5883 5888 5889
f 5887 5923 5888
f 5888 5924 5889
f 5889 5924 5929
f 5884 5894 5890
f 5878 5890 5891
f 5878 5891 5893
f 5890 5894 5891
f 5880 5893 5892
f 5892 5893 5897
f 5889 5929 5894
f 5891 5894 5895
f 5894 5929 5895
f 5891 5896 5893
f 5891 5895 5896
f 5893 5896 5897
f 5896 5932 5897
f 5879 5892 5898
f 5892 5899 5898
f 5898 5899 5900
f 5892 5897 5899
f 5897 6013 5899
f 5899 6014 5900
f 5899 6013 6014
f 5900 6014 6015
f 4629 6110 6111
f 4629 6111 6112
f 4629 6112 6113
f 4629 6113 6114
f 4629 6114 6115
f 4629 6115 6116
f 4629 6116 6117
f 4629 6117 6118
f 4629 6118 6119
f 4629 6119 6120
f 6121 4487 4486
f 6121 4488 4487
f 6121 4489 4488
f 6122 4490 4489
f 6122 4491 4490
f 6122 4492 4491
f 6123 4493 4492
f 6123 4494 4493
f 6124 4495 4494
f 6124 4496 4495
f 6125 4497 4496
f 6126 4532 4497
f 6126 4533 4532
f 6127 4534 4533
f 6128 4535 4534
f 6129 4536 4535
f 6129 4537 4536
f 6130 4538 4537
f 6143 4539 4538
f 6144 4540 4539
f 6144 4541 4540
f 6145 4542 4541
f 6146 4543 4542
f 6153 5696 5695
f 6153 5697 5696
f 6153 5741 5698
f 6153 5698 5697
f 6153 5742 5741
f 6153 5743 5742
f 6153 5744 5743
f 6153 5745 5744
f 6153 5746 5745
f 6153 5747 5746
f 6153 5748 5747
f 6153 5749 5748
f 6153 5750 5749
f 5857 5901 5902
f 5856 5902 5903
f 5901 5908 5902
f 5902 5908 5909
f 5902 5909 5903
f 5903 5910 5904
f 5903 5909 5910
f 5859 5903 5904
f 5860 5904 5905
f 5905 5915 5906
f 5906 5907 5917
f 5904 5914 5905
f 5904 5910 5914
f 5905 5914 5915
f 5906 5915 5907
f 5907 5920 5917
f 5908 5911 5909
f 5909 5912 5910
f 5910 5913 5914
f 5909 5911 5912
f 5910 5912 5913
f 5914 5916 5915
f 5907 5915 5918
f 5913 5916 5914
f 5915 5916 5918
f 5911 5937 5912
f 5912 5937 5938
f 5912 5938 5913
f 5913 5939 5916
f 5907 5919 5920
f 5907 5918 5919
f 5919 5925 5920
f 5918 5940 5919
f 5919 5941 5925
f 5885 5921 5886
f 5885 5917 5920
f 5885 5920 5921
f 5886 5921 5922
f 5921 5926 5922
f 5887 5922 5923
f 5888 5923 5924
f 5922 5927 5923
f 5923 5928 5924
f 5923 5927 5928
f 5920 5925 5921
f 5921 5925 5926
f 5925 5951 5926
f 5922 5926 5927
f 5926 5950 5927
f 5927 5950 5952
f 5927 5952 5928
f 5924 5933 5929
f 5924 5928 5933
f 5929 5933 5930
f 5895 5929 5930
f 5895 5931 5896
f 5896 5931 5932
f 5895 5930 5931
f 5931 5936 5932
f 5928 5956 5933
f 5930 5933 5934
f 5933 5956 5934
f 5928 5952 5956
f 5930 5934 5935
f 5930 5935 5931
f 5931 5935 5936
f 5935 5960 5936
f 5913 5938 5939
f 5937 5943 5938
f 5938 5944 5939
f 5939 5945 5942
f 5916 5942 5918
f 5916 5939 5942
f 5918 5942 5940
f 5919 5940 5941
f 5925 5941 5951
f 5940 5942 5947
f 5940 5946 5941
f 5941 5946 5948
f 5941 5948 5951
f 5948 5953 5951
f 5938 5943 5944
f 5939 5944 5945
f 5943 5966 5944
f 5944 5966 5967
f 5944 5967 5945
f 5945 5968 5947
f 5945 5967 5968
f 5942 5945 5947
f 5940 5947 5946
f 5946 5947 5972
f 5947 5968 5972
f 5946 5973 5948
f 5948 5949 5953
f 5946 5972 5973
f 5948 5973 5949
f 5949 5955 5953
f 5926 5951 5950
f 5950 5954 5952
f 5950 5951 5953
f 5952 5954 5957
f 5950 5953 5954
f 5953 5955 5954
f 5954 5955 5961
f 5952 5957 5956
f 5934 5956 5958
f 5934 5958 5959
f 5956 5957 5958
f 5934 5959 5935
f 5935 5959 5960
f 5959 5964 5960
f 5936 5960 6021
f 5960 5965 6021
f 5954 5961 5957
f 5957 5962 5958
f 5958 5963 5959
f 5958 5962 5963
f 5957 5961 5962
f 5959 5963 5964
f 5960 5964 5965
f 5963 5987 5964
f 5964 5986 5965
f 5966 5969 5967
f 5967 5970 5968
f 5968 5971 5972
f 5967 5969 5970
f 5968 5970 5971
f 5972 5974 5973
f 5949 5973 5975
f 5949 5976 5955
f 5955 5976 5983
f 5971 5974 5972
f 5973 5974 5975
f 5949 5975 5976
f 5969 5977 5970
f 5970 5977 5978
f 5970 5978 5971
f 5971 5979 5974
f 5971 5978 5979
f 5977 5993 5978
f 5978 5994 5979
f 5979 5995 5980
f 5974 5980 5975
f 5974 5979 5980
f 5975 5980 5981
f 5975 5981 5976
f 5976 5982 5983
f 5976 5981 5982
f 5980 5996 5981
f 5981 5997 5982
f 5982 5990 5983
f 5982 5998 5990
f 5955 5983 5961
f 5961 5984 5962
f 5961 5983 5984
f 5962 5984 5985
f 5962 5985 5963
f 5963 5985 5987
f 5983 5990 5984
f 5984 5988 5985
f 5985 5989 5987
f 5964 5987 5986
f 5965 5986 6031
f 5986 5987 5991
f 5986 5992 6031
f 5984 5990 5988
f 5985 5988 5989
f 5988 5990 6005
f 5988 6006 5989
f 5987 5989 5991
f 5986 5991 5992
f 5989 6007 5991
f 5991 6007 6008
f 5991 6008 5992
f 5992 6008 6043
f 5978 5993 5994
f 5979 5994 5995
f 5993 5999 5994
f 5994 5999 6000
f 5994 6000 5995
f 5995 6001 5996
f 5995 6000 6001
f 5980 5995 5996
f 5981 5996 5997
f 5982 5997 5998
f 5996 6002 5997
f 5996 6001 6002
f 5997 6002 6003
f 5997 6003 5998
f 5998 6003 6004
f 5999 6447 6000
f 6000 6448 6001
f 6001 6449 6002
f 6000 6447 6448
f 6001 6448 6449
f 6002 6453 6003
f 6003 6454 6004
f 6002 6449 6453
f 6003 6453 6454
f 6004 6454 6463
f 5990 5998 6005
f 5998 6004 6005
f 6004 6009 6005
f 6004 6463 6009
f 6009 6463 6465
f 5988 6005 6006
f 5989 6006 6007
f 6005 6009 6006
f 6006 6010 6007
f 6006 6009 6010
f 6007 6010 6011
f 6007 6011 6008
f 6008 6011 6012
f 6008 6012 6043
f 6012 6047 6043
f 6009 6465 6010
f 6010 6466 6011
f 6010 6465 6466
f 6011 6469 6012
f 6012 6470 6047
f 6011 6466 6469
f 6012 6469 6470
f 6047 6470 6569
f 5897 5932 6013
f 5932 6016 6013
f 6013 6017 6014
f 6014 6018 6015
f 6014 6017 6018
f 6015 6018 6019
f 5932 5936 6016
f 6013 6016 6017
f 5936 6021 6016
f 6016 6022 6017
f 6018 6024 6019
f 6017 6023 6018
f 6017 6022 6023
f 6018 6023 6024
f 6019 6024 6020
f 6016 6021 6022
f 6021 6025 6022
f 6022 6026 6023
f 6023 6026 6027
f 6023 6027 6024
f 6024 6027 6029
f 5965 6025 6021
f 6022 6025 6026
f 5965 6031 6025
f 6025 6032 6026
f 6027 6034 6029
f 6026 6033 6027
f 6026 6032 6033
f 6027 6033 6034
f 6020 6024 6029
f 6020 6029 6028
f 6028 6029 6038
f 6029 6034 6038
f 6028 6038 6030
f 6025 6031 6032
f 6031 6035 6032
f 6032 6035 6036
f 6033 6037 6034
f 6032 6036 6033
f 6033 6036 6037
f 6034 6037 6040
f 5992 6035 6031
f 5992 6043 6035
f 6035 6043 6044
f 6035 6044 6036
f 6036 6044 6045
f 6037 6046 6040
f 6036 6045 6037
f 6037 6045 6046
f 6034 6040 6038
f 6030 6038 6041
f 6038 6040 6041
f 6030 6041 6039
f 6040 6051 6041
f 6040 6046 6051
f 6041 6051 6052
f 6039 6041 6052
f 6039 6052 6042
f 6043 6047 6044
f 6044 6047 6048
f 6044 6048 6045
f 6045 6049 6046
f 6046 6050 6051
f 6045 6048 6049
f 6046 6049 6050
f 6047 6569 6048
f 6048 6569 6571
f 6048 6571 6049
f 6049 6573 6050
f 6049 6571 6573
f 6050 6573 6574
f 6051 6054 6052
f 6050 6054 6051
f 6052 6054 6055
f 6042 6052 6055
f 6042 6055 6053
f 6050 6574 6054
f 6054 6581 6055
f 6054 6574 6581
f 6055 6581 6583
f 6053 6055 6583
f 6053 6583 6584
f 6147 4544 4543
f 6147 4545 4544
f 6148 4546 4545
f 6149 4547 4546
f 6150 5087 4547
f 6150 5088 5087
f 6151 5089 5088
f 6152 5090 5089
f 6153 5094 5090
f 6153 5091 5094
f 6153 5092 5091
f 6153 5093 5092
f 6153 5102 5093
f 6153 5695 5102
f 6153 5767 5750
f 6153 5768 5767
f 6153 5769 5768
f 6153 5770 5769
f 6153 5771 5770
f 6153 5772 5771
f 6153 5773 5772
f 6153 5774 5773
f 6153 5775 5774
f 6153 5776 5775
f 6153 5777 5776
f 6153 5778 5777
f 6153 5779 5778
f 6153 5780 5779
f 6153 5781 5780
f 6153 5782 5781
f 6153 6284 5782
f 5553 6057 6056
f 5553 6058 6057
f 5553 6059 6058
f 5557 6060 6059
f 5557 6061 6060
f 5557 6062 6061
f 5557 6063 6062
f 5557 6064 6063
f 5559 6065 6064
f 5559 6066 6065
f 5559 6067 6066
f 5559 6068 6067
f 5559 6069 6068
f 5791 6070 6069
f 5791 6071 6070
f 5791 6072 6071
f 5791 6073 6072
f 5793 6074 6073
f 5793 6075 6074
f 5793 6076 6075
f 5793 6077 6076
f 5811 6078 6077
f 5793 5811 6077
f 5811 5812 6081
f 5812 5817 6085
f 5817 5877 6088
f 5811 6079 6078
f 5811 6080 6079
f 5811 6081 6080
f 5812 6082 6081
f 5812 6083 6082
f 5812 6084 6083
f 5812 6085 6084
f 6120 6121 4485
f 6121 6122 4489
f 6122 6123 4492
f 6123 6124 4494
f 6124 6125 4496
f 6125 6126 4497
f 6126 6127 4533
f 6127 6128 4534
f 6128 6129 4535
f 6129 6130 4537
f 6130 6131 4538
f 6131 6143 4538
f 6143 6144 4539
f 6056 6057 6094
f 6057 6058 6095
f 6058 6059 6096
f 6059 6060 6097
f 6060 6061 6098
f 6061 6062 6099
f 6062 6063 6100
f 6063 6064 6101
f 6064 6065 6102
f 6065 6066 6103
f 6066 6067 6104
f 6067 6068 6105
f 6068 6069 6106
f 6069 6070 6107
f 6070 6071 6108
f 6071 6072 6109
f 6072 6073 6110
f 6073 6074 6111
f 6074 6075 6112
f 6075 6076 6113
f 6076 6077 6114
f 6077 6078 6115
f 6078 6079 6116
f 6079 6080 6117
f 6080 6081 6118
f 6081 6082 6119
f 6082 6083 6120
f 6083 6084 6121
f 6084 6085 6122
f 6085 6086 6123
f 6086 6087 6124
f 6087 6088 6125
f 6088 6089 6126
f 6089 6090 6127
f 6090 6091 6128
f 6091 6092 6129
f 6092 6093 6130
f 6093 6132 6131
f 6057 6095 6094
f 6058 6096 6095
f 6059 6097 6096
f 6060 6098 6097
f 6061 6099 6098
f 6062 6100 6099
f 6063 6101 6100
f 6064 6102 6101
f 6065 6103 6102
f 6066 6104 6103
f 6067 6105 6104
f 6068 6106 6105
f 6069 6107 6106
f 6070 6108 6107
f 6071 6109 6108
f 6072 6110 6109
f 6073 6111 6110
f 6074 6112 6111
f 6075 6113 6112
f 6076 6114 6113
f 6077 6115 6114
f 6078 6116 6115
f 6079 6117 6116
f 6080 6118 6117
f 6081 6119 6118
f 6082 6120 6119
f 6083 6121 6120
f 6084 6122 6121
f 6085 6123 6122
f 6086 6124 6123
f 6087 6125 6124
f 6088 6126 6125
f 6089 6127 6126
f 6090 6128 6127
f 6091 6129 6128
f 6092 6130 6129
f 6093 6131 6130
f 5817 6086 6085
f 5817 6087 6086
f 5817 6088 6087
f 5877 6089 6088
f 5877 6090 6089
f 5877 6091 6090
f 5877 6092 6091
f 5879 6093 6092
f 5879 6132 6093
f 5879 6133 6132
f 5879 6134 6133
f 5879 6135 6134
f 5898 6136 6135
f 5898 6137 6136
f 5898 6138 6137
f 5898 6139 6138
f 5900 6140 6139
f 5900 6141 6140
f 5900 6142 6141
f 6132 6133 6143
f 6133 6134 6144
f 6134 6135 6145
f 6135 6136 6146
f 6136 6137 6147
f 6137 6138 6148
f 6138 6139 6149
f 6139 6140 6150
f 6140 6141 6151
f 6141 6142 6152
f 6131 6132 6143
f 6133 6144 6143
f 6134 6145 6144
f 6135 6146 6145
f 6136 6147 6146
f 6137 6148 6147
f 6138 6149 6148
f 6139 6150 6149
f 6140 6151 6150
f 6141 6152 6151
f 6142 6153 6152
f 5877 5879 6092
f 5879 5898 6135
f 5898 5900 6139
f 5900 6015 6142
f 6015 6019 6142
f 6019 6020 6142
f 6020 6028 6142
f 6028 6030 6142
f 6030 6039 6142
f 6144 6145 4541
f 6145 6146 4542
f 6146 6147 4543
f 6147 6148 4545
f 6148 6149 4546
f 6149 6150 4547
f 6150 6151 5088
f 6151 6152 5089
f 6152 6153 5090
f 6039 6880 6142
f 6142 6880 6153
f 6154 6173 6161
f 6154 6161 6162
f 6154 6182 6180
f 6154 6162 6182
f 6154 6183 6178
f 6154 6181 6183
f 6154 6178 6179
f 6154 6179 6186
f 6154 6180 6181
f 6154 6198 6197
f 6154 6199 6198
f 6154 6200 6199
f 6154 6201 6200
f 6154 6202 6201
f 6154 6203 6202
f 6154 6210 6203
f 6154 6156 6155
f 6154 6155 6210
f 6154 6159 6156
f 6154 6158 6159
f 6154 6157 6160
f 6154 6160 6158
f 6154 6185 6157
f 6154 6186 6184
f 6154 6184 6185
f 6158 6160 6218
f 6157 6216 6160
f 6154 6163 6164
f 6154 6164 6165
f 6154 6165 6166
f 6154 6166 6167
f 6154 6167 6171
f 6154 6171 6172
f 6154 6172 6173
f 6163 6168 6164
f 6164 6169 6165
f 6165 6170 6166
f 6166 6174 6167
f 6163 6220 6168
f 6164 6168 6169
f 6165 6169 6170
f 6166 6170 6174
f 6167 6175 6171
f 6171 6176 6172
f 6172 6177 6173
f 6161 6173 6192
f 6161 6193 6162
f 6173 6177 6192
f 6161 6192 6193
f 6167 6174 6175
f 6171 6175 6176
f 6172 6176 6177
f 6180 6182 6190
f 6178 6183 6196
f 6181 6195 6183
f 6180 6191 6181
f 6179 6189 6186
f 6184 6186 6187
f 6157 6185 6217
f 6184 6219 6185
f 6184 6187 6219
f 6185 6219 6217
f 6178 6188 6179
f 6179 6188 6189
f 6178 6196 6188
f 6183 6195 6196
f 6186 6189 6187
f 6162 6194 6182
f 6162 6193 6194
f 6182 6194 6190
f 6180 6190 6191
f 6181 6191 6195
f 6197 6198 6204
f 6198 6199 6205
f 6198 6205 6204
f 6199 6200 6206
f 6199 6206 6205
f 6200 6207 6206
f 6202 6203 6209
f 6200 6201 6207
f 6201 6202 6208
f 6201 6208 6207
f 6202 6209 6208
f 6203 6210 6214
f 6155 6215 6210
f 6155 6156 6211
f 6210 6215 6214
f 6203 6214 6209
f 6155 6211 6215
f 6156 6159 6212
f 6158 6213 6159
f 6159 6213 6212
f 6158 6218 6213
f 6156 6212 6211
f 6160 6216 6218
f 6157 6217 6216
f 6168 6220 6319
f 6168 6320 6169
f 6169 6322 6170
f 6170 6325 6174
f 6174 6328 6175
f 6175 6334 6176
f 6177 6367 6192
f 6176 6337 6177
f 6187 6189 6347
f 6188 6353 6189
f 6190 6194 6360
f 6190 6362 6191
f 6192 6370 6193
f 6193 6379 6194
f 6195 6403 6196
f 6191 6400 6195
f 6188 6196 6350
f 6204 6205 6447
f 6205 6206 6450
f 6206 6207 6457
f 6207 6208 6477
f 6208 6209 6483
f 6211 6528 6215
f 6211 6212 6504
f 6213 6218 6513
f 6212 6213 6507
f 6209 6214 6485
f 6214 6215 6521
f 6217 6219 6622
f 6216 6217 6619
f 6216 6629 6218
f 6187 6644 6219
f 6220 6737 6319
f 6168 6319 6320
f 6169 6320 6322
f 6170 6322 6325
f 6174 6325 6328
f 6175 6328 6334
f 6177 6337 6367
f 6176 6334 6337
f 6188 6350 6353
f 6189 6353 6347
f 6194 6379 6360
f 6190 6360 6362
f 6192 6367 6370
f 6193 6370 6379
f 6195 6400 6403
f 6196 6403 6350
f 6191 6362 6400
f 6205 6450 6447
f 6206 6457 6450
f 6208 6483 6477
f 6207 6477 6457
f 6209 6485 6483
f 6211 6504 6528
f 6212 6507 6504
f 6213 6513 6507
f 6218 6629 6513
f 6214 6521 6485
f 6215 6528 6521
f 6216 6619 6629
f 6219 6644 6622
f 6217 6622 6619
f 6187 6347 6644
f 5102 5717 5101
f 6319 6737 6740
f 6319 6740 6321
f 6319 6321 6320
f 6321 6740 6748
f 6320 6321 6323
f 6320 6323 6322
f 6321 6748 6324
f 6321 6324 6323
f 6324 6748 6752
f 6322 6323 6326
f 6322 6326 6325
f 6323 6324 6327
f 6323 6327 6326
f 6324 6331 6327
f 6324 6752 6331
f 6331 6752 6791
f 6325 6326 6329
f 6325 6329 6328
f 6326 6330 6329
f 6326 6327 6330
f 6327 6332 6330
f 6328 6329 6335
f 6328 6335 6334
f 6329 6336 6335
f 6329 6330 6336
f 6330 6340 6336
f 6327 6331 6332
f 6331 6791 6333
f 6331 6333 6332
f 6333 6791 6793
f 6330 6332 6340
f 6332 6341 6340
f 6332 6333 6341
f 6333 6793 6342
f 6337 6338 6368
f 6337 6368 6367
f 6338 6369 6368
f 6339 6373 6369
f 6334 6335 6338
f 6334 6338 6337
f 6335 6339 6338
f 6335 6336 6339
f 6336 6343 6339
f 6338 6339 6369
f 6336 6340 6343
f 6340 6344 6343
f 6340 6341 6344
f 6333 6342 6341
f 6341 6342 6345
f 6342 6804 6346
f 6339 6343 6373
f 6343 6377 6373
f 6343 6344 6377
f 6344 6345 6378
f 6341 6345 6344
f 6342 6346 6345
f 6345 6346 6387
f 6346 6808 6388
f 6347 6353 6348
f 6348 6354 6349
f 6350 6354 6353
f 6350 6351 6354
f 6351 6355 6354
f 6351 6352 6355
f 6352 6356 6355
f 6348 6353 6354
f 6349 6354 6355
f 6349 6355 6649
f 6352 6414 6356
f 6357 6414 6415
f 6355 6356 6649
f 6356 6650 6649
f 6356 6357 6650
f 6357 6652 6650
f 6357 6358 6652
f 6356 6414 6357
f 6357 6415 6358
f 6358 6416 6359
f 6361 6379 6380
f 6360 6379 6361
f 6361 6380 6365
f 6365 6381 6366
f 6360 6363 6362
f 6361 6364 6363
f 6360 6361 6363
f 6361 6365 6364
f 6364 6365 6408
f 6365 6366 6408
f 6366 6385 6411
f 6366 6411 6408
f 6385 6412 6411
f 6367 6368 6371
f 6367 6371 6370
f 6368 6372 6371
f 6368 6369 6372
f 6369 6374 6372
f 6370 6371 6380
f 6370 6380 6379
f 6371 6372 6381
f 6371 6381 6380
f 6372 6382 6381
f 6369 6373 6374
f 6373 6377 6375
f 6373 6375 6374
f 6372 6374 6382
f 6374 6383 6382
f 6374 6375 6383
f 6375 6377 6376
f 6375 6376 6384
f 6376 6389 6392
f 6344 6378 6377
f 6345 6387 6378
f 6376 6377 6378
f 6378 6387 6389
f 6376 6378 6389
f 6365 6380 6381
f 6366 6381 6382
f 6366 6382 6385
f 6382 6383 6385
f 6383 6386 6385
f 6383 6384 6386
f 6375 6384 6383
f 6376 6392 6384
f 6384 6392 6393
f 6384 6393 6386
f 6385 6386 6412
f 6386 6393 6418
f 6346 6388 6387
f 6388 6808 6837
f 6387 6390 6389
f 6387 6388 6390
f 6388 6391 6390
f 6388 6837 6391
f 6391 6837 6846
f 6393 6394 6430
f 6392 6394 6393
f 6392 6396 6394
f 6394 6396 6395
f 6389 6390 6396
f 6389 6396 6392
f 6390 6397 6396
f 6390 6391 6397
f 6391 6846 6398
f 6391 6398 6397
f 6398 6846 6399
f 6395 6396 6397
f 6397 6398 6433
f 6395 6397 6433
f 6398 6434 6433
f 6398 6399 6434
f 6400 6401 6404
f 6351 6403 6404
f 6352 6404 6405
f 6400 6404 6403
f 6401 6405 6404
f 6401 6402 6405
f 6402 6406 6405
f 6405 6406 6414
f 6406 6409 6407
f 6402 6409 6406
f 6407 6409 6410
f 6407 6410 6417
f 6362 6363 6401
f 6362 6401 6400
f 6363 6402 6401
f 6363 6364 6402
f 6364 6409 6402
f 6364 6408 6409
f 6408 6411 6410
f 6408 6410 6409
f 6410 6411 6413
f 6386 6418 6412
f 6411 6412 6413
f 6412 6419 6413
f 6412 6418 6419
f 6410 6413 6417
f 6413 6422 6417
f 6413 6419 6422
f 6350 6403 6351
f 6351 6404 6352
f 6352 6405 6414
f 6406 6415 6414
f 6406 6407 6415
f 6407 6416 6415
f 6407 6417 6416
f 6417 6422 6423
f 6416 6417 6423
f 6358 6415 6416
f 6359 6416 6423
f 6418 6430 6420
f 6419 6420 6426
f 6418 6420 6419
f 6420 6430 6421
f 6422 6424 6423
f 6422 6426 6424
f 6423 6424 6699
f 6359 6423 6699
f 6424 6700 6699
f 6424 6426 6425
f 6424 6425 6700
f 6419 6426 6422
f 6420 6427 6426
f 6425 6426 6427
f 6420 6421 6427
f 6421 6438 6429
f 6421 6429 6427
f 6425 6427 6428
f 6427 6429 6428
f 6428 6429 6704
f 6429 6440 6704
f 6393 6430 6418
f 6394 6431 6430
f 6394 6395 6431
f 6395 6433 6432
f 6395 6432 6431
f 6421 6430 6431
f 6431 6432 6438
f 6421 6431 6438
f 6432 6439 6438
f 6432 6435 6439
f 6432 6433 6435
f 6433 6434 6435
f 6399 6436 6434
f 6434 6436 6437
f 6434 6437 6435
f 6435 6437 6441
f 6436 6443 6437
f 6436 6864 6443
f 6429 6438 6440
f 6438 6439 6440
f 6435 6441 6439
f 6439 6441 6442
f 6439 6442 6440
f 6440 6442 6705
f 6441 6715 6442
f 6441 6444 6715
f 6444 6718 6715
f 6437 6443 6444
f 6437 6444 6441
f 6443 6445 6444
f 6443 6871 6445
f 6444 6445 6718
f 6445 6871 6446
f 6445 6446 6719
f 4629 6315 6891
f 6447 6450 6448
f 6448 6451 6449
f 6449 6452 6453
f 6448 6450 6451
f 6449 6451 6452
f 6453 6455 6454
f 6454 6456 6463
f 6452 6455 6453
f 6454 6455 6456
f 6456 6464 6463
f 6450 6457 6451
f 6451 6457 6458
f 6451 6458 6452
f 6452 6459 6455
f 6452 6458 6459
f 6457 6477 6458
f 6458 6478 6459
f 6459 6479 6460
f 6455 6459 6460
f 6455 6460 6456
f 6456 6460 6461
f 6456 6461 6464
f 6461 6462 6464
f 6460 6480 6461
f 6461 6481 6462
f 6463 6464 6465
f 6464 6467 6465
f 6462 6467 6464
f 6462 6473 6467
f 6462 6482 6473
f 6465 6467 6466
f 6466 6468 6469
f 6466 6467 6468
f 6469 6471 6470
f 6470 6472 6569
f 6468 6471 6469
f 6470 6471 6472
f 6472 6570 6569
f 6467 6473 6468
f 6468 6474 6471
f 6468 6473 6474
f 6471 6474 6475
f 6473 6495 6474
f 6474 6496 6475
f 6471 6475 6472
f 6472 6475 6476
f 6472 6476 6570
f 6476 6577 6570
f 6458 6477 6478
f 6459 6478 6479
f 6477 6483 6478
f 6478 6483 6484
f 6478 6484 6479
f 6479 6488 6480
f 6479 6484 6488
f 6460 6479 6480
f 6461 6480 6481
f 6462 6481 6482
f 6480 6490 6481
f 6480 6488 6490
f 6481 6490 6491
f 6481 6491 6482
f 6482 6492 6495
f 6482 6491 6492
f 6492 6494 6495
f 6483 6485 6484
f 6484 6486 6488
f 6484 6485 6486
f 6486 6487 6488
f 6487 6490 6488
f 6487 6489 6490
f 6489 6491 6490
f 6491 6493 6492
f 6489 6493 6491
f 6492 6493 6526
f 6492 6526 6494
f 6494 6526 6534
f 6473 6482 6495
f 6474 6495 6496
f 6475 6496 6497
f 6494 6496 6495
f 6496 6500 6497
f 6475 6497 6476
f 6476 6497 6498
f 6476 6498 6577
f 6498 6499 6577
f 6497 6501 6498
f 6498 6502 6499
f 6494 6500 6496
f 6497 6500 6501
f 6494 6534 6500
f 6500 6540 6501
f 6500 6534 6540
f 6501 6540 6541
f 6501 6541 6502
f 6498 6501 6502
f 6499 6502 6503
f 6502 6542 6503
f 6503 6543 6592
f 6504 6529 6528
f 6504 6505 6529
f 6505 6506 6530
f 6504 6507 6505
f 6505 6508 6506
f 6506 6509 6510
f 6505 6507 6508
f 6506 6508 6509
f 6510 6511 6550
f 6509 6511 6510
f 6511 6512 6550
f 6508 6513 6514
f 6513 6629 6514
f 6514 6630 6515
f 6515 6631 6517
f 6507 6513 6508
f 6508 6514 6509
f 6509 6515 6511
f 6509 6514 6515
f 6517 6632 6518
f 6511 6517 6512
f 6511 6515 6517
f 6512 6517 6518
f 6512 6518 6516
f 6516 6519 6556
f 6518 6633 6519
f 6516 6518 6519
f 6519 6520 6556
f 6485 6521 6486
f 6486 6521 6522
f 6486 6522 6487
f 6487 6523 6489
f 6487 6522 6523
f 6521 6528 6522
f 6522 6529 6523
f 6523 6530 6524
f 6489 6524 6493
f 6489 6523 6524
f 6493 6524 6525
f 6524 6531 6525
f 6493 6525 6526
f 6526 6527 6534
f 6525 6527 6526
f 6527 6535 6534
f 6522 6528 6529
f 6523 6529 6530
f 6505 6530 6529
f 6506 6531 6530
f 6524 6530 6531
f 6525 6531 6532
f 6525 6532 6527
f 6527 6532 6533
f 6510 6532 6531
f 6506 6510 6531
f 6510 6550 6532
f 6532 6550 6533
f 6533 6551 6537
f 6527 6533 6535
f 6533 6537 6535
f 6534 6535 6540
f 6535 6536 6540
f 6535 6537 6536
f 6536 6537 6538
f 6536 6538 6545
f 6537 6552 6538
f 6538 6539 6545
f 6536 6541 6540
f 6502 6541 6542
f 6536 6545 6541
f 6541 6545 6542
f 6542 6545 6546
f 6503 6542 6543
f 6543 6544 6592
f 6542 6546 6543
f 6543 6546 6548
f 6543 6548 6544
f 6539 6546 6545
f 6546 6547 6548
f 6539 6547 6546
f 6547 6561 6548
f 6544 6548 6549
f 6548 6561 6549
f 6549 6561 6563
f 6549 6563 6604
f 6533 6550 6551
f 6537 6551 6552
f 6512 6551 6550
f 6516 6552 6551
f 6512 6516 6551
f 6516 6556 6552
f 6552 6556 6553
f 6538 6552 6553
f 6538 6553 6539
f 6539 6553 6554
f 6539 6554 6547
f 6547 6554 6555
f 6553 6557 6554
f 6554 6558 6555
f 6520 6557 6556
f 6553 6556 6557
f 6520 6669 6557
f 6557 6669 6558
f 6558 6669 6670
f 6558 6670 6559
f 6554 6557 6558
f 6555 6558 6559
f 6555 6559 6562
f 6559 6560 6562
f 6559 6671 6560
f 6547 6555 6561
f 6561 6562 6563
f 6555 6562 6561
f 6562 6565 6563
f 6563 6564 6604
f 6563 6565 6564
f 6564 6565 6567
f 6564 6567 6611
f 6560 6565 6562
f 6560 6566 6565
f 6565 6566 6567
f 6566 6678 6567
f 6567 6568 6611
f 6567 6678 6568
f 6568 6678 6680
f 6568 6680 6614
f 6569 6570 6571
f 6570 6572 6571
f 6571 6572 6573
f 6573 6575 6574
f 6572 6575 6573
f 6574 6575 6576
f 6570 6577 6572
f 6572 6577 6578
f 6572 6578 6575
f 6575 6579 6576
f 6575 6578 6579
f 6576 6579 6580
f 6574 6576 6581
f 6581 6582 6583
f 6576 6582 6581
f 6582 6585 6583
f 6583 6585 6584
f 6584 6585 6588
f 6576 6580 6582
f 6582 6586 6585
f 6580 6586 6582
f 6585 6586 6587
f 6585 6587 6588
f 6587 6598 6588
f 6499 6578 6577
f 6499 6589 6578
f 6499 6503 6589
f 6578 6589 6579
f 6579 6589 6590
f 6579 6590 6580
f 6580 6591 6586
f 6580 6590 6591
f 6503 6592 6589
f 6589 6592 6590
f 6590 6592 6593
f 6544 6593 6592
f 6590 6593 6591
f 6591 6593 6594
f 6591 6594 6596
f 6594 6595 6596
f 6586 6596 6587
f 6586 6591 6596
f 6587 6596 6597
f 6587 6597 6598
f 6597 6600 6598
f 6595 6597 6596
f 6597 6599 6600
f 6595 6599 6597
f 6599 6609 6600
f 6544 6601 6593
f 6593 6601 6594
f 6544 6549 6601
f 6601 6604 6602
f 6594 6602 6595
f 6594 6601 6602
f 6595 6602 6603
f 6549 6604 6601
f 6602 6604 6605
f 6564 6605 6604
f 6605 6611 6606
f 6602 6605 6603
f 6603 6605 6606
f 6603 6606 6608
f 6606 6607 6608
f 6595 6603 6599
f 6599 6608 6609
f 6599 6603 6608
f 6608 6610 6609
f 6607 6610 6608
f 6607 6617 6610
f 6564 6611 6605
f 6606 6611 6612
f 6568 6612 6611
f 6606 6612 6607
f 6607 6612 6613
f 6607 6613 6617
f 6568 6614 6612
f 6612 6614 6613
f 6614 6681 6615
f 6613 6614 6615
f 6613 6615 6618
f 6615 6616 6618
f 6613 6618 6617
f 6891 6318 6293
f 6891 6283 6282
f 6891 6285 6284
f 6891 6282 6285
f 6891 6286 6283
f 6891 6287 6286
f 6891 6289 6287
f 6891 6298 6297
f 6891 6288 6289
f 6891 6297 6288
f 6891 6295 6291
f 6891 6293 6292
f 6891 6292 6294
f 6891 6294 6296
f 6891 6296 6295
f 6891 6291 6290
f 6891 6290 6298
f 6619 6620 6630
f 6622 6644 6623
f 6623 6644 6645
f 6623 6645 6624
f 6624 6645 6646
f 6620 6622 6623
f 6619 6622 6620
f 6621 6623 6624
f 6620 6623 6621
f 6621 6624 6625
f 6624 6646 6626
f 6624 6626 6625
f 6626 6627 6635
f 6625 6626 6635
f 6626 6647 6627
f 6627 6648 6628
f 6627 6628 6636
f 6514 6629 6630
f 6619 6630 6629
f 6620 6631 6630
f 6515 6630 6631
f 6620 6621 6631
f 6621 6632 6631
f 6517 6631 6632
f 6518 6632 6633
f 6625 6633 6632
f 6621 6625 6632
f 6625 6635 6633
f 6634 6635 6636
f 6633 6635 6634
f 6634 6636 6637
f 6519 6633 6634
f 6519 6634 6520
f 6520 6634 6637
f 6627 6636 6635
f 6628 6640 6636
f 6636 6640 6637
f 6628 6660 6640
f 6520 6637 6669
f 6637 6638 6669
f 6637 6640 6638
f 6638 6639 6670
f 6641 6660 6661
f 6640 6660 6641
f 6641 6661 6642
f 6638 6640 6641
f 6638 6641 6639
f 6639 6641 6642
f 6639 6642 6674
f 6642 6662 6643
f 6642 6643 6674
f 6347 6645 6644
f 6348 6646 6645
f 6349 6647 6646
f 6347 6348 6645
f 6348 6349 6646
f 6626 6646 6647
f 6349 6649 6647
f 6648 6649 6650
f 6647 6649 6648
f 6648 6650 6651
f 6650 6652 6651
f 6651 6652 6653
f 6627 6647 6648
f 6628 6648 6651
f 6651 6653 6660
f 6628 6651 6660
f 6358 6655 6652
f 6652 6655 6653
f 6358 6359 6655
f 6653 6661 6660
f 6653 6655 6654
f 6653 6654 6661
f 6359 6656 6655
f 6359 6699 6656
f 6656 6699 6658
f 6654 6655 6656
f 6654 6656 6657
f 6656 6658 6657
f 6657 6658 6665
f 6658 6700 6659
f 6658 6659 6665
f 6654 6662 6661
f 6642 6661 6662
f 6654 6657 6662
f 6657 6665 6663
f 6657 6663 6662
f 6663 6665 6664
f 6643 6662 6663
f 6643 6663 6686
f 6663 6664 6686
f 6664 6667 6687
f 6664 6665 6666
f 6659 6666 6665
f 6659 6702 6666
f 6666 6702 6668
f 6664 6666 6667
f 6666 6668 6667
f 6667 6668 6690
f 6668 6710 6690
f 6638 6670 6669
f 6559 6670 6671
f 6639 6671 6670
f 6639 6674 6671
f 6671 6674 6672
f 6672 6674 6675
f 6560 6671 6672
f 6560 6672 6566
f 6566 6672 6673
f 6672 6675 6673
f 6643 6675 6674
f 6643 6686 6675
f 6675 6686 6676
f 6676 6686 6687
f 6673 6675 6676
f 6673 6676 6679
f 6676 6677 6679
f 6676 6687 6677
f 6566 6673 6678
f 6678 6679 6680
f 6673 6679 6678
f 6679 6682 6680
f 6614 6680 6681
f 6680 6682 6681
f 6681 6684 6734
f 6677 6682 6679
f 6682 6683 6684
f 6677 6683 6682
f 6683 6693 6684
f 6681 6682 6684
f 6684 6685 6734
f 6684 6693 6685
f 6685 6694 6736
f 6664 6687 6686
f 6667 6688 6687
f 6667 6690 6688
f 6688 6690 6689
f 6677 6687 6688
f 6677 6688 6683
f 6683 6688 6689
f 6689 6690 6691
f 6690 6710 6691
f 6691 6710 6726
f 6691 6726 6692
f 6689 6691 6696
f 6691 6692 6696
f 6692 6697 6696
f 6692 6729 6697
f 6683 6689 6693
f 6689 6696 6693
f 6693 6696 6694
f 6694 6696 6697
f 6685 6693 6694
f 6694 6695 6736
f 6694 6697 6695
f 6697 6729 6698
f 6695 6697 6698
f 6658 6699 6700
f 6659 6700 6701
f 6425 6701 6700
f 6425 6428 6701
f 6428 6703 6701
f 6659 6701 6702
f 6702 6703 6708
f 6701 6703 6702
f 6703 6706 6708
f 6428 6704 6703
f 6703 6704 6706
f 6704 6705 6706
f 6440 6705 6704
f 6705 6707 6706
f 6705 6714 6707
f 6707 6714 6711
f 6668 6702 6708
f 6668 6708 6710
f 6708 6709 6710
f 6706 6709 6708
f 6709 6726 6710
f 6709 6712 6726
f 6712 6727 6726
f 6712 6713 6727
f 6706 6707 6709
f 6707 6711 6712
f 6707 6712 6709
f 6711 6721 6713
f 6711 6713 6712
f 6713 6721 6730
f 6722 6731 6730
f 6442 6714 6705
f 6442 6715 6714
f 6714 6715 6716
f 6715 6718 6716
f 6711 6714 6716
f 6716 6717 6721
f 6716 6718 6717
f 6445 6719 6718
f 6446 6877 6720
f 6446 6720 6719
f 6717 6718 6719
f 6719 6720 6724
f 6717 6719 6724
f 6720 6879 6725
f 6711 6716 6721
f 6717 6722 6721
f 6717 6724 6722
f 6722 6724 6723
f 6721 6722 6730
f 6722 6723 6731
f 6720 6725 6724
f 6723 6724 6725
f 6692 6726 6727
f 6713 6728 6727
f 6692 6727 6729
f 6728 6733 6729
f 6727 6728 6729
f 6728 6732 6733
f 6713 6730 6728
f 6728 6730 6732
f 6730 6731 6732
f 6698 6729 6733
f 6615 6681 6734
f 6615 6734 6616
f 6616 6734 6735
f 6685 6735 6734
f 6685 6736 6735
f 6891 6315 6317
f 6891 6317 6318
f 6737 6738 6740
f 6738 6739 6741
f 6738 6741 6740
f 6739 6745 6741
f 6740 6741 6748
f 6741 6749 6748
f 6739 6742 6745
f 6742 6743 6746
f 6742 6746 6745
f 6743 6744 6747
f 6743 6747 6746
f 6744 6755 6756
f 6744 6756 6747
f 6741 6745 6749
f 6745 6746 6750
f 6745 6750 6749
f 6746 6747 6751
f 6746 6751 6750
f 6747 6756 6763
f 6747 6763 6751
f 6748 6749 6752
f 6749 6750 6753
f 6749 6753 6752
f 6750 6751 6754
f 6750 6754 6753
f 6751 6763 6764
f 6751 6764 6754
f 6752 6753 6791
f 6753 6792 6791
f 6753 6754 6792
f 6754 6794 6792
f 6754 6764 6794
f 6755 6757 6760
f 6755 6760 6756
f 6756 6760 6766
f 6756 6766 6763
f 6757 6758 6761
f 6757 6761 6760
f 6758 6759 6762
f 6759 6772 6773
f 6758 6762 6761
f 6759 6773 6762
f 6760 6767 6766
f 6760 6761 6767
f 6761 6768 6767
f 6761 6762 6768
f 6762 6773 6782
f 6762 6782 6768
f 6763 6766 6765
f 6763 6765 6764
f 6764 6765 6795
f 6766 6767 6769
f 6765 6766 6769
f 6767 6768 6770
f 6768 6782 6771
f 6765 6769 6799
f 6767 6770 6769
f 6769 6770 6800
f 6768 6771 6770
f 6770 6771 6801
f 6772 6774 6776
f 6772 6776 6773
f 6773 6783 6782
f 6773 6776 6783
f 6774 6775 6777
f 6774 6777 6776
f 6776 6777 6784
f 6775 6778 6780
f 6775 6780 6777
f 6778 6779 6781
f 6778 6781 6780
f 6777 6780 6787
f 6780 6781 6788
f 6782 6783 6785
f 6771 6782 6785
f 6771 6785 6814
f 6776 6784 6783
f 6783 6784 6786
f 6783 6786 6785
f 6784 6789 6786
f 6777 6787 6784
f 6780 6788 6787
f 6784 6787 6789
f 6781 6831 6788
f 6787 6790 6789
f 6787 6788 6790
f 6788 6833 6790
f 6791 6792 6793
f 6792 6794 6796
f 6792 6796 6793
f 6793 6796 6804
f 6342 6793 6804
f 6764 6795 6794
f 6765 6799 6795
f 6794 6795 6797
f 6795 6799 6798
f 6794 6797 6796
f 6796 6797 6805
f 6795 6798 6797
f 6797 6798 6806
f 6769 6800 6799
f 6799 6800 6802
f 6770 6801 6800
f 6771 6814 6801
f 6798 6799 6802
f 6800 6803 6802
f 6800 6801 6803
f 6801 6814 6812
f 6801 6812 6803
f 6796 6805 6804
f 6804 6805 6808
f 6797 6806 6805
f 6798 6807 6806
f 6346 6804 6808
f 6805 6806 6809
f 6805 6809 6808
f 6806 6807 6810
f 6806 6810 6809
f 6807 6840 6810
f 6798 6802 6807
f 6802 6803 6811
f 6802 6811 6807
f 6803 6812 6813
f 6803 6813 6811
f 6807 6811 6840
f 6811 6841 6840
f 6811 6813 6841
f 6812 6821 6813
f 6813 6821 6842
f 6785 6815 6814
f 6785 6786 6815
f 6786 6789 6816
f 6786 6816 6815
f 6814 6815 6819
f 6812 6814 6819
f 6815 6816 6820
f 6815 6820 6819
f 6789 6790 6817
f 6789 6817 6816
f 6790 6833 6818
f 6790 6818 6817
f 6816 6823 6820
f 6816 6817 6823
f 6817 6818 6824
f 6812 6819 6821
f 6819 6822 6821
f 6819 6820 6822
f 6821 6822 6854
f 6820 6825 6822
f 6817 6824 6823
f 6820 6823 6825
f 6823 6824 6826
f 6818 6836 6824
f 6823 6826 6825
f 6824 6836 6856
f 6824 6856 6826
f 6779 6827 6829
f 6779 6829 6781
f 6827 6830 6829
f 6827 6828 6830
f 6781 6829 6831
f 6829 6830 6832
f 6829 6832 6831
f 6788 6831 6833
f 6831 6834 6833
f 6831 6832 6834
f 6833 6834 6835
f 6818 6833 6835
f 6818 6835 6836
f 6808 6809 6837
f 6809 6838 6837
f 6809 6810 6838
f 6810 6840 6839
f 6810 6839 6838
f 6839 6840 6843
f 6837 6838 6846
f 6838 6847 6846
f 6838 6839 6847
f 6839 6843 6848
f 6840 6841 6843
f 6813 6842 6841
f 6841 6842 6844
f 6841 6844 6843
f 6843 6844 6851
f 6842 6845 6844
f 6399 6846 6847
f 6847 6848 6849
f 6839 6848 6847
f 6399 6847 6849
f 6399 6849 6436
f 6848 6850 6849
f 6848 6851 6850
f 6850 6851 6866
f 6843 6851 6848
f 6844 6852 6851
f 6844 6845 6852
f 6845 6853 6852
f 6851 6852 6866
f 6852 6867 6866
f 6852 6853 6867
f 6821 6854 6842
f 6822 6855 6854
f 6822 6825 6855
f 6825 6857 6855
f 6842 6854 6845
f 6854 6855 6859
f 6845 6854 6859
f 6855 6857 6860
f 6855 6860 6859
f 6825 6826 6857
f 6826 6858 6857
f 6826 6856 6858
f 6857 6858 6863
f 6845 6859 6853
f 6859 6860 6861
f 6860 6863 6862
f 6853 6859 6861
f 6853 6861 6868
f 6860 6862 6861
f 6857 6863 6860
f 6436 6849 6864
f 6849 6850 6864
f 6850 6866 6865
f 6850 6865 6864
f 6443 6864 6871
f 6864 6865 6871
f 6865 6866 6869
f 6865 6869 6872
f 6866 6867 6869
f 6853 6868 6867
f 6867 6870 6869
f 6867 6868 6870
f 6868 6874 6870
f 6865 6872 6871
f 6446 6871 6872
f 6869 6873 6872
f 6446 6872 6877
f 6872 6873 6877
f 6873 6878 6877
f 6873 6875 6878
f 6869 6870 6873
f 6870 6875 6873
f 6870 6874 6875
f 6861 6876 6868
f 6861 6862 6876
f 6868 6876 6874
f 4618 6902 6903
f 4618 6903 6904
f 4618 6904 6905
f 4618 6905 6906
f 4618 6906 6907
f 4618 6907 6908
f 4618 6908 6909
f 4618 6909 6911
f 4618 6911 6910
f 4618 6910 6912
f 4618 6916 6939
f 4618 6913 6917
f 4618 6917 6914
f 4618 6912 6913
f 4618 6914 6915
f 4618 6915 6916
f 4629 6941 6940
f 4629 6942 6941
f 4629 6943 6942
f 4629 6944 6943
f 4629 6945 6944
f 4629 6946 6945
f 4629 6947 6946
f 4629 6949 6947
f 4629 6948 6949
f 4629 6950 6948
f 4629 6977 6954
f 4629 6955 6951
f 4629 6952 6955
f 4629 6951 6950
f 4629 6953 6952
f 4629 6954 6953
f 6720 6877 6879
f 6877 6878 6879
f 4618 6923 6922
f 4618 6886 6885
f 6828 6885 6830
f 4618 6887 6886
f 4618 6888 6887
f 6832 6884 6834
f 6830 6884 6832
f 4618 6889 6888
f 4618 6890 6889
f 4618 6918 6890
f 4618 6919 6918
f 4618 6920 6919
f 4618 6921 6920
f 4618 6922 6921
f 6856 6880 6858
f 6858 6880 6863
f 6862 6863 6880
f 6862 6880 6876
f 6874 6876 6880
f 6874 6880 6875
f 6875 6880 6878
f 6834 6883 6835
f 6835 6882 6836
f 6836 6881 6856
f 4629 6960 6961
f 4629 6891 6892
f 4629 6892 6893
f 4629 6893 6894
f 4629 6894 6895
f 4629 6895 6896
f 4629 6896 6897
f 4629 6897 6898
f 4629 6898 6899
f 4629 6899 6900
f 4629 6900 6901
f 4629 6901 6956
f 4629 6956 6957
f 4629 6957 6958
f 4629 6958 6959
f 4629 6959 6960
f 4618 6937 6933
f 4618 6924 6923
f 4618 6925 6924
f 4618 6926 6925
f 4618 6927 6926
f 4618 6928 6927
f 4618 6929 6928
f 4618 6935 6929
f 4618 6933 6934
f 4618 6934 6935
f 4618 6938 6930
f 4618 6939 6938
f 4618 6930 6931
f 4618 6931 6932
f 4618 6932 6936
f 4618 6936 6937
f 4714 6940 6902
f 4629 6971 6975
f 4629 6961 6962
f 4629 6962 6963
f 4629 6963 6964
f 4629 6964 6965
f 4629 6965 6966
f 4629 6966 6967
f 4629 6967 6973
f 4629 6972 6971
f 4629 6973 6972
f 4629 6968 6976
f 4629 6976 6977
f 4629 6969 6968
f 4629 6970 6969
f 4629 6974 6970
f 4629 6975 6974
f 6039 6042 6880
f 6042 6053 6880
f 6053 6584 6880
f 6584 6588 6880
f 6588 6598 6880
f 6153 6891 6284
f 6598 6600 6880
f 6600 6609 6880
f 6609 6610 6880
f 6610 6617 6880
f 6617 6618 6880
f 6616 6880 6618
f 6732 6880 6733
f 6731 6880 6732
f 6735 6736 6880
f 6695 6880 6736
f 6616 6735 6880
f 6695 6698 6880
f 6698 6733 6880
f 6153 6880 6891
f 6878 6880 6879
f 6725 6879 6880
f 6723 6880 6731
f 6723 6725 6880
f 6830 6885 6884
f 6834 6884 6883
f 6836 6882 6881
f 6835 6883 6882
f 6856 6881 6880
f 6880 6881 6891
f 6881 6882 6892
f 6882 6883 6893
f 6883 6884 6894
f 6884 6885 6895
f 6885 6886 6896
f 6886 6887 6897
f 6887 6888 6898
f 6888 6889 6899
f 6889 6890 6900
f 6890 6918 6901
f 6881 6892 6891
f 6882 6893 6892
f 6883 6894 6893
f 6884 6895 6894
f 6885 6896 6895
f 6886 6897 6896
f 6888 6899 6898
f 6887 6898 6897
f 6889 6900 6899
f 6890 6901 6900
f 6902 6941 6903
f 6903 6942 6904
f 6904 6943 6905
f 6905 6944 6906
f 6906 6945 6907
f 6907 6946 6908
f 6908 6947 6909
f 6909 6949 6911
f 6910 6950 6912
f 6910 6911 6948
f 6912 6951 6913
f 6913 6955 6917
f 6914 6917 6952
f 6914 6953 6915
f 6916 6977 6939
f 6915 6954 6916
f 6918 6919 6956
f 6919 6920 6957
f 6920 6921 6958
f 6921 6922 6959
f 6922 6923 6960
f 6924 6925 6962
f 6923 6924 6961
f 6925 6926 6963
f 6926 6927 6964
f 6927 6928 6965
f 6928 6929 6966
f 6930 6969 6931
f 6931 6970 6932
f 6933 6937 6971
f 6929 6935 6967
f 6934 6973 6935
f 6933 6972 6934
f 6936 6975 6937
f 6932 6974 6936
f 6938 6939 6976
f 6930 6938 6968
f 6902 6940 6941
f 6903 6941 6942
f 6904 6942 6943
f 6905 6943 6944
f 6906 6944 6945
f 6907 6945 6946
f 6908 6946 6947
f 6909 6947 6949
f 6910 6948 6950
f 6911 6949 6948
f 6912 6950 6951
f 6913 6951 6955
f 6914 6952 6953
f 6915 6953 6954
f 6916 6954 6977
f 6917 6955 6952
f 6923 6961 6960
f 6919 6957 6956
f 6920 6958 6957
f 6901 6918 6956
f 6921 6959 6958
f 6922 6960 6959
f 6924 6962 6961
f 6925 6963 6962
f 6926 6964 6963
f 6927 6965 6964
f 6928 6966 6965
f 6929 6967 6966
f 6932 6970 6974
f 6931 6969 6970
f 6930 6968 6969
f 6937 6975 6971
f 6934 6972 6973
f 6935 6973 6967
f 6933 6971 6972
f 6936 6974 6975
f 6939 6977 6976
f 6938 6976 6968
f 3901 3904 3902
f 3901 3903 3904
f 3905 3906 3907
f 3907 3906 3908
f 3905 3907 3911
f 3905 3912 3906
f 3907 3908 3915
f 3901 3902 3911
f 3901 3913 3909
f 3909 3914 3910
f 3911 3902 3912
f 3901 3911 3913
f 3909 3913 3914
f 3901 4614 3903
f 3901 3909 4612
f 3903 4615 3904
f 3909 3910 4612
f 3907 3915 3911
f 3905 3911 3912
f 3911 3915 3913
f 3915 3919 3913
f 3915 3908 3917
f 3915 3917 3916
f 3916 3917 3918
f 3915 3920 3919
f 3915 3916 3920
f 3919 3922 3921
f 3916 3918 3920
f 3919 3920 3922
f 3920 3918 3922
f 3913 3919 4616
f 3913 4613 3914
f 3919 3921 4617
f 4455 4462 4454
f 4455 4456 4463
f 4456 4457 4464
f 4458 4459 4466
f 4457 4458 4465
f 4459 4460 4467
f 4460 5006 5014
f 4454 4462 4461
f 4455 4463 4462
f 4456 4464 4463
f 4457 4465 4464
f 4458 4466 4465
f 4459 4467 4466
f 4460 5014 4467
f 4468 4483 4469
f 4469 4484 4470
f 4470 4485 4471
f 4471 4486 4472
f 4469 4483 4484
f 4470 4484 4485
f 4471 4485 4486
f 4473 4472 4487
f 4473 4488 4474
f 4474 4489 4475
f 4475 4490 4476
f 4476 4491 4477
f 4477 4492 4478
f 4478 4493 4479
f 4479 4494 4480
f 4480 4495 4481
f 4481 4496 4482
f 4472 4486 4487
f 4473 4487 4488
f 4474 4488 4489
f 4475 4489 4490
f 4476 4490 4491
f 4477 4491 4492
f 4478 4492 4493
f 4479 4493 4494
f 4480 4494 4495
f 4481 4495 4496
f 4482 4496 4497
f 4503 4531 4504
f 4504 4531 4454
f 4455 4454 4531
f 4455 4531 4456
f 4457 4531 4458
f 4458 4531 4459
f 4456 4531 4457
f 4459 4531 4460
f 4460 4531 5006
f 4500 4531 4501
f 4499 4531 4500
f 4498 4531 4499
f 4505 4531 4506
f 4498 4506 4531
f 4468 4531 4505
f 4468 4469 4531
f 4469 4470 4531
f 4471 4472 4531
f 4473 4531 4472
f 4473 4474 4531
f 4474 4475 4531
f 4475 4476 4531
f 4476 4477 4531
f 4477 4478 4531
f 4470 4471 4531
f 4502 4501 4531
f 4502 4531 4503
f 4500 4501 4510
f 4498 4507 4506
f 4498 4499 4508
f 4499 4500 4509
f 4502 4503 4512
f 4502 4511 4501
f 4503 4504 4513
f 4504 4454 4461
f 4505 4506 4515
f 4468 4505 4514
f 4506 4507 4515
f 4499 4509 4508
f 4500 4510 4509
f 4498 4508 4507
f 4501 4511 4510
f 4502 4512 4511
f 4503 4513 4512
f 4504 4461 4513
f 4505 4515 4514
f 4468 4514 4483
f 4478 4479 4531
f 4479 4480 4531
f 4480 4481 4531
f 4481 4482 4531
f 4482 4516 4531
f 4516 4517 4531
f 4517 4518 4531
f 4518 4519 4531
f 4519 4520 4531
f 4520 4521 4531
f 4521 4522 4531
f 4522 4523 4531
f 4523 4524 4531
f 4524 4525 4531
f 4525 4526 4531
f 4526 4527 4531
f 4527 4528 4531
f 4528 4529 4531
f 4529 4530 4531
f 4482 4497 4516
f 4516 4532 4517
f 4517 4533 4518
f 4518 4534 4519
f 4519 4535 4520
f 4520 4536 4521
f 4521 4537 4522
f 4522 4538 4523
f 4523 4539 4524
f 4524 4540 4525
f 4516 4497 4532
f 4517 4532 4533
f 4518 4533 4534
f 4519 4534 4535
f 4520 4535 4536
f 4521 4536 4537
f 4522 4537 4538
f 4523 4538 4539
f 4524 4539 4540
f 4525 4540 4541
f 4525 4541 4526
f 4526 4542 4527
f 4527 4543 4528
f 4528 4544 4529
f 4529 4545 4530
f 4530 4546 4531
f 4531 4547 5070
f 4526 4541 4542
f 4527 4542 4543
f 4528 4543 4544
f 4529 4544 4545
f 4530 4545 4546
f 4531 4546 4547
f 5070 4547 5087
f 3901 4612 4614
f 4612 3910 4613
f 3903 4614 4615
f 3913 4612 4613
f 3913 4616 4612
f 3919 4617 4616
f 4612 4616 4614
f 4614 4617 4615
f 4614 4616 4617
f 5006 5007 5015
f 5007 5008 5016
f 5008 5009 5017
f 5009 5010 5018
f 5010 5011 5019
f 5011 5012 5020
f 5012 5013 5021
f 5006 5015 5014
f 5007 5016 5015
f 5008 5017 5016
f 5009 5018 5017
f 5010 5019 5018
f 5011 5020 5019
f 5012 5021 5020
f 5006 4531 5007
f 5007 4531 5008
f 5008 4531 5009
f 5009 4531 5010
f 5010 4531 5011
f 5011 4531 5012
f 5012 4531 5013
f 5013 4531 5022
f 5022 4531 5023
f 5023 4531 5024
f 5024 4531 5025
f 5025 4531 5026
f 5026 4531 5027
f 5027 4531 5028
f 5028 4531 5029
f 5029 4531 5030
f 5030 4531 5040
f 5040 4531 5041
f 5041 4531 5042
f 5042 4531 5043
f 5043 4531 5044
f 5044 4531 5045
f 5045 4531 5046
f 5046 4531 5047
f 5047 4531 5048
f 5048 4531 5049
f 5049 4531 5050
f 5013 5022 5031
f 5022 5023 5032
f 5023 5024 5033
f 5024 5025 5034
f 5025 5026 5035
f 5026 5027 5036
f 5027 5028 5037
f 5028 5029 5038
f 5029 5030 5039
f 5030 5040 5055
f 5013 5031 5021
f 5022 5032 5031
f 5023 5033 5032
f 5024 5034 5033
f 5025 5035 5034
f 5026 5036 5035
f 5027 5037 5036
f 5028 5038 5037
f 5029 5039 5038
f 5030 5055 5039
f 5040 5041 5056
f 5041 5042 5057
f 5042 5043 5058
f 5040 5056 5055
f 5041 5057 5056
f 5042 5058 5057
f 5043 5059 5058
f 5043 5044 5059
f 5044 5045 5060
f 5045 5046 5061
f 5046 5047 5062
f 5047 5048 5063
f 5048 5049 5064
f 5049 5050 5065
f 5051 5066 5050
f 5052 5053 5068
f 5051 5052 5067
f 5054 5069 5053
f 5044 5060 5059
f 5045 5061 5060
f 5046 5062 5061
f 5047 5063 5062
f 5048 5064 5063
f 5049 5065 5064
f 5050 5066 5065
f 5052 5068 5067
f 5051 5067 5066
f 5053 5069 5068
f 4531 5070 5071
f 4531 5071 5072
f 4531 5072 5073
f 4531 5073 5077
f 4531 5077 5074
f 4531 5074 5075
f 4531 5075 5076
f 4531 5085 5084
f 4531 5076 5085
f 4531 5078 5083
f 4531 5086 5078
f 4531 5084 5086
f 5051 5050 4531
f 5051 4531 5052
f 5052 4531 5053
f 5054 5053 4531
f 5079 4531 5080
f 4531 5082 5081
f 4531 5081 5080
f 5054 4531 5079
f 4531 5083 5082
f 5070 5087 5071
f 5071 5088 5072
f 5072 5089 5073
f 5073 5090 5077
f 5074 5091 5075
f 5075 5092 5076
f 5077 5094 5074
f 5071 5087 5088
f 5072 5088 5089
f 5073 5089 5090
f 5075 5091 5092
f 5076 5092 5093
f 5077 5090 5094
f 5074 5094 5091
f 5078 5086 5103
f 5054 5079 5096
f 5080 5081 5098
f 5079 5080 5097
f 5083 5100 5082
f 5082 5099 5081
f 5078 5095 5083
f 5084 5085 5102
f 5076 5093 5085
f 5084 5101 5086
f 5078 5103 5095
f 5054 5096 5069
f 5079 5097 5096
f 5080 5098 5097
f 5081 5099 5098
f 5082 5100 5099
f 5083 5095 5100
f 5084 5102 5101
f 5085 5093 5102
f 5086 5101 5103
f 5689 5694 5690
f 5690 5695 5691
f 5691 5696 5692
f 5692 5697 5693
f 5690 5694 5695
f 5692 5696 5697
f 5691 5695 5696
f 5693 5697 5698
f 5712 5766 5711
f 5711 5766 5713
f 5713 5766 5699
f 5699 5766 5700
f 5701 5700 5766
f 5701 5766 5702
f 5702 5766 5703
f 5703 5766 5704
f 5704 5766 5705
f 5705 5766 5706
f 5706 5766 6221
f 5713 5699 5715
f 5699 5700 5716
f 5699 5716 5715
f 5701 5702 5718
f 5701 5717 5700
f 5702 5703 5719
f 5703 5704 5720
f 5704 5705 5721
f 5705 5706 5722
f 5706 6221 6238
f 5700 5717 5716
f 5701 5718 5717
f 5702 5719 5718
f 5703 5720 5719
f 5704 5721 5720
f 5705 5722 5721
f 5706 6238 5722
f 5707 5712 5728
f 5710 5707 5723
f 5714 5709 5725
f 5708 5724 5709
f 5708 5710 5726
f 5712 5711 5727
f 5711 5713 5729
f 5689 5714 5730
f 5707 5728 5723
f 5714 5725 5730
f 5709 5724 5725
f 5710 5723 5726
f 5708 5726 5724
f 5712 5727 5728
f 5711 5729 5727
f 5713 5715 5729
f 5689 5730 5694
f 5731 5693 5698
f 5731 5741 5732
f 5732 5742 5733
f 5733 5743 5734
f 5734 5744 5735
f 5735 5745 5736
f 5736 5746 5737
f 5737 5747 5738
f 5738 5748 5739
f 5739 5749 5740
f 5731 5698 5741
f 5732 5741 5742
f 5733 5742 5743
f 5734 5743 5744
f 5735 5744 5745
f 5736 5745 5746
f 5737 5746 5747
f 5738 5747 5748
f 5739 5748 5749
f 5740 5749 5750
f 5708 5709 5766
f 5714 5766 5709
f 5710 5766 5707
f 5707 5766 5712
f 5708 5766 5710
f 5689 5690 5766
f 5689 5766 5714
f 5690 5691 5766
f 5691 5692 5766
f 5692 5693 5766
f 5731 5766 5693
f 5731 5732 5766
f 5732 5733 5766
f 5733 5734 5766
f 5734 5735 5766
f 5735 5736 5766
f 5736 5737 5766
f 5737 5738 5766
f 5738 5739 5766
f 5739 5740 5766
f 5740 5751 5766
f 5751 5752 5766
f 5752 5753 5766
f 5753 5754 5766
f 5754 5755 5766
f 5755 5756 5766
f 5756 5757 5766
f 5757 5758 5766
f 5758 5759 5766
f 5759 5760 5766
f 5760 5761 5766
f 5761 5762 5766
f 5762 5763 5766
f 5763 5764 5766
f 5764 5765 5766
f 5740 5750 5751
f 5751 5750 5767
f 5751 5767 5752
f 5752 5768 5753
f 5753 5769 5754
f 5754 5770 5755
f 5755 5771 5756
f 5756 5772 5757
f 5757 5773 5758
f 5758 5774 5759
f 5759 5775 5760
f 5752 5767 5768
f 5753 5768 5769
f 5754 5769 5770
f 5755 5770 5771
f 5756 5771 5772
f 5757 5772 5773
f 5758 5773 5774
f 5759 5774 5775
f 5760 5775 5776
f 5760 5776 5761
f 5761 5777 5762
f 5762 5778 5763
f 5763 5779 5764
f 5764 5780 5765
f 5765 5781 5766
f 5766 5782 6267
f 5761 5776 5777
f 5762 5777 5778
f 5763 5778 5779
f 5764 5779 5780
f 5765 5780 5781
f 5766 5781 5782
f 6267 5782 6284
f 6221 5766 6222
f 6222 5766 6223
f 6223 5766 6224
f 6224 5766 6225
f 5766 6226 6225
f 5766 6227 6226
f 5766 6228 6227
f 5766 6229 6228
f 5766 6230 6229
f 5766 6231 6230
f 5766 6232 6231
f 6221 6222 6239
f 6222 6223 6240
f 6223 6224 6241
f 6224 6225 6242
f 6225 6226 6243
f 6226 6227 6244
f 6227 6228 6245
f 6221 6239 6238
f 6222 6240 6239
f 6223 6241 6240
f 6224 6242 6241
f 6225 6243 6242
f 6226 6244 6243
f 6227 6245 6244
f 6228 6229 6246
f 6228 6246 6245
f 6229 6247 6246
f 6229 6230 6247
f 6230 6231 6248
f 6231 6232 6249
f 6232 6233 6250
f 6233 6234 6251
f 6234 6235 6252
f 6235 6236 6253
f 6236 6237 6254
f 6237 6255 6260
f 6230 6248 6247
f 6231 6249 6248
f 6232 6250 6249
f 6233 6251 6250
f 6234 6252 6251
f 6235 6253 6252
f 6236 6254 6253
f 6237 6260 6254
f 6255 6256 6261
f 6256 6257 6262
f 6257 6258 6263
f 6258 6259 6264
f 6255 6261 6260
f 6256 6262 6261
f 6257 6263 6262
f 6258 6264 6263
f 5766 6233 6232
f 5766 6234 6233
f 5766 6235 6234
f 5766 6236 6235
f 5766 6237 6236
f 5766 6255 6237
f 5766 6256 6255
f 5766 6257 6256
f 5766 6258 6257
f 5766 6259 6258
f 5766 6299 6259
f 5766 6300 6299
f 5766 6301 6300
f 5766 6302 6301
f 5766 6303 6302
f 5766 6304 6303
f 5766 6306 6304
f 5766 6274 6278
f 5766 6265 6266
f 5766 6266 6269
f 5766 6269 6270
f 5766 6270 6272
f 5766 6267 6268
f 5766 6268 6265
f 5766 6280 6281
f 5766 6272 6271
f 5766 6271 6280
f 5766 6281 6273
f 5766 6273 6274
f 5766 6307 6305
f 5766 6305 6306
f 5766 6308 6307
f 5766 6276 6308
f 5766 6275 6276
f 5766 6277 6275
f 5766 6279 6277
f 5766 6278 6279
f 6276 6293 6308
f 6308 6293 6318
f 6265 6282 6266
f 6266 6283 6269
f 6267 6284 6268
f 6268 6285 6265
f 6269 6286 6270
f 6270 6287 6272
f 6272 6289 6271
f 6266 6282 6283
f 6268 6284 6285
f 6265 6285 6282
f 6269 6283 6286
f 6270 6286 6287
f 6271 6289 6288
f 6272 6287 6289
f 6281 6298 6273
f 6274 6273 6290
f 6279 6296 6277
f 6275 6292 6276
f 6275 6277 6294
f 6278 6295 6279
f 6274 6291 6278
f 6271 6288 6280
f 6281 6280 6297
f 6273 6298 6290
f 6274 6290 6291
f 6277 6296 6294
f 6275 6294 6292
f 6276 6292 6293
f 6278 6291 6295
f 6279 6295 6296
f 6280 6288 6297
f 6281 6297 6298
f 6259 6299 6309
f 6299 6300 6310
f 6300 6301 6311
f 6301 6302 6312
f 6302 6303 6313
f 6303 6304 6314
f 6306 6316 6304
f 6306 6305 6315
f 6305 6307 6317
f 6308 6318 6307
f 6259 6309 6264
f 6299 6310 6309
f 6300 6311 6310
f 6301 6312 6311
f 6302 6313 6312
f 6303 6314 6313
f 6304 6316 6314
f 6306 6315 6316
f 6305 6317 6315
f 6307 6318 6317
f 6979 7035 6980
f 6980 7036 6981
f 6982 7038 6983
f 6981 7037 6982
f 6983 7040 6984
f 6982 7037 7038
f 6983 7038 7040
f 6984 6988 6985
f 6985 6989 6986
f 6986 6990 6987
f 6987 6995 6991
f 6985 6988 6989
f 6984 7040 6988
f 6986 6989 6990
f 6987 6990 6995
f 6991 6996 6992
f 6992 6997 6993
f 6993 8660 6994
f 6991 6995 6996
f 6992 6996 6997
f 6993 6997 8660
f 6978 6979 7323
f 6979 6980 7326
f 6980 6981 7331
f 6981 6982 7334
f 6982 6983 7346
f 6983 6984 7350
f 6984 6985 7361
f 6985 6986 7441
f 6986 6987 7444
f 6987 6991 7453
f 6991 6992 7458
f 6992 6993 7461
f 6993 6994 7465
f 7001 7002 7032
f 7000 7003 7039
f 6999 7008 7003
f 7000 7031 7002
f 7003 7008 7039
f 7000 7039 7031
f 7004 7010 7006
f 7004 7005 7011
f 6998 7026 7007
f 7005 7012 7011
f 7005 7007 7012
f 7007 7026 7012
f 6999 7009 7008
f 6999 7006 7009
f 7004 7011 7010
f 7006 7010 7009
f 7015 7016 7024
f 7016 7017 7025
f 7017 7018 7028
f 7018 7019 7027
f 7019 7020 7029
f 7020 7833 7030
f 6998 7013 7021
f 7014 7023 7022
f 7013 7014 7022
f 7014 7015 7023
f 6998 7021 7026
f 7013 7022 7021
f 7015 7024 7023
f 7016 7025 7024
f 7017 7028 7025
f 7018 7027 7028
f 7019 7029 7027
f 7020 7030 7029
f 7030 7833 7842
f 6978 7001 7033
f 6978 7034 6979
f 6979 7034 7035
f 6978 7033 7034
f 7002 7031 7032
f 7001 7032 7033
f 6980 7035 7036
f 6981 7036 7037
f 7031 7039 9439
f 7033 9439 7034
f 7032 9439 7033
f 7031 9439 7032
f 7036 9439 7037
f 7037 9439 7038
f 7038 9439 7040
f 6988 7040 9439
f 7035 9439 7036
f 7034 9439 7035
f 6990 9439 6995
f 6988 9439 6989
f 6989 9439 6990
f 6995 9439 6996
f 6996 9439 6997
f 6997 9439 8660
f 7010 7011 9439
f 7021 9439 7026
f 7011 7012 9439
f 7012 7026 9439
f 7021 7022 9439
f 7022 7023 9439
f 7008 7009 9439
f 7008 9439 7039
f 7009 7010 9439
f 7023 7024 9439
f 7024 7025 9439
f 7025 7028 9439
f 7027 9439 7028
f 7027 7029 9439
f 7029 7030 9439
f 7030 7842 9439
f 6999 7612 7006
f 6999 7003 7556
f 7000 7002 7575
f 7001 7588 7002
f 6978 7583 7001
f 7000 7596 7003
f 7004 7606 7005
f 7004 7006 7600
f 7005 7619 7007
f 6998 7007 7518
f 6998 7648 7013
f 7013 7654 7014
f 7014 7675 7015
f 7016 7711 7017
f 7015 7680 7016
f 7017 7717 7018
f 7018 7727 7019
f 7019 7733 7020
f 7020 8055 7833
f 7041 7086 7049
f 7041 7065 7078
f 7043 7047 7080
f 7042 7043 7079
f 7045 7046 7082
f 7044 7045 7081
f 7044 7087 7050
f 7042 7083 7046
f 7047 7048 7084
f 7048 7049 7085
f 7050 7088 7051
f 7051 7089 7052
f 7052 7090 7053
f 7053 7091 7054
f 7055 7098 7061
f 7054 7092 7055
f 7056 7061 7093
f 7056 7094 7057
f 7057 7095 7058
f 7058 7096 7059
f 7059 7097 7060
f 7063 7064 7100
f 7063 7102 7065
f 7064 7066 7101
f 7062 7103 7066
f 7062 7067 7099
f 7067 7068 7104
f 7069 7107 7070
f 7068 7070 7105
f 7069 7071 7106
f 7071 7072 7108
f 7072 7073 7109
f 7073 7074 7110
f 7074 7075 7111
f 7075 7076 7112
f 7076 7077 7113
f 7077 7137 7114
f 7041 7078 7086
f 7065 7102 7078
f 7043 7080 7079
f 7046 7083 7082
f 7044 7081 7087
f 7045 7082 7081
f 7042 7079 7083
f 7049 7086 7085
f 7048 7085 7084
f 7047 7084 7080
f 7050 7087 7088
f 7051 7088 7089
f 7052 7089 7090
f 7053 7090 7091
f 7054 7091 7092
f 7055 7092 7098
f 7056 7093 7094
f 7057 7094 7095
f 7060 7097 7126
f 7058 7095 7096
f 7059 7096 7097
f 7061 7098 7093
f 7062 7099 7103
f 7063 7100 7102
f 7064 7101 7100
f 7066 7103 7101
f 7067 7104 7099
f 7068 7105 7104
f 7069 7106 7107
f 7070 7107 7105
f 7071 7108 7106
f 7072 7109 7108
f 7073 7110 7109
f 7074 7111 7110
f 7075 7112 7111
f 7076 7113 7112
f 7077 7114 7113
f 7114 7137 7138
f 7060 7126 7115
f 7115 7127 7116
f 7116 7128 7117
f 7117 7129 7118
f 7118 7130 7119
f 7119 7131 7120
f 7120 7132 7121
f 7121 7133 7122
f 7122 7134 7123
f 7123 7135 7124
f 7124 7136 7125
f 7115 7126 7127
f 7116 7127 7128
f 7118 7129 7130
f 7117 7128 7129
f 7119 7130 7131
f 7120 7131 7132
f 7121 7132 7133
f 7122 7133 7134
f 7123 7134 7135
f 7124 7135 7136
f 7137 7476 7469
f 7137 7471 7203
f 7137 7469 7471
f 7137 7497 7493
f 7137 7498 7497
f 7137 7468 7476
f 7137 7490 7468
f 7137 7493 7490
f 7138 7146 7140
f 7138 7147 7146
f 7138 7148 7147
f 7138 7156 7148
f 7138 7162 7156
f 7138 7164 7162
f 7044 7050 7927
f 7042 7927 7043
f 7042 7046 7927
f 7045 7927 7046
f 7044 7927 7045
f 7062 7066 7927
f 7062 7927 7067
f 7068 7927 7070
f 7067 7927 7068
f 7069 7070 7927
f 7047 7927 7048
f 7041 7049 7927
f 7048 7927 7049
f 7041 7927 7065
f 7063 7065 7927
f 7063 7927 7064
f 7043 7927 7047
f 7064 7927 7066
f 7054 7055 7927
f 7053 7054 7927
f 7056 7927 7061
f 7055 7061 7927
f 7056 7057 7927
f 7057 7058 7927
f 7051 7052 7927
f 7050 7051 7927
f 7052 7053 7927
f 7058 7059 7927
f 7059 7060 7927
f 7060 7115 7927
f 7115 7116 7927
f 7116 7117 7927
f 7117 7118 7927
f 7118 7119 7927
f 7119 7120 7927
f 7072 7927 7073
f 7069 7927 7071
f 7071 7927 7072
f 7073 7927 7074
f 7074 7927 7075
f 7075 7927 7076
f 7076 7927 7077
f 7077 7927 7137
f 7081 7938 7087
f 7079 7080 7938
f 7079 7938 7083
f 7082 7083 7938
f 7081 7082 7938
f 7099 7938 7103
f 7099 7104 7938
f 7105 7107 7938
f 7104 7105 7938
f 7106 7938 7107
f 7084 7085 7938
f 7078 7938 7086
f 7085 7086 7938
f 7078 7102 7938
f 7100 7938 7102
f 7100 7101 7938
f 7080 7084 7938
f 7101 7103 7938
f 7091 7938 7092
f 7090 7938 7091
f 7093 7098 7938
f 7092 7938 7098
f 7093 7938 7094
f 7094 7938 7095
f 7088 7938 7089
f 7087 7938 7088
f 7089 7938 7090
f 7095 7938 7096
f 7096 7938 7097
f 7097 7938 7126
f 7126 7938 7127
f 7127 7938 7128
f 7128 7938 7129
f 7129 7938 7130
f 7130 7938 7131
f 7109 7110 7938
f 7106 7108 7938
f 7108 7109 7938
f 7110 7111 7938
f 7111 7112 7938
f 7112 7113 7938
f 7113 7114 7938
f 7114 7138 7938
f 7120 7121 7927
f 7121 7122 7927
f 7122 7123 7927
f 7123 7124 7927
f 7124 7125 7927
f 7137 7927 7171
f 7125 7136 7938
f 7131 7938 7132
f 7132 7938 7133
f 7133 7938 7134
f 7134 7938 7135
f 7135 7938 7136
f 7138 7140 7938
f 7137 7165 7624
f 7137 7624 7498
f 7137 7166 7165
f 7137 7167 7166
f 7137 7169 7167
f 7137 7171 7169
f 7166 7167 7637
f 7167 7168 7637
f 7167 7169 7168
f 7168 7169 7170
f 7169 7171 7170
f 7170 7171 7172
f 7170 7172 7692
f 7171 7897 7172
f 7172 7898 7703
f 7172 7897 7898
f 7703 7898 8025
f 7154 7178 7153
f 7152 7176 7142
f 7153 7177 7152
f 7159 7182 7154
f 7160 7183 7159
f 7187 7183 7160
f 7152 7177 7176
f 7153 7178 7177
f 7154 7182 7178
f 7159 7183 7182
f 7198 7184 7183
f 7188 7183 7187
f 7190 7183 7188
f 7196 7183 7190
f 7198 7183 7196
f 6979 7326 7323
f 6980 7331 7326
f 6981 7334 7331
f 6983 7350 7346
f 6985 7441 7361
f 6984 7361 7350
f 6982 7346 7334
f 6986 7444 7441
f 6987 7453 7444
f 6991 7458 7453
f 6992 7461 7458
f 6993 7465 7461
f 6994 7467 7465
f 7137 7226 7205
f 7137 7207 7270
f 7137 7205 7207
f 7137 7270 7266
f 7137 7266 7267
f 7137 7267 7281
f 7137 7281 7285
f 7137 7285 7256
f 7137 7256 7257
f 7137 7258 7260
f 7137 7257 7258
f 7137 7260 7262
f 7137 7262 7264
f 7137 7211 7212
f 7137 7216 7211
f 7137 7203 7216
f 7137 7212 7226
f 7203 7471 7204
f 7205 7226 7206
f 7207 7208 7271
f 7205 7206 7208
f 7205 7208 7207
f 7206 7209 7208
f 7206 7232 7209
f 7208 7209 7272
f 7209 7232 7210
f 7212 7214 7227
f 7211 7214 7212
f 7211 7213 7214
f 7213 7221 7215
f 7213 7215 7214
f 7215 7221 7229
f 7203 7217 7216
f 7213 7216 7217
f 7211 7216 7213
f 7213 7217 7221
f 7217 7219 7221
f 7203 7204 7217
f 7204 7219 7217
f 7204 7218 7219
f 7218 7220 7219
f 7218 7538 7220
f 7220 7538 7224
f 7219 7222 7221
f 7221 7222 7229
f 7222 7243 7229
f 7222 7223 7243
f 7225 7547 7245
f 7245 7544 7246
f 7219 7220 7222
f 7220 7223 7222
f 7220 7224 7223
f 7224 7547 7225
f 7223 7224 7225
f 7212 7227 7226
f 7206 7226 7227
f 7214 7228 7227
f 7227 7228 7232
f 7206 7227 7232
f 7228 7230 7233
f 7214 7215 7228
f 7215 7230 7228
f 7215 7229 7230
f 7229 7243 7231
f 7229 7231 7230
f 7231 7243 7237
f 7210 7232 7233
f 7228 7233 7232
f 7230 7234 7233
f 7210 7233 7306
f 7233 7234 7306
f 7234 7307 7306
f 7234 7238 7307
f 7235 7237 7249
f 7235 7309 7238
f 7235 7238 7237
f 7235 7249 7236
f 7230 7231 7234
f 7231 7238 7234
f 7231 7237 7238
f 7239 7253 7587
f 7239 7321 7255
f 7240 7586 7241
f 7239 7587 7240
f 7239 7255 7253
f 7225 7242 7244
f 7237 7244 7249
f 7242 7249 7244
f 7242 7248 7251
f 7223 7244 7243
f 7223 7225 7244
f 7237 7243 7244
f 7225 7245 7242
f 7245 7246 7248
f 7242 7245 7248
f 7252 7592 7253
f 7247 7591 7252
f 7246 7247 7248
f 7246 7591 7247
f 7242 7251 7249
f 7248 7250 7251
f 7250 7342 7341
f 7236 7249 7251
f 7236 7251 7341
f 7250 7254 7342
f 7250 7341 7251
f 7247 7252 7254
f 7247 7254 7250
f 7252 7255 7254
f 7247 7250 7248
f 7252 7253 7255
f 7254 7255 7343
f 7137 9333 7138
f 7137 7264 8720
f 7137 8720 8722
f 7137 8722 8724
f 7137 8724 8726
f 7256 7372 7257
f 7257 7372 7259
f 7257 7259 7258
f 7258 7259 7261
f 7258 7261 7260
f 7259 7401 7261
f 7260 7263 7262
f 7260 7261 7263
f 7261 7406 7263
f 7262 7263 7265
f 7262 7265 7264
f 7263 7408 7265
f 7138 9371 7164
f 7266 7270 7275
f 7266 7268 7267
f 7266 7275 7268
f 7268 7275 7269
f 7207 7271 7270
f 7208 7272 7271
f 7270 7271 7275
f 7271 7276 7275
f 7271 7272 7276
f 7209 7273 7272
f 7209 7210 7273
f 7210 7274 7273
f 7210 7306 7274
f 7272 7273 7277
f 7273 7274 7279
f 7269 7275 7276
f 7272 7277 7276
f 7269 7276 7289
f 7276 7277 7289
f 7277 7279 7290
f 7277 7290 7289
f 7278 7280 7308
f 7278 7293 7280
f 7273 7279 7277
f 7274 7308 7280
f 7274 7280 7279
f 7279 7295 7290
f 7279 7280 7295
f 7267 7282 7281
f 7281 7286 7285
f 7281 7282 7286
f 7267 7268 7282
f 7268 7283 7282
f 7268 7269 7283
f 7269 7284 7283
f 7282 7283 7287
f 7283 7284 7288
f 7282 7287 7286
f 7256 7285 7370
f 7285 7286 7370
f 7286 7287 7371
f 7286 7371 7370
f 7283 7288 7287
f 7284 7297 7288
f 7287 7288 7374
f 7287 7374 7371
f 7288 7375 7374
f 7288 7297 7375
f 7269 7289 7284
f 7289 7290 7291
f 7290 7295 7292
f 7284 7289 7291
f 7290 7292 7291
f 7280 7293 7295
f 7278 7294 7293
f 7292 7295 7299
f 7293 7299 7295
f 7293 7301 7299
f 7293 7294 7301
f 7294 7363 7300
f 7294 7300 7301
f 7292 7299 7296
f 7292 7296 7298
f 7296 7385 7298
f 7296 7302 7386
f 7284 7291 7297
f 7291 7298 7297
f 7291 7292 7298
f 7297 7298 7387
f 7299 7301 7302
f 7300 7367 7304
f 7300 7303 7301
f 7296 7299 7302
f 7301 7303 7302
f 7300 7304 7303
f 7305 7320 7344
f 7320 7352 7366
f 7339 7353 7340
f 7305 7352 7320
f 7305 7354 7352
f 7305 7340 7354
f 7238 7309 7307
f 7307 7313 7308
f 7307 7309 7313
f 7309 7314 7313
f 7306 7307 7308
f 7274 7306 7308
f 7235 7310 7309
f 7235 7236 7310
f 7236 7341 7311
f 7236 7311 7310
f 7309 7310 7314
f 7310 7318 7314
f 7310 7311 7318
f 7311 7341 7312
f 7311 7312 7319
f 7278 7308 7313
f 7313 7314 7315
f 7314 7318 7316
f 7278 7313 7315
f 7278 7315 7294
f 7316 7318 7317
f 7314 7316 7315
f 7311 7319 7318
f 7312 7320 7319
f 7312 7344 7320
f 7317 7318 7319
f 7319 7320 7366
f 7317 7319 7366
f 7328 7332 7333
f 7255 7321 7343
f 7322 7344 7343
f 7329 7330 7337
f 7330 7333 7337
f 7329 7337 7338
f 7321 7322 7343
f 7321 7329 7338
f 7321 7338 7322
f 7323 7326 7324
f 7324 7326 7327
f 7324 7327 7325
f 7241 7325 7328
f 7325 7327 7328
f 7326 7331 7327
f 7327 7331 7332
f 7328 7333 7330
f 7327 7332 7328
f 7241 7328 7330
f 7240 7330 7329
f 7239 7329 7321
f 7239 7240 7329
f 7240 7241 7330
f 7331 7334 7332
f 7332 7335 7333
f 7333 7336 7337
f 7334 7346 7335
f 7333 7335 7336
f 7335 7347 7336
f 7336 7348 7339
f 7332 7334 7335
f 7337 7339 7338
f 7336 7339 7337
f 7338 7339 7340
f 7305 7344 7322
f 7322 7338 7340
f 7305 7322 7340
f 7312 7341 7342
f 7342 7343 7344
f 7254 7343 7342
f 7312 7342 7344
f 7345 7365 7366
f 7345 7359 7365
f 7346 7350 7347
f 7347 7351 7348
f 7348 7349 7353
f 7347 7350 7351
f 7348 7351 7349
f 7345 7366 7352
f 7352 7354 7355
f 7339 7348 7353
f 7340 7353 7354
f 7353 7356 7354
f 7354 7356 7355
f 7345 7352 7355
f 7345 7355 7358
f 7349 7356 7353
f 7362 7441 7442
f 7357 7360 7443
f 7360 7442 7443
f 7355 7357 7358
f 7359 7368 7365
f 7345 7358 7359
f 7359 7447 7368
f 7359 7449 7447
f 7368 7447 7369
f 7357 7448 7358
f 7358 7448 7449
f 7357 7443 7448
f 7358 7449 7359
f 7350 7361 7351
f 7351 7361 7362
f 7349 7351 7362
f 7349 7360 7356
f 7349 7362 7360
f 7361 7441 7362
f 7360 7362 7442
f 7355 7356 7357
f 7356 7360 7357
f 7316 7364 7363
f 7315 7316 7363
f 7294 7315 7363
f 7316 7317 7364
f 7317 7366 7365
f 7317 7365 7364
f 7300 7363 7367
f 7363 7364 7367
f 7364 7365 7368
f 7364 7368 7367
f 7367 7368 7369
f 7304 7367 7369
f 7335 7346 7347
f 7336 7347 7348
f 7256 7370 7372
f 7370 7371 7373
f 7370 7373 7372
f 7371 7376 7373
f 7371 7374 7376
f 7297 7387 7375
f 7374 7375 7379
f 7374 7379 7376
f 7375 7387 7380
f 7375 7380 7379
f 7372 7373 7377
f 7259 7372 7377
f 7373 7376 7378
f 7373 7378 7377
f 7259 7377 7401
f 7377 7378 7402
f 7380 7393 7382
f 7376 7379 7381
f 7376 7381 7378
f 7379 7380 7382
f 7379 7382 7381
f 7378 7381 7404
f 7369 7452 7390
f 7383 7390 7452
f 7383 7398 7390
f 7383 7452 7457
f 7416 7457 7464
f 7383 7384 7398
f 7384 7400 7398
f 7383 7457 7416
f 7383 7416 7384
f 7298 7385 7387
f 7296 7386 7385
f 7385 7391 7387
f 7380 7387 7391
f 7385 7392 7391
f 7385 7386 7392
f 7386 7396 7392
f 7303 7389 7388
f 7302 7303 7388
f 7302 7388 7386
f 7303 7304 7389
f 7304 7369 7390
f 7304 7390 7389
f 7388 7389 7397
f 7386 7388 7396
f 7389 7390 7398
f 7380 7391 7393
f 7391 7392 7394
f 7392 7396 7395
f 7391 7394 7393
f 7395 7396 7399
f 7392 7395 7394
f 7388 7397 7396
f 7389 7398 7397
f 7396 7397 7399
f 7397 7398 7400
f 7397 7400 7399
f 7377 7402 7401
f 7378 7404 7402
f 7261 7401 7406
f 7401 7407 7406
f 7401 7402 7407
f 7402 7404 7412
f 7402 7412 7407
f 7382 7393 7403
f 7382 7403 7405
f 7403 7410 7405
f 7381 7405 7404
f 7381 7382 7405
f 7404 7405 7413
f 7263 7406 7408
f 7406 7407 7409
f 7407 7412 7414
f 7406 7409 7408
f 7407 7414 7409
f 7405 7410 7413
f 7410 7411 7413
f 7411 7415 7413
f 7404 7413 7412
f 7412 7415 7414
f 7412 7413 7415
f 7418 7463 7420
f 7400 7419 7432
f 7416 7464 7418
f 7418 7464 7463
f 7416 7418 7417
f 7384 7416 7417
f 7384 7419 7400
f 7384 7417 7419
f 7419 7423 7432
f 7417 7418 7425
f 7417 7424 7419
f 7420 7463 7466
f 7421 7466 7467
f 7420 7466 7421
f 7420 7422 7425
f 7420 7421 7422
f 7423 7439 7432
f 7417 7425 7424
f 7418 7420 7425
f 7419 7424 7423
f 7423 7426 7439
f 7426 7440 7439
f 7424 7425 7428
f 7424 7428 7427
f 7422 7428 7425
f 7423 7424 7427
f 7423 7427 7426
f 7393 7394 7429
f 7393 7429 7403
f 7395 7399 7431
f 7395 7431 7430
f 7394 7395 7430
f 7394 7430 7429
f 7403 7429 7433
f 7430 7431 7435
f 7429 7430 7434
f 7399 7400 7432
f 7399 7432 7431
f 7431 7432 7439
f 7403 7433 7410
f 7429 7434 7433
f 7430 7435 7434
f 7410 7433 7436
f 7433 7434 7437
f 7410 7436 7411
f 7433 7437 7436
f 7434 7435 7438
f 7434 7438 7437
f 7431 7439 7435
f 7435 7439 7440
f 7435 7440 7438
f 7441 7444 7442
f 7442 7446 7443
f 7443 7445 7448
f 7445 7446 7454
f 7445 7455 7451
f 7442 7444 7446
f 7444 7453 7446
f 7443 7446 7445
f 7449 7451 7450
f 7369 7447 7452
f 7447 7450 7452
f 7447 7449 7450
f 7448 7451 7449
f 7450 7451 7456
f 7450 7457 7452
f 7445 7451 7448
f 7446 7453 7454
f 7445 7454 7455
f 7453 7458 7454
f 7454 7458 7459
f 7455 7460 7456
f 7454 7459 7455
f 7455 7459 7460
f 7450 7456 7457
f 7451 7455 7456
f 7456 7464 7457
f 7456 7460 7464
f 7458 7461 7459
f 7459 7461 7462
f 7460 7463 7464
f 7459 7462 7460
f 7460 7462 7463
f 7461 7465 7462
f 7462 7466 7463
f 7462 7465 7466
f 7465 7467 7466
f 9371 7192 7164
f 6998 7518 7648
f 7003 7596 7556
f 6999 7556 7612
f 7002 7588 7575
f 7001 7583 7588
f 6978 7323 7583
f 7000 7575 7596
f 7004 7600 7606
f 7006 7612 7600
f 7005 7606 7619
f 7007 7619 7518
f 7013 7648 7654
f 7014 7654 7675
f 7015 7675 7680
f 7016 7680 7711
f 7017 7711 7717
f 7018 7717 7727
f 7019 7727 7733
f 7020 7733 8055
f 7468 7490 7479
f 7469 7476 7470
f 7470 7477 7474
f 7469 7472 7471
f 7470 7473 7472
f 7204 7471 7472
f 7204 7472 7218
f 7218 7472 7473
f 7469 7470 7472
f 7470 7474 7473
f 7473 7474 7475
f 7474 7482 7475
f 7475 7482 7542
f 7482 7484 7542
f 7468 7477 7476
f 7477 7479 7478
f 7470 7476 7477
f 7474 7477 7478
f 7468 7479 7477
f 7478 7479 7480
f 7479 7491 7480
f 7478 7480 7483
f 7481 7488 7483
f 7480 7481 7483
f 7481 7506 7488
f 7485 7489 7563
f 7474 7478 7482
f 7482 7483 7484
f 7478 7483 7482
f 7483 7488 7484
f 7484 7488 7485
f 7486 7489 7513
f 7486 7563 7489
f 7488 7506 7489
f 7485 7488 7489
f 7490 7493 7491
f 7479 7490 7491
f 7491 7494 7492
f 7491 7493 7494
f 7493 7497 7494
f 7492 7494 7495
f 7492 7495 7505
f 7495 7496 7505
f 7497 7498 7500
f 7498 7499 7500
f 7494 7497 7500
f 7494 7500 7495
f 7495 7500 7501
f 7495 7501 7496
f 7496 7503 7526
f 7496 7501 7503
f 7503 7504 7526
f 7499 7501 7500
f 7501 7502 7503
f 7499 7502 7501
f 7502 7627 7503
f 7503 7627 7504
f 7504 7627 7628
f 7504 7628 7531
f 7517 7609 7535
f 7480 7491 7492
f 7480 7492 7481
f 7481 7492 7505
f 7481 7505 7506
f 7505 7508 7506
f 7506 7508 7513
f 7508 7509 7513
f 7507 7509 7527
f 7507 7524 7515
f 7496 7508 7505
f 7496 7526 7508
f 7508 7526 7509
f 7509 7526 7527
f 7486 7513 7510
f 7509 7510 7513
f 7486 7510 7487
f 7487 7510 7512
f 7487 7512 7615
f 7511 7615 7512
f 7489 7506 7513
f 7507 7510 7509
f 7507 7512 7510
f 7507 7515 7512
f 7511 7515 7514
f 7511 7514 7516
f 7511 7512 7515
f 7514 7534 7516
f 7516 7534 7618
f 7534 7535 7618
f 7521 7622 7623
f 7517 7535 7536
f 7517 7536 7523
f 7517 7523 7623
f 7521 7623 7523
f 7520 7621 7522
f 7518 7519 7649
f 7520 7653 7650
f 7519 7520 7650
f 7523 7536 7669
f 7523 7669 7652
f 7521 7522 7622
f 7521 7651 7522
f 7522 7651 7653
f 7520 7522 7653
f 7521 7523 7652
f 7521 7652 7651
f 7524 7527 7531
f 7507 7527 7524
f 7515 7524 7525
f 7524 7528 7525
f 7504 7527 7526
f 7504 7531 7527
f 7524 7531 7528
f 7528 7531 7629
f 7528 7660 7530
f 7525 7528 7530
f 7525 7530 7532
f 7529 7532 7530
f 7514 7532 7534
f 7514 7515 7525
f 7514 7525 7532
f 7532 7533 7534
f 7533 7535 7534
f 7533 7536 7535
f 7529 7533 7532
f 7533 7537 7536
f 7536 7537 7669
f 7529 7537 7533
f 7555 7578 7572
f 7218 7473 7538
f 7473 7475 7538
f 7475 7539 7538
f 7224 7538 7539
f 7539 7542 7540
f 7539 7540 7547
f 7540 7543 7548
f 7541 7549 7548
f 7541 7548 7543
f 7541 7565 7549
f 7475 7542 7539
f 7540 7542 7543
f 7484 7543 7542
f 7540 7544 7547
f 7540 7548 7544
f 7544 7548 7546
f 7245 7547 7544
f 7246 7544 7546
f 7545 7546 7549
f 7224 7539 7547
f 7546 7548 7549
f 7550 7564 7551
f 7549 7565 7550
f 7545 7550 7594
f 7551 7595 7594
f 7545 7549 7550
f 7550 7551 7594
f 7551 7572 7595
f 7552 7569 7616
f 7557 7596 7597
f 7558 7598 7561
f 7558 7597 7598
f 7553 7554 7555
f 7555 7572 7571
f 7561 7599 7562
f 7561 7598 7599
f 7554 7562 7599
f 7553 7555 7571
f 7553 7562 7554
f 7556 7614 7612
f 7558 7559 7613
f 7557 7613 7614
f 7556 7596 7557
f 7557 7597 7558
f 7556 7557 7614
f 7557 7558 7613
f 7558 7561 7559
f 7560 7561 7562
f 7553 7571 7569
f 7552 7553 7569
f 7552 7562 7553
f 7559 7561 7560
f 7552 7560 7562
f 7485 7563 7541
f 7485 7541 7543
f 7563 7566 7565
f 7541 7563 7565
f 7564 7567 7570
f 7564 7565 7566
f 7564 7566 7567
f 7484 7485 7543
f 7486 7566 7563
f 7487 7567 7566
f 7567 7615 7568
f 7568 7615 7617
f 7486 7487 7566
f 7487 7615 7567
f 7567 7568 7570
f 7568 7569 7571
f 7568 7617 7569
f 7551 7564 7570
f 7551 7570 7572
f 7570 7571 7572
f 7550 7565 7564
f 7568 7571 7570
f 7574 7587 7593
f 7574 7593 7595
f 7576 7588 7589
f 7577 7589 7590
f 7575 7588 7576
f 7576 7589 7577
f 7577 7590 7579
f 7574 7595 7578
f 7577 7579 7599
f 7554 7579 7580
f 7555 7580 7578
f 7572 7578 7595
f 7573 7580 7581
f 7579 7581 7580
f 7579 7590 7581
f 7573 7574 7578
f 7573 7578 7580
f 7583 7589 7588
f 7583 7584 7589
f 7584 7590 7589
f 7581 7590 7582
f 7582 7590 7584
f 7323 7584 7583
f 7323 7324 7584
f 7325 7585 7582
f 7324 7582 7584
f 7324 7325 7582
f 7253 7593 7587
f 7574 7586 7587
f 7573 7585 7586
f 7573 7581 7585
f 7581 7582 7585
f 7573 7586 7574
f 7241 7586 7585
f 7241 7585 7325
f 7240 7587 7586
f 7545 7592 7591
f 7246 7546 7591
f 7545 7594 7592
f 7592 7594 7593
f 7593 7594 7595
f 7545 7591 7546
f 7252 7591 7592
f 7253 7592 7593
f 7575 7576 7597
f 7575 7597 7596
f 7577 7599 7598
f 7576 7598 7597
f 7576 7577 7598
f 7554 7599 7579
f 7554 7580 7555
f 7602 7613 7604
f 7605 7616 7618
f 7559 7560 7603
f 7559 7603 7604
f 7552 7616 7605
f 7552 7605 7560
f 7560 7605 7603
f 7603 7611 7604
f 7603 7605 7609
f 7606 7607 7620
f 7607 7608 7621
f 7600 7607 7606
f 7600 7601 7607
f 7601 7608 7607
f 7602 7610 7608
f 7601 7602 7608
f 7603 7609 7611
f 7605 7618 7609
f 7608 7610 7622
f 7610 7611 7623
f 7535 7609 7618
f 7517 7611 7609
f 7602 7604 7610
f 7604 7611 7610
f 7601 7612 7614
f 7602 7614 7613
f 7600 7612 7601
f 7601 7614 7602
f 7559 7604 7613
f 7511 7617 7615
f 7516 7616 7617
f 7516 7618 7616
f 7511 7516 7617
f 7569 7617 7616
f 7606 7620 7619
f 7608 7622 7621
f 7607 7621 7620
f 7519 7619 7620
f 7520 7620 7621
f 7610 7623 7622
f 7517 7623 7611
f 7522 7621 7622
f 7518 7619 7519
f 7519 7620 7520
f 7498 7624 7499
f 7499 7624 7625
f 7499 7625 7502
f 7502 7625 7626
f 7165 7625 7624
f 7165 7634 7625
f 7625 7634 7626
f 7626 7635 7631
f 7626 7634 7635
f 7631 7635 7636
f 7629 7633 7660
f 7502 7626 7627
f 7626 7631 7627
f 7627 7631 7628
f 7628 7631 7632
f 7531 7628 7629
f 7628 7632 7629
f 7630 7660 7633
f 7630 7633 7644
f 7630 7641 7666
f 7631 7636 7632
f 7632 7643 7633
f 7629 7632 7633
f 7165 7166 7634
f 7166 7637 7634
f 7634 7637 7635
f 7635 7637 7638
f 7635 7638 7636
f 7636 7639 7643
f 7168 7638 7637
f 7638 7689 7639
f 7636 7638 7639
f 7639 7640 7643
f 7639 7690 7640
f 7641 7644 7647
f 7630 7644 7641
f 7641 7642 7666
f 7632 7636 7643
f 7633 7643 7644
f 7640 7644 7643
f 7641 7647 7645
f 7645 7647 7698
f 7641 7645 7642
f 7642 7645 7646
f 7642 7646 7683
f 7646 7686 7683
f 7640 7647 7644
f 7640 7691 7647
f 7659 7663 7667
f 7659 7667 7670
f 7649 7655 7656
f 7650 7658 7655
f 7518 7649 7648
f 7519 7650 7649
f 7648 7649 7656
f 7648 7656 7654
f 7649 7650 7655
f 7652 7669 7663
f 7651 7652 7659
f 7650 7653 7658
f 7651 7657 7653
f 7653 7657 7658
f 7652 7663 7659
f 7651 7659 7657
f 7654 7656 7676
f 7654 7676 7675
f 7655 7678 7677
f 7655 7677 7656
f 7656 7677 7676
f 7657 7679 7658
f 7657 7659 7670
f 7658 7679 7678
f 7655 7658 7678
f 7657 7670 7679
f 7528 7629 7660
f 7530 7660 7661
f 7630 7661 7660
f 7529 7662 7537
f 7537 7664 7669
f 7529 7530 7661
f 7529 7661 7662
f 7663 7669 7664
f 7537 7662 7664
f 7630 7666 7661
f 7661 7666 7662
f 7662 7666 7665
f 7662 7665 7664
f 7663 7664 7668
f 7663 7668 7667
f 7664 7665 7668
f 7672 7678 7679
f 7667 7685 7670
f 7670 7673 7679
f 7671 7678 7672
f 7670 7685 7673
f 7672 7679 7673
f 7681 7682 7713
f 7680 7712 7711
f 7681 7713 7712
f 7682 7716 7713
f 7671 7716 7682
f 7671 7672 7715
f 7672 7673 7674
f 7673 7685 7688
f 7671 7715 7716
f 7672 7674 7715
f 7673 7688 7674
f 7676 7677 7682
f 7675 7676 7681
f 7675 7681 7680
f 7676 7682 7681
f 7671 7682 7677
f 7671 7677 7678
f 7680 7681 7712
f 7665 7683 7668
f 7642 7665 7666
f 7642 7683 7665
f 7668 7683 7684
f 7667 7668 7684
f 7667 7684 7685
f 7683 7686 7684
f 7684 7687 7685
f 7684 7686 7687
f 7685 7687 7688
f 7168 7689 7638
f 7168 7170 7689
f 7689 7692 7690
f 7639 7689 7690
f 7640 7690 7691
f 7690 7693 7691
f 7170 7692 7689
f 7690 7692 7693
f 7691 7693 7694
f 7691 7694 7698
f 7694 7702 7698
f 7645 7698 7695
f 7645 7695 7646
f 7646 7695 7697
f 7646 7697 7686
f 7686 7697 7696
f 7647 7691 7698
f 7695 7698 7702
f 7695 7699 7697
f 7695 7702 7699
f 7696 7700 7723
f 7696 7697 7701
f 7700 7726 7723
f 7696 7701 7700
f 7697 7699 7701
f 7692 7703 7693
f 7172 7703 7692
f 7693 7703 7704
f 7693 7704 7694
f 7694 7704 7705
f 7694 7705 7702
f 7702 7705 7706
f 7703 8025 7704
f 7704 8025 8026
f 7704 8026 7705
f 7705 8027 7706
f 7705 8026 8027
f 7706 8027 8028
f 7699 7702 7706
f 7699 7707 7701
f 7699 7706 7707
f 7701 7707 7710
f 7700 7708 7726
f 7700 7701 7710
f 7708 7709 7726
f 7700 7710 7708
f 7706 8028 7707
f 7707 8033 7710
f 7707 8028 8033
f 7710 8033 8034
f 7708 8035 7709
f 7708 7710 8034
f 7709 8035 8036
f 7708 8034 8035
f 7711 7712 7718
f 7712 7713 7719
f 7711 7718 7717
f 7712 7719 7718
f 7713 7721 7719
f 7674 7688 7724
f 7674 7724 7714
f 7715 7722 7716
f 7713 7716 7721
f 7674 7714 7715
f 7716 7722 7721
f 7714 7722 7715
f 7717 7718 7728
f 7718 7719 7729
f 7717 7728 7727
f 7718 7729 7728
f 7719 7732 7729
f 7714 7720 7722
f 7714 7724 7725
f 7720 7730 7722
f 7714 7725 7720
f 7719 7721 7732
f 7721 7722 7730
f 7721 7730 7732
f 7687 7723 7688
f 7686 7696 7687
f 7687 7696 7723
f 7688 7723 7724
f 7723 7726 7724
f 7724 7726 7725
f 7727 7728 7734
f 7728 7729 7735
f 7727 7734 7733
f 7728 7735 7734
f 7729 7737 7735
f 7720 7725 7738
f 7720 7731 7730
f 7730 7731 7736
f 7720 7738 7731
f 7729 7732 7737
f 7730 7736 7732
f 7732 7736 7737
f 7733 7734 8056
f 7734 7735 8057
f 7733 8056 8055
f 7734 8057 8056
f 7735 8064 8057
f 7736 8061 7737
f 7731 7738 8072
f 7731 8062 7736
f 7737 8061 8064
f 7731 8072 8062
f 7736 8062 8061
f 7735 7737 8064
f 7709 7725 7726
f 7709 7738 7725
f 7709 8036 7738
f 7738 8036 8072
f 7938 7926 9377
f 9371 7194 7192
f 9371 7200 7194
f 9371 7202 7200
f 9371 7924 7202
f 9376 7926 7924
f 7938 9397 7768
f 7833 7834 7842
f 7834 7835 7843
f 7835 7836 7844
f 7836 7837 7845
f 7837 7838 7846
f 7838 7839 7847
f 7839 7840 7848
f 7834 7843 7842
f 7835 7844 7843
f 7836 7845 7844
f 7837 7846 7845
f 7838 7847 7846
f 7839 7848 7847
f 7840 7849 7848
f 7841 7850 7849
f 7840 7841 7849
f 7841 7853 7850
f 7850 7853 7851
f 7851 7853 7854
f 7852 7854 7855
f 7851 7854 7852
f 7852 7855 7858
f 7856 7859 7858
f 7855 7856 7858
f 7856 7857 7859
f 7857 7863 7860
f 7857 7860 7859
f 7860 7863 7861
f 7861 7864 7862
f 7861 7863 7864
f 7862 7864 7865
f 7862 7865 7868
f 7866 7869 7868
f 7865 7866 7868
f 7866 7867 7869
f 7842 7843 9439
f 7843 7844 9439
f 7844 7845 9439
f 7845 7846 9439
f 7846 7847 9439
f 7847 7848 9439
f 7848 7849 9439
f 7849 7850 9439
f 7850 7851 9439
f 7851 7852 9439
f 7852 7858 9439
f 7858 7859 9439
f 7859 7860 9439
f 7860 7861 9439
f 7861 7862 9439
f 7862 7868 9439
f 7868 7869 9439
f 7869 7870 9439
f 7870 7871 9439
f 7871 7872 9439
f 7867 7870 7869
f 7870 7878 7871
f 7867 7878 7870
f 7871 7878 7879
f 7871 7879 7872
f 7872 7880 7873
f 7872 7879 7880
f 7873 7881 7874
f 7872 7873 9439
f 7873 7874 9439
f 7874 7875 9439
f 7875 7876 9439
f 7876 7877 9439
f 7877 7885 9439
f 7885 7886 9439
f 7886 7887 9439
f 7887 7891 9439
f 7891 7892 9439
f 7892 7893 9439
f 7893 9485 9439
f 7833 8058 7834
f 7834 8066 7835
f 7835 8074 7836
f 7836 8080 7837
f 7837 8119 7838
f 7838 8122 7839
f 7839 8133 7840
f 7840 8139 7841
f 7841 8170 7853
f 7853 8225 7854
f 7854 8230 7855
f 7855 8236 7856
f 7856 8242 7857
f 7857 8250 7863
f 7863 8284 7864
f 7864 8288 7865
f 7865 8297 7866
f 7866 8300 7867
f 7867 8462 7878
f 7873 7880 7881
f 7874 7882 7875
f 7874 7881 7882
f 7875 7882 7883
f 7875 7883 7876
f 7876 7884 7877
f 7876 7883 7884
f 7877 7884 7888
f 7877 7888 7885
f 7885 7889 7886
f 7886 7890 7887
f 7885 7888 7889
f 7886 7889 7890
f 7887 7890 7894
f 7887 7894 7891
f 7891 7895 7892
f 7892 7896 7893
f 7893 9498 9485
f 7891 7894 7895
f 7892 7895 7896
f 7893 7896 9498
f 7878 8465 7879
f 7879 8472 7880
f 7880 8475 7881
f 7881 8502 7882
f 7882 8505 7883
f 7883 8515 7884
f 7884 8566 7888
f 7888 8569 7889
f 7889 8578 7890
f 7890 8583 7894
f 7894 8586 7895
f 7895 8590 7896
f 7896 9916 9498
f 7125 7938 7927
f 7938 7140 7142
f 7938 7142 7176
f 7938 7176 7920
f 7938 7920 7926
f 7171 7927 7897
f 7897 7927 7899
f 7899 7927 7901
f 7897 7899 7898
f 7898 7900 8025
f 7898 7899 7900
f 7899 7901 7900
f 7900 7902 8029
f 7900 7901 7902
f 7901 7903 7902
f 7902 7904 8041
f 7902 7903 7904
f 7903 7905 7904
f 7904 7905 8090
f 7905 7906 8090
f 7910 7918 7909
f 7914 7918 7910
f 7915 7918 7914
f 7916 7918 7915
f 7922 7918 7916
f 7202 7924 7922
f 7922 7924 7918
f 7901 7927 7903
f 7903 7927 7905
f 7905 7927 7906
f 7906 7927 8105
f 7927 8155 8105
f 7927 8157 8155
f 7927 8164 8157
f 7927 8167 8164
f 7927 8203 8167
f 7927 8207 8203
f 7927 7928 7929
f 7927 7929 7930
f 7927 7930 7931
f 7927 7931 7932
f 7927 7932 7933
f 7927 7933 7934
f 7927 7934 7935
f 7927 7935 7936
f 7927 7936 7937
f 7927 7937 7949
f 7927 7949 7950
f 7927 7950 7951
f 7927 7951 7952
f 7927 7952 7953
f 7927 7953 7954
f 7927 7939 7928
f 7928 7940 7929
f 7929 7941 7930
f 7930 7942 7931
f 7931 7943 7932
f 7932 7944 7933
f 7933 7945 7934
f 7934 7946 7935
f 7935 7947 7936
f 7936 7948 7937
f 7927 7938 7939
f 7928 7939 7940
f 7929 7940 7941
f 7930 7941 7942
f 7931 7942 7943
f 7932 7943 7944
f 7933 7944 7945
f 7934 7945 7946
f 7935 7946 7947
f 7936 7947 7948
f 7937 7948 7986
f 7938 7940 7939
f 7938 7941 7940
f 7938 7942 7941
f 7938 7943 7942
f 7938 7944 7943
f 7938 7945 7944
f 7938 7946 7945
f 7938 7947 7946
f 7938 7948 7947
f 7938 7986 7948
f 7938 7987 7986
f 7938 7988 7987
f 7938 7989 7988
f 7938 7990 7989
f 7938 7991 7990
f 7927 7954 7955
f 7927 7955 7956
f 7927 7956 7957
f 7927 7957 7958
f 7927 7958 7959
f 7927 7959 7960
f 7927 7960 7961
f 7927 7961 7962
f 7927 7962 7963
f 7927 7963 7964
f 7927 7964 7965
f 7927 7965 7966
f 7927 7966 7967
f 7927 7967 7968
f 7927 7968 7969
f 7927 7969 7970
f 7927 7970 7971
f 7927 7971 7972
f 7927 7972 7973
f 7927 7973 7974
f 7927 7974 7975
f 7927 7975 7976
f 7927 7976 7977
f 7927 7977 7978
f 7937 7986 7949
f 7949 7987 7950
f 7950 7988 7951
f 7951 7989 7952
f 7952 7990 7953
f 7953 7991 7954
f 7954 7992 7955
f 7955 7993 7956
f 7956 7994 7957
f 7957 7995 7958
f 7958 7996 7959
f 7959 7997 7960
f 7960 7998 7961
f 7961 7999 7962
f 7962 8000 7963
f 7963 8001 7964
f 7964 8002 7965
f 7965 8003 7966
f 7966 8004 7967
f 7967 8005 7968
f 7968 8006 7969
f 7969 8007 7970
f 7927 7978 7979
f 7927 7979 7980
f 7927 7980 7981
f 7927 7981 7982
f 7927 7982 7983
f 7927 7983 7984
f 7927 7984 7985
f 7927 7985 8023
f 7970 8008 7971
f 7971 8009 7972
f 7972 8010 7973
f 7973 8011 7974
f 7974 8012 7975
f 7975 8013 7976
f 7976 8014 7977
f 7977 8015 7978
f 7978 8016 7979
f 7979 8017 7980
f 7980 8018 7981
f 7981 8019 7982
f 7982 8020 7983
f 7983 8021 7984
f 7984 8022 7985
f 7985 8024 8023
f 7949 7986 7987
f 7950 7987 7988
f 7951 7988 7989
f 7952 7989 7990
f 7953 7990 7991
f 7954 7991 7992
f 7955 7992 7993
f 7956 7993 7994
f 7957 7994 7995
f 7958 7995 7996
f 7959 7996 7997
f 7938 7992 7991
f 7938 7993 7992
f 7938 7994 7993
f 7938 7995 7994
f 7938 7996 7995
f 7938 7997 7996
f 7938 7998 7997
f 7938 7999 7998
f 7938 8000 7999
f 7938 8001 8000
f 7938 8002 8001
f 7938 8003 8002
f 7938 8004 8003
f 7938 8005 8004
f 7938 8006 8005
f 7938 8007 8006
f 7938 8008 8007
f 7938 8009 8008
f 7938 8010 8009
f 7938 8011 8010
f 7938 8012 8011
f 7938 8013 8012
f 7938 8014 8013
f 7938 8015 8014
f 7960 7997 7998
f 7961 7998 7999
f 7962 7999 8000
f 7963 8000 8001
f 7964 8001 8002
f 7965 8002 8003
f 7966 8003 8004
f 7967 8004 8005
f 7968 8005 8006
f 7969 8006 8007
f 7938 8016 8015
f 7938 8017 8016
f 7938 8018 8017
f 7938 8019 8018
f 7938 8020 8019
f 7938 8021 8020
f 7938 8022 8021
f 7938 8024 8022
f 7970 8007 8008
f 7971 8008 8009
f 7972 8009 8010
f 7973 8010 8011
f 7974 8011 8012
f 7975 8012 8013
f 7976 8013 8014
f 7977 8014 8015
f 7978 8015 8016
f 7979 8016 8017
f 7980 8017 8018
f 7981 8018 8019
f 7982 8019 8020
f 7983 8020 8021
f 7984 8021 8022
f 7985 8022 8024
f 7927 8219 8207
f 7927 8223 8219
f 7927 8410 8223
f 7927 8414 8410
f 7927 8421 8414
f 7927 8425 8421
f 7927 8446 8425
f 7927 8457 8446
f 7927 8461 8457
f 7927 8530 8461
f 7833 8055 8058
f 7834 8058 8066
f 7835 8066 8074
f 7836 8074 8080
f 7837 8080 8119
f 7838 8119 8122
f 7839 8122 8133
f 7840 8133 8139
f 7841 8139 8170
f 7853 8170 8225
f 7854 8225 8230
f 7855 8230 8236
f 7856 8236 8242
f 7857 8242 8250
f 7863 8250 8284
f 7864 8284 8288
f 7865 8288 8297
f 7866 8297 8300
f 7867 8300 8462
f 8025 8029 8026
f 7900 8029 8025
f 8026 8029 8030
f 8026 8030 8027
f 8027 8031 8028
f 8027 8030 8031
f 8028 8031 8032
f 8029 8041 8030
f 7902 8041 8029
f 8030 8041 8042
f 8031 8043 8032
f 8030 8042 8031
f 8031 8042 8043
f 8032 8043 8050
f 8028 8032 8033
f 8033 8037 8034
f 8032 8037 8033
f 8034 8037 8040
f 8035 8038 8036
f 8034 8040 8035
f 8036 8038 8039
f 8035 8040 8038
f 8032 8050 8037
f 8037 8047 8040
f 8037 8050 8047
f 8040 8047 8049
f 8038 8048 8039
f 8038 8040 8049
f 8039 8048 8087
f 8038 8049 8048
f 8041 8044 8042
f 8042 8045 8043
f 8043 8046 8050
f 7904 8044 8041
f 8042 8044 8045
f 7904 8090 8044
f 8044 8091 8045
f 8043 8045 8046
f 8045 8093 8046
f 8046 8092 8054
f 8047 8050 8054
f 8047 8051 8049
f 8047 8054 8051
f 8048 8052 8087
f 8048 8049 8053
f 8052 8088 8087
f 8049 8051 8053
f 8048 8053 8052
f 8046 8054 8050
f 8051 8054 8099
f 8051 8099 8097
f 8052 8127 8088
f 8051 8097 8053
f 8053 8097 8098
f 8052 8053 8098
f 8052 8098 8127
f 8055 8056 8059
f 8056 8057 8060
f 8055 8059 8058
f 8056 8060 8059
f 8057 8065 8060
f 8061 8063 8064
f 8062 8072 8073
f 8061 8062 8069
f 8062 8073 8069
f 8061 8069 8063
f 8057 8064 8065
f 8063 8065 8064
f 8058 8059 8067
f 8059 8060 8068
f 8058 8067 8066
f 8059 8068 8067
f 8060 8071 8068
f 8063 8070 8065
f 8069 8073 8086
f 8063 8069 8077
f 8063 8077 8070
f 8069 8086 8077
f 8060 8065 8071
f 8065 8070 8071
f 8036 8039 8072
f 8039 8073 8072
f 8039 8087 8073
f 8073 8087 8086
f 8066 8067 8075
f 8067 8068 8076
f 8066 8075 8074
f 8068 8078 8076
f 8067 8076 8075
f 8070 8077 8083
f 8077 8086 8089
f 8070 8083 8079
f 8077 8089 8083
f 8068 8071 8078
f 8070 8079 8071
f 8071 8079 8078
f 8074 8075 8081
f 8075 8076 8082
f 8074 8081 8080
f 8075 8082 8081
f 8076 8085 8082
f 8083 8089 8129
f 8083 8129 8114
f 8076 8078 8085
f 8078 8079 8084
f 8079 8083 8114
f 8078 8084 8085
f 8079 8114 8084
f 8086 8087 8088
f 8086 8088 8089
f 8088 8128 8089
f 8088 8127 8128
f 8089 8128 8129
f 8044 8090 8091
f 8045 8091 8093
f 8046 8093 8092
f 8092 8093 8096
f 8090 8094 8091
f 8091 8094 8095
f 7906 8094 8090
f 8091 8095 8093
f 8093 8095 8096
f 8092 8096 8103
f 8097 8099 8102
f 8097 8100 8098
f 8098 8101 8127
f 8098 8100 8101
f 8054 8092 8099
f 8092 8103 8099
f 8097 8102 8100
f 8100 8102 8110
f 8100 8107 8101
f 8099 8103 8102
f 8102 8103 8109
f 7906 8105 8094
f 8094 8106 8095
f 8094 8105 8106
f 8095 8104 8096
f 8096 8104 8108
f 8095 8106 8104
f 8105 8155 8106
f 8104 8106 8156
f 8104 8158 8108
f 8106 8155 8156
f 8104 8156 8158
f 8100 8110 8107
f 8101 8107 8146
f 8107 8110 8113
f 8096 8108 8103
f 8103 8108 8109
f 8102 8109 8110
f 8109 8112 8110
f 8107 8113 8149
f 8108 8111 8109
f 8109 8111 8112
f 8108 8158 8111
f 8110 8112 8113
f 8080 8081 8120
f 8081 8082 8121
f 8081 8121 8120
f 8082 8115 8121
f 8114 8129 8132
f 8082 8085 8115
f 8084 8116 8085
f 8084 8114 8117
f 8085 8116 8115
f 8084 8117 8116
f 8114 8132 8117
f 8115 8116 8126
f 8117 8132 8147
f 8116 8117 8118
f 8116 8118 8126
f 8117 8147 8118
f 8080 8120 8119
f 8119 8120 8123
f 8119 8123 8122
f 8120 8121 8124
f 8120 8124 8123
f 8121 8125 8124
f 8115 8125 8121
f 8115 8126 8125
f 8127 8130 8128
f 8128 8131 8129
f 8128 8130 8131
f 8129 8131 8132
f 8101 8130 8127
f 8131 8148 8132
f 8130 8145 8131
f 8131 8145 8148
f 8101 8146 8130
f 8130 8146 8145
f 8132 8148 8147
f 8118 8138 8126
f 8118 8147 8152
f 8118 8152 8138
f 8122 8123 8134
f 8122 8134 8133
f 8123 8124 8135
f 8123 8135 8134
f 8124 8137 8135
f 8124 8125 8137
f 8125 8126 8136
f 8125 8136 8137
f 8126 8138 8136
f 8134 8135 8141
f 8133 8134 8140
f 8133 8140 8139
f 8134 8141 8140
f 8135 8144 8141
f 8139 8140 8171
f 8140 8141 8172
f 8135 8137 8144
f 8136 8142 8137
f 8137 8142 8144
f 8136 8138 8143
f 8138 8152 8154
f 8138 8154 8143
f 8136 8143 8142
f 8145 8151 8148
f 8107 8149 8146
f 8145 8146 8150
f 8145 8150 8151
f 8147 8148 8153
f 8148 8151 8153
f 8147 8153 8152
f 8146 8149 8150
f 8113 8180 8149
f 8149 8177 8150
f 8152 8153 8185
f 8151 8178 8153
f 8153 8178 8185
f 8150 8179 8151
f 8151 8179 8178
f 8152 8185 8154
f 7938 7800 7792
f 7938 7796 7797
f 7938 7798 7746
f 7938 7797 7798
f 7938 7795 7796
f 7938 7794 7795
f 7938 7792 7793
f 7938 7793 7794
f 7938 7768 7799
f 7938 7799 7800
f 7938 7747 7748
f 7938 7748 7749
f 7938 7746 7747
f 7938 7749 7750
f 7938 7750 7751
f 7938 7752 8319
f 7938 7751 7752
f 7938 8319 8320
f 7938 8320 8321
f 7938 8321 8322
f 7938 8322 8323
f 7938 8323 8324
f 7938 8324 8325
f 7938 8325 8326
f 7938 8326 8336
f 7938 8336 8337
f 7938 8337 8338
f 7938 8338 8339
f 7938 8339 8340
f 7938 8340 8341
f 7938 8341 8342
f 7938 8342 8343
f 7938 8343 8344
f 7938 8344 8360
f 7938 8373 8996
f 7938 8996 8997
f 7938 8997 8998
f 7938 8998 8999
f 7938 8999 9000
f 7938 9001 9523
f 7938 9000 9001
f 7938 9523 9524
f 7938 9524 9525
f 7938 9525 9526
f 7938 9526 9527
f 7938 9527 9528
f 7938 9528 9529
f 7938 9529 9530
f 7938 9530 9531
f 7938 9531 9532
f 7938 9532 9533
f 7938 9533 9534
f 7938 9534 9535
f 7938 9535 9536
f 7938 9536 9537
f 7938 9537 9538
f 7938 9538 9539
f 7938 9539 9545
f 8155 8157 8156
f 8156 8161 8158
f 8156 8157 8161
f 8157 8164 8161
f 8111 8158 8162
f 8111 8159 8112
f 8158 8161 8162
f 8111 8162 8159
f 8112 8159 8160
f 8112 8160 8113
f 8113 8160 8180
f 8161 8163 8162
f 8162 8163 8165
f 8159 8162 8165
f 8159 8166 8160
f 8159 8165 8166
f 8160 8166 8183
f 8161 8164 8163
f 8163 8164 8167
f 8165 8169 8166
f 8163 8168 8165
f 8165 8168 8169
f 8163 8167 8168
f 8167 8203 8168
f 8168 8205 8169
f 8139 8171 8170
f 8140 8172 8171
f 8141 8174 8172
f 8142 8143 8175
f 8143 8154 8186
f 8143 8186 8175
f 8141 8144 8174
f 8142 8173 8144
f 8144 8173 8174
f 8142 8175 8173
f 8172 8174 8228
f 8173 8229 8174
f 8174 8229 8228
f 8173 8175 8176
f 8175 8186 8190
f 8173 8176 8229
f 8175 8190 8176
f 8149 8180 8177
f 8150 8177 8179
f 8177 8180 8184
f 8178 8187 8185
f 8177 8181 8179
f 8178 8179 8182
f 8178 8182 8187
f 8177 8184 8181
f 8179 8181 8182
f 8181 8184 8193
f 8181 8191 8182
f 8160 8183 8180
f 8180 8183 8184
f 8154 8185 8188
f 8185 8187 8188
f 8154 8188 8186
f 8186 8188 8189
f 8187 8196 8188
f 8188 8196 8189
f 8182 8197 8187
f 8187 8197 8196
f 8182 8191 8197
f 8186 8189 8190
f 8176 8190 8245
f 8181 8193 8191
f 8191 8193 8202
f 8166 8194 8183
f 8183 8192 8184
f 8166 8169 8194
f 8183 8194 8192
f 8184 8192 8193
f 8192 8194 8206
f 8169 8204 8194
f 8194 8204 8206
f 8192 8195 8193
f 8193 8195 8202
f 8192 8206 8195
f 8191 8199 8197
f 8196 8197 8201
f 8197 8199 8201
f 8189 8196 8200
f 8189 8198 8190
f 8190 8198 8245
f 8189 8200 8198
f 8196 8201 8200
f 8191 8202 8199
f 8199 8202 8213
f 8198 8200 8246
f 8200 8201 8211
f 8199 8210 8201
f 8201 8210 8211
f 8200 8211 8246
f 8168 8203 8205
f 8169 8205 8204
f 8204 8205 8209
f 8195 8206 8214
f 8204 8208 8206
f 8206 8208 8214
f 8203 8207 8205
f 8205 8207 8209
f 8204 8209 8208
f 8208 8209 8218
f 8208 8218 8220
f 8199 8213 8210
f 8210 8213 8216
f 8210 8264 8211
f 8210 8216 8264
f 8195 8212 8202
f 8202 8212 8213
f 8195 8214 8212
f 8212 8217 8213
f 8208 8220 8214
f 8212 8214 8215
f 8212 8215 8217
f 8214 8220 8215
f 8213 8217 8216
f 8216 8217 8272
f 8207 8219 8209
f 8209 8219 8218
f 8218 8219 8223
f 8215 8220 8224
f 8218 8222 8220
f 8220 8222 8224
f 8215 8221 8217
f 8217 8221 8272
f 8215 8224 8221
f 8218 8223 8222
f 8222 8223 8410
f 8221 8224 8411
f 8222 8409 8224
f 8224 8409 8411
f 8170 8171 8226
f 8171 8172 8227
f 8170 8226 8225
f 8171 8227 8226
f 8172 8228 8227
f 8225 8226 8231
f 8226 8227 8232
f 8228 8229 8234
f 8227 8228 8233
f 8176 8235 8229
f 8225 8231 8230
f 8226 8232 8231
f 8227 8233 8232
f 8230 8231 8237
f 8230 8237 8236
f 8231 8232 8238
f 8232 8240 8238
f 8231 8238 8237
f 8228 8234 8233
f 8229 8235 8234
f 8176 8245 8235
f 8234 8235 8241
f 8235 8245 8247
f 8232 8233 8240
f 8233 8234 8239
f 8233 8239 8240
f 8235 8247 8241
f 8238 8240 8253
f 8234 8241 8239
f 8239 8254 8240
f 8241 8247 8261
f 8239 8241 8249
f 8239 8249 8254
f 8236 8237 8244
f 8237 8238 8243
f 8236 8244 8242
f 8237 8243 8244
f 8238 8253 8243
f 8240 8254 8253
f 8198 8248 8245
f 8198 8246 8248
f 8245 8248 8247
f 8247 8248 8262
f 8241 8261 8249
f 8242 8244 8251
f 8243 8252 8244
f 8243 8255 8252
f 8242 8251 8250
f 8244 8252 8251
f 8250 8251 8285
f 8251 8252 8286
f 8243 8253 8255
f 8253 8254 8256
f 8249 8257 8254
f 8253 8256 8255
f 8249 8261 8268
f 8249 8268 8257
f 8254 8257 8256
f 8250 8285 8284
f 8251 8286 8285
f 8252 8287 8286
f 8257 8268 8269
f 8255 8256 8258
f 8252 8255 8287
f 8255 8258 8287
f 8256 8257 8259
f 8256 8259 8258
f 8257 8269 8259
f 8246 8263 8248
f 8211 8260 8246
f 8211 8264 8260
f 8246 8260 8263
f 8247 8262 8261
f 8248 8263 8262
f 8262 8263 8265
f 8261 8262 8267
f 8260 8264 8270
f 8216 8271 8264
f 8264 8271 8270
f 8262 8265 8267
f 8260 8266 8263
f 8263 8266 8265
f 8260 8270 8266
f 8261 8267 8268
f 8265 8276 8267
f 8267 8279 8268
f 8267 8276 8279
f 8265 8266 8278
f 8268 8279 8269
f 8259 8269 8306
f 8270 8271 8275
f 8266 8270 8277
f 8270 8275 8277
f 8216 8272 8271
f 8271 8272 8274
f 8271 8274 8275
f 8221 8273 8272
f 8272 8273 8274
f 8221 8411 8273
f 8273 8412 8274
f 8274 8416 8275
f 8265 8278 8276
f 8266 8277 8278
f 8276 8278 8281
f 8269 8279 8307
f 8276 8280 8279
f 8269 8307 8306
f 8279 8280 8307
f 8276 8281 8280
f 8275 8283 8277
f 8277 8282 8278
f 8277 8283 8282
f 8278 8282 8281
f 8280 8281 8430
f 8281 8282 8429
f 8275 8416 8283
f 8284 8285 8289
f 8284 8289 8288
f 8285 8286 8290
f 8285 8290 8289
f 8286 8291 8290
f 8286 8287 8291
f 8258 8292 8287
f 8288 8289 8298
f 8289 8290 8299
f 8288 8298 8297
f 8289 8299 8298
f 8290 8294 8299
f 8287 8292 8291
f 8258 8259 8293
f 8258 8293 8292
f 8259 8306 8293
f 8292 8293 8296
f 8293 8306 8309
f 8290 8291 8294
f 8291 8292 8295
f 8291 8295 8294
f 8292 8296 8295
f 8293 8309 8296
f 8295 8296 8305
f 8296 8309 8436
f 8297 8298 8301
f 8297 8301 8300
f 8298 8299 8302
f 8298 8302 8301
f 8299 8303 8302
f 8300 8301 8463
f 8300 8463 8462
f 8301 8302 8464
f 8301 8464 8463
f 8302 8426 8464
f 8294 8303 8299
f 8294 8295 8304
f 8294 8304 8303
f 8295 8305 8304
f 8296 8436 8305
f 8302 8303 8426
f 8303 8304 8427
f 8280 8308 8307
f 8306 8307 8310
f 8306 8310 8309
f 8307 8308 8310
f 8280 8430 8308
f 8281 8429 8430
f 8309 8310 8437
f 8309 8437 8436
f 7938 8360 8361
f 7938 8361 8362
f 7938 8362 8363
f 7938 8363 8364
f 7938 8364 8365
f 7938 8365 8366
f 7938 8366 8367
f 7938 8367 8368
f 7938 8368 8369
f 7938 8369 8370
f 7938 8370 8371
f 7938 8371 8372
f 7938 8372 8373
f 7938 9545 9546
f 7938 9546 9547
f 7938 9547 9548
f 7938 9548 9549
f 8402 8996 8401
f 8406 8996 8408
f 8400 8996 8405
f 8408 8996 8400
f 8405 8996 8404
f 8404 8996 8403
f 8403 8996 8402
f 8374 8996 8373
f 8401 8996 8374
f 7938 9549 9594
f 7938 9594 9595
f 7938 9595 9596
f 7938 9596 9597
f 7938 9597 9598
f 7938 9598 9599
f 7938 9599 9601
f 7938 9601 9600
f 7878 8462 8465
f 7879 8465 8472
f 7880 8472 8475
f 7881 8475 8502
f 7882 8502 8505
f 7883 8505 8515
f 7884 8515 8566
f 7888 8566 8569
f 7889 8569 8578
f 7890 8578 8583
f 7894 8583 8586
f 7895 8586 8590
f 7896 8590 9916
f 8222 8410 8409
f 7927 8538 8530
f 7927 8541 8538
f 7927 8561 8541
f 7927 8565 8561
f 7927 8649 8565
f 7927 8650 8649
f 7927 8652 8650
f 7927 8654 8652
f 8273 8411 8413
f 8409 8415 8411
f 8409 8410 8414
f 8411 8415 8413
f 8273 8413 8412
f 8274 8412 8416
f 8409 8414 8415
f 8413 8415 8422
f 8414 8421 8415
f 8415 8421 8422
f 8282 8283 8417
f 8282 8417 8429
f 8283 8416 8419
f 8412 8420 8416
f 8416 8420 8419
f 8283 8419 8417
f 8412 8413 8418
f 8412 8418 8420
f 8413 8422 8418
f 8417 8419 8435
f 8419 8420 8443
f 8418 8423 8420
f 8420 8423 8443
f 8418 8422 8424
f 8421 8425 8422
f 8422 8425 8424
f 8418 8424 8423
f 8423 8424 8447
f 8424 8425 8446
f 8305 8436 8438
f 8303 8427 8426
f 8304 8305 8428
f 8304 8428 8427
f 8305 8438 8428
f 8428 8438 8482
f 8308 8430 8432
f 8417 8434 8429
f 8429 8433 8430
f 8429 8434 8433
f 8308 8431 8310
f 8310 8431 8437
f 8308 8432 8431
f 8430 8433 8432
f 8432 8433 8442
f 8433 8434 8451
f 8433 8451 8442
f 8417 8435 8434
f 8419 8443 8435
f 8434 8435 8444
f 8434 8444 8451
f 8436 8437 8439
f 8431 8440 8437
f 8437 8440 8439
f 8431 8432 8441
f 8436 8439 8438
f 8432 8442 8441
f 8431 8441 8440
f 8441 8442 8450
f 8439 8440 8484
f 8438 8439 8483
f 8439 8484 8483
f 8440 8441 8449
f 8441 8450 8449
f 8440 8449 8484
f 8435 8443 8445
f 8423 8448 8443
f 8443 8448 8445
f 8435 8445 8444
f 8444 8445 8454
f 8424 8446 8447
f 8423 8447 8448
f 8445 8448 8455
f 8447 8456 8448
f 8448 8456 8455
f 8442 8451 8452
f 8442 8452 8450
f 8450 8452 8491
f 8444 8453 8451
f 8444 8454 8453
f 8451 8453 8452
f 8445 8455 8454
f 8454 8455 8459
f 8452 8453 8492
f 8453 8454 8458
f 8453 8458 8492
f 8446 8457 8447
f 8447 8457 8456
f 8455 8456 8460
f 8456 8457 8461
f 8456 8461 8460
f 8454 8459 8458
f 8455 8460 8459
f 8459 8460 8529
f 8460 8461 8530
f 7927 8023 10187
f 7938 10225 8024
f 8462 8463 8466
f 8462 8466 8465
f 8463 8464 8467
f 8463 8467 8466
f 8464 8469 8467
f 8465 8466 8473
f 8465 8473 8472
f 8466 8467 8474
f 8426 8469 8464
f 8426 8427 8468
f 8426 8468 8469
f 8427 8428 8470
f 8428 8482 8470
f 8427 8470 8468
f 8467 8469 8478
f 8466 8474 8473
f 8467 8478 8474
f 8468 8479 8469
f 8469 8479 8478
f 8468 8470 8471
f 8470 8482 8485
f 8468 8471 8479
f 8470 8485 8471
f 8472 8473 8476
f 8473 8474 8477
f 8474 8480 8477
f 8472 8476 8475
f 8475 8476 8503
f 8473 8477 8476
f 8476 8477 8504
f 8474 8478 8480
f 8478 8479 8481
f 8478 8481 8480
f 8471 8486 8479
f 8471 8485 8494
f 8479 8486 8481
f 8477 8480 8508
f 8438 8483 8482
f 8482 8483 8489
f 8483 8484 8488
f 8482 8489 8485
f 8483 8488 8489
f 8471 8494 8486
f 8480 8481 8509
f 8486 8494 8520
f 8481 8486 8510
f 8481 8510 8509
f 8486 8520 8510
f 8449 8490 8484
f 8449 8450 8487
f 8484 8490 8488
f 8450 8491 8487
f 8449 8487 8490
f 8488 8496 8489
f 8488 8490 8497
f 8487 8498 8490
f 8487 8491 8493
f 8490 8498 8497
f 8487 8493 8498
f 8452 8492 8491
f 8491 8492 8527
f 8491 8527 8493
f 8485 8489 8495
f 8485 8495 8494
f 8489 8496 8495
f 8488 8497 8496
f 8494 8495 8499
f 8495 8496 8500
f 8494 8499 8520
f 8496 8497 8501
f 8493 8534 8498
f 8497 8498 8532
f 8498 8534 8532
f 8495 8500 8499
f 8496 8501 8500
f 8497 8532 8501
f 8475 8503 8502
f 8476 8504 8503
f 8502 8503 8506
f 8477 8508 8504
f 8503 8504 8507
f 8502 8506 8505
f 8503 8507 8506
f 8504 8511 8507
f 8480 8509 8508
f 8504 8508 8511
f 8508 8509 8512
f 8509 8510 8513
f 8510 8520 8521
f 8508 8512 8511
f 8509 8513 8512
f 8510 8521 8513
f 8512 8513 8519
f 8513 8521 8524
f 8505 8506 8516
f 8505 8516 8515
f 8506 8507 8514
f 8506 8514 8516
f 8507 8517 8514
f 8515 8516 8567
f 8514 8568 8516
f 8507 8511 8517
f 8511 8512 8518
f 8511 8518 8517
f 8515 8567 8566
f 8516 8568 8567
f 8514 8572 8568
f 8512 8519 8518
f 8513 8524 8519
f 8514 8517 8572
f 8517 8518 8573
f 8517 8573 8572
f 8518 8519 8574
f 8518 8574 8573
f 8519 8524 8526
f 8519 8526 8574
f 8499 8522 8520
f 8499 8500 8523
f 8520 8522 8521
f 8499 8523 8522
f 8500 8501 8542
f 8500 8542 8523
f 8521 8522 8525
f 8522 8523 8549
f 8521 8525 8524
f 8522 8549 8525
f 8524 8525 8552
f 8524 8552 8526
f 8458 8528 8492
f 8458 8459 8531
f 8459 8529 8531
f 8458 8531 8528
f 8492 8528 8527
f 8527 8528 8535
f 8460 8530 8529
f 8529 8530 8538
f 8529 8537 8531
f 8528 8531 8536
f 8531 8537 8536
f 8529 8538 8537
f 8501 8532 8543
f 8532 8534 8544
f 8493 8527 8533
f 8493 8533 8534
f 8527 8535 8533
f 8533 8545 8534
f 8534 8545 8544
f 8528 8536 8535
f 8535 8536 8539
f 8533 8535 8546
f 8533 8546 8545
f 8535 8539 8546
f 8537 8538 8541
f 8536 8537 8540
f 8536 8540 8539
f 8537 8541 8540
f 8540 8541 8561
f 8501 8543 8542
f 8532 8544 8543
f 8523 8542 8550
f 8542 8543 8551
f 8523 8550 8549
f 8542 8551 8550
f 8543 8544 8547
f 8543 8547 8551
f 8544 8545 8548
f 8545 8546 8558
f 8544 8548 8547
f 8545 8558 8548
f 8525 8549 8553
f 8549 8550 8554
f 8550 8551 8555
f 8525 8553 8552
f 8549 8554 8553
f 8550 8555 8554
f 8547 8556 8551
f 8551 8556 8555
f 8554 8555 8598
f 8555 8556 8599
f 8547 8548 8557
f 8547 8557 8556
f 8548 8562 8557
f 8556 8557 8610
f 8539 8559 8546
f 8539 8540 8560
f 8546 8559 8558
f 8539 8560 8559
f 8540 8561 8560
f 8558 8559 8563
f 8559 8560 8564
f 8560 8561 8565
f 8548 8558 8562
f 8558 8563 8562
f 8559 8564 8563
f 8557 8562 8611
f 8562 8563 8613
f 8562 8613 8611
f 8560 8565 8564
f 8564 8565 8649
f 8563 8564 8614
f 8563 8614 8613
f 8564 8649 8614
f 8566 8567 8571
f 8567 8568 8570
f 8566 8571 8569
f 8569 8571 8579
f 8567 8570 8571
f 8568 8575 8570
f 8570 8580 8571
f 8568 8572 8575
f 8572 8573 8576
f 8573 8574 8577
f 8526 8594 8574
f 8573 8577 8576
f 8574 8594 8577
f 8572 8576 8575
f 8570 8575 8581
f 8575 8576 8582
f 8576 8577 8592
f 8569 8579 8578
f 8571 8580 8579
f 8570 8581 8580
f 8578 8579 8584
f 8578 8584 8583
f 8579 8580 8585
f 8579 8585 8584
f 8580 8589 8585
f 8575 8582 8581
f 8576 8592 8582
f 8580 8581 8589
f 8581 8582 8623
f 8581 8623 8589
f 8583 8584 8587
f 8583 8587 8586
f 8584 8588 8587
f 8584 8585 8588
f 8585 8624 8588
f 8586 8587 8591
f 8587 8588 8627
f 8585 8589 8624
f 8586 8591 8590
f 8587 8627 8591
f 8590 8591 9917
f 8590 9917 9916
f 8577 8594 8600
f 8577 8600 8592
f 8582 8592 8593
f 8592 8600 8603
f 8582 8593 8623
f 8592 8603 8593
f 8526 8552 8595
f 8552 8553 8596
f 8526 8595 8594
f 8552 8596 8595
f 8553 8554 8597
f 8553 8597 8596
f 8594 8595 8602
f 8595 8596 8601
f 8554 8598 8597
f 8555 8599 8598
f 8596 8597 8605
f 8597 8598 8606
f 8596 8605 8601
f 8597 8606 8605
f 8598 8599 8617
f 8598 8617 8606
f 8556 8610 8599
f 8594 8602 8600
f 8595 8601 8602
f 8600 8602 8604
f 8601 8607 8602
f 8600 8604 8603
f 8602 8607 8604
f 8601 8605 8608
f 8605 8606 8609
f 8601 8608 8607
f 8605 8609 8608
f 8606 8619 8609
f 8557 8611 8610
f 8610 8611 8612
f 8599 8610 8618
f 8599 8618 8617
f 8610 8612 8618
f 8611 8613 8615
f 8613 8614 8616
f 8614 8649 8650
f 8611 8615 8612
f 8613 8616 8615
f 8614 8650 8616
f 8606 8617 8619
f 8617 8618 8620
f 8612 8621 8618
f 8618 8621 8620
f 8617 8620 8619
f 8612 8615 8622
f 8612 8622 8621
f 8615 8616 8651
f 8615 8651 8622
f 8620 8621 8642
f 8621 8622 8643
f 8622 8651 8653
f 8589 8623 8625
f 8589 8625 8624
f 8593 8626 8623
f 8623 8626 8625
f 8593 8603 8631
f 8593 8631 8626
f 8588 8624 8628
f 8624 8625 8629
f 8625 8626 8630
f 8626 8631 8635
f 8588 8628 8627
f 8591 8627 9918
f 8591 9918 9917
f 8627 9920 9918
f 8624 8629 8628
f 8625 8630 8629
f 8626 8635 8630
f 8627 8628 9920
f 8628 8629 9921
f 8628 9921 9920
f 8629 8630 9922
f 8629 9922 9921
f 8630 8635 9930
f 8630 9930 9922
f 8603 8604 8632
f 8603 8632 8631
f 8631 8632 8636
f 8604 8607 8633
f 8604 8633 8632
f 8607 8608 8634
f 8607 8634 8633
f 8608 8609 8639
f 8608 8639 8634
f 8632 8633 8637
f 8633 8634 8638
f 8634 8639 8644
f 8631 8636 8635
f 8635 8636 9932
f 8635 9932 9930
f 8632 8637 8636
f 8633 8638 8637
f 8634 8644 8638
f 8636 8637 9933
f 8636 9933 9932
f 8637 8638 9934
f 8638 8644 9942
f 8637 9934 9933
f 8638 9942 9934
f 8609 8619 8641
f 8609 8641 8639
f 8639 8641 8646
f 8619 8620 8640
f 8620 8642 8640
f 8619 8640 8641
f 8640 8645 8641
f 8621 8643 8642
f 8622 8653 8643
f 8640 8642 8647
f 8640 8647 8645
f 8642 8643 8648
f 8642 8648 8647
f 8643 8655 8648
f 8639 8646 8644
f 8644 8646 9944
f 8644 9944 9942
f 8641 8645 8646
f 8645 9945 8646
f 8646 9945 9944
f 8645 8647 9948
f 8647 8648 9949
f 8645 9948 9945
f 8647 9949 9948
f 8616 8650 8652
f 8616 8652 8651
f 8651 8652 8654
f 8651 8654 8653
f 7927 10217 8654
f 8643 8653 8655
f 8653 8656 8655
f 8653 8654 8656
f 8648 8655 10092
f 8655 8656 10093
f 8648 10092 9949
f 8655 10093 10092
f 8023 8024 10225
f 6994 8661 8657
f 8657 8662 8658
f 8658 8663 8659
f 6994 8660 8661
f 8657 8661 8662
f 8658 8662 8663
f 8659 8663 8667
f 8659 8667 8664
f 8664 8668 8665
f 8665 8669 8666
f 8664 8667 8668
f 8665 8668 8669
f 8666 8669 8677
f 8666 8677 8670
f 8670 8678 8671
f 8670 8677 8678
f 8671 8678 8679
f 8671 8679 8672
f 8672 8679 8680
f 8672 8680 8673
f 8673 8681 8674
f 6994 8657 7467
f 8657 8658 8785
f 8658 8659 8787
f 8659 8664 8790
f 8664 8665 8794
f 8665 8666 8799
f 8666 8670 8802
f 8670 8671 8853
f 8671 8672 8858
f 8672 8673 8860
f 8673 8674 8891
f 8674 8675 8894
f 8675 8676 8903
f 8660 9439 8661
f 8661 9439 8662
f 8662 9439 8663
f 8663 9439 8667
f 8667 9439 8668
f 8668 9439 8669
f 8669 9439 8677
f 8677 9439 8678
f 8678 9439 8679
f 8679 9439 8680
f 8680 9439 8681
f 8681 9439 8682
f 8673 8680 8681
f 8674 8681 8682
f 8674 8682 8675
f 8675 8682 8683
f 8675 8683 8676
f 8676 8683 8684
f 8676 8684 8687
f 8684 8685 8687
f 8682 9439 8683
f 8683 9439 8684
f 8684 9439 8685
f 8685 9439 8686
f 8686 9439 8692
f 8692 9439 8693
f 8693 9439 8694
f 8694 9439 8695
f 8695 9439 8696
f 8696 9439 8702
f 8702 9439 8703
f 8703 9439 8704
f 8704 9439 8705
f 8705 9439 8706
f 8706 9439 8707
f 8707 9439 8708
f 8708 9439 8709
f 8709 9439 8710
f 8710 9439 8711
f 8711 9439 9450
f 8685 8688 8687
f 8685 8686 8688
f 8686 8689 8688
f 8686 8692 8689
f 8689 8692 8690
f 8690 8693 8691
f 8690 8692 8693
f 8691 8693 8694
f 8694 8695 8697
f 8691 8694 8697
f 8695 8698 8697
f 8696 8699 8698
f 8695 8696 8698
f 8696 8702 8699
f 8700 8702 8703
f 8699 8702 8700
f 8700 8703 8701
f 8701 8703 8704
f 8701 8704 8712
f 8704 8705 8712
f 8705 8713 8712
f 8705 8706 8713
f 8706 8707 8714
f 8707 8708 8715
f 8708 8709 8716
f 8709 8710 8717
f 8710 8711 8718
f 8711 9450 8719
f 8706 8714 8713
f 8707 8715 8714
f 8708 8716 8715
f 8709 8717 8716
f 8710 8718 8717
f 8711 8719 8718
f 8719 9450 9461
f 8676 8687 8906
f 8687 8688 9063
f 8688 8689 9068
f 8689 8690 9073
f 8690 8691 9085
f 8691 8697 9106
f 8697 8698 9124
f 8698 8699 9127
f 8699 8700 9133
f 8700 8701 9143
f 8701 8712 9183
f 8712 8713 9218
f 8713 8714 9224
f 8714 8715 9240
f 8715 8716 9245
f 8716 8717 9283
f 8717 8718 9289
f 8718 8719 9299
f 8719 9461 9305
f 7467 8657 8785
f 8658 8787 8785
f 8659 8790 8787
f 8664 8794 8790
f 8665 8799 8794
f 8666 8802 8799
f 8670 8853 8802
f 8671 8858 8853
f 8672 8860 8858
f 8673 8891 8860
f 8674 8894 8891
f 8675 8903 8894
f 8676 8906 8903
f 7137 8726 9333
f 7264 7265 8721
f 7265 7408 8728
f 7264 8721 8720
f 7265 8728 8721
f 8720 8723 8722
f 8720 8721 8723
f 8721 8733 8723
f 8722 8723 8725
f 8722 8725 8724
f 8724 8725 8760
f 8724 8760 8726
f 7408 7409 8729
f 7409 7414 8732
f 7408 8729 8728
f 7409 8732 8729
f 7411 8730 7415
f 7415 8730 8731
f 8730 8735 8731
f 7414 7415 8731
f 7414 8731 8732
f 8731 8736 8732
f 8721 8728 8733
f 8728 8729 8734
f 8728 8734 8733
f 8729 8732 8737
f 8729 8737 8734
f 8723 8733 8754
f 8733 8734 8755
f 8731 8735 8736
f 8735 8769 8736
f 8736 8769 8757
f 8732 8736 8737
f 8736 8757 8737
f 8734 8737 8756
f 8737 8757 8756
f 7421 8786 7422
f 7422 8738 7428
f 7422 8786 8738
f 8738 8789 8741
f 7426 8739 7440
f 7440 8739 8749
f 7427 7428 8741
f 7427 8741 8740
f 7428 8738 8741
f 7426 7427 8740
f 7426 8740 8739
f 8739 8744 8749
f 8740 8741 8743
f 8739 8740 8742
f 8744 8753 8749
f 8741 8789 8743
f 8740 8743 8742
f 8739 8742 8744
f 8744 8767 8753
f 8753 8767 8775
f 8742 8743 8793
f 8742 8793 8745
f 8742 8745 8744
f 8744 8745 8767
f 7411 7436 8746
f 7436 7437 8747
f 7411 8746 8730
f 7436 8747 8746
f 7437 7438 8748
f 7437 8748 8747
f 8730 8746 8750
f 8747 8748 8752
f 8746 8747 8751
f 7438 7440 8749
f 7438 8749 8748
f 8748 8749 8753
f 8730 8750 8735
f 8746 8751 8750
f 8747 8752 8751
f 8735 8750 8770
f 8735 8770 8769
f 8751 8752 8774
f 8751 8774 8771
f 8750 8751 8771
f 8750 8771 8770
f 8748 8753 8752
f 8752 8753 8775
f 8752 8775 8774
f 8723 8754 8725
f 8733 8755 8754
f 8734 8756 8755
f 8725 8754 8761
f 8725 8761 8760
f 8754 8755 8764
f 8754 8764 8761
f 8757 8772 8759
f 8756 8757 8759
f 8755 8756 8758
f 8755 8758 8764
f 8756 8759 8758
f 8726 8760 8762
f 8760 8761 8763
f 8761 8764 8765
f 8726 8762 8727
f 8760 8763 8762
f 8761 8765 8763
f 8758 8766 8764
f 8758 8759 8781
f 8758 8781 8766
f 8764 8766 8765
f 8765 8766 8820
f 8767 8768 8775
f 8745 8798 8767
f 8768 8778 8775
f 8767 8798 8768
f 8768 8807 8778
f 8778 8807 8784
f 8757 8769 8772
f 8769 8770 8773
f 8770 8771 8777
f 8769 8773 8772
f 8770 8777 8773
f 8771 8774 8776
f 8774 8775 8778
f 8771 8776 8777
f 8774 8778 8776
f 8776 8783 8777
f 8776 8778 8784
f 8759 8772 8779
f 8759 8779 8781
f 8772 8773 8780
f 8773 8777 8782
f 8772 8780 8779
f 8773 8782 8780
f 8779 8819 8781
f 8779 8780 8822
f 8766 8781 8821
f 8777 8783 8782
f 8776 8784 8783
f 8780 8782 8823
f 8780 8823 8822
f 8782 8783 8824
f 8783 8784 8868
f 8782 8824 8823
f 8783 8868 8824
f 7421 7467 8785
f 7421 8785 8786
f 8785 8787 8786
f 8738 8786 8788
f 8786 8787 8788
f 8738 8788 8789
f 8787 8790 8788
f 8788 8790 8791
f 8788 8791 8789
f 8743 8789 8792
f 8789 8791 8792
f 8743 8792 8793
f 8790 8794 8791
f 8791 8794 8795
f 8791 8795 8792
f 8792 8796 8793
f 8792 8795 8796
f 8794 8799 8795
f 8795 8800 8796
f 8796 8801 8797
f 8745 8793 8797
f 8793 8796 8797
f 8745 8797 8798
f 8797 8806 8798
f 8768 8798 8805
f 8796 8800 8801
f 8795 8799 8800
f 8799 8802 8800
f 8800 8803 8801
f 8801 8804 8806
f 8800 8802 8803
f 8801 8803 8804
f 8798 8806 8805
f 8797 8801 8806
f 8805 8806 8809
f 8768 8805 8807
f 8805 8809 8810
f 8784 8807 8808
f 8805 8810 8807
f 8784 8808 8868
f 8807 8810 8808
f 8804 8809 8806
f 8727 8762 8812
f 8762 8763 8813
f 8762 8813 8812
f 8727 8812 8811
f 8811 8812 8816
f 8763 8765 8814
f 8763 8814 8813
f 8765 8820 8814
f 8812 8813 8817
f 8813 8814 8818
f 8814 8828 8818
f 8811 8816 8815
f 8812 8817 8816
f 8813 8818 8817
f 8815 8816 8836
f 8816 8817 8837
f 8817 8818 8830
f 8816 8837 8836
f 8817 8830 8837
f 8781 8819 8821
f 8779 8822 8819
f 8819 8825 8821
f 8821 8825 8829
f 8766 8821 8820
f 8814 8820 8828
f 8820 8821 8829
f 8820 8829 8828
f 8819 8822 8827
f 8823 8824 8869
f 8822 8823 8826
f 8819 8827 8825
f 8823 8869 8826
f 8822 8826 8827
f 8818 8828 8831
f 8828 8829 8834
f 8818 8831 8830
f 8828 8834 8831
f 8825 8832 8829
f 8829 8832 8834
f 8825 8827 8833
f 8826 8871 8827
f 8825 8833 8832
f 8827 8871 8833
f 8832 8842 8834
f 8832 8833 8876
f 8815 8836 8835
f 8835 8836 8839
f 8836 8837 8840
f 8836 8840 8839
f 8835 8839 8838
f 8830 8841 8837
f 8830 8831 8844
f 8830 8844 8841
f 8837 8841 8840
f 8840 8841 8848
f 8834 8842 8843
f 8832 8876 8842
f 8831 8834 8843
f 8831 8843 8844
f 8841 8844 8849
f 8843 8884 8844
f 8844 8884 8849
f 8838 8839 8847
f 8839 8840 8845
f 8840 8848 8845
f 8839 8845 8847
f 8838 8847 8846
f 8846 8847 8916
f 8841 8849 8848
f 8848 8849 8885
f 8845 8848 8918
f 8845 8917 8847
f 8845 8918 8917
f 8848 8885 8918
f 8802 8853 8803
f 8803 8854 8804
f 8804 8855 8809
f 8808 8852 8868
f 8852 8870 8868
f 8809 8850 8810
f 8809 8855 8850
f 8810 8850 8851
f 8808 8810 8851
f 8808 8851 8852
f 8852 8856 8870
f 8851 8863 8852
f 8803 8853 8854
f 8804 8854 8855
f 8853 8858 8854
f 8854 8858 8859
f 8854 8859 8855
f 8850 8855 8857
f 8855 8859 8857
f 8850 8857 8864
f 8850 8864 8851
f 8851 8864 8863
f 8856 8873 8870
f 8852 8863 8856
f 8858 8860 8859
f 8857 8859 8861
f 8857 8862 8864
f 8859 8860 8861
f 8857 8861 8862
f 8862 8893 8866
f 8863 8864 8866
f 8856 8865 8873
f 8856 8863 8867
f 8865 8874 8873
f 8856 8867 8865
f 8862 8866 8864
f 8863 8866 8867
f 8866 8897 8867
f 8824 8868 8870
f 8824 8870 8869
f 8826 8869 8872
f 8869 8870 8873
f 8826 8872 8871
f 8869 8873 8872
f 8833 8871 8877
f 8833 8877 8876
f 8871 8872 8878
f 8872 8873 8874
f 8871 8878 8877
f 8872 8874 8878
f 8860 8891 8861
f 8861 8892 8862
f 8865 8875 8874
f 8867 8897 8898
f 8865 8867 8898
f 8865 8898 8875
f 8874 8875 8883
f 8875 8901 8883
f 8842 8876 8880
f 8877 8878 8882
f 8876 8877 8881
f 8842 8879 8843
f 8842 8880 8879
f 8843 8879 8884
f 8876 8881 8880
f 8874 8883 8878
f 8877 8882 8881
f 8878 8883 8882
f 8881 8882 8888
f 8880 8881 8889
f 8882 8883 8911
f 8882 8911 8888
f 8879 8890 8884
f 8879 8880 8887
f 8884 8890 8886
f 8879 8887 8890
f 8849 8884 8886
f 8849 8886 8885
f 8885 8886 8926
f 8880 8889 8887
f 8881 8888 8889
f 8887 8925 8890
f 8886 8890 8924
f 8887 8889 8912
f 8890 8925 8924
f 8887 8912 8925
f 8861 8891 8892
f 8862 8892 8893
f 8892 8895 8893
f 8891 8894 8892
f 8893 8896 8897
f 8892 8894 8895
f 8893 8895 8896
f 8866 8893 8897
f 8897 8899 8898
f 8898 8899 8900
f 8875 8898 8900
f 8883 8901 8911
f 8875 8900 8901
f 8896 8899 8897
f 8895 8904 8896
f 8896 8905 8899
f 8901 8902 8911
f 8899 8909 8900
f 8900 8909 8910
f 8900 8910 8901
f 8902 8914 8911
f 8901 8910 8902
f 8894 8903 8895
f 8895 8903 8904
f 8896 8904 8905
f 8905 8908 8909
f 8903 8906 8904
f 8904 8906 8907
f 8904 8907 8905
f 8905 8907 8908
f 8899 8905 8909
f 8909 8936 8910
f 8910 8936 8935
f 8902 8910 8935
f 8902 8934 8914
f 8902 8935 8934
f 8908 8936 8909
f 8888 8913 8889
f 8888 8911 8914
f 8889 8913 8912
f 8888 8914 8913
f 8913 8914 8941
f 8726 8727 9333
f 8727 8811 9333
f 8811 8815 9333
f 8815 8835 9333
f 8835 8838 9333
f 8838 8846 9333
f 8846 8915 9333
f 8915 8919 9333
f 8919 8930 9333
f 7138 9333 9371
f 8846 8916 8915
f 8847 8917 8916
f 8916 8917 8921
f 8917 8918 8922
f 8915 8916 8920
f 8915 8920 8919
f 8916 8921 8920
f 8919 8920 8929
f 8919 8929 8930
f 8885 8923 8918
f 8918 8923 8922
f 8885 8926 8923
f 8917 8922 8921
f 8921 8922 8931
f 8886 8924 8926
f 8924 8937 8926
f 8926 8937 8927
f 8923 8926 8927
f 8922 8923 8932
f 8923 8927 8932
f 8920 8921 8928
f 8920 8928 8929
f 8921 8931 8928
f 8928 8953 8929
f 8929 8952 8930
f 8922 8932 8931
f 8931 8932 8945
f 8928 8931 8933
f 8928 8933 8953
f 8931 8945 8933
f 8914 8934 8941
f 8935 8936 9065
f 8934 9067 8941
f 8934 8935 9066
f 8934 9066 9067
f 8941 9067 8943
f 8912 8938 8925
f 8924 8925 8939
f 8925 8938 8939
f 8912 8913 8940
f 8913 8941 8940
f 8912 8940 8938
f 8924 8939 8937
f 8938 8947 8939
f 8937 8939 8948
f 8940 8941 8943
f 8938 8940 8942
f 8938 8942 8947
f 8939 8947 8948
f 8940 8943 8942
f 8927 8937 8944
f 8927 8944 8946
f 8937 8948 8944
f 8927 8946 8932
f 8932 8946 8945
f 8933 8945 8957
f 8945 8946 8959
f 8944 8948 8949
f 8942 9080 8947
f 8947 9080 9082
f 8947 9082 8948
f 8944 8950 8946
f 8944 8949 8950
f 8946 8950 8959
f 8948 9082 8949
f 8930 8952 8951
f 8929 8953 8952
f 8952 8953 8958
f 8951 8952 8954
f 8951 8954 8955
f 8952 8958 8954
f 8933 8956 8953
f 8953 8956 8958
f 8933 8957 8956
f 8945 8959 8957
f 8954 8958 8963
f 8956 8964 8958
f 8958 8964 8963
f 8950 9089 8959
f 8959 9089 9092
f 8957 8959 9092
f 8956 8957 8960
f 8956 8960 8964
f 8957 9092 8960
f 8954 8961 8955
f 8955 8961 8962
f 8954 8963 8961
f 8961 8967 8962
f 8960 9098 8964
f 8963 8964 9099
f 8961 8963 8965
f 8962 8967 8966
f 8961 8965 8967
f 8963 9099 8965
f 8930 8951 9334
f 8951 8955 9340
f 8966 8967 9150
f 9371 9372 7924
f 9372 9373 7924
f 9373 9374 7924
f 9374 9375 7924
f 9375 9376 7924
f 9376 9377 7926
f 8687 9063 8906
f 8688 9068 9063
f 8689 9073 9068
f 8690 9085 9073
f 8691 9106 9085
f 8697 9124 9106
f 8698 9127 9124
f 8699 9133 9127
f 8700 9143 9133
f 8701 9183 9143
f 8712 9218 9183
f 8713 9224 9218
f 8714 9240 9224
f 8715 9245 9240
f 8716 9283 9245
f 8717 9289 9283
f 8718 9299 9289
f 8719 9305 9299
f 9305 9461 9604
f 7938 9377 9378
f 7938 9378 9379
f 7938 9379 9380
f 7938 9380 9381
f 7938 9381 9382
f 7938 9382 9383
f 7938 9383 9384
f 7938 9384 9385
f 7938 9385 9386
f 7938 9386 9387
f 9397 7769 7768
f 9397 7770 7769
f 9398 7771 7770
f 8407 8995 8996
f 8407 9007 9006
f 8407 9002 9007
f 8407 9005 9002
f 9004 8407 9009
f 9004 9003 8407
f 8407 9003 9005
f 9009 8407 8973
f 8973 8407 8974
f 8407 9008 8994
f 8407 9006 9008
f 8407 8994 8995
f 8906 9063 8907
f 8907 9063 9064
f 8907 9064 8908
f 8908 9062 8936
f 8908 9064 9062
f 9063 9068 9064
f 9064 9068 9069
f 9062 9064 9069
f 9062 9070 9065
f 9062 9069 9070
f 8936 9062 9065
f 8935 9065 9066
f 9066 9071 9067
f 8943 9067 9072
f 9065 9076 9066
f 9066 9076 9071
f 9065 9070 9076
f 8943 9072 9081
f 9067 9071 9072
f 9072 9077 9081
f 9068 9073 9069
f 9069 9074 9070
f 9070 9075 9076
f 9069 9073 9074
f 9070 9074 9075
f 9071 9076 9078
f 9071 9078 9079
f 9071 9079 9072
f 9075 9078 9076
f 9077 9084 9081
f 9072 9079 9077
f 9078 9088 9079
f 9077 9104 9084
f 9077 9079 9103
f 9077 9103 9104
f 8942 8943 9081
f 8942 9081 9080
f 8949 9091 8950
f 8949 9082 9090
f 9080 9081 9084
f 9080 9083 9082
f 9080 9084 9083
f 9082 9083 9090
f 9073 9085 9074
f 9074 9085 9086
f 9074 9086 9075
f 9075 9087 9078
f 9075 9086 9087
f 9078 9087 9088
f 9079 9088 9103
f 9084 9104 9114
f 8950 9091 9089
f 8949 9090 9091
f 9089 9091 9094
f 9089 9095 9092
f 9089 9094 9095
f 9092 9095 9097
f 8960 9092 9097
f 9083 9084 9114
f 9083 9093 9090
f 9090 9093 9096
f 9090 9096 9091
f 9083 9114 9093
f 9091 9096 9094
f 9094 9118 9095
f 9094 9096 9117
f 8960 9097 9098
f 8964 9098 9099
f 8965 9099 9151
f 9098 9101 9099
f 9099 9101 9151
f 9095 9100 9097
f 9095 9118 9100
f 9097 9100 9102
f 9097 9102 9098
f 9098 9102 9101
f 9101 9102 9156
f 9085 9106 9086
f 9087 9108 9088
f 9086 9107 9087
f 9104 9105 9114
f 9088 9109 9103
f 9088 9108 9109
f 9103 9109 9110
f 9103 9110 9104
f 9104 9110 9105
f 9105 9115 9114
f 9086 9106 9107
f 9087 9107 9108
f 9106 9124 9107
f 9107 9125 9108
f 9108 9126 9109
f 9107 9124 9125
f 9108 9125 9126
f 9109 9111 9110
f 9105 9110 9112
f 9105 9113 9115
f 9113 9122 9115
f 9109 9126 9111
f 9110 9111 9112
f 9105 9112 9113
f 9113 9132 9122
f 9093 9114 9115
f 9093 9116 9096
f 9093 9115 9116
f 9096 9116 9117
f 9094 9117 9118
f 9115 9122 9116
f 9100 9118 9123
f 9116 9121 9117
f 9117 9120 9118
f 9118 9120 9123
f 9100 9119 9102
f 9102 9119 9156
f 9100 9123 9119
f 9116 9122 9121
f 9117 9121 9120
f 9120 9121 9140
f 9121 9122 9139
f 9120 9141 9123
f 9119 9123 9159
f 9120 9140 9141
f 9123 9141 9159
f 9124 9127 9125
f 9125 9128 9126
f 9111 9126 9129
f 9125 9127 9128
f 9126 9128 9129
f 9111 9130 9112
f 9112 9130 9131
f 9112 9131 9113
f 9113 9131 9132
f 9122 9132 9139
f 9111 9129 9130
f 9131 9138 9132
f 9132 9136 9139
f 9127 9133 9128
f 9128 9133 9134
f 9128 9134 9129
f 9129 9135 9130
f 9129 9134 9135
f 9133 9143 9134
f 9134 9144 9135
f 9135 9145 9137
f 9130 9137 9131
f 9130 9135 9137
f 9131 9137 9138
f 9132 9138 9136
f 9136 9142 9139
f 9137 9146 9138
f 9136 9182 9142
f 9136 9138 9147
f 9121 9139 9140
f 9139 9142 9140
f 9140 9174 9141
f 9140 9142 9174
f 9134 9143 9144
f 9135 9144 9145
f 9143 9183 9144
f 9144 9184 9145
f 9145 9185 9146
f 9137 9145 9146
f 9138 9146 9147
f 9136 9147 9182
f 9144 9183 9184
f 9145 9184 9185
f 8965 9148 8967
f 8967 9148 9150
f 8965 9151 9148
f 8966 9150 9149
f 9149 9150 9154
f 9148 9151 9157
f 9101 9155 9151
f 9151 9155 9157
f 9148 9152 9150
f 9150 9152 9154
f 9148 9157 9152
f 9149 9154 9153
f 9153 9154 9163
f 9153 9163 9165
f 9101 9156 9155
f 9155 9156 9161
f 9152 9157 9158
f 9155 9162 9157
f 9157 9162 9158
f 9152 9158 9164
f 9119 9160 9156
f 9119 9159 9160
f 9156 9160 9161
f 9160 9172 9161
f 9155 9161 9162
f 9158 9162 9177
f 9161 9173 9162
f 9162 9173 9177
f 9152 9164 9154
f 9154 9164 9163
f 9163 9164 9168
f 9163 9167 9165
f 9165 9167 9169
f 9158 9166 9164
f 9164 9166 9168
f 9158 9177 9166
f 9163 9168 9167
f 9167 9168 9203
f 9167 9204 9169
f 9142 9182 9189
f 9141 9170 9159
f 9159 9171 9160
f 9160 9171 9172
f 9141 9174 9170
f 9159 9170 9171
f 9161 9172 9173
f 9172 9179 9173
f 9170 9174 9190
f 9170 9175 9171
f 9142 9189 9174
f 9174 9189 9190
f 9170 9190 9175
f 9171 9176 9172
f 9171 9175 9176
f 9172 9176 9179
f 9166 9177 9181
f 9173 9180 9177
f 9177 9180 9181
f 9166 9178 9168
f 9168 9178 9203
f 9166 9181 9178
f 9173 9179 9180
f 9179 9196 9180
f 9180 9197 9181
f 9178 9181 9198
f 9178 9206 9203
f 9181 9197 9198
f 9178 9198 9206
f 9146 9186 9147
f 9147 9187 9182
f 9182 9188 9189
f 9182 9187 9188
f 9188 9193 9189
f 9183 9218 9184
f 9184 9219 9185
f 9185 9220 9186
f 9146 9185 9186
f 9147 9186 9187
f 9186 9221 9187
f 9186 9220 9221
f 9187 9221 9222
f 9187 9222 9188
f 9188 9223 9193
f 9188 9222 9223
f 9193 9223 9230
f 9189 9193 9190
f 9175 9190 9191
f 9175 9192 9176
f 9176 9195 9179
f 9176 9192 9195
f 9190 9193 9191
f 9175 9191 9192
f 9191 9193 9230
f 9191 9194 9192
f 9191 9230 9194
f 9179 9195 9196
f 9180 9196 9197
f 9195 9200 9196
f 9196 9201 9197
f 9197 9202 9198
f 9198 9202 9212
f 9192 9199 9195
f 9195 9199 9200
f 9196 9200 9201
f 9192 9194 9199
f 9197 9201 9202
f 9200 9234 9201
f 9201 9235 9202
f 9167 9203 9204
f 9169 9204 9205
f 9204 9209 9205
f 9203 9207 9204
f 9204 9207 9209
f 9203 9206 9207
f 9205 9209 9208
f 9208 9209 9211
f 9198 9212 9206
f 9206 9213 9207
f 9206 9212 9213
f 9207 9213 9210
f 9207 9210 9209
f 9209 9210 9211
f 9202 9259 9212
f 9212 9259 9260
f 9212 9260 9213
f 9210 9213 9261
f 9210 9214 9211
f 9213 9260 9261
f 9210 9261 9214
f 9208 9211 9215
f 9211 9216 9215
f 9211 9214 9216
f 9215 9216 9217
f 7938 9387 9388
f 7938 9388 9389
f 7938 9389 9390
f 7938 9390 9391
f 7938 9391 9392
f 7938 9392 9393
f 7938 9393 9394
f 7938 9394 9395
f 7938 9395 9396
f 7938 9396 9397
f 9398 7772 7771
f 9398 7773 7772
f 9398 7774 7773
f 9399 7775 7774
f 9399 7776 7775
f 9399 7777 7776
f 9400 7778 7777
f 9400 7779 7778
f 9401 7780 7779
f 9401 7781 7780
f 9402 7782 7781
f 9403 7817 7782
f 9403 7818 7817
f 9404 7819 7818
f 9405 7820 7819
f 9406 7821 7820
f 9406 7822 7821
f 9407 7823 7822
f 9420 7824 7823
f 9421 7825 7824
f 9421 7826 7825
f 9422 7827 7826
f 9423 7828 7827
f 9430 8975 8974
f 9430 8976 8975
f 9430 9020 8977
f 9430 8977 8976
f 9430 9021 9020
f 9430 9022 9021
f 9430 9023 9022
f 9430 9024 9023
f 9430 9025 9024
f 9430 9026 9025
f 9430 9027 9026
f 9430 9028 9027
f 9430 9029 9028
f 9184 9218 9219
f 9185 9219 9220
f 9218 9224 9219
f 9219 9224 9226
f 9219 9226 9220
f 9220 9225 9221
f 9220 9226 9225
f 9222 9228 9223
f 9223 9229 9230
f 9221 9227 9222
f 9221 9225 9227
f 9222 9227 9228
f 9229 9231 9230
f 9223 9228 9229
f 9224 9240 9226
f 9226 9240 9241
f 9225 9226 9241
f 9225 9242 9227
f 9225 9241 9242
f 9227 9243 9228
f 9228 9244 9229
f 9227 9242 9243
f 9228 9243 9244
f 9229 9248 9231
f 9229 9244 9248
f 9231 9248 9236
f 9194 9230 9231
f 9194 9232 9199
f 9199 9232 9233
f 9199 9233 9200
f 9200 9233 9234
f 9194 9231 9232
f 9201 9234 9235
f 9202 9235 9259
f 9234 9239 9235
f 9231 9236 9232
f 9232 9237 9233
f 9232 9236 9237
f 9233 9237 9238
f 9233 9238 9234
f 9234 9238 9239
f 9235 9239 9262
f 9241 9246 9242
f 9242 9247 9243
f 9240 9245 9241
f 9241 9245 9246
f 9242 9246 9247
f 9243 9249 9244
f 9243 9247 9249
f 9245 9283 9246
f 9244 9250 9248
f 9236 9248 9251
f 9244 9249 9250
f 9248 9250 9251
f 9236 9251 9253
f 9246 9284 9247
f 9247 9285 9249
f 9246 9283 9284
f 9247 9284 9285
f 9249 9286 9250
f 9250 9287 9251
f 9251 9252 9253
f 9249 9285 9286
f 9250 9286 9287
f 9251 9287 9252
f 9252 9256 9253
f 9236 9253 9237
f 9237 9254 9238
f 9238 9254 9255
f 9238 9255 9239
f 9239 9255 9269
f 9237 9253 9254
f 9253 9256 9254
f 9254 9257 9255
f 9255 9258 9269
f 9254 9256 9257
f 9255 9257 9258
f 9235 9262 9259
f 9259 9263 9260
f 9214 9261 9265
f 9260 9264 9261
f 9261 9264 9265
f 9259 9262 9263
f 9239 9269 9262
f 9262 9270 9263
f 9260 9263 9264
f 9263 9272 9264
f 9264 9271 9265
f 9265 9271 9276
f 9214 9268 9216
f 9216 9266 9217
f 9214 9265 9268
f 9216 9268 9266
f 9217 9266 9267
f 9266 9268 9277
f 9265 9276 9268
f 9268 9276 9277
f 9266 9278 9267
f 9266 9277 9278
f 9267 9278 9431
f 9262 9269 9270
f 9263 9270 9272
f 9270 9274 9272
f 9264 9272 9271
f 9271 9272 9275
f 9269 9273 9270
f 9258 9273 9269
f 9270 9273 9274
f 9272 9274 9275
f 9271 9275 9280
f 9275 9314 9280
f 9271 9280 9276
f 9276 9279 9277
f 9277 9279 9281
f 9278 9282 9431
f 9277 9281 9278
f 9278 9281 9282
f 9276 9280 9279
f 9279 9280 9319
f 9279 9320 9281
f 9281 9321 9282
f 9283 9289 9284
f 9284 9290 9285
f 9285 9291 9286
f 9284 9289 9290
f 9285 9290 9291
f 9286 9292 9287
f 9252 9287 9293
f 9286 9291 9292
f 9287 9292 9293
f 9252 9293 9288
f 9252 9288 9256
f 9256 9288 9295
f 9289 9299 9290
f 9290 9300 9291
f 9291 9301 9292
f 9290 9299 9300
f 9291 9300 9301
f 9292 9302 9293
f 9292 9301 9302
f 9293 9302 9303
f 9288 9293 9303
f 9288 9294 9295
f 9288 9303 9294
f 9294 9297 9295
f 9256 9295 9257
f 9257 9296 9258
f 9257 9295 9296
f 9295 9297 9296
f 9296 9297 9298
f 9299 9305 9300
f 9300 9306 9301
f 9301 9307 9302
f 9300 9305 9306
f 9301 9306 9307
f 9302 9308 9303
f 9302 9307 9308
f 9294 9303 9309
f 9294 9304 9297
f 9303 9308 9309
f 9294 9309 9304
f 9297 9304 9310
f 9305 9604 9306
f 9306 9605 9307
f 9307 9606 9308
f 9306 9604 9605
f 9307 9605 9606
f 9308 9610 9309
f 9308 9606 9610
f 9304 9309 9612
f 9304 9613 9310
f 9309 9610 9612
f 9304 9612 9613
f 9310 9613 9621
f 9297 9310 9298
f 9298 9310 9325
f 9310 9621 9325
f 9325 9621 9639
f 9258 9311 9273
f 9273 9311 9312
f 9273 9312 9274
f 9274 9312 9313
f 9258 9296 9311
f 9274 9313 9275
f 9275 9313 9314
f 9296 9298 9311
f 9311 9315 9312
f 9312 9316 9313
f 9298 9315 9311
f 9312 9315 9316
f 9313 9317 9314
f 9313 9316 9317
f 9314 9317 9318
f 9314 9318 9319
f 9280 9314 9319
f 9279 9319 9320
f 9319 9322 9320
f 9281 9320 9321
f 9282 9321 9433
f 9320 9323 9321
f 9321 9324 9433
f 9318 9322 9319
f 9320 9322 9323
f 9321 9323 9324
f 9298 9325 9315
f 9315 9326 9316
f 9315 9325 9326
f 9316 9326 9327
f 9316 9327 9317
f 9317 9328 9318
f 9317 9327 9328
f 9318 9328 9329
f 9325 9639 9326
f 9326 9640 9327
f 9326 9639 9640
f 9327 9640 9641
f 9327 9641 9328
f 9328 9642 9329
f 9328 9641 9642
f 9329 9642 9647
f 9318 9329 9322
f 9322 9330 9323
f 9323 9330 9331
f 9322 9329 9330
f 9323 9331 9324
f 9324 9332 9435
f 9324 9331 9332
f 9329 9647 9330
f 9330 9648 9331
f 9330 9647 9648
f 9331 9648 9649
f 9331 9649 9332
f 9332 9650 9437
f 9332 9649 9650
f 9424 7829 7828
f 9424 7830 7829
f 9425 7831 7830
f 9426 7832 7831
f 9427 8392 7832
f 9427 8393 8392
f 9428 8394 8393
f 9429 8395 8394
f 9430 8399 8395
f 9430 8396 8399
f 9430 8397 8396
f 9430 8398 8397
f 9430 8407 8398
f 9430 8974 8407
f 9430 9046 9029
f 9430 9047 9046
f 9430 9048 9047
f 9430 9049 9048
f 9430 9050 9049
f 9430 9051 9050
f 9430 9052 9051
f 9430 9053 9052
f 9430 9054 9053
f 9430 9055 9054
f 9430 9056 9055
f 9430 9057 9056
f 9430 9058 9057
f 9430 9059 9058
f 9430 9060 9059
f 9430 9061 9060
f 9430 9569 9061
f 8930 9334 9333
f 8951 9335 9334
f 8951 9336 9335
f 8951 9337 9336
f 8951 9338 9337
f 8951 9339 9338
f 8951 9340 9339
f 8955 9341 9340
f 8955 9342 9341
f 8955 9343 9342
f 8955 9344 9343
f 8955 9345 9344
f 8962 9346 9345
f 8962 9347 9346
f 8962 9348 9347
f 8962 9349 9348
f 8962 9350 9349
f 8966 9351 9350
f 8966 9352 9351
f 8966 9353 9352
f 8966 9354 9353
f 8966 9355 9354
f 9149 9356 9355
f 9149 9357 9356
f 8955 8962 9345
f 8962 8966 9350
f 8966 9149 9355
f 9149 9153 9359
f 9153 9165 9363
f 9165 9169 9368
f 9397 9398 7770
f 9398 9399 7774
f 9399 9400 7777
f 9400 9401 7779
f 9401 9402 7781
f 9402 9403 7782
f 9403 9404 7818
f 9404 9405 7819
f 9405 9406 7820
f 9406 9407 7822
f 9407 9408 7823
f 9408 9420 7823
f 9420 9421 7824
f 9333 9334 9371
f 9334 9335 9372
f 9335 9336 9373
f 9336 9337 9374
f 9337 9338 9375
f 9338 9339 9376
f 9339 9340 9377
f 9340 9341 9378
f 9341 9342 9379
f 9342 9343 9380
f 9343 9344 9381
f 9344 9345 9382
f 9345 9346 9383
f 9346 9347 9384
f 9347 9348 9385
f 9348 9349 9386
f 9149 9358 9357
f 9349 9350 9387
f 9350 9351 9388
f 9351 9352 9389
f 9352 9353 9390
f 9353 9354 9391
f 9354 9355 9392
f 9355 9356 9393
f 9356 9357 9394
f 9357 9358 9395
f 9358 9359 9396
f 9359 9360 9397
f 9360 9361 9398
f 9361 9362 9399
f 9362 9363 9400
f 9363 9364 9401
f 9364 9365 9402
f 9365 9366 9403
f 9366 9367 9404
f 9367 9368 9405
f 9368 9369 9406
f 9369 9370 9407
f 9370 9409 9408
f 9334 9372 9371
f 9335 9373 9372
f 9336 9374 9373
f 9337 9375 9374
f 9338 9376 9375
f 9339 9377 9376
f 9340 9378 9377
f 9341 9379 9378
f 9342 9380 9379
f 9343 9381 9380
f 9344 9382 9381
f 9345 9383 9382
f 9346 9384 9383
f 9347 9385 9384
f 9348 9386 9385
f 9349 9387 9386
f 9350 9388 9387
f 9351 9389 9388
f 9352 9390 9389
f 9353 9391 9390
f 9354 9392 9391
f 9355 9393 9392
f 9356 9394 9393
f 9357 9395 9394
f 9358 9396 9395
f 9359 9397 9396
f 9360 9398 9397
f 9361 9399 9398
f 9362 9400 9399
f 9363 9401 9400
f 9364 9402 9401
f 9365 9403 9402
f 9366 9404 9403
f 9367 9405 9404
f 9368 9406 9405
f 9369 9407 9406
f 9370 9408 9407
f 9149 9359 9358
f 9153 9360 9359
f 9153 9361 9360
f 9153 9362 9361
f 9153 9363 9362
f 9165 9364 9363
f 9165 9365 9364
f 9165 9366 9365
f 9165 9367 9366
f 9165 9368 9367
f 9169 9369 9368
f 9169 9370 9369
f 9169 9409 9370
f 9169 9410 9409
f 9169 9411 9410
f 9205 9412 9411
f 9205 9413 9412
f 9205 9414 9413
f 9205 9415 9414
f 9208 9416 9415
f 9208 9417 9416
f 9208 9418 9417
f 9208 9419 9418
f 9409 9410 9420
f 9410 9411 9421
f 9411 9412 9422
f 9412 9413 9423
f 9413 9414 9424
f 9414 9415 9425
f 9415 9416 9426
f 9416 9417 9427
f 9417 9418 9428
f 9418 9419 9429
f 9408 9409 9420
f 9410 9421 9420
f 9411 9422 9421
f 9412 9423 9422
f 9413 9424 9423
f 9414 9425 9424
f 9415 9426 9425
f 9416 9427 9426
f 9417 9428 9427
f 9418 9429 9428
f 9419 9430 9429
f 9169 9205 9411
f 9205 9208 9415
f 9208 9215 9419
f 9215 9217 9419
f 9217 9267 9419
f 9267 9431 9419
f 9419 9431 9432
f 9419 9432 9434
f 9419 9434 9436
f 9421 9422 7826
f 9422 9423 7827
f 9423 9424 7828
f 9424 9425 7830
f 9425 9426 7831
f 9426 9427 7832
f 9427 9428 8393
f 9428 9429 8394
f 9429 9430 8395
f 9282 9432 9431
f 9282 9433 9432
f 9432 9433 9434
f 9433 9435 9434
f 9324 9435 9433
f 9434 9435 9436
f 9435 9437 9436
f 9332 9437 9435
f 9436 9437 9438
f 9437 10155 9438
f 9437 9650 10155
f 9438 10155 10156
f 9419 9436 9438
f 9419 9438 10156
f 9419 10156 10158
f 9419 10158 10160
f 9419 10160 10162
f 9419 10165 9430
f 9439 9451 9450
f 9439 9452 9451
f 9439 9454 9452
f 9439 9453 9454
f 9439 9456 9453
f 9439 9457 9456
f 9439 9458 9457
f 9439 9473 9472
f 9439 9441 9474
f 9439 9474 9473
f 9439 9459 9458
f 9439 9460 9459
f 9439 9470 9455
f 9439 9471 9470
f 9439 9455 9460
f 9439 9472 9471
f 9439 9485 9486
f 9439 9486 9487
f 9439 9487 9488
f 9439 9492 9493
f 9439 9493 9494
f 9439 9488 9492
f 9439 9445 9446
f 9439 9444 9445
f 9439 9494 9440
f 9439 9440 9442
f 9439 9442 9443
f 9439 9443 9444
f 9439 9448 9449
f 9439 9447 9448
f 9439 9446 9447
f 9439 9449 9441
f 9443 9502 9444
f 9444 9503 9445
f 9447 9481 9448
f 9448 9480 9449
f 9446 9505 9447
f 9445 9504 9446
f 9446 9504 9505
f 9447 9505 9481
f 9450 9451 9461
f 9451 9452 9462
f 9452 9454 9463
f 9453 9464 9454
f 9453 9456 9465
f 9456 9457 9466
f 9457 9458 9467
f 9459 9460 9469
f 9455 9484 9460
f 9458 9459 9468
f 9458 9468 9467
f 9459 9469 9468
f 9460 9484 9469
f 9451 9462 9461
f 9452 9463 9462
f 9454 9464 9463
f 9453 9465 9464
f 9456 9466 9465
f 9457 9467 9466
f 9472 9473 9476
f 9471 9472 9478
f 9473 9474 9483
f 9473 9483 9476
f 9455 9470 9475
f 9470 9471 9477
f 9470 9477 9475
f 9455 9475 9484
f 9471 9478 9477
f 9472 9476 9478
f 9441 9449 9482
f 9441 9479 9474
f 9449 9480 9482
f 9474 9479 9483
f 9441 9482 9479
f 9448 9481 9480
f 9461 9462 9604
f 9462 9463 9607
f 9463 9464 9615
f 9464 9465 9623
f 9466 9467 9669
f 9465 9466 9629
f 9467 9468 9672
f 9468 9469 9688
f 9469 9484 9694
f 9475 9820 9484
f 9475 9477 9734
f 9476 9748 9478
f 9477 9478 9742
f 9479 9482 9758
f 9481 9505 9765
f 9480 9481 9762
f 9480 9771 9482
f 9479 9785 9483
f 9476 9483 9739
f 9485 9489 9486
f 9486 9490 9487
f 9487 9491 9488
f 9485 9498 9489
f 9486 9489 9490
f 9487 9490 9491
f 9488 9495 9492
f 9492 9496 9493
f 9440 9494 9499
f 9493 9497 9494
f 9488 9491 9495
f 9492 9495 9496
f 9493 9496 9497
f 9494 9497 9499
f 9440 9500 9442
f 9442 9501 9443
f 9440 9499 9500
f 9443 9501 9502
f 9442 9500 9501
f 9444 9502 9503
f 9445 9503 9504
f 9489 9498 9890
f 9489 9892 9490
f 9490 9895 9491
f 9491 9899 9495
f 9495 9904 9496
f 9496 9907 9497
f 9497 9988 9499
f 9499 9994 9500
f 9500 9997 9501
f 9501 10013 9502
f 9502 10016 9503
f 9503 10023 9504
f 9504 10026 9505
f 9462 9607 9604
f 9463 9615 9607
f 9464 9623 9615
f 9465 9629 9623
f 9466 9669 9629
f 9467 9672 9669
f 9468 9688 9672
f 9469 9694 9688
f 9475 9734 9820
f 9477 9742 9734
f 9476 9739 9748
f 9478 9748 9742
f 9482 9771 9758
f 9505 10026 9765
f 9481 9765 9762
f 9480 9762 9771
f 9483 9785 9739
f 9479 9758 9785
f 9484 9820 9694
f 8407 8996 8406
f 7938 9600 10176
f 9604 9607 9605
f 9605 9608 9606
f 9606 9609 9610
f 9605 9607 9608
f 9606 9608 9609
f 9609 9611 9610
f 9610 9611 9612
f 9612 9614 9613
f 9613 9619 9621
f 9611 9614 9612
f 9613 9614 9619
f 9619 9622 9621
f 9607 9615 9608
f 9608 9616 9609
f 9609 9617 9611
f 9608 9615 9616
f 9609 9616 9617
f 9611 9618 9614
f 9611 9617 9618
f 9614 9618 9620
f 9614 9620 9619
f 9619 9628 9622
f 9619 9620 9628
f 9622 9628 9635
f 9621 9622 9639
f 9622 9643 9639
f 9622 9635 9643
f 9635 9636 9643
f 9615 9623 9616
f 9616 9624 9617
f 9617 9625 9618
f 9616 9623 9624
f 9617 9624 9625
f 9618 9626 9620
f 9618 9625 9626
f 9620 9626 9627
f 9620 9627 9628
f 9628 9634 9635
f 9627 9634 9628
f 9634 9637 9635
f 9623 9629 9624
f 9624 9630 9625
f 9625 9631 9626
f 9624 9629 9630
f 9625 9630 9631
f 9626 9632 9627
f 9627 9633 9634
f 9626 9631 9632
f 9627 9632 9633
f 9633 9677 9634
f 9634 9677 9637
f 9637 9677 9682
f 9635 9637 9636
f 9636 9637 9638
f 9637 9682 9638
f 9638 9683 9659
f 9638 9682 9683
f 9659 9683 9684
f 9639 9643 9640
f 9640 9644 9641
f 9640 9643 9644
f 9641 9644 9645
f 9641 9645 9642
f 9642 9646 9647
f 9642 9645 9646
f 9646 9651 9647
f 9636 9644 9643
f 9644 9655 9645
f 9636 9655 9644
f 9645 9655 9656
f 9645 9656 9646
f 9646 9657 9651
f 9646 9656 9657
f 9651 9657 9658
f 9647 9651 9648
f 9648 9652 9649
f 9648 9651 9652
f 9649 9652 9653
f 9649 9653 9650
f 9650 9653 9654
f 9651 9658 9652
f 9652 9658 9663
f 9652 9663 9653
f 9653 9663 9664
f 9653 9664 9654
f 9654 9665 10157
f 9654 9664 9665
f 9636 9638 9655
f 9655 9659 9656
f 9656 9660 9657
f 9638 9659 9655
f 9656 9659 9660
f 9657 9661 9658
f 9657 9660 9661
f 9658 9661 9662
f 9659 9684 9660
f 9660 9684 9710
f 9660 9710 9661
f 9661 9710 9711
f 9661 9711 9662
f 9662 9712 9666
f 9658 9662 9663
f 9662 9666 9663
f 9663 9666 9664
f 9664 9667 9665
f 9665 9668 10159
f 9664 9666 9667
f 9666 9717 9667
f 9667 9718 9668
f 9665 9667 9668
f 9668 10161 10159
f 9668 9719 10161
f 9630 9669 9670
f 9669 9672 9670
f 9670 9672 9673
f 9670 9673 9671
f 9671 9674 9678
f 9671 9673 9674
f 9674 9675 9678
f 9629 9669 9630
f 9630 9670 9631
f 9631 9671 9632
f 9631 9670 9671
f 9632 9678 9633
f 9633 9679 9677
f 9677 9680 9682
f 9632 9671 9678
f 9633 9678 9679
f 9677 9679 9680
f 9680 9685 9682
f 9675 9679 9678
f 9676 9680 9679
f 9680 9681 9685
f 9675 9676 9679
f 9676 9681 9680
f 9681 9701 9685
f 9682 9685 9683
f 9683 9686 9684
f 9683 9685 9686
f 9684 9686 9687
f 9685 9701 9686
f 9686 9701 9702
f 9686 9702 9687
f 9687 9702 9703
f 9687 9703 9713
f 9703 9704 9713
f 9672 9688 9673
f 9673 9688 9689
f 9673 9689 9674
f 9674 9689 9690
f 9674 9690 9675
f 9675 9690 9691
f 9675 9691 9676
f 9676 9692 9681
f 9676 9691 9692
f 9681 9692 9693
f 9688 9694 9689
f 9689 9694 9695
f 9690 9695 9696
f 9694 9820 9695
f 9695 9821 9696
f 9689 9695 9690
f 9690 9696 9691
f 9691 9697 9692
f 9691 9696 9697
f 9692 9697 9698
f 9692 9698 9693
f 9693 9699 9705
f 9693 9698 9699
f 9699 9700 9705
f 9681 9693 9701
f 9693 9705 9701
f 9701 9705 9702
f 9702 9706 9703
f 9702 9705 9706
f 9703 9706 9707
f 9703 9707 9704
f 9704 9707 9708
f 9704 9708 9724
f 9700 9706 9705
f 9706 9827 9707
f 9700 9827 9706
f 9707 9827 9833
f 9707 9833 9708
f 9708 9833 9834
f 9708 9709 9724
f 9708 9834 9709
f 9709 9835 9728
f 9684 9687 9710
f 9687 9713 9710
f 9710 9713 9711
f 9711 9713 9714
f 9662 9711 9712
f 9711 9714 9712
f 9666 9712 9717
f 9712 9715 9717
f 9704 9714 9713
f 9714 9724 9715
f 9712 9714 9715
f 9715 9716 9717
f 9715 9725 9716
f 9716 9726 9721
f 9667 9717 9718
f 9716 9718 9717
f 9718 9721 9719
f 9668 9718 9719
f 9719 9720 10161
f 9716 9721 9718
f 9719 9721 9722
f 9719 9722 9720
f 9720 9722 9723
f 9720 9723 10163
f 9723 10164 10163
f 9704 9724 9714
f 9715 9724 9725
f 9709 9725 9724
f 9725 9728 9726
f 9716 9725 9726
f 9721 9726 9727
f 9709 9728 9725
f 9726 9728 9729
f 9728 9836 9729
f 9726 9729 9727
f 9727 9729 9730
f 9727 9730 9731
f 9730 9855 9731
f 9721 9727 9722
f 9722 9731 9723
f 9722 9727 9731
f 9723 9731 9732
f 9723 9732 10164
f 9732 9733 10164
f 9731 9855 9732
f 9732 9855 9858
f 9732 9858 9733
f 9733 9858 9859
f 10176 9603 9578
f 10176 9568 9567
f 10176 9570 9569
f 10176 9567 9570
f 10176 9571 9568
f 10176 9572 9571
f 10176 9574 9572
f 10176 9583 9582
f 10176 9573 9574
f 10176 9582 9573
f 10176 9580 9576
f 10176 9578 9577
f 10176 9577 9579
f 10176 9579 9581
f 10176 9581 9580
f 10176 9576 9575
f 10176 9575 9583
f 9734 9821 9820
f 9735 9822 9821
f 9734 9735 9821
f 9735 9736 9822
f 9734 9742 9735
f 9735 9743 9736
f 9736 9744 9737
f 9736 9737 9823
f 9737 9745 9738
f 9738 9746 9826
f 9739 9749 9748
f 9740 9750 9749
f 9739 9740 9749
f 9740 9741 9750
f 9741 9790 9751
f 9743 9748 9749
f 9742 9748 9743
f 9744 9749 9750
f 9743 9749 9744
f 9744 9750 9745
f 9735 9742 9743
f 9736 9743 9744
f 9745 9751 9746
f 9745 9750 9751
f 9737 9744 9745
f 9738 9745 9746
f 9746 9747 9826
f 9747 9754 9829
f 9746 9752 9747
f 9747 9753 9754
f 9741 9751 9750
f 9746 9751 9752
f 9747 9752 9753
f 9751 9790 9752
f 9752 9790 9791
f 9752 9791 9753
f 9753 9791 9795
f 9753 9795 9755
f 9753 9755 9754
f 9755 9799 9756
f 9754 9755 9841
f 9756 9844 9841
f 9755 9756 9841
f 9756 9757 9844
f 9758 9771 9759
f 9759 9771 9772
f 9760 9772 9773
f 9759 9772 9760
f 9760 9773 9761
f 9761 9775 9792
f 9776 9793 9792
f 9766 10026 10027
f 9765 10026 9766
f 9767 10027 10028
f 9766 10027 9767
f 9767 10028 9768
f 9763 9765 9766
f 9762 9765 9763
f 9764 9766 9767
f 9763 9766 9764
f 9764 9767 9774
f 9768 10028 10102
f 9768 10102 9769
f 9769 10103 9770
f 9767 9768 9774
f 9768 9778 9774
f 9768 9769 9778
f 9769 9779 9778
f 9769 9770 9779
f 9770 10107 9782
f 9762 9772 9771
f 9763 9773 9772
f 9764 9775 9773
f 9762 9763 9772
f 9763 9764 9773
f 9764 9774 9775
f 9774 9776 9775
f 9774 9778 9776
f 9776 9778 9777
f 9777 9778 9779
f 9761 9773 9775
f 9775 9776 9792
f 9776 9777 9793
f 9777 9780 9796
f 9777 9779 9780
f 9779 9782 9780
f 9770 9782 9779
f 9782 10107 9783
f 9783 10108 9784
f 9780 9782 9781
f 9781 9782 9783
f 9781 9783 9810
f 9784 9811 9810
f 9783 9784 9810
f 9784 10114 9811
f 9740 9785 9786
f 9741 9786 9787
f 9758 9786 9785
f 9759 9787 9786
f 9739 9785 9740
f 9740 9786 9741
f 9741 9787 9790
f 9788 9791 9790
f 9789 9795 9791
f 9787 9788 9790
f 9788 9789 9791
f 9789 9794 9795
f 9794 9799 9795
f 9794 9797 9799
f 9758 9759 9786
f 9759 9760 9787
f 9760 9788 9787
f 9760 9761 9788
f 9761 9792 9789
f 9761 9789 9788
f 9789 9792 9794
f 9793 9797 9794
f 9792 9793 9794
f 9793 9796 9797
f 9755 9795 9799
f 9797 9798 9800
f 9796 9798 9797
f 9796 9806 9798
f 9798 9806 9803
f 9803 9807 9804
f 9756 9799 9800
f 9797 9800 9799
f 9798 9801 9800
f 9756 9800 9757
f 9757 9800 9801
f 9757 9801 9868
f 9802 9869 9868
f 9801 9802 9868
f 9802 9805 9869
f 9798 9803 9801
f 9801 9803 9802
f 9802 9803 9804
f 9804 9814 9805
f 9802 9804 9805
f 9814 9815 9872
f 9805 9814 9872
f 9815 9873 9872
f 9777 9796 9793
f 9780 9806 9796
f 9781 9807 9806
f 9780 9781 9806
f 9781 9810 9807
f 9807 9810 9808
f 9803 9806 9807
f 9804 9807 9808
f 9808 9811 9809
f 9808 9810 9811
f 9811 10114 9812
f 9812 10115 9813
f 9809 9811 9812
f 9809 9812 9817
f 9812 9813 9817
f 9813 10133 9818
f 9804 9808 9814
f 9809 9815 9814
f 9808 9809 9814
f 9809 9817 9815
f 9815 9816 9873
f 9815 9817 9816
f 9816 9818 9882
f 9813 9818 9817
f 9816 9817 9818
f 9818 10133 9819
f 9818 9819 9882
f 9819 9884 9882
f 9819 10139 9884
f 9695 9820 9821
f 9696 9821 9822
f 9696 9822 9697
f 9736 9823 9822
f 9697 9822 9823
f 9697 9823 9698
f 9698 9823 9824
f 9698 9824 9699
f 9699 9824 9825
f 9737 9824 9823
f 9699 9825 9700
f 9700 9825 9828
f 9737 9738 9824
f 9738 9825 9824
f 9738 9826 9825
f 9825 9826 9828
f 9826 9829 9828
f 9700 9828 9827
f 9827 9831 9833
f 9827 9828 9831
f 9831 9832 9833
f 9828 9829 9831
f 9829 9830 9831
f 9830 9832 9831
f 9830 9842 9832
f 9832 9842 9837
f 9837 9842 9843
f 9832 9834 9833
f 9832 9837 9834
f 9834 9837 9835
f 9709 9834 9835
f 9728 9835 9836
f 9835 9838 9836
f 9835 9837 9838
f 9837 9843 9838
f 9838 9848 9839
f 9836 9838 9839
f 9836 9839 9853
f 9839 9840 9853
f 9747 9829 9826
f 9754 9830 9829
f 9754 9841 9830
f 9830 9841 9842
f 9841 9844 9842
f 9843 9844 9845
f 9842 9844 9843
f 9843 9845 9848
f 9845 9846 9848
f 9846 9849 9848
f 9757 9845 9844
f 9757 9868 9845
f 9845 9868 9846
f 9846 9868 9869
f 9846 9847 9849
f 9846 9869 9847
f 9847 9870 9851
f 9838 9843 9848
f 9839 9848 9849
f 9839 9849 9840
f 9840 9849 9850
f 9840 9850 9861
f 9850 9852 9861
f 9847 9850 9849
f 9847 9851 9850
f 9850 9851 9852
f 9851 9876 9852
f 9852 9876 9865
f 9865 9876 9877
f 9865 9877 9866
f 9729 9836 9853
f 9729 9853 9730
f 9730 9853 9854
f 9730 9854 9855
f 9855 9856 9858
f 9854 9856 9855
f 9856 9857 9858
f 9840 9854 9853
f 9854 9861 9856
f 9840 9861 9854
f 9856 9861 9862
f 9856 9862 9857
f 9857 9862 9863
f 9857 9863 9860
f 9857 9859 9858
f 9857 9860 9859
f 9852 9862 9861
f 9852 9865 9862
f 9862 9865 9863
f 9860 9863 9864
f 9863 9866 9864
f 9863 9865 9866
f 9866 9878 9867
f 9864 9866 9867
f 9805 9870 9869
f 9847 9869 9870
f 9870 9872 9871
f 9851 9870 9871
f 9805 9872 9870
f 9871 9872 9873
f 9871 9873 9874
f 9874 9875 9879
f 9873 9875 9874
f 9875 9883 9879
f 9851 9871 9876
f 9874 9877 9876
f 9871 9874 9876
f 9874 9879 9877
f 9866 9877 9878
f 9877 9879 9878
f 9878 9880 9889
f 9879 9883 9880
f 9880 9887 9881
f 9878 9879 9880
f 9880 9881 9889
f 9816 9875 9873
f 9816 9882 9875
f 9875 9882 9883
f 9882 9884 9883
f 9883 9884 9887
f 9885 9888 9887
f 9884 10139 9885
f 9885 10139 10153
f 9885 10153 9886
f 9884 9885 9887
f 9885 9886 9888
f 9880 9883 9887
f 9881 9887 9888
f 9867 9878 9889
f 10176 9600 9602
f 10176 9602 9603
f 9498 9916 9890
f 9489 9890 9892
f 9490 9892 9895
f 9491 9895 9899
f 9495 9899 9904
f 9496 9904 9907
f 9501 9997 10013
f 9499 9988 9994
f 9497 9907 9988
f 9500 9994 9997
f 9502 10013 10016
f 9503 10016 10023
f 9504 10023 10026
f 9890 9916 9891
f 9890 9891 9893
f 9890 9893 9892
f 9891 9894 9893
f 9892 9893 9896
f 9892 9896 9895
f 9893 9897 9896
f 9893 9894 9897
f 9894 9898 9897
f 9895 9896 9900
f 9895 9900 9899
f 9896 9897 9901
f 9896 9901 9900
f 9897 9902 9901
f 9899 9900 9905
f 9900 9901 9906
f 9897 9898 9902
f 9898 9903 9902
f 9901 9902 9910
f 9902 9903 9911
f 9899 9905 9904
f 9904 9905 9908
f 9905 9906 9909
f 9900 9906 9905
f 9901 9910 9906
f 9904 9908 9907
f 9905 9909 9908
f 9906 9913 9909
f 9906 9910 9913
f 9902 9911 9910
f 9903 9912 9911
f 9910 9914 9913
f 9910 9911 9914
f 9911 9915 9914
f 9911 9912 9915
f 9912 10006 9915
f 9891 9916 9917
f 9917 9918 9919
f 9891 9917 9919
f 9918 9923 9919
f 9891 9919 9894
f 9918 9920 9923
f 9920 9921 9924
f 9920 9924 9923
f 9921 9922 9925
f 9921 9925 9924
f 9922 9930 9931
f 9922 9931 9925
f 9919 9923 9926
f 9923 9924 9927
f 9924 9925 9928
f 9925 9931 9938
f 9894 9919 9926
f 9923 9927 9926
f 9924 9928 9927
f 9925 9938 9928
f 9894 9926 9898
f 9926 9927 9929
f 9898 9926 9929
f 9927 9928 9957
f 9927 9957 9929
f 9928 9959 9957
f 9928 9938 9959
f 9930 9932 9935
f 9930 9935 9931
f 9931 9935 9939
f 9932 9933 9936
f 9932 9936 9935
f 9933 9934 9937
f 9934 9942 9943
f 9933 9937 9936
f 9934 9943 9937
f 9935 9936 9940
f 9936 9937 9941
f 9937 9943 9952
f 9931 9939 9938
f 9938 9939 9960
f 9938 9960 9959
f 9935 9940 9939
f 9936 9941 9940
f 9937 9952 9941
f 9939 9940 9964
f 9939 9964 9960
f 9940 9941 9965
f 9940 9965 9964
f 9941 9952 9966
f 9941 9966 9965
f 9942 9944 9946
f 9942 9946 9943
f 9943 9946 9953
f 9944 9947 9946
f 9944 9945 9947
f 9946 9947 9954
f 9945 9948 9950
f 9948 9949 9951
f 9945 9950 9947
f 9948 9951 9950
f 9949 10094 9951
f 9943 9953 9952
f 9952 9953 9975
f 9952 9975 9966
f 9946 9954 9953
f 9953 9976 9975
f 9953 9954 9976
f 9947 9950 9955
f 9947 9955 9954
f 9950 9956 9955
f 9950 9951 9956
f 9951 10096 9956
f 9954 9955 9979
f 9955 9956 9980
f 9898 9929 9903
f 9929 9957 9958
f 9903 9929 9958
f 9957 9959 9961
f 9957 9961 9958
f 9903 9958 9912
f 9958 9961 9969
f 9912 9958 9969
f 9912 9969 10006
f 9959 9960 9962
f 9959 9962 9961
f 9960 9963 9962
f 9961 9962 9970
f 9962 9963 9971
f 9960 9964 9963
f 9964 9965 9967
f 9965 9966 9968
f 9963 9964 9967
f 9965 9968 9967
f 9966 9977 9968
f 9961 9970 9969
f 9962 9971 9970
f 9963 9972 9971
f 9969 9970 10053
f 9969 10053 10006
f 9970 10054 10053
f 9970 9971 10054
f 9971 9972 10055
f 9971 10055 10054
f 9963 9967 9972
f 9967 9973 9972
f 9967 9968 9973
f 9968 9977 9974
f 9968 9974 9973
f 9972 9973 10059
f 9973 9974 10060
f 9966 9975 9977
f 9954 9979 9976
f 9975 9976 9978
f 9975 9978 9977
f 9976 9979 9981
f 9976 9981 9978
f 9955 9980 9979
f 9956 10098 9980
f 9979 9980 9984
f 9979 9984 9981
f 9980 10098 9985
f 9980 9985 9984
f 9977 9978 9982
f 9974 9977 9982
f 9978 9981 9983
f 9978 9983 9982
f 9974 9982 10061
f 9981 9986 9983
f 9981 9984 9986
f 9984 9985 9987
f 9984 9987 9986
f 9985 10101 9987
f 9997 9998 10014
f 9998 9999 10015
f 9907 9989 9988
f 9908 9990 9989
f 9988 9989 9995
f 9988 9995 9994
f 9989 9990 9996
f 9989 9996 9995
f 9990 10000 9996
f 9990 9991 10000
f 9991 10001 10000
f 9907 9908 9989
f 9908 9909 9990
f 9909 9991 9990
f 9909 9913 9991
f 9913 9914 9992
f 9913 9992 9991
f 9914 9993 9992
f 9914 9915 9993
f 9915 10006 10007
f 9915 10007 9993
f 9991 9992 10001
f 9992 9993 10005
f 9993 10007 10010
f 9994 9995 9998
f 9995 9996 9999
f 9994 9998 9997
f 9995 9999 9998
f 9996 10002 9999
f 9996 10000 10002
f 10000 10001 10003
f 9992 10005 10001
f 10001 10005 10004
f 10000 10003 10002
f 9999 10002 10019
f 10002 10003 10020
f 10001 10004 10003
f 10004 10005 10009
f 9993 10010 10005
f 10005 10010 10009
f 10006 10053 10008
f 10006 10008 10007
f 10007 10008 10011
f 10007 10011 10010
f 10008 10012 10011
f 10008 10056 10012
f 10010 10011 10041
f 10009 10010 10041
f 10011 10042 10041
f 10011 10012 10042
f 10012 10062 10043
f 10012 10043 10042
f 10013 10014 10017
f 9997 10014 10013
f 9998 10015 10014
f 9999 10019 10015
f 10014 10015 10018
f 10013 10017 10016
f 10014 10018 10017
f 10015 10021 10018
f 10015 10019 10021
f 10019 10020 10022
f 10019 10022 10021
f 10020 10037 10031
f 10020 10031 10022
f 10031 10037 10033
f 10016 10017 10024
f 10016 10024 10023
f 10017 10025 10024
f 10018 10029 10025
f 10023 10024 10027
f 10023 10027 10026
f 10024 10025 10028
f 10024 10028 10027
f 10025 10102 10028
f 10029 10103 10102
f 10025 10029 10102
f 10029 10030 10103
f 10030 10104 10103
f 10030 10032 10104
f 10017 10018 10025
f 10018 10021 10029
f 10021 10022 10030
f 10021 10030 10029
f 10022 10031 10032
f 10022 10032 10030
f 10031 10034 10032
f 10031 10033 10034
f 10032 10034 10105
f 10033 10046 10035
f 10034 10035 10106
f 10033 10035 10034
f 10035 10046 10036
f 10002 10020 10019
f 10003 10037 10020
f 10003 10004 10037
f 10004 10038 10037
f 10004 10009 10038
f 10033 10037 10038
f 10009 10041 10039
f 10009 10039 10038
f 10039 10041 10040
f 10033 10038 10046
f 10038 10039 10046
f 10039 10040 10047
f 10040 10041 10042
f 10042 10043 10044
f 10043 10062 10077
f 10043 10077 10045
f 10040 10042 10044
f 10043 10045 10044
f 10045 10077 10050
f 10039 10047 10046
f 10036 10046 10047
f 10040 10048 10047
f 10040 10044 10048
f 10044 10049 10048
f 10047 10048 10119
f 10036 10047 10119
f 10048 10120 10119
f 10048 10049 10120
f 10044 10045 10049
f 10045 10051 10049
f 10045 10050 10051
f 10049 10051 10121
f 10050 10083 10052
f 10050 10052 10051
f 10053 10054 10056
f 10054 10055 10057
f 10055 10059 10058
f 10008 10053 10056
f 10054 10057 10056
f 10055 10058 10057
f 9972 10059 10055
f 9973 10060 10059
f 10059 10060 10065
f 10058 10059 10065
f 9974 10061 10060
f 10060 10066 10065
f 10060 10061 10066
f 10061 10073 10066
f 10056 10057 10062
f 10012 10056 10062
f 10057 10063 10062
f 10057 10058 10063
f 10058 10064 10063
f 10058 10065 10064
f 10062 10063 10077
f 10063 10064 10078
f 10065 10066 10067
f 10066 10073 10068
f 10064 10065 10067
f 10066 10068 10067
f 10068 10073 10088
f 9982 10069 10061
f 9982 9983 10069
f 9983 9986 10070
f 9983 10070 10069
f 10061 10069 10073
f 10069 10070 10074
f 9986 9987 10071
f 9986 10071 10070
f 9987 10072 10071
f 9987 10101 10072
f 10070 10071 10075
f 10069 10074 10073
f 10070 10075 10074
f 10073 10074 10088
f 10074 10089 10088
f 10074 10075 10089
f 10075 10090 10089
f 10071 10076 10075
f 10071 10072 10076
f 10075 10076 10090
f 10063 10078 10077
f 10050 10077 10078
f 10064 10079 10078
f 10064 10067 10079
f 10078 10079 10083
f 10050 10078 10083
f 10079 10080 10084
f 10067 10068 10080
f 10067 10080 10079
f 10068 10081 10080
f 10068 10088 10081
f 10080 10081 10085
f 10081 10088 10082
f 10079 10084 10083
f 10080 10085 10084
f 10052 10083 10147
f 10083 10084 10147
f 10084 10148 10147
f 10084 10085 10148
f 10081 10086 10085
f 10081 10082 10086
f 10082 10087 10086
f 10085 10086 10149
f 10086 10087 10150
f 10082 10088 10089
f 10082 10089 10091
f 10089 10090 10091
f 10082 10091 10087
f 9949 10092 10094
f 10092 10093 10095
f 10092 10095 10094
f 9951 10094 10096
f 10094 10097 10096
f 10094 10095 10097
f 9956 10096 10098
f 10096 10097 10099
f 10096 10099 10098
f 10098 10099 10100
f 9985 10098 10100
f 9985 10100 10101
f 7927 10187 10188
f 7927 10188 10189
f 7927 10189 10190
f 7927 10190 10191
f 7927 10191 10192
f 7927 10192 10193
f 7927 10193 10194
f 7927 10194 10196
f 7927 10196 10195
f 7927 10195 10197
f 7927 10201 10224
f 7927 10198 10202
f 7927 10202 10199
f 7927 10197 10198
f 7927 10199 10200
f 7927 10200 10201
f 7938 10226 10225
f 7938 10227 10226
f 7938 10228 10227
f 7938 10229 10228
f 7938 10230 10229
f 7938 10231 10230
f 7938 10232 10231
f 7938 10234 10232
f 7938 10233 10234
f 7938 10235 10233
f 7938 10262 10239
f 7938 10240 10236
f 7938 10237 10240
f 7938 10236 10235
f 7938 10238 10237
f 7938 10239 10238
f 9769 10102 10103
f 9770 10103 10104
f 10104 10105 10107
f 10032 10105 10104
f 9770 10104 10107
f 10034 10106 10105
f 10105 10108 10107
f 10105 10106 10108
f 10106 10109 10112
f 10106 10112 10108
f 10109 10113 10112
f 10035 10109 10106
f 10036 10110 10109
f 10035 10036 10109
f 10036 10119 10110
f 10110 10119 10111
f 10109 10110 10113
f 10110 10111 10116
f 9783 10107 10108
f 9784 10108 10112
f 9784 10112 10114
f 10112 10113 10114
f 10113 10116 10115
f 10113 10115 10114
f 10115 10116 10132
f 10110 10116 10113
f 10111 10117 10116
f 10111 10122 10117
f 10116 10117 10132
f 10117 10122 10118
f 10117 10134 10132
f 10117 10118 10134
f 10111 10119 10120
f 10120 10121 10122
f 10049 10121 10120
f 10111 10120 10122
f 10121 10126 10122
f 10121 10123 10126
f 10123 10127 10126
f 10051 10123 10121
f 10051 10052 10123
f 10052 10124 10123
f 10052 10147 10124
f 10123 10124 10127
f 10124 10125 10129
f 10124 10147 10125
f 10118 10122 10126
f 10126 10127 10128
f 10118 10126 10128
f 10127 10142 10128
f 10127 10129 10142
f 10129 10143 10142
f 10124 10129 10127
f 10125 10151 10130
f 10125 10130 10129
f 10129 10130 10143
f 10130 10151 10131
f 10130 10131 10145
f 9812 10114 10115
f 9813 10115 10132
f 10132 10134 10133
f 9813 10132 10133
f 10133 10134 10137
f 10134 10135 10137
f 10135 10138 10137
f 10118 10135 10134
f 10118 10128 10135
f 10128 10136 10135
f 10135 10136 10138
f 9819 10133 10137
f 9819 10137 10139
f 10137 10138 10139
f 10138 10153 10139
f 10138 10140 10153
f 10140 10154 10153
f 10136 10140 10138
f 10136 10144 10140
f 10141 10144 10146
f 10140 10144 10141
f 10140 10141 10154
f 10128 10142 10136
f 10142 10143 10144
f 10136 10142 10144
f 10143 10146 10144
f 10143 10145 10146
f 10130 10145 10143
f 10125 10147 10148
f 10085 10149 10148
f 10125 10148 10151
f 10148 10149 10151
f 10149 10150 10152
f 10149 10152 10151
f 10086 10150 10149
f 10131 10151 10152
f 9886 10153 10154
f 10076 10207 10090
f 10090 10205 10091
f 10087 10091 10203
f 7938 10245 10246
f 7938 10176 10177
f 7938 10177 10178
f 7938 10178 10179
f 7938 10179 10180
f 7938 10180 10181
f 7938 10181 10182
f 7938 10182 10183
f 7938 10183 10184
f 7938 10184 10185
f 7938 10185 10186
f 7938 10186 10241
f 7938 10241 10242
f 7938 10242 10243
f 7938 10243 10244
f 7938 10244 10245
f 7927 10223 10215
f 7927 10224 10223
f 7927 10215 10216
f 7927 10216 10217
f 8654 10217 8656
f 8656 10217 10093
f 10093 10221 10095
f 10097 10218 10099
f 10099 10220 10100
f 10095 10222 10097
f 8023 10225 10187
f 10100 10214 10101
f 10072 10210 10076
f 10072 10101 10212
f 7938 10256 10260
f 7938 10246 10247
f 7938 10247 10248
f 7938 10248 10249
f 7938 10249 10250
f 7938 10250 10251
f 7938 10251 10252
f 7938 10252 10258
f 7938 10257 10256
f 7938 10258 10257
f 7938 10253 10261
f 7938 10261 10262
f 7938 10254 10253
f 7938 10255 10254
f 7938 10259 10255
f 7938 10260 10259
f 9650 9654 10155
f 10155 10157 10156
f 9654 10157 10155
f 10156 10157 10158
f 9665 10159 10157
f 10157 10159 10158
f 10158 10159 10160
f 10159 10161 10160
f 10160 10161 10162
f 9720 10162 10161
f 9720 10163 10162
f 9430 10176 9569
f 9881 10165 9889
f 10162 10163 10165
f 10163 10164 10165
f 9733 10165 10164
f 9733 9859 10165
f 9859 9860 10165
f 9860 9864 10165
f 9867 9889 10165
f 9864 9867 10165
f 9419 10162 10165
f 9430 10165 10176
f 10131 10165 10145
f 10145 10165 10146
f 9886 10165 9888
f 9881 9888 10165
f 9886 10154 10165
f 10141 10146 10165
f 10141 10165 10154
f 10131 10152 10168
f 10150 10171 10152
f 10087 10173 10150
f 10087 10174 10173
f 10091 10205 10204
f 10091 10204 10203
f 10087 10175 10174
f 10087 10203 10175
f 10093 10217 10221
f 10095 10221 10222
f 10072 10211 10210
f 10097 10222 10218
f 10099 10219 10220
f 10099 10218 10219
f 10100 10220 10214
f 10101 10214 10213
f 10101 10213 10212
f 10072 10212 10211
f 10090 10206 10205
f 10090 10207 10206
f 10076 10209 10208
f 10076 10210 10209
f 10076 10208 10207
f 10131 10166 10165
f 10131 10167 10166
f 10131 10168 10167
f 10152 10169 10168
f 10152 10170 10169
f 10152 10171 10170
f 10150 10172 10171
f 10150 10173 10172
f 10165 10166 10176
f 10166 10167 10177
f 10167 10168 10178
f 10168 10169 10179
f 10169 10170 10180
f 10170 10171 10181
f 10171 10172 10182
f 10172 10173 10183
f 10173 10174 10184
f 10174 10175 10185
f 10175 10203 10186
f 10166 10177 10176
f 10167 10178 10177
f 10168 10179 10178
f 10169 10180 10179
f 10170 10181 10180
f 10171 10182 10181
f 10173 10184 10183
f 10172 10183 10182
f 10174 10185 10184
f 10175 10186 10185
f 10187 10226 10188
f 10188 10227 10189
f 10189 10228 10190
f 10190 10229 10191
f 10191 10230 10192
f 10192 10231 10193
f 10193 10232 10194
f 10194 10234 10196
f 10195 10235 10197
f 10195 10196 10233
f 10197 10236 10198
f 10198 10240 10202
f 10199 10202 10237
f 10199 10238 10200
f 10201 10262 10224
f 10200 10239 10201
f 10203 10204 10241
f 10204 10205 10242
f 10205 10206 10243
f 10206 10207 10244
f 10207 10208 10245
f 10209 10210 10247
f 10208 10209 10246
f 10210 10211 10248
f 10211 10212 10249
f 10212 10213 10250
f 10213 10214 10251
f 10215 10254 10216
f 10216 10255 10217
f 10218 10222 10256
f 10214 10220 10252
f 10219 10258 10220
f 10218 10257 10219
f 10221 10260 10222
f 10217 10259 10221
f 10223 10224 10261
f 10215 10223 10253
f 10187 10225 10226
f 10188 10226 10227
f 10189 10227 10228
f 10190 10228 10229
f 10191 10229 10230
f 10192 10230 10231
f 10193 10231 10232
f 10194 10232 10234
f 10195 10233 10235
f 10196 10234 10233
f 10197 10235 10236
f 10198 10236 10240
f 10199 10237 10238
f 10200 10238 10239
f 10201 10239 10262
f 10202 10240 10237
f 10208 10246 10245
f 10204 10242 10241
f 10205 10243 10242
f 10186 10203 10241
f 10206 10244 10243
f 10207 10245 10244
f 10209 10247 10246
f 10210 10248 10247
f 10211 10249 10248
f 10212 10250 10249
f 10213 10251 10250
f 10214 10252 10251
f 10217 10255 10259
f 10216 10254 10255
f 10215 10253 10254
f 10222 10260 10256
f 10219 10257 10258
f 10220 10258 10252
f 10218 10256 10257
f 10221 10259 10260
f 10224 10262 10261
f 10223 10261 10253
f 7143 7139 7140
f 7139 7149 7141
f 7139 7142 7140
f 7139 7141 7142
f 7141 7152 7142
f 7143 7146 7144
f 7143 7140 7146
f 7144 7146 7147
f 7144 7147 7145
f 7145 7147 7148
f 7143 7149 7139
f 7143 7144 7149
f 7144 7145 7149
f 7145 7155 7149
f 7149 7150 7153
f 7149 7153 7152
f 7151 7154 7150
f 7150 7154 7153
f 7145 7148 7155
f 7155 7148 7156
f 7155 7156 7161
f 7161 7156 7162
f 7155 7161 7149
f 7151 7150 7161
f 7149 7161 7150
f 7151 7161 7157
f 7157 7161 7158
f 7151 7157 7159
f 7151 7159 7154
f 7157 7158 7160
f 7157 7160 7159
f 7161 7185 7158
f 7161 7186 7185
f 7161 7163 7191
f 7158 7187 7160
f 7161 7162 7163
f 7163 7162 7164
f 7163 7164 7191
f 7149 7152 7141
f 7175 7179 7907
f 7173 7176 7174
f 7174 7177 7175
f 7174 7176 7177
f 7175 7177 7178
f 7175 7178 7179
f 7179 7178 7182
f 7179 7180 7907
f 7180 7181 7907
f 7199 7908 7907
f 7199 7911 7908
f 7199 7912 7911
f 7179 7182 7180
f 7180 7182 7183
f 7181 7183 7184
f 7180 7183 7181
f 7161 7199 7186
f 7158 7185 7187
f 7185 7188 7187
f 7185 7186 7188
f 7186 7199 7189
f 7186 7189 7190
f 7186 7190 7188
f 7189 7196 7190
f 7161 7191 7193
f 7191 7164 7192
f 7191 7192 7193
f 7161 7193 7199
f 7193 7192 7194
f 7189 7199 7195
f 7197 7195 7199
f 7189 7195 7196
f 7197 7198 7195
f 7195 7198 7196
f 7199 7907 7181
f 7199 7913 7912
f 7199 7921 7913
f 7197 7199 7181
f 7199 7201 7921
f 7197 7181 7184
f 7197 7184 7198
f 7201 7202 7921
f 7199 7194 7200
f 7199 7193 7194
f 7199 7200 7201
f 7201 7200 7202
f 7739 7740 7747
f 7740 7741 7748
f 7741 7742 7749
f 7743 7744 7751
f 7743 7750 7742
f 7744 7745 7752
f 7745 8311 8319
f 7739 7747 7746
f 7740 7748 7747
f 7741 7749 7748
f 7742 7750 7749
f 7743 7751 7750
f 7744 7752 7751
f 7745 8319 7752
f 7753 7768 7754
f 7754 7769 7755
f 7755 7770 7756
f 7757 7756 7771
f 7754 7768 7769
f 7755 7769 7770
f 7756 7770 7771
f 7757 7772 7758
f 7758 7773 7759
f 7759 7774 7760
f 7760 7775 7761
f 7761 7776 7762
f 7762 7777 7763
f 7763 7778 7764
f 7764 7779 7765
f 7765 7780 7766
f 7766 7781 7767
f 7757 7771 7772
f 7758 7772 7773
f 7759 7773 7774
f 7760 7774 7775
f 7761 7775 7776
f 7762 7776 7777
f 7763 7777 7778
f 7764 7778 7779
f 7765 7779 7780
f 7766 7780 7781
f 7767 7781 7782
f 7788 7816 7789
f 7789 7816 7739
f 7739 7816 7740
f 7740 7816 7741
f 7743 7742 7816
f 7743 7816 7744
f 7741 7816 7742
f 7744 7816 7745
f 7745 7816 8311
f 7785 7816 7786
f 7785 7784 7816
f 7783 7816 7784
f 7791 7790 7816
f 7791 7816 7783
f 7753 7816 7790
f 7753 7754 7816
f 7754 7755 7816
f 7757 7816 7756
f 7757 7758 7816
f 7758 7759 7816
f 7759 7760 7816
f 7760 7761 7816
f 7761 7762 7816
f 7762 7763 7816
f 7755 7756 7816
f 7786 7816 7787
f 7787 7816 7788
f 7785 7786 7795
f 7791 7783 7792
f 7783 7784 7793
f 7785 7794 7784
f 7787 7788 7797
f 7786 7787 7796
f 7788 7789 7798
f 7789 7739 7746
f 7791 7800 7790
f 7753 7790 7799
f 7791 7792 7800
f 7784 7794 7793
f 7785 7795 7794
f 7783 7793 7792
f 7786 7796 7795
f 7787 7797 7796
f 7788 7798 7797
f 7789 7746 7798
f 7790 7800 7799
f 7753 7799 7768
f 7763 7764 7816
f 7764 7765 7816
f 7765 7766 7816
f 7766 7767 7816
f 7767 7801 7816
f 7801 7802 7816
f 7802 7803 7816
f 7803 7804 7816
f 7804 7805 7816
f 7805 7806 7816
f 7806 7807 7816
f 7807 7808 7816
f 7808 7809 7816
f 7809 7810 7816
f 7810 7811 7816
f 7811 7812 7816
f 7812 7813 7816
f 7813 7814 7816
f 7814 7815 7816
f 7767 7782 7801
f 7801 7817 7802
f 7802 7818 7803
f 7803 7819 7804
f 7804 7820 7805
f 7805 7821 7806
f 7806 7822 7807
f 7807 7823 7808
f 7808 7824 7809
f 7809 7825 7810
f 7801 7782 7817
f 7802 7817 7818
f 7803 7818 7819
f 7804 7819 7820
f 7805 7820 7821
f 7806 7821 7822
f 7807 7822 7823
f 7808 7823 7824
f 7809 7824 7825
f 7810 7825 7826
f 7810 7826 7811
f 7811 7827 7812
f 7812 7828 7813
f 7813 7829 7814
f 7814 7830 7815
f 7815 7831 7816
f 7816 7832 8375
f 7811 7826 7827
f 7812 7827 7828
f 7813 7828 7829
f 7814 7829 7830
f 7815 7830 7831
f 7816 7831 7832
f 8375 7832 8392
f 7173 7174 7919
f 7174 7175 7919
f 7175 7907 7917
f 7173 7920 7176
f 7907 7908 7910
f 7907 7910 7909
f 7175 7917 7919
f 7907 7909 7918
f 7907 7918 7917
f 7908 7911 7914
f 7911 7912 7915
f 7912 7913 7916
f 7908 7914 7910
f 7911 7915 7914
f 7912 7916 7915
f 7913 7922 7916
f 7173 7919 7920
f 7919 7917 7923
f 7917 7918 7923
f 7919 7926 7920
f 7913 7921 7922
f 7921 7202 7922
f 7923 7918 7924
f 7919 7923 7925
f 7919 7925 7926
f 7923 7924 7925
f 7925 7924 7926
f 8311 8312 8320
f 8312 8313 8321
f 8313 8314 8322
f 8314 8315 8323
f 8315 8316 8324
f 8316 8317 8325
f 8317 8318 8326
f 8311 8320 8319
f 8312 8321 8320
f 8313 8322 8321
f 8314 8323 8322
f 8315 8324 8323
f 8316 8325 8324
f 8317 8326 8325
f 8311 7816 8312
f 8312 7816 8313
f 8313 7816 8314
f 8314 7816 8315
f 8315 7816 8316
f 8316 7816 8317
f 8317 7816 8318
f 8318 7816 8327
f 8327 7816 8328
f 8328 7816 8329
f 8329 7816 8330
f 8330 7816 8331
f 8331 7816 8332
f 8332 7816 8333
f 8333 7816 8334
f 8334 7816 8335
f 8335 7816 8345
f 8345 7816 8346
f 8346 7816 8347
f 8347 7816 8348
f 8348 7816 8349
f 8349 7816 8350
f 8350 7816 8351
f 8351 7816 8352
f 8352 7816 8353
f 8353 7816 8354
f 8355 8354 7816
f 8318 8327 8336
f 8327 8328 8337
f 8328 8329 8338
f 8329 8330 8339
f 8330 8331 8340
f 8331 8332 8341
f 8332 8333 8342
f 8333 8334 8343
f 8334 8335 8344
f 8335 8345 8360
f 8318 8336 8326
f 8327 8337 8336
f 8328 8338 8337
f 8329 8339 8338
f 8330 8340 8339
f 8331 8341 8340
f 8332 8342 8341
f 8333 8343 8342
f 8334 8344 8343
f 8335 8360 8344
f 8345 8346 8361
f 8346 8347 8362
f 8347 8348 8363
f 8345 8361 8360
f 8346 8362 8361
f 8347 8363 8362
f 8348 8364 8363
f 8348 8349 8364
f 8349 8350 8365
f 8350 8351 8366
f 8351 8352 8367
f 8352 8353 8368
f 8353 8354 8369
f 8355 8370 8354
f 8355 8356 8371
f 8358 8373 8357
f 8356 8357 8372
f 8358 8359 8374
f 8349 8365 8364
f 8350 8366 8365
f 8351 8367 8366
f 8352 8368 8367
f 8353 8369 8368
f 8354 8370 8369
f 8355 8371 8370
f 8357 8373 8372
f 8356 8372 8371
f 8358 8374 8373
f 7816 8375 8376
f 7816 8376 8377
f 7816 8377 8378
f 7816 8378 8382
f 7816 8382 8379
f 7816 8379 8380
f 7816 8380 8381
f 7816 8390 8389
f 7816 8381 8390
f 7816 8383 8388
f 7816 8391 8383
f 7816 8389 8391
f 8355 7816 8356
f 8356 7816 8357
f 8358 8357 7816
f 8358 7816 8359
f 8384 7816 8385
f 7816 8387 8386
f 8385 7816 8386
f 8384 8359 7816
f 7816 8388 8387
f 8375 8392 8376
f 8376 8393 8377
f 8377 8394 8378
f 8378 8395 8382
f 8379 8396 8380
f 8380 8397 8381
f 8382 8399 8379
f 8376 8392 8393
f 8377 8393 8394
f 8378 8394 8395
f 8380 8396 8397
f 8381 8397 8398
f 8382 8395 8399
f 8379 8399 8396
f 8383 8391 8408
f 8384 8401 8359
f 8385 8386 8403
f 8384 8385 8402
f 8388 8405 8387
f 8387 8404 8386
f 8383 8400 8388
f 8390 8407 8389
f 8381 8398 8390
f 8389 8406 8391
f 8383 8408 8400
f 8359 8401 8374
f 8384 8402 8401
f 8385 8403 8402
f 8386 8404 8403
f 8387 8405 8404
f 8388 8400 8405
f 8389 8407 8406
f 8390 8398 8407
f 8391 8406 8408
f 8968 8973 8969
f 8970 8969 8974
f 8970 8975 8971
f 8972 8971 8976
f 8969 8973 8974
f 8971 8975 8976
f 8970 8974 8975
f 8972 8976 8977
f 8991 9045 8990
f 8990 9045 8992
f 8992 9045 8978
f 8979 8978 9045
f 8979 9045 8980
f 8980 9045 8981
f 8981 9045 8982
f 8982 9045 8983
f 8983 9045 8984
f 8984 9045 8985
f 8985 9045 9506
f 8992 8978 8994
f 8979 8995 8978
f 8978 8995 8994
f 8980 8981 8997
f 8979 8980 8996
f 8981 8982 8998
f 8982 8983 8999
f 8983 8984 9000
f 8984 8985 9001
f 8985 9506 9523
f 8979 8996 8995
f 8980 8997 8996
f 8981 8998 8997
f 8982 8999 8998
f 8983 9000 8999
f 8984 9001 9000
f 8985 9523 9001
f 8986 8991 9007
f 8989 8986 9002
f 8993 8988 9004
f 8988 8987 9003
f 8989 9005 8987
f 8991 8990 9006
f 8990 8992 9008
f 8968 8993 9009
f 8986 9007 9002
f 8993 9004 9009
f 8988 9003 9004
f 8989 9002 9005
f 8987 9005 9003
f 8991 9006 9007
f 8990 9008 9006
f 8992 8994 9008
f 8968 9009 8973
f 8972 8977 9010
f 9010 9020 9011
f 9012 9011 9021
f 9012 9022 9013
f 9013 9023 9014
f 9014 9024 9015
f 9015 9025 9016
f 9016 9026 9017
f 9017 9027 9018
f 9018 9028 9019
f 9010 8977 9020
f 9011 9020 9021
f 9012 9021 9022
f 9013 9022 9023
f 9014 9023 9024
f 9015 9024 9025
f 9016 9025 9026
f 9017 9026 9027
f 9018 9027 9028
f 9019 9028 9029
f 8988 9045 8987
f 8993 9045 8988
f 8989 9045 8986
f 8986 9045 8991
f 8989 8987 9045
f 8968 8969 9045
f 8968 9045 8993
f 8970 9045 8969
f 8970 8971 9045
f 8972 9045 8971
f 8972 9010 9045
f 9010 9011 9045
f 9012 9045 9011
f 9012 9013 9045
f 9013 9014 9045
f 9014 9015 9045
f 9015 9016 9045
f 9016 9017 9045
f 9017 9018 9045
f 9018 9019 9045
f 9019 9030 9045
f 9030 9031 9045
f 9031 9032 9045
f 9032 9033 9045
f 9033 9034 9045
f 9034 9035 9045
f 9035 9036 9045
f 9036 9037 9045
f 9037 9038 9045
f 9038 9039 9045
f 9039 9040 9045
f 9040 9041 9045
f 9041 9042 9045
f 9042 9043 9045
f 9043 9044 9045
f 9019 9029 9030
f 9030 9029 9046
f 9030 9046 9031
f 9031 9047 9032
f 9032 9048 9033
f 9033 9049 9034
f 9034 9050 9035
f 9035 9051 9036
f 9036 9052 9037
f 9037 9053 9038
f 9038 9054 9039
f 9031 9046 9047
f 9032 9047 9048
f 9033 9048 9049
f 9034 9049 9050
f 9035 9050 9051
f 9036 9051 9052
f 9037 9052 9053
f 9038 9053 9054
f 9039 9054 9055
f 9039 9055 9040
f 9040 9056 9041
f 9041 9057 9042
f 9042 9058 9043
f 9043 9059 9044
f 9044 9060 9045
f 9045 9061 9552
f 9040 9055 9056
f 9041 9056 9057
f 9042 9057 9058
f 9043 9058 9059
f 9044 9059 9060
f 9045 9060 9061
f 9552 9061 9569
f 9506 9045 9507
f 9507 9045 9508
f 9508 9045 9509
f 9045 9510 9509
f 9045 9511 9510
f 9045 9512 9511
f 9045 9513 9512
f 9045 9514 9513
f 9045 9515 9514
f 9045 9516 9515
f 9045 9517 9516
f 9506 9507 9524
f 9507 9508 9525
f 9508 9509 9526
f 9509 9510 9527
f 9510 9511 9528
f 9511 9512 9529
f 9512 9513 9530
f 9506 9524 9523
f 9507 9525 9524
f 9508 9526 9525
f 9509 9527 9526
f 9510 9528 9527
f 9511 9529 9528
f 9512 9530 9529
f 9513 9514 9531
f 9513 9531 9530
f 9514 9532 9531
f 9514 9515 9532
f 9515 9516 9533
f 9516 9517 9534
f 9517 9518 9535
f 9518 9519 9536
f 9519 9520 9537
f 9520 9521 9538
f 9521 9522 9539
f 9522 9540 9545
f 9515 9533 9532
f 9516 9534 9533
f 9517 9535 9534
f 9518 9536 9535
f 9519 9537 9536
f 9520 9538 9537
f 9521 9539 9538
f 9522 9545 9539
f 9540 9541 9546
f 9541 9542 9547
f 9542 9543 9548
f 9543 9544 9549
f 9540 9546 9545
f 9541 9547 9546
f 9542 9548 9547
f 9543 9549 9548
f 9045 9518 9517
f 9045 9519 9518
f 9045 9520 9519
f 9045 9521 9520
f 9045 9522 9521
f 9045 9540 9522
f 9045 9541 9540
f 9045 9542 9541
f 9045 9543 9542
f 9045 9544 9543
f 9045 9584 9544
f 9045 9585 9584
f 9045 9586 9585
f 9045 9587 9586
f 9045 9588 9587
f 9045 9589 9588
f 9045 9591 9589
f 9045 9559 9563
f 9045 9550 9551
f 9045 9551 9554
f 9045 9554 9555
f 9045 9555 9557
f 9045 9552 9553
f 9045 9553 9550
f 9045 9565 9566
f 9045 9557 9556
f 9045 9556 9565
f 9045 9566 9558
f 9045 9558 9559
f 9045 9592 9590
f 9045 9590 9591
f 9045 9593 9592
f 9045 9561 9593
f 9045 9560 9561
f 9045 9562 9560
f 9045 9564 9562
f 9045 9563 9564
f 9561 9578 9593
f 9593 9578 9603
f 9550 9567 9551
f 9551 9568 9554
f 9552 9569 9553
f 9553 9570 9550
f 9554 9571 9555
f 9555 9572 9557
f 9557 9574 9556
f 9551 9567 9568
f 9553 9569 9570
f 9550 9570 9567
f 9554 9568 9571
f 9555 9571 9572
f 9556 9574 9573
f 9557 9572 9574
f 9566 9583 9558
f 9558 9575 9559
f 9564 9581 9562
f 9561 9560 9577
f 9562 9579 9560
f 9564 9563 9580
f 9559 9576 9563
f 9556 9573 9565
f 9565 9582 9566
f 9558 9583 9575
f 9559 9575 9576
f 9562 9581 9579
f 9560 9579 9577
f 9561 9577 9578
f 9563 9576 9580
f 9564 9580 9581
f 9565 9573 9582
f 9566 9582 9583
f 9544 9584 9594
f 9584 9585 9595
f 9585 9586 9596
f 9586 9587 9597
f 9587 9588 9598
f 9589 9599 9588
f 9589 9591 9601
f 9591 9590 9600
f 9590 9592 9602
f 9593 9603 9592
f 9544 9594 9549
f 9584 9595 9594
f 9585 9596 9595
f 9586 9597 9596
f 9587 9598 9597
f 9588 9599 9598
f 9589 9601 9599
f 9591 9600 9601
f 9590 9602 9600
f 9592 9603 9602

