# https://github.com/mikedh/trimesh
v 2.34314585 2.34314585 0.00000000
v 2.16108751 2.53126168 0.00000000
v 2.53126168 2.16108751 0.00000000
v 1.07179677 4.00000000 0.00000000
v 1.20638251 3.77545714 0.00000000
v 0.60896373 4.93853235 0.00000000
v 0.51275259 5.18199968 0.00000000
v 0.94462991 4.22882605 0.00000000
v 0.82501805 4.46169043 0.00000000
v 0.71308941 4.69834375 0.00000000
v 1.49722648 3.34017849 0.00000000
v 1.65317333 3.12990856 0.00000000
v 1.81591642 2.92485380 0.00000000
v 1.98528159 2.72523355 0.00000000
v 1.34824312 3.55543804 0.00000000
v 3.77545714 1.20638251 0.00000000
v 4.00000000 1.07179677 0.00000000
v 2.72523355 1.98528159 0.00000000
v 2.92485380 1.81591642 0.00000000
v 3.12990856 1.65317333 0.00000000
v 3.34017849 1.49722648 0.00000000
v 3.55543804 1.34824312 0.00000000
v 4.22882605 0.94462991 0.00000000
v 4.46169043 0.82501805 0.00000000
v 4.69834375 0.71308941 0.00000000
v 4.93853235 0.60896373 0.00000000
v 5.18199968 0.51275259 0.00000000
v 0.27259338 5.92944765 0.00000000
v 0.42455897 5.42848444 0.00000000
v 0.34447733 5.67772245 0.00000000
v 0.20898417 6.18338966 0.00000000
v 0.15371776 6.43927765 0.00000000
v 0.10685334 6.69683599 0.00000000
v 0.06844111 6.95579052 0.00000000
v 0.03852219 7.21586275 0.00000000
v 0.01712861 7.47677517 0.00000000
v 0.00428330 7.73824739 0.00000000
v 0.00000000 8.00000000 0.00000000
v 5.42848444 0.42455897 0.00000000
v 5.67772245 0.34447733 0.00000000
v 5.92944765 0.27259338 0.00000000
v 6.18338966 0.20898417 0.00000000
v 6.43927765 0.15371776 0.00000000
v 6.69683599 0.10685334 0.00000000
v 6.95579052 0.06844111 0.00000000
v 7.21586275 0.03852219 0.00000000
v 7.47677517 0.01712861 0.00000000
v 7.73824739 0.00428330 0.00000000
v 8.00000000 0.00000000 0.00000000
v 6.54027176 6.63281536 7.00000000
v 6.49632025 6.68130827 7.00000000
v 6.63281536 6.54027176 7.00000000
v 6.68130827 6.49632025 7.00000000
v 6.58578634 6.58578634 7.00000000
v 6.03842926 7.60981941 7.00000000
v 6.02671337 7.67420912 7.00000000
v 6.01711035 7.73894739 7.00000000
v 6.00963068 7.80396557 7.00000000
v 6.00428200 7.86919355 7.00000000
v 6.00107098 7.93456173 7.00000000
v 6.00000000 8.00000000 7.00000000
v 6.37430668 6.83504438 7.00000000
v 6.26794910 7.00000000 7.00000000
v 6.33706093 6.88885975 7.00000000
v 6.30159569 6.94386435 7.00000000
v 6.20625448 7.11542273 7.00000000
v 6.17827225 7.17458582 7.00000000
v 6.12818813 7.29549980 7.00000000
v 6.10613966 7.35712099 7.00000000
v 6.15224075 7.23463297 7.00000000
v 6.23615742 7.05720663 7.00000000
v 6.45397902 6.73121357 7.00000000
v 6.41329336 6.78247738 7.00000000
v 6.08611917 7.41943073 7.00000000
v 6.06814814 7.48236179 7.00000000
v 6.05224609 7.54584742 7.00000000
v 6.83504438 6.37430668 7.00000000
v 6.94386435 6.30159569 7.00000000
v 6.88885975 6.33706093 7.00000000
v 7.00000000 6.26794910 7.00000000
v 6.78247738 6.41329336 7.00000000
v 6.73121357 6.45397902 7.00000000
v 7.11542273 6.20625448 7.00000000
v 7.17458582 6.17827225 7.00000000
v 7.05720663 6.23615742 7.00000000
v 7.29549980 6.12818813 7.00000000
v 7.23463297 6.15224075 7.00000000
v 7.35712099 6.10613966 7.00000000
v 7.60981941 6.03842926 7.00000000
v 7.67420912 6.02671337 7.00000000
v 7.73894739 6.01711035 7.00000000
v 7.80396557 6.00963068 7.00000000
v 7.86919355 6.00428200 7.00000000
v 7.93456173 6.00107098 7.00000000
v 8.00000000 6.00000000 7.00000000
v 7.41943073 6.08611917 7.00000000
v 7.48236179 6.06814814 7.00000000
v 7.54584742 6.05224609 7.00000000
v 2.34314585 2.34314585 10.00000000
v 2.16108751 2.53126168 10.00000000
v 2.53126168 2.16108751 10.00000000
v 1.07179677 4.00000000 10.00000000
v 1.20638251 3.77545714 10.00000000
v 0.60896373 4.93853235 10.00000000
v 0.51275259 5.18199968 10.00000000
v 0.94462991 4.22882605 10.00000000
v 0.82501805 4.46169043 10.00000000
v 0.71308941 4.69834375 10.00000000
v 1.49722648 3.34017849 10.00000000
v 1.65317333 3.12990856 10.00000000
v 1.81591642 2.92485380 10.00000000
v 1.98528159 2.72523355 10.00000000
v 1.34824312 3.55543804 10.00000000
v 3.77545714 1.20638251 10.00000000
v 4.00000000 1.07179677 10.00000000
v 2.72523355 1.98528159 10.00000000
v 2.92485380 1.81591642 10.00000000
v 3.12990856 1.65317333 10.00000000
v 3.34017849 1.49722648 10.00000000
v 3.55543804 1.34824312 10.00000000
v 4.22882605 0.94462991 10.00000000
v 4.46169043 0.82501805 10.00000000
v 4.69834375 0.71308941 10.00000000
v 4.93853235 0.60896373 10.00000000
v 5.18199968 0.51275259 10.00000000
v 0.27259338 5.92944765 10.00000000
v 0.42455897 5.42848444 10.00000000
v 0.34447733 5.67772245 10.00000000
v 0.20898417 6.18338966 10.00000000
v 0.15371776 6.43927765 10.00000000
v 0.10685334 6.69683599 10.00000000
v 0.06844111 6.95579052 10.00000000
v 0.03852219 7.21586275 10.00000000
v 0.01712861 7.47677517 10.00000000
v 0.00428330 7.73824739 10.00000000
v 0.00000000 8.00000000 10.00000000
v 5.42848444 0.42455897 10.00000000
v 5.67772245 0.34447733 10.00000000
v 5.92944765 0.27259338 10.00000000
v 6.18338966 0.20898417 10.00000000
v 6.43927765 0.15371776 10.00000000
v 6.69683599 0.10685334 10.00000000
v 6.95579052 0.06844111 10.00000000
v 7.21586275 0.03852219 10.00000000
v 7.47677517 0.01712861 10.00000000
v 7.73824739 0.00428330 10.00000000
v 8.00000000 0.00000000 10.00000000
v 6.54027176 6.63281536 10.00000000
v 6.49632025 6.68130827 10.00000000
v 6.63281536 6.54027176 10.00000000
v 6.68130827 6.49632025 10.00000000
v 6.58578634 6.58578634 10.00000000
v 6.03842926 7.60981941 10.00000000
v 6.02671337 7.67420912 10.00000000
v 6.01711035 7.73894739 10.00000000
v 6.00963068 7.80396557 10.00000000
v 6.00428200 7.86919355 10.00000000
v 6.00107098 7.93456173 10.00000000
v 6.00000000 8.00000000 10.00000000
v 6.37430668 6.83504438 10.00000000
v 6.26794910 7.00000000 10.00000000
v 6.33706093 6.88885975 10.00000000
v 6.30159569 6.94386435 10.00000000
v 6.20625448 7.11542273 10.00000000
v 6.17827225 7.17458582 10.00000000
v 6.12818813 7.29549980 10.00000000
v 6.10613966 7.35712099 10.00000000
v 6.15224075 7.23463297 10.00000000
v 6.23615742 7.05720663 10.00000000
v 6.45397902 6.73121357 10.00000000
v 6.41329336 6.78247738 10.00000000
v 6.08611917 7.41943073 10.00000000
v 6.06814814 7.48236179 10.00000000
v 6.05224609 7.54584742 10.00000000
v 6.83504438 6.37430668 10.00000000
v 6.94386435 6.30159569 10.00000000
v 6.88885975 6.33706093 10.00000000
v 7.00000000 6.26794910 10.00000000
v 6.78247738 6.41329336 10.00000000
v 6.73121357 6.45397902 10.00000000
v 7.11542273 6.20625448 10.00000000
v 7.17458582 6.17827225 10.00000000
v 7.05720663 6.23615742 10.00000000
v 7.29549980 6.12818813 10.00000000
v 7.23463297 6.15224075 10.00000000
v 7.35712099 6.10613966 10.00000000
v 7.60981941 6.03842926 10.00000000
v 7.67420912 6.02671337 10.00000000
v 7.73894739 6.01711035 10.00000000
v 7.80396557 6.00963068 10.00000000
v 7.86919355 6.00428200 10.00000000
v 7.93456173 6.00107098 10.00000000
v 8.00000000 6.00000000 10.00000000
v 7.41943073 6.08611917 10.00000000
v 7.48236179 6.06814814 10.00000000
v 7.54584742 6.05224609 10.00000000
v 21.15820312 5.13606787 8.80000019
v 21.14644623 5.14744663 8.80000019
v 21.10332298 5.19661951 8.80000019
v 21.12408066 5.17132711 8.80000019
v 21.11349487 5.18380356 8.80000019
v 21.13506889 5.15920401 8.80000019
v 21.07539940 5.23696613 8.80000019
v 21.06698799 5.25099993 8.80000019
v 21.05904007 5.26530170 8.80000019
v 21.05156326 5.27985573 8.80000019
v 21.02653503 5.34028006 8.80000019
v 21.02153015 5.35585785 8.80000019
v 21.01703644 5.37159061 8.80000019
v 21.03806114 5.30965805 8.80000019
v 21.04456902 5.29464626 8.80000019
v 21.03204727 5.32487488 8.80000019
v 21.09357643 5.20976114 8.80000019
v 21.08426476 5.22321510 8.80000019
v 21.30865860 5.03906012 8.80000019
v 21.32387543 5.03304720 8.80000019
v 21.33928108 5.02753496 8.80000019
v 21.35485840 5.02252960 8.80000019
v 21.37059021 5.01803732 8.80000019
v 21.38646126 5.01406145 8.80000019
v 21.40245438 5.01060724 8.80000019
v 21.41855240 5.00767851 8.80000019
v 21.43473625 5.00527763 8.80000019
v 21.45099068 5.00340748 8.80000019
v 21.46729851 5.00207043 8.80000019
v 21.48364067 5.00126791 8.80000019
v 21.23596573 5.07639885 8.80000019
v 21.18280411 5.11449480 8.80000019
v 21.20876122 5.09457684 8.80000019
v 21.19561958 5.10432339 8.80000019
v 21.22221565 5.08526516 8.80000019
v 21.17032623 5.12508011 8.80000019
v 21.25000000 5.06798744 8.80000019
v 21.27885628 5.05256367 8.80000019
v 21.26430130 5.06003952 8.80000019
v 21.29364586 5.04556799 8.80000019
v 21.15820312 5.13606787 10.00000000
v 21.10332298 5.19661951 10.00000000
v 21.14644623 5.14744663 10.00000000
v 21.11349487 5.18380356 10.00000000
v 21.12408066 5.17132711 10.00000000
v 21.13506889 5.15920401 10.00000000
v 21.07539940 5.23696613 10.00000000
v 21.06698799 5.25099993 10.00000000
v 21.05904007 5.26530170 10.00000000
v 21.05156326 5.27985573 10.00000000
v 21.03204727 5.32487488 10.00000000
v 21.02653503 5.34028006 10.00000000
v 21.02153015 5.35585785 10.00000000
v 21.01703644 5.37159061 10.00000000
v 21.04456902 5.29464626 10.00000000
v 21.03806114 5.30965805 10.00000000
v 21.09357643 5.20976114 10.00000000
v 21.08426476 5.22321510 10.00000000
v 21.32387543 5.03304720 10.00000000
v 21.30865860 5.03906012 10.00000000
v 21.33928108 5.02753496 10.00000000
v 21.35485840 5.02252960 10.00000000
v 21.37059021 5.01803732 10.00000000
v 21.38646126 5.01406145 10.00000000
v 21.40245438 5.01060724 10.00000000
v 21.41855240 5.00767851 10.00000000
v 21.43473625 5.00527763 10.00000000
v 21.45099068 5.00340748 10.00000000
v 21.46729851 5.00207043 10.00000000
v 21.48364067 5.00126791 10.00000000
v 21.18280411 5.11449480 10.00000000
v 21.20876122 5.09457684 10.00000000
v 21.19561958 5.10432339 10.00000000
v 21.23596573 5.07639885 10.00000000
v 21.22221565 5.08526516 10.00000000
v 21.17032623 5.12508011 10.00000000
v 21.25000000 5.06798744 10.00000000
v 21.27885628 5.05256367 10.00000000
v 21.26430130 5.06003952 10.00000000
v 21.29364586 5.04556799 10.00000000
v 21.01306152 5.38746166 8.80000019
v 21.00960732 5.40345478 8.80000019
v 21.00667763 5.41955233 8.80000019
v 21.00427818 5.43573713 8.80000019
v 21.00240707 5.45199156 8.80000019
v 21.00107002 5.46829844 8.80000019
v 21.00026703 5.48464060 8.80000019
v 21.00000000 5.50099993 8.80000019
v 21.00000000 6.00000000 8.80000019
v 21.01306152 5.38746166 10.00000000
v 21.00960732 5.40345478 10.00000000
v 21.00667763 5.41955233 10.00000000
v 21.00427818 5.43573713 10.00000000
v 21.00240707 5.45199156 10.00000000
v 21.00107002 5.46829844 10.00000000
v 21.00026703 5.48464060 10.00000000
v 21.00000000 5.50099993 10.00000000
v 21.00000000 6.00000000 10.00000000
v 6.00000000 40.00000000 7.00000000
v 6.00107098 40.06543732 7.00000000
v 6.00428200 40.13080597 7.00000000
v 6.00963068 40.19603348 7.00000000
v 6.01711035 40.26105118 7.00000000
v 6.02671337 40.32579041 7.00000000
v 6.03842926 40.39018250 7.00000000
v 6.05224609 40.45415115 7.00000000
v 6.06814814 40.51763916 7.00000000
v 6.08611917 40.58057022 7.00000000
v 6.10613966 40.64287949 7.00000000
v 6.12818813 40.70449829 7.00000000
v 6.15224075 40.76536560 7.00000000
v 6.17827225 40.82541275 7.00000000
v 6.20625448 40.88457870 7.00000000
v 6.23615742 40.94279480 7.00000000
v 6.26794910 41.00000000 7.00000000
v 6.30159569 41.05613708 7.00000000
v 6.33706093 41.11114120 7.00000000
v 6.37430668 41.16495514 7.00000000
v 6.41329336 41.21752167 7.00000000
v 6.45397902 41.26878738 7.00000000
v 6.49632025 41.31869125 7.00000000
v 6.54027176 41.36718369 7.00000000
v 6.58578634 41.41421509 7.00000000
v 6.63281536 41.45972824 7.00000000
v 6.68130827 41.50368118 7.00000000
v 6.73121357 41.54602051 7.00000000
v 6.78247738 41.58670807 7.00000000
v 6.83504438 41.62569427 7.00000000
v 6.88885975 41.66294098 7.00000000
v 6.94386435 41.69840622 7.00000000
v 7.00000000 41.73205185 7.00000000
v 7.05720663 41.76384354 7.00000000
v 7.11542273 41.79374695 7.00000000
v 7.17458582 41.82172775 7.00000000
v 7.23463297 41.84775925 7.00000000
v 7.29549980 41.87181091 7.00000000
v 7.35712099 41.89385986 7.00000000
v 7.41943073 41.91387939 7.00000000
v 7.48236179 41.93185043 7.00000000
v 7.54584742 41.94775391 7.00000000
v 7.60981941 41.96157074 7.00000000
v 7.67420912 41.97328568 7.00000000
v 7.73894739 41.98289108 7.00000000
v 7.80396557 41.99036789 7.00000000
v 7.86919355 41.99571609 7.00000000
v 7.93456173 41.99892807 7.00000000
v 8.00000000 42.00000000 7.00000000
v 6.00000000 40.00000000 10.00000000
v 6.00107098 40.06543732 10.00000000
v 6.00428200 40.13080597 10.00000000
v 6.00963068 40.19603348 10.00000000
v 6.01711035 40.26105118 10.00000000
v 6.02671337 40.32579041 10.00000000
v 6.03842926 40.39018250 10.00000000
v 6.05224609 40.45415115 10.00000000
v 6.06814814 40.51763916 10.00000000
v 6.08611917 40.58057022 10.00000000
v 6.10613966 40.64287949 10.00000000
v 6.12818813 40.70449829 10.00000000
v 6.15224075 40.76536560 10.00000000
v 6.17827225 40.82541275 10.00000000
v 6.20625448 40.88457870 10.00000000
v 6.23615742 40.94279480 10.00000000
v 6.26794910 41.00000000 10.00000000
v 6.30159569 41.05613708 10.00000000
v 6.33706093 41.11114120 10.00000000
v 6.37430668 41.16495514 10.00000000
v 6.41329336 41.21752167 10.00000000
v 6.45397902 41.26878738 10.00000000
v 6.49632025 41.31869125 10.00000000
v 6.54027176 41.36718369 10.00000000
v 6.58578634 41.41421509 10.00000000
v 6.63281536 41.45972824 10.00000000
v 6.68130827 41.50368118 10.00000000
v 6.73121357 41.54602051 10.00000000
v 6.78247738 41.58670807 10.00000000
v 6.83504438 41.62569427 10.00000000
v 6.88885975 41.66294098 10.00000000
v 6.94386435 41.69840622 10.00000000
v 7.00000000 41.73205185 10.00000000
v 7.05720663 41.76384354 10.00000000
v 7.11542273 41.79374695 10.00000000
v 7.17458582 41.82172775 10.00000000
v 7.23463297 41.84775925 10.00000000
v 7.29549980 41.87181091 10.00000000
v 7.35712099 41.89385986 10.00000000
v 7.41943073 41.91387939 10.00000000
v 7.48236179 41.93185043 10.00000000
v 7.54584742 41.94775391 10.00000000
v 7.60981941 41.96157074 10.00000000
v 7.67420912 41.97328568 10.00000000
v 7.73894739 41.98289108 10.00000000
v 7.80396557 41.99036789 10.00000000
v 7.86919355 41.99571609 10.00000000
v 7.93456173 41.99892807 10.00000000
v 8.00000000 42.00000000 10.00000000
v 40.00000000 6.00000000 7.00000000
v 40.06543732 6.00107098 7.00000000
v 40.13080597 6.00428200 7.00000000
v 40.19603348 6.00963068 7.00000000
v 40.26105118 6.01711035 7.00000000
v 40.32579041 6.02671337 7.00000000
v 40.39018250 6.03842926 7.00000000
v 40.45415115 6.05224609 7.00000000
v 40.51763916 6.06814814 7.00000000
v 40.58057022 6.08611917 7.00000000
v 40.64287949 6.10613966 7.00000000
v 40.70449829 6.12818813 7.00000000
v 40.76536560 6.15224075 7.00000000
v 40.82541275 6.17827225 7.00000000
v 40.88457870 6.20625448 7.00000000
v 40.94279480 6.23615742 7.00000000
v 41.00000000 6.26794910 7.00000000
v 41.05613708 6.30159569 7.00000000
v 41.11114120 6.33706093 7.00000000
v 41.16495514 6.37430668 7.00000000
v 41.21752167 6.41329336 7.00000000
v 41.26878738 6.45397902 7.00000000
v 41.31869125 6.49632025 7.00000000
v 41.36718369 6.54027176 7.00000000
v 41.41421509 6.58578634 7.00000000
v 41.45972824 6.63281536 7.00000000
v 41.50368118 6.68130827 7.00000000
v 41.54602051 6.73121357 7.00000000
v 41.58670807 6.78247738 7.00000000
v 41.62569427 6.83504438 7.00000000
v 41.66294098 6.88885975 7.00000000
v 41.69840622 6.94386435 7.00000000
v 41.73205185 7.00000000 7.00000000
v 41.76384354 7.05720663 7.00000000
v 41.79374695 7.11542273 7.00000000
v 41.82172775 7.17458582 7.00000000
v 41.84775925 7.23463297 7.00000000
v 41.87181091 7.29549980 7.00000000
v 41.89385986 7.35712099 7.00000000
v 41.91387939 7.41943073 7.00000000
v 41.93185043 7.48236179 7.00000000
v 41.94775391 7.54584742 7.00000000
v 41.96157074 7.60981941 7.00000000
v 41.97328568 7.67420912 7.00000000
v 41.98289108 7.73894739 7.00000000
v 41.99036789 7.80396557 7.00000000
v 41.99571609 7.86919355 7.00000000
v 41.99892807 7.93456173 7.00000000
v 42.00000000 8.00000000 7.00000000
v 21.50000000 5.00099993 8.80000019
v 26.50000000 5.00099993 8.80000019
v 26.51635933 5.00126791 8.80000019
v 26.53270149 5.00207043 8.80000019
v 26.54900932 5.00340748 8.80000019
v 26.56526375 5.00527763 8.80000019
v 26.58144760 5.00767851 8.80000019
v 26.59754562 5.01060724 8.80000019
v 26.61353874 5.01406145 8.80000019
v 26.62940979 5.01803732 8.80000019
v 26.64514160 5.02252960 8.80000019
v 26.66071892 5.02753496 8.80000019
v 26.67612457 5.03304720 8.80000019
v 26.69134140 5.03906012 8.80000019
v 26.70635414 5.04556799 8.80000019
v 26.72114372 5.05256367 8.80000019
v 26.73569870 5.06003952 8.80000019
v 26.75000000 5.06798744 8.80000019
v 26.76403427 5.07639885 8.80000019
v 26.77778435 5.08526516 8.80000019
v 26.79123878 5.09457684 8.80000019
v 26.80438042 5.10432339 8.80000019
v 26.81719589 5.11449480 8.80000019
v 26.82967377 5.12508011 8.80000019
v 26.84179688 5.13606787 8.80000019
v 26.85355377 5.14744663 8.80000019
v 26.86493111 5.15920401 8.80000019
v 21.50000000 5.00099993 10.00000000
v 26.50000000 5.00099993 10.00000000
v 26.51635933 5.00126791 10.00000000
v 26.53270149 5.00207043 10.00000000
v 26.54900932 5.00340748 10.00000000
v 26.56526375 5.00527763 10.00000000
v 26.58144760 5.00767851 10.00000000
v 26.59754562 5.01060724 10.00000000
v 26.61353874 5.01406145 10.00000000
v 26.62940979 5.01803732 10.00000000
v 26.64514160 5.02252960 10.00000000
v 26.66071892 5.02753496 10.00000000
v 26.67612457 5.03304720 10.00000000
v 26.69134140 5.03906012 10.00000000
v 26.70635414 5.04556799 10.00000000
v 26.72114372 5.05256367 10.00000000
v 26.73569870 5.06003952 10.00000000
v 26.75000000 5.06798744 10.00000000
v 26.76403427 5.07639885 10.00000000
v 26.77778435 5.08526516 10.00000000
v 26.79123878 5.09457684 10.00000000
v 26.80438042 5.10432339 10.00000000
v 26.81719589 5.11449480 10.00000000
v 26.82967377 5.12508011 10.00000000
v 26.84179688 5.13606787 10.00000000
v 26.85355377 5.14744663 10.00000000
v 26.86493111 5.15920401 10.00000000
v 26.87591934 5.17132711 8.80000019
v 26.88650513 5.18380356 8.80000019
v 26.89667702 5.19661951 8.80000019
v 26.90642357 5.20976114 8.80000019
v 26.91573524 5.22321510 8.80000019
v 26.92460060 5.23696613 8.80000019
v 26.93301201 5.25099993 8.80000019
v 26.94095993 5.26530170 8.80000019
v 26.94843674 5.27985573 8.80000019
v 26.95543098 5.29464626 8.80000019
v 26.96193886 5.30965805 8.80000019
v 26.96795273 5.32487488 8.80000019
v 26.97346497 5.34028006 8.80000019
v 26.97846985 5.35585785 8.80000019
v 26.98296356 5.37159061 8.80000019
v 26.87591934 5.17132711 10.00000000
v 26.88650513 5.18380356 10.00000000
v 26.89667702 5.19661951 10.00000000
v 26.90642357 5.20976114 10.00000000
v 26.91573524 5.22321510 10.00000000
v 26.92460060 5.23696613 10.00000000
v 26.93301201 5.25099993 10.00000000
v 26.94095993 5.26530170 10.00000000
v 26.94843674 5.27985573 10.00000000
v 26.95543098 5.29464626 10.00000000
v 26.96193886 5.30965805 10.00000000
v 26.96795273 5.32487488 10.00000000
v 26.97346497 5.34028006 10.00000000
v 26.97846985 5.35585785 10.00000000
v 26.98296356 5.37159061 10.00000000
v 26.98693848 5.38746166 8.80000019
v 26.99039268 5.40345478 8.80000019
v 26.99332237 5.41955233 8.80000019
v 26.99572182 5.43573713 8.80000019
v 26.99759293 5.45199156 8.80000019
v 26.99892998 5.46829844 8.80000019
v 26.99973297 5.48464060 8.80000019
v 27.00000000 5.50099993 8.80000019
v 27.00000000 6.00000000 8.80000019
v 26.98693848 5.38746166 10.00000000
v 26.99039268 5.40345478 10.00000000
v 26.99332237 5.41955233 10.00000000
v 26.99572182 5.43573713 10.00000000
v 26.99759293 5.45199156 10.00000000
v 26.99892998 5.46829844 10.00000000
v 26.99973297 5.48464060 10.00000000
v 27.00000000 5.50099993 10.00000000
v 27.00000000 6.00000000 10.00000000
v 38.14285660 6.00000000 10.00000000
v 40.00000000 6.00000000 10.00000000
v 40.06543732 6.00107098 10.00000000
v 40.13080597 6.00428200 10.00000000
v 40.19603348 6.00963068 10.00000000
v 40.26105118 6.01711035 10.00000000
v 40.32579041 6.02671337 10.00000000
v 40.39018250 6.03842926 10.00000000
v 40.45415115 6.05224609 10.00000000
v 40.51763916 6.06814814 10.00000000
v 40.58057022 6.08611917 10.00000000
v 40.64287949 6.10613966 10.00000000
v 40.70449829 6.12818813 10.00000000
v 40.76536560 6.15224075 10.00000000
v 40.82541275 6.17827225 10.00000000
v 40.88457870 6.20625448 10.00000000
v 40.94279480 6.23615742 10.00000000
v 41.00000000 6.26794910 10.00000000
v 41.05613708 6.30159569 10.00000000
v 41.11114120 6.33706093 10.00000000
v 41.16495514 6.37430668 10.00000000
v 41.21752167 6.41329336 10.00000000
v 41.26878738 6.45397902 10.00000000
v 41.31869125 6.49632025 10.00000000
v 41.36718369 6.54027176 10.00000000
v 41.41421509 6.58578634 10.00000000
v 41.45972824 6.63281536 10.00000000
v 41.50368118 6.68130827 10.00000000
v 41.54602051 6.73121357 10.00000000
v 41.58670807 6.78247738 10.00000000
v 41.62569427 6.83504438 10.00000000
v 41.66294098 6.88885975 10.00000000
v 41.69840622 6.94386435 10.00000000
v 41.73205185 7.00000000 10.00000000
v 41.76384354 7.05720663 10.00000000
v 41.79374695 7.11542273 10.00000000
v 41.82172775 7.17458582 10.00000000
v 41.84775925 7.23463297 10.00000000
v 41.87181091 7.29549980 10.00000000
v 41.89385986 7.35712099 10.00000000
v 41.91387939 7.41943073 10.00000000
v 41.93185043 7.48236179 10.00000000
v 41.94775391 7.54584742 10.00000000
v 41.96157074 7.60981941 10.00000000
v 41.97328568 7.67420912 10.00000000
v 41.98289108 7.73894739 10.00000000
v 41.99036789 7.80396557 10.00000000
v 41.99571609 7.86919355 10.00000000
v 41.99892807 7.93456173 10.00000000
v 42.00000000 8.00000000 10.00000000
v 40.19603348 41.99036789 7.00000000
v 40.26105118 41.98289108 7.00000000
v 40.00000000 42.00000000 7.00000000
v 40.06543732 41.99892807 7.00000000
v 40.13080597 41.99571609 7.00000000
v 41.99036789 40.19603348 7.00000000
v 41.98289108 40.26105118 7.00000000
v 42.00000000 40.00000000 7.00000000
v 41.99892807 40.06543732 7.00000000
v 41.99571609 40.13080597 7.00000000
v 41.21752167 41.58670807 7.00000000
v 41.16495514 41.62569427 7.00000000
v 41.26878738 41.54602051 7.00000000
v 41.31869125 41.50368118 7.00000000
v 41.54602051 41.26878738 7.00000000
v 41.50368118 41.31869125 7.00000000
v 41.62569427 41.16495514 7.00000000
v 41.58670807 41.21752167 7.00000000
v 41.36718369 41.45972824 7.00000000
v 41.45972824 41.36718369 7.00000000
v 41.41421509 41.41421509 7.00000000
v 40.32579041 41.97328568 7.00000000
v 40.39018250 41.96157074 7.00000000
v 40.45415115 41.94775391 7.00000000
v 40.51763916 41.93185043 7.00000000
v 40.64287949 41.89385986 7.00000000
v 40.58057022 41.91387939 7.00000000
v 40.70449829 41.87181091 7.00000000
v 40.76536560 41.84775925 7.00000000
v 40.82541275 41.82172775 7.00000000
v 40.88457870 41.79374695 7.00000000
v 40.94279480 41.76384354 7.00000000
v 41.00000000 41.73205185 7.00000000
v 41.05613708 41.69840622 7.00000000
v 41.11114120 41.66294098 7.00000000
v 41.97328568 40.32579041 7.00000000
v 41.96157074 40.39018250 7.00000000
v 41.94775391 40.45415115 7.00000000
v 41.89385986 40.64287949 7.00000000
v 41.93185043 40.51763916 7.00000000
v 41.91387939 40.58057022 7.00000000
v 41.82172775 40.82541275 7.00000000
v 41.79374695 40.88457870 7.00000000
v 41.76384354 40.94279480 7.00000000
v 41.87181091 40.70449829 7.00000000
v 41.84775925 40.76536560 7.00000000
v 41.73205185 41.00000000 7.00000000
v 41.69840622 41.05613708 7.00000000
v 41.66294098 41.11114120 7.00000000
v 40.19603348 41.99036789 10.00000000
v 40.26105118 41.98289108 10.00000000
v 40.00000000 42.00000000 10.00000000
v 40.06543732 41.99892807 10.00000000
v 40.13080597 41.99571609 10.00000000
v 41.99036789 40.19603348 10.00000000
v 41.98289108 40.26105118 10.00000000
v 42.00000000 40.00000000 10.00000000
v 41.99892807 40.06543732 10.00000000
v 41.99571609 40.13080597 10.00000000
v 41.16495514 41.62569427 10.00000000
v 41.21752167 41.58670807 10.00000000
v 41.26878738 41.54602051 10.00000000
v 41.31869125 41.50368118 10.00000000
v 41.50368118 41.31869125 10.00000000
v 41.54602051 41.26878738 10.00000000
v 41.62569427 41.16495514 10.00000000
v 41.58670807 41.21752167 10.00000000
v 41.36718369 41.45972824 10.00000000
v 41.45972824 41.36718369 10.00000000
v 41.41421509 41.41421509 10.00000000
v 40.32579041 41.97328568 10.00000000
v 40.39018250 41.96157074 10.00000000
v 40.45415115 41.94775391 10.00000000
v 40.51763916 41.93185043 10.00000000
v 40.64287949 41.89385986 10.00000000
v 40.58057022 41.91387939 10.00000000
v 40.70449829 41.87181091 10.00000000
v 40.76536560 41.84775925 10.00000000
v 40.82541275 41.82172775 10.00000000
v 40.88457870 41.79374695 10.00000000
v 40.94279480 41.76384354 10.00000000
v 41.00000000 41.73205185 10.00000000
v 41.05613708 41.69840622 10.00000000
v 41.11114120 41.66294098 10.00000000
v 41.97328568 40.32579041 10.00000000
v 41.96157074 40.39018250 10.00000000
v 41.94775391 40.45415115 10.00000000
v 41.89385986 40.64287949 10.00000000
v 41.93185043 40.51763916 10.00000000
v 41.91387939 40.58057022 10.00000000
v 41.82172775 40.82541275 10.00000000
v 41.79374695 40.88457870 10.00000000
v 41.76384354 40.94279480 10.00000000
v 41.87181091 40.70449829 10.00000000
v 41.84775925 40.76536560 10.00000000
v 41.73205185 41.00000000 10.00000000
v 41.69840622 41.05613708 10.00000000
v 41.66294098 41.11114120 10.00000000
v 0.00000000 78.00000000 0.00000000
v 0.00428330 78.26174927 0.00000000
v 0.01712861 78.52322388 0.00000000
v 0.03852219 78.78413391 0.00000000
v 0.06844111 79.04421234 0.00000000
v 0.10685334 79.30316162 0.00000000
v 0.15371776 79.56072235 0.00000000
v 0.20898417 79.81661224 0.00000000
v 0.27259338 80.07054901 0.00000000
v 0.34447733 80.32228088 0.00000000
v 0.42455897 80.57151794 0.00000000
v 0.51275259 80.81800079 0.00000000
v 0.60896373 81.06147003 0.00000000
v 0.71308941 81.30165863 0.00000000
v 0.82501805 81.53830719 0.00000000
v 0.94462991 81.77117157 0.00000000
v 1.07179677 82.00000000 0.00000000
v 1.20638251 82.22454071 0.00000000
v 1.34824312 82.44456482 0.00000000
v 1.49722648 82.65982056 0.00000000
v 1.65317333 82.87009430 0.00000000
v 1.81591642 83.07514954 0.00000000
v 1.98528159 83.27476501 0.00000000
v 2.16108751 83.46873474 0.00000000
v 2.34314585 83.65685272 0.00000000
v 2.53126168 83.83891296 0.00000000
v 2.72523355 84.01471710 0.00000000
v 2.92485380 84.18408203 0.00000000
v 3.12990856 84.34682465 0.00000000
v 3.34017849 84.50277710 0.00000000
v 3.55543804 84.65175629 0.00000000
v 3.77545714 84.79361725 0.00000000
v 4.00000000 84.92819977 0.00000000
v 4.22882605 85.05536652 0.00000000
v 4.46169043 85.17498016 0.00000000
v 4.69834375 85.28691101 0.00000000
v 4.93853235 85.39103699 0.00000000
v 5.18199968 85.48724365 0.00000000
v 5.42848444 85.57543945 0.00000000
v 5.67772245 85.65552521 0.00000000
v 5.92944765 85.72740936 0.00000000
v 6.18338966 85.79101562 0.00000000
v 6.43927765 85.84628296 0.00000000
v 6.69683599 85.89315033 0.00000000
v 6.95579052 85.93155670 0.00000000
v 7.21586275 85.96147919 0.00000000
v 7.47677517 85.98287201 0.00000000
v 7.73824739 85.99571991 0.00000000
v 8.00000000 86.00000000 0.00000000
v 6.03842926 45.60981750 7.00000000
v 6.02671337 45.67420959 7.00000000
v 6.37430668 44.83504486 7.00000000
v 6.26794910 45.00000000 7.00000000
v 6.33706093 44.88885880 7.00000000
v 6.30159569 44.94386292 7.00000000
v 6.54027176 44.63281631 7.00000000
v 6.68130827 44.49631882 7.00000000
v 6.63281536 44.54027176 7.00000000
v 6.58578634 44.58578491 7.00000000
v 6.45397902 44.73121262 7.00000000
v 6.41329336 44.78247833 7.00000000
v 6.49632025 44.68130875 7.00000000
v 6.20625448 45.11542130 7.00000000
v 6.17827225 45.17458725 7.00000000
v 6.12818813 45.29550171 7.00000000
v 6.15224075 45.23463440 7.00000000
v 6.23615742 45.05720520 7.00000000
v 6.10613966 45.35712051 7.00000000
v 6.08611917 45.41942978 7.00000000
v 6.06814814 45.48236084 7.00000000
v 6.05224609 45.54584885 7.00000000
v 6.88885975 44.33705902 7.00000000
v 6.94386435 44.30159378 7.00000000
v 7.00000000 44.26794815 7.00000000
v 7.05720663 44.23615646 7.00000000
v 7.11542273 44.20625305 7.00000000
v 7.17458582 44.17827225 7.00000000
v 7.23463297 44.15224075 7.00000000
v 7.29549980 44.12818909 7.00000000
v 7.35712099 44.10614014 7.00000000
v 7.41943073 44.08612061 7.00000000
v 7.48236179 44.06814957 7.00000000
v 7.54584742 44.05224609 7.00000000
v 7.60981941 44.03842926 7.00000000
v 7.67420912 44.02671432 7.00000000
v 7.86919355 44.00428391 7.00000000
v 7.93456173 44.00107193 7.00000000
v 8.00000000 44.00000000 7.00000000
v 7.80396557 44.00963211 7.00000000
v 7.73894739 44.01710892 7.00000000
v 6.78247738 44.41329193 7.00000000
v 6.73121357 44.45397949 7.00000000
v 6.83504438 44.37430573 7.00000000
v 6.01711035 45.73894882 7.00000000
v 6.00963068 45.80396652 7.00000000
v 6.00428200 45.86919403 7.00000000
v 6.00107098 45.93456268 7.00000000
v 6.00000000 46.00000000 7.00000000
v 6.03842926 45.60981750 10.00000000
v 6.02671337 45.67420959 10.00000000
v 6.37430668 44.83504486 10.00000000
v 6.26794910 45.00000000 10.00000000
v 6.33706093 44.88885880 10.00000000
v 6.30159569 44.94386292 10.00000000
v 6.54027176 44.63281631 10.00000000
v 6.68130827 44.49631882 10.00000000
v 6.58578634 44.58578491 10.00000000
v 6.63281536 44.54027176 10.00000000
v 6.45397902 44.73121262 10.00000000
v 6.41329336 44.78247833 10.00000000
v 6.49632025 44.68130875 10.00000000
v 6.20625448 45.11542130 10.00000000
v 6.17827225 45.17458725 10.00000000
v 6.12818813 45.29550171 10.00000000
v 6.15224075 45.23463440 10.00000000
v 6.23615742 45.05720520 10.00000000
v 6.10613966 45.35712051 10.00000000
v 6.08611917 45.41942978 10.00000000
v 6.06814814 45.48236084 10.00000000
v 6.05224609 45.54584885 10.00000000
v 6.94386435 44.30159378 10.00000000
v 6.88885975 44.33705902 10.00000000
v 7.00000000 44.26794815 10.00000000
v 7.05720663 44.23615646 10.00000000
v 7.11542273 44.20625305 10.00000000
v 7.17458582 44.17827225 10.00000000
v 7.23463297 44.15224075 10.00000000
v 7.29549980 44.12818909 10.00000000
v 7.35712099 44.10614014 10.00000000
v 7.41943073 44.08612061 10.00000000
v 7.48236179 44.06814957 10.00000000
v 7.54584742 44.05224609 10.00000000
v 7.60981941 44.03842926 10.00000000
v 7.67420912 44.02671432 10.00000000
v 7.86919355 44.00428391 10.00000000
v 7.93456173 44.00107193 10.00000000
v 8.00000000 44.00000000 10.00000000
v 7.73894739 44.01710892 10.00000000
v 7.80396557 44.00963211 10.00000000
v 6.78247738 44.41329193 10.00000000
v 6.73121357 44.45397949 10.00000000
v 6.83504438 44.37430573 10.00000000
v 6.01711035 45.73894882 10.00000000
v 6.00963068 45.80396652 10.00000000
v 6.00428200 45.86919403 10.00000000
v 6.00107098 45.93456268 10.00000000
v 6.00000000 46.00000000 10.00000000
v 21.15820312 43.13606644 8.80000019
v 21.14644623 43.14744568 8.80000019
v 21.13506889 43.15920258 8.80000019
v 21.07539940 43.23696518 8.80000019
v 21.06698799 43.25099945 8.80000019
v 21.05904007 43.26530075 8.80000019
v 21.05156326 43.27985382 8.80000019
v 21.04456902 43.29464722 8.80000019
v 21.03806114 43.30965805 8.80000019
v 21.03204727 43.32487488 8.80000019
v 21.08426476 43.22321320 8.80000019
v 21.10332298 43.19662094 8.80000019
v 21.09357643 43.20976257 8.80000019
v 21.12408066 43.17132568 8.80000019
v 21.11349487 43.18380356 8.80000019
v 21.02653503 43.34027863 8.80000019
v 21.02153015 43.35585785 8.80000019
v 21.01703644 43.37158966 8.80000019
v 21.01306152 43.38746262 8.80000019
v 21.00960732 43.40345383 8.80000019
v 21.00667763 43.41955185 8.80000019
v 21.00427818 43.43573761 8.80000019
v 21.00240707 43.45199203 8.80000019
v 21.00107002 43.46829987 8.80000019
v 21.00026703 43.48464203 8.80000019
v 21.00000000 43.50099945 8.80000019
v 21.23596573 43.07640076 8.80000019
v 21.22221565 43.08526611 8.80000019
v 21.17032623 43.12508011 8.80000019
v 21.18280411 43.11449432 8.80000019
v 21.20876122 43.09457779 8.80000019
v 21.19561958 43.10432434 8.80000019
v 21.25000000 43.06798553 8.80000019
v 21.29364586 43.04556656 8.80000019
v 21.30865860 43.03905869 8.80000019
v 21.27885628 43.05256271 8.80000019
v 21.26430130 43.06003952 8.80000019
v 21.32387543 43.03304672 8.80000019
v 21.33928108 43.02753448 8.80000019
v 21.35485840 43.02252960 8.80000019
v 21.37059021 43.01803589 8.80000019
v 21.38646126 43.01406097 8.80000019
v 21.40245438 43.01060867 8.80000019
v 21.41855240 43.00767899 8.80000019
v 21.43473625 43.00527573 8.80000019
v 21.45099068 43.00340652 8.80000019
v 21.46729851 43.00207138 8.80000019
v 21.48364067 43.00126648 8.80000019
v 21.00000000 44.00000000 8.80000019
v 21.15820312 43.13606644 10.00000000
v 21.14644623 43.14744568 10.00000000
v 21.13506889 43.15920258 10.00000000
v 21.07539940 43.23696518 10.00000000
v 21.06698799 43.25099945 10.00000000
v 21.03204727 43.32487488 10.00000000
v 21.05904007 43.26530075 10.00000000
v 21.04456902 43.29464722 10.00000000
v 21.05156326 43.27985382 10.00000000
v 21.03806114 43.30965805 10.00000000
v 21.08426476 43.22321320 10.00000000
v 21.10332298 43.19662094 10.00000000
v 21.09357643 43.20976257 10.00000000
v 21.11349487 43.18380356 10.00000000
v 21.12408066 43.17132568 10.00000000
v 21.02653503 43.34027863 10.00000000
v 21.02153015 43.35585785 10.00000000
v 21.01703644 43.37158966 10.00000000
v 21.01306152 43.38746262 10.00000000
v 21.00960732 43.40345383 10.00000000
v 21.00667763 43.41955185 10.00000000
v 21.00427818 43.43573761 10.00000000
v 21.00240707 43.45199203 10.00000000
v 21.00107002 43.46829987 10.00000000
v 21.00026703 43.48464203 10.00000000
v 21.00000000 43.50099945 10.00000000
v 21.23596573 43.07640076 10.00000000
v 21.17032623 43.12508011 10.00000000
v 21.18280411 43.11449432 10.00000000
v 21.20876122 43.09457779 10.00000000
v 21.19561958 43.10432434 10.00000000
v 21.22221565 43.08526611 10.00000000
v 21.25000000 43.06798553 10.00000000
v 21.30865860 43.03905869 10.00000000
v 21.32387543 43.03304672 10.00000000
v 21.27885628 43.05256271 10.00000000
v 21.26430130 43.06003952 10.00000000
v 21.29364586 43.04556656 10.00000000
v 21.33928108 43.02753448 10.00000000
v 21.35485840 43.02252960 10.00000000
v 21.37059021 43.01803589 10.00000000
v 21.38646126 43.01406097 10.00000000
v 21.40245438 43.01060867 10.00000000
v 21.43473625 43.00527573 10.00000000
v 21.41855240 43.00767899 10.00000000
v 21.45099068 43.00340652 10.00000000
v 21.46729851 43.00207138 10.00000000
v 21.48364067 43.00126648 10.00000000
v 21.00000000 44.00000000 10.00000000
v 6.00000000 78.00000000 7.00000000
v 6.00107098 78.06543732 7.00000000
v 6.00428200 78.13080597 7.00000000
v 6.00963068 78.19603729 7.00000000
v 6.01711035 78.26105499 7.00000000
v 6.02671337 78.32579041 7.00000000
v 6.03842926 78.39018250 7.00000000
v 6.05224609 78.45415497 7.00000000
v 6.06814814 78.51763916 7.00000000
v 6.08611917 78.58056641 7.00000000
v 6.10613966 78.64287567 7.00000000
v 6.12818813 78.70449829 7.00000000
v 6.15224075 78.76536560 7.00000000
v 6.17827225 78.82541656 7.00000000
v 6.20625448 78.88457489 7.00000000
v 6.23615742 78.94279480 7.00000000
v 6.26794910 79.00000000 7.00000000
v 6.30159569 79.05613708 7.00000000
v 6.33706093 79.11113739 7.00000000
v 6.37430668 79.16495514 7.00000000
v 6.41329336 79.21752167 7.00000000
v 6.45397902 79.26878357 7.00000000
v 6.49632025 79.31869507 7.00000000
v 6.54027176 79.36718750 7.00000000
v 6.58578634 79.41421509 7.00000000
v 6.63281536 79.45972443 7.00000000
v 6.68130827 79.50367737 7.00000000
v 6.73121357 79.54602051 7.00000000
v 6.78247738 79.58670807 7.00000000
v 6.83504438 79.62569427 7.00000000
v 6.88885975 79.66294098 7.00000000
v 6.94386435 79.69840240 7.00000000
v 7.00000000 79.73204803 7.00000000
v 7.05720663 79.76383972 7.00000000
v 7.11542273 79.79374695 7.00000000
v 7.17458582 79.82172394 7.00000000
v 7.23463297 79.84775543 7.00000000
v 7.29549980 79.87181091 7.00000000
v 7.35712099 79.89385986 7.00000000
v 7.41943073 79.91387939 7.00000000
v 7.48236179 79.93185425 7.00000000
v 7.54584742 79.94775391 7.00000000
v 7.60981941 79.96157074 7.00000000
v 7.67420912 79.97328949 7.00000000
v 7.73894739 79.98288727 7.00000000
v 7.80396557 79.99037170 7.00000000
v 7.86919355 79.99571991 7.00000000
v 7.93456173 79.99893188 7.00000000
v 8.00000000 80.00000000 7.00000000
v 0.00000000 78.00000000 10.00000000
v 0.00428330 78.26174927 10.00000000
v 0.01712861 78.52322388 10.00000000
v 0.03852219 78.78413391 10.00000000
v 0.06844111 79.04421234 10.00000000
v 0.10685334 79.30316162 10.00000000
v 0.15371776 79.56072235 10.00000000
v 0.20898417 79.81661224 10.00000000
v 0.27259338 80.07054901 10.00000000
v 0.34447733 80.32228088 10.00000000
v 0.42455897 80.57151794 10.00000000
v 0.51275259 80.81800079 10.00000000
v 0.60896373 81.06147003 10.00000000
v 0.71308941 81.30165863 10.00000000
v 0.82501805 81.53830719 10.00000000
v 0.94462991 81.77117157 10.00000000
v 1.07179677 82.00000000 10.00000000
v 1.20638251 82.22454071 10.00000000
v 1.34824312 82.44456482 10.00000000
v 1.49722648 82.65982056 10.00000000
v 1.65317333 82.87009430 10.00000000
v 1.81591642 83.07514954 10.00000000
v 1.98528159 83.27476501 10.00000000
v 2.16108751 83.46873474 10.00000000
v 2.34314585 83.65685272 10.00000000
v 2.53126168 83.83891296 10.00000000
v 2.72523355 84.01471710 10.00000000
v 2.92485380 84.18408203 10.00000000
v 3.12990856 84.34682465 10.00000000
v 3.34017849 84.50277710 10.00000000
v 3.55543804 84.65175629 10.00000000
v 3.77545714 84.79361725 10.00000000
v 4.00000000 84.92819977 10.00000000
v 4.22882605 85.05536652 10.00000000
v 4.46169043 85.17498016 10.00000000
v 4.69834375 85.28691101 10.00000000
v 4.93853235 85.39103699 10.00000000
v 5.18199968 85.48724365 10.00000000
v 6.00000000 78.00000000 10.00000000
v 6.00107098 78.06543732 10.00000000
v 6.00428200 78.13080597 10.00000000
v 6.00963068 78.19603729 10.00000000
v 6.01711035 78.26105499 10.00000000
v 6.02671337 78.32579041 10.00000000
v 6.03842926 78.39018250 10.00000000
v 6.05224609 78.45415497 10.00000000
v 6.06814814 78.51763916 10.00000000
v 6.08611917 78.58056641 10.00000000
v 6.10613966 78.64287567 10.00000000
v 6.12818813 78.70449829 10.00000000
v 6.15224075 78.76536560 10.00000000
v 6.17827225 78.82541656 10.00000000
v 6.20625448 78.88457489 10.00000000
v 6.23615742 78.94279480 10.00000000
v 6.26794910 79.00000000 10.00000000
v 6.30159569 79.05613708 10.00000000
v 6.33706093 79.11113739 10.00000000
v 6.37430668 79.16495514 10.00000000
v 6.41329336 79.21752167 10.00000000
v 6.45397902 79.26878357 10.00000000
v 6.49632025 79.31869507 10.00000000
v 6.54027176 79.36718750 10.00000000
v 6.58578634 79.41421509 10.00000000
v 6.63281536 79.45972443 10.00000000
v 6.68130827 79.50367737 10.00000000
v 6.73121357 79.54602051 10.00000000
v 6.78247738 79.58670807 10.00000000
v 6.83504438 79.62569427 10.00000000
v 6.88885975 79.66294098 10.00000000
v 6.94386435 79.69840240 10.00000000
v 7.00000000 79.73204803 10.00000000
v 7.05720663 79.76383972 10.00000000
v 7.11542273 79.79374695 10.00000000
v 7.17458582 79.82172394 10.00000000
v 7.23463297 79.84775543 10.00000000
v 7.29549980 79.87181091 10.00000000
v 7.35712099 79.89385986 10.00000000
v 7.41943073 79.91387939 10.00000000
v 7.48236179 79.93185425 10.00000000
v 7.54584742 79.94775391 10.00000000
v 7.60981941 79.96157074 10.00000000
v 7.67420912 79.97328949 10.00000000
v 7.73894739 79.98288727 10.00000000
v 7.80396557 79.99037170 10.00000000
v 7.86919355 79.99571991 10.00000000
v 7.93456173 79.99893188 10.00000000
v 8.00000000 80.00000000 10.00000000
v 5.42848444 85.57543945 10.00000000
v 5.67772245 85.65552521 10.00000000
v 5.92944765 85.72740936 10.00000000
v 6.18338966 85.79101562 10.00000000
v 6.43927765 85.84628296 10.00000000
v 6.69683599 85.89315033 10.00000000
v 6.95579052 85.93155670 10.00000000
v 7.21586275 85.96147919 10.00000000
v 7.47677517 85.98287201 10.00000000
v 7.73824739 85.99571991 10.00000000
v 8.00000000 86.00000000 10.00000000
v 40.00000000 44.00000000 7.00000000
v 40.06543732 44.00107193 7.00000000
v 40.13080597 44.00428391 7.00000000
v 40.19603348 44.00963211 7.00000000
v 40.26105118 44.01710892 7.00000000
v 40.32579041 44.02671432 7.00000000
v 40.39018250 44.03842926 7.00000000
v 40.45415115 44.05224609 7.00000000
v 40.51763916 44.06814957 7.00000000
v 40.58057022 44.08612061 7.00000000
v 40.64287949 44.10614014 7.00000000
v 40.70449829 44.12818909 7.00000000
v 40.76536560 44.15224075 7.00000000
v 40.82541275 44.17827225 7.00000000
v 40.88457870 44.20625305 7.00000000
v 40.94279480 44.23615646 7.00000000
v 41.00000000 44.26794815 7.00000000
v 41.05613708 44.30159378 7.00000000
v 41.11114120 44.33705902 7.00000000
v 41.16495514 44.37430573 7.00000000
v 41.21752167 44.41329193 7.00000000
v 41.26878738 44.45397949 7.00000000
v 41.31869125 44.49631882 7.00000000
v 41.36718369 44.54027176 7.00000000
v 41.41421509 44.58578491 7.00000000
v 41.45972824 44.63281631 7.00000000
v 41.50368118 44.68130875 7.00000000
v 41.54602051 44.73121262 7.00000000
v 41.58670807 44.78247833 7.00000000
v 41.62569427 44.83504486 7.00000000
v 41.66294098 44.88885880 7.00000000
v 41.69840622 44.94386292 7.00000000
v 41.73205185 45.00000000 7.00000000
v 41.76384354 45.05720520 7.00000000
v 41.79374695 45.11542130 7.00000000
v 41.82172775 45.17458725 7.00000000
v 41.84775925 45.23463440 7.00000000
v 41.87181091 45.29550171 7.00000000
v 41.89385986 45.35712051 7.00000000
v 41.91387939 45.41942978 7.00000000
v 41.93185043 45.48236084 7.00000000
v 41.94775391 45.54584885 7.00000000
v 41.96157074 45.60981750 7.00000000
v 41.97328568 45.67420959 7.00000000
v 41.98289108 45.73894882 7.00000000
v 41.99036789 45.80396652 7.00000000
v 41.99571609 45.86919403 7.00000000
v 41.99892807 45.93456268 7.00000000
v 42.00000000 46.00000000 7.00000000
v 21.50000000 43.00099945 8.80000019
v 26.50000000 43.00099945 8.80000019
v 26.51635933 43.00126648 8.80000019
v 26.53270149 43.00207138 8.80000019
v 26.54900932 43.00340652 8.80000019
v 26.56526375 43.00527573 8.80000019
v 26.58144760 43.00767899 8.80000019
v 26.59754562 43.01060867 8.80000019
v 26.61353874 43.01406097 8.80000019
v 26.62940979 43.01803589 8.80000019
v 26.64514160 43.02252960 8.80000019
v 26.66071892 43.02753448 8.80000019
v 26.67612457 43.03304672 8.80000019
v 26.69134140 43.03905869 8.80000019
v 26.70635414 43.04556656 8.80000019
v 26.72114372 43.05256271 8.80000019
v 26.73569870 43.06003952 8.80000019
v 26.75000000 43.06798553 8.80000019
v 26.76403427 43.07640076 8.80000019
v 26.77778435 43.08526611 8.80000019
v 26.79123878 43.09457779 8.80000019
v 26.80438042 43.10432434 8.80000019
v 26.81719589 43.11449432 8.80000019
v 26.82967377 43.12508011 8.80000019
v 26.84179688 43.13606644 8.80000019
v 26.85355377 43.14744568 8.80000019
v 26.86493111 43.15920258 8.80000019
v 21.50000000 43.00099945 10.00000000
v 26.50000000 43.00099945 10.00000000
v 26.51635933 43.00126648 10.00000000
v 26.53270149 43.00207138 10.00000000
v 26.54900932 43.00340652 10.00000000
v 26.56526375 43.00527573 10.00000000
v 26.58144760 43.00767899 10.00000000
v 26.59754562 43.01060867 10.00000000
v 26.61353874 43.01406097 10.00000000
v 26.62940979 43.01803589 10.00000000
v 26.64514160 43.02252960 10.00000000
v 26.66071892 43.02753448 10.00000000
v 26.67612457 43.03304672 10.00000000
v 26.69134140 43.03905869 10.00000000
v 26.70635414 43.04556656 10.00000000
v 26.72114372 43.05256271 10.00000000
v 26.73569870 43.06003952 10.00000000
v 26.75000000 43.06798553 10.00000000
v 26.76403427 43.07640076 10.00000000
v 26.77778435 43.08526611 10.00000000
v 26.79123878 43.09457779 10.00000000
v 26.80438042 43.10432434 10.00000000
v 26.81719589 43.11449432 10.00000000
v 26.82967377 43.12508011 10.00000000
v 26.84179688 43.13606644 10.00000000
v 26.85355377 43.14744568 10.00000000
v 26.86493111 43.15920258 10.00000000
v 26.87591934 43.17132568 8.80000019
v 26.88650513 43.18380356 8.80000019
v 26.89667702 43.19662094 8.80000019
v 26.90642357 43.20976257 8.80000019
v 26.91573524 43.22321320 8.80000019
v 26.92460060 43.23696518 8.80000019
v 26.93301201 43.25099945 8.80000019
v 26.94095993 43.26530075 8.80000019
v 26.94843674 43.27985382 8.80000019
v 26.95543098 43.29464722 8.80000019
v 26.96193886 43.30965805 8.80000019
v 26.96795273 43.32487488 8.80000019
v 26.97346497 43.34027863 8.80000019
v 26.97846985 43.35585785 8.80000019
v 26.98296356 43.37158966 8.80000019
v 26.98693848 43.38746262 8.80000019
v 26.99039268 43.40345383 8.80000019
v 26.99332237 43.41955185 8.80000019
v 26.99572182 43.43573761 8.80000019
v 26.99759293 43.45199203 8.80000019
v 26.99892998 43.46829987 8.80000019
v 26.99973297 43.48464203 8.80000019
v 27.00000000 43.50099945 8.80000019
v 27.00000000 44.00000000 8.80000019
v 26.87591934 43.17132568 10.00000000
v 26.88650513 43.18380356 10.00000000
v 26.89667702 43.19662094 10.00000000
v 26.90642357 43.20976257 10.00000000
v 26.91573524 43.22321320 10.00000000
v 26.92460060 43.23696518 10.00000000
v 26.93301201 43.25099945 10.00000000
v 26.94095993 43.26530075 10.00000000
v 26.94843674 43.27985382 10.00000000
v 26.95543098 43.29464722 10.00000000
v 26.96193886 43.30965805 10.00000000
v 26.96795273 43.32487488 10.00000000
v 26.97346497 43.34027863 10.00000000
v 26.97846985 43.35585785 10.00000000
v 26.98296356 43.37158966 10.00000000
v 26.98693848 43.38746262 10.00000000
v 26.99039268 43.40345383 10.00000000
v 26.99332237 43.41955185 10.00000000
v 26.99572182 43.43573761 10.00000000
v 26.99759293 43.45199203 10.00000000
v 26.99892998 43.46829987 10.00000000
v 26.99973297 43.48464203 10.00000000
v 27.00000000 43.50099945 10.00000000
v 27.00000000 44.00000000 10.00000000
v 40.00000000 44.00000000 10.00000000
v 40.06543732 44.00107193 10.00000000
v 40.13080597 44.00428391 10.00000000
v 40.19603348 44.00963211 10.00000000
v 40.26105118 44.01710892 10.00000000
v 40.32579041 44.02671432 10.00000000
v 40.39018250 44.03842926 10.00000000
v 40.45415115 44.05224609 10.00000000
v 40.51763916 44.06814957 10.00000000
v 40.58057022 44.08612061 10.00000000
v 40.64287949 44.10614014 10.00000000
v 40.70449829 44.12818909 10.00000000
v 40.76536560 44.15224075 10.00000000
v 40.82541275 44.17827225 10.00000000
v 40.88457870 44.20625305 10.00000000
v 40.94279480 44.23615646 10.00000000
v 41.00000000 44.26794815 10.00000000
v 41.05613708 44.30159378 10.00000000
v 41.11114120 44.33705902 10.00000000
v 41.16495514 44.37430573 10.00000000
v 41.21752167 44.41329193 10.00000000
v 41.26878738 44.45397949 10.00000000
v 41.31869125 44.49631882 10.00000000
v 41.36718369 44.54027176 10.00000000
v 41.41421509 44.58578491 10.00000000
v 41.45972824 44.63281631 10.00000000
v 41.50368118 44.68130875 10.00000000
v 41.54602051 44.73121262 10.00000000
v 41.58670807 44.78247833 10.00000000
v 41.62569427 44.83504486 10.00000000
v 41.66294098 44.88885880 10.00000000
v 41.69840622 44.94386292 10.00000000
v 41.73205185 45.00000000 10.00000000
v 41.76384354 45.05720520 10.00000000
v 41.79374695 45.11542130 10.00000000
v 41.82172775 45.17458725 10.00000000
v 41.84775925 45.23463440 10.00000000
v 41.87181091 45.29550171 10.00000000
v 41.89385986 45.35712051 10.00000000
v 41.91387939 45.41942978 10.00000000
v 41.93185043 45.48236084 10.00000000
v 41.94775391 45.54584885 10.00000000
v 41.96157074 45.60981750 10.00000000
v 41.97328568 45.67420959 10.00000000
v 41.98289108 45.73894882 10.00000000
v 41.99036789 45.80396652 10.00000000
v 41.99571609 45.86919403 10.00000000
v 41.99892807 45.93456268 10.00000000
v 42.00000000 46.00000000 10.00000000
v 40.00000000 80.00000000 7.00000000
v 40.06543732 79.99893188 7.00000000
v 40.13080597 79.99571991 7.00000000
v 40.19603348 79.99037170 7.00000000
v 40.26105118 79.98288727 7.00000000
v 41.54602051 79.26878357 7.00000000
v 41.62569427 79.16495514 7.00000000
v 41.58670807 79.21752167 7.00000000
v 40.45415115 79.94775391 7.00000000
v 40.51763916 79.93185425 7.00000000
v 40.58057022 79.91387939 7.00000000
v 40.64287949 79.89385986 7.00000000
v 40.70449829 79.87181091 7.00000000
v 40.76536560 79.84775543 7.00000000
v 40.94279480 79.76383972 7.00000000
v 40.82541275 79.82172394 7.00000000
v 40.88457870 79.79374695 7.00000000
v 40.32579041 79.97328949 7.00000000
v 40.39018250 79.96157074 7.00000000
v 41.21752167 79.58670807 7.00000000
v 41.31869125 79.50367737 7.00000000
v 41.26878738 79.54602051 7.00000000
v 41.05613708 79.69840240 7.00000000
v 41.00000000 79.73204803 7.00000000
v 41.11114120 79.66294098 7.00000000
v 41.16495514 79.62569427 7.00000000
v 41.45972824 79.36718750 7.00000000
v 41.41421509 79.41421509 7.00000000
v 41.36718369 79.45972443 7.00000000
v 41.50368118 79.31869507 7.00000000
v 41.99036789 78.19603729 7.00000000
v 41.98289108 78.26105499 7.00000000
v 41.97328568 78.32579041 7.00000000
v 41.96157074 78.39018250 7.00000000
v 41.94775391 78.45415497 7.00000000
v 41.93185043 78.51763916 7.00000000
v 41.91387939 78.58056641 7.00000000
v 42.00000000 78.00000000 7.00000000
v 41.99892807 78.06543732 7.00000000
v 41.99571609 78.13080597 7.00000000
v 41.82172775 78.82541656 7.00000000
v 41.76384354 78.94279480 7.00000000
v 41.79374695 78.88457489 7.00000000
v 41.89385986 78.64287567 7.00000000
v 41.87181091 78.70449829 7.00000000
v 41.84775925 78.76536560 7.00000000
v 41.73205185 79.00000000 7.00000000
v 41.69840622 79.05613708 7.00000000
v 41.66294098 79.11113739 7.00000000
v 40.00000000 80.00000000 10.00000000
v 40.06543732 79.99893188 10.00000000
v 40.13080597 79.99571991 10.00000000
v 40.19603348 79.99037170 10.00000000
v 40.26105118 79.98288727 10.00000000
v 41.54602051 79.26878357 10.00000000
v 41.62569427 79.16495514 10.00000000
v 41.58670807 79.21752167 10.00000000
v 40.45415115 79.94775391 10.00000000
v 40.51763916 79.93185425 10.00000000
v 40.58057022 79.91387939 10.00000000
v 40.64287949 79.89385986 10.00000000
v 40.70449829 79.87181091 10.00000000
v 40.76536560 79.84775543 10.00000000
v 40.94279480 79.76383972 10.00000000
v 40.82541275 79.82172394 10.00000000
v 40.88457870 79.79374695 10.00000000
v 40.32579041 79.97328949 10.00000000
v 40.39018250 79.96157074 10.00000000
v 41.21752167 79.58670807 10.00000000
v 41.31869125 79.50367737 10.00000000
v 41.26878738 79.54602051 10.00000000
v 41.05613708 79.69840240 10.00000000
v 41.00000000 79.73204803 10.00000000
v 41.11114120 79.66294098 10.00000000
v 41.16495514 79.62569427 10.00000000
v 41.41421509 79.41421509 10.00000000
v 41.45972824 79.36718750 10.00000000
v 41.36718369 79.45972443 10.00000000
v 41.50368118 79.31869507 10.00000000
v 41.98289108 78.26105499 10.00000000
v 41.99036789 78.19603729 10.00000000
v 41.97328568 78.32579041 10.00000000
v 41.96157074 78.39018250 10.00000000
v 41.94775391 78.45415497 10.00000000
v 41.93185043 78.51763916 10.00000000
v 41.91387939 78.58056641 10.00000000
v 42.00000000 78.00000000 10.00000000
v 41.99892807 78.06543732 10.00000000
v 41.99571609 78.13080597 10.00000000
v 41.82172775 78.82541656 10.00000000
v 41.79374695 78.88457489 10.00000000
v 41.76384354 78.94279480 10.00000000
v 41.89385986 78.64287567 10.00000000
v 41.87181091 78.70449829 10.00000000
v 41.84775925 78.76536560 10.00000000
v 41.73205185 79.00000000 10.00000000
v 41.66294098 79.11113739 10.00000000
v 41.69840622 79.05613708 10.00000000
v 78.00000000 0.00000000 0.00000000
v 78.26174927 0.00428330 0.00000000
v 78.52322388 0.01712861 0.00000000
v 78.78413391 0.03852219 0.00000000
v 79.04421234 0.06844111 0.00000000
v 79.30316162 0.10685334 0.00000000
v 79.56072235 0.15371776 0.00000000
v 79.81661224 0.20898417 0.00000000
v 80.07054901 0.27259338 0.00000000
v 80.32228088 0.34447733 0.00000000
v 80.57151794 0.42455897 0.00000000
v 80.81800079 0.51275259 0.00000000
v 81.06147003 0.60896373 0.00000000
v 81.30165863 0.71308941 0.00000000
v 81.53830719 0.82501805 0.00000000
v 81.77117157 0.94462991 0.00000000
v 82.00000000 1.07179677 0.00000000
v 82.22454071 1.20638251 0.00000000
v 82.44456482 1.34824312 0.00000000
v 82.65982056 1.49722648 0.00000000
v 82.87009430 1.65317333 0.00000000
v 83.07514954 1.81591642 0.00000000
v 83.27476501 1.98528159 0.00000000
v 83.46873474 2.16108751 0.00000000
v 83.65685272 2.34314585 0.00000000
v 83.83891296 2.53126168 0.00000000
v 84.01471710 2.72523355 0.00000000
v 84.18408203 2.92485380 0.00000000
v 84.34682465 3.12990856 0.00000000
v 84.50277710 3.34017849 0.00000000
v 84.65175629 3.55543804 0.00000000
v 84.79361725 3.77545714 0.00000000
v 84.92819977 4.00000000 0.00000000
v 85.05536652 4.22882605 0.00000000
v 85.17498016 4.46169043 0.00000000
v 85.28691101 4.69834375 0.00000000
v 85.39103699 4.93853235 0.00000000
v 85.48724365 5.18199968 0.00000000
v 85.57543945 5.42848444 0.00000000
v 85.65552521 5.67772245 0.00000000
v 85.72740936 5.92944765 0.00000000
v 85.79101562 6.18338966 0.00000000
v 85.84628296 6.43927765 0.00000000
v 85.89315033 6.69683599 0.00000000
v 85.93155670 6.95579052 0.00000000
v 85.96147919 7.21586275 0.00000000
v 85.98287201 7.47677517 0.00000000
v 85.99571991 7.73824739 0.00000000
v 86.00000000 8.00000000 0.00000000
v 44.33705902 6.88885975 7.00000000
v 44.30159378 6.94386435 7.00000000
v 44.26794815 7.00000000 7.00000000
v 44.15224075 7.23463297 7.00000000
v 44.12818909 7.29549980 7.00000000
v 44.10614014 7.35712099 7.00000000
v 44.20625305 7.11542273 7.00000000
v 44.23615646 7.05720663 7.00000000
v 44.17827225 7.17458582 7.00000000
v 44.00428391 7.86919355 7.00000000
v 44.00107193 7.93456173 7.00000000
v 44.00000000 8.00000000 7.00000000
v 44.08612061 7.41943073 7.00000000
v 44.06814957 7.48236179 7.00000000
v 44.05224609 7.54584742 7.00000000
v 44.03842926 7.60981941 7.00000000
v 44.02671432 7.67420912 7.00000000
v 44.00963211 7.80396557 7.00000000
v 44.01710892 7.73894739 7.00000000
v 44.49631882 6.68130827 7.00000000
v 44.63281631 6.54027176 7.00000000
v 44.58578491 6.58578634 7.00000000
v 44.54027176 6.63281536 7.00000000
v 44.83504486 6.37430668 7.00000000
v 44.88885880 6.33706093 7.00000000
v 45.00000000 6.26794910 7.00000000
v 44.94386292 6.30159569 7.00000000
v 44.73121262 6.45397902 7.00000000
v 44.68130875 6.49632025 7.00000000
v 44.78247833 6.41329336 7.00000000
v 45.60981750 6.03842926 7.00000000
v 45.67420959 6.02671337 7.00000000
v 45.11542130 6.20625448 7.00000000
v 45.17458725 6.17827225 7.00000000
v 45.05720520 6.23615742 7.00000000
v 45.23463440 6.15224075 7.00000000
v 45.29550171 6.12818813 7.00000000
v 45.35712051 6.10613966 7.00000000
v 45.41942978 6.08611917 7.00000000
v 45.48236084 6.06814814 7.00000000
v 45.54584885 6.05224609 7.00000000
v 44.41329193 6.78247738 7.00000000
v 44.37430573 6.83504438 7.00000000
v 44.45397949 6.73121357 7.00000000
v 45.73894882 6.01711035 7.00000000
v 45.80396652 6.00963068 7.00000000
v 45.86919403 6.00428200 7.00000000
v 45.93456268 6.00107098 7.00000000
v 46.00000000 6.00000000 7.00000000
v 44.30159378 6.94386435 10.00000000
v 44.33705902 6.88885975 10.00000000
v 44.26794815 7.00000000 10.00000000
v 44.15224075 7.23463297 10.00000000
v 44.12818909 7.29549980 10.00000000
v 44.10614014 7.35712099 10.00000000
v 44.23615646 7.05720663 10.00000000
v 44.20625305 7.11542273 10.00000000
v 44.17827225 7.17458582 10.00000000
v 44.00428391 7.86919355 10.00000000
v 44.00107193 7.93456173 10.00000000
v 44.00000000 8.00000000 10.00000000
v 44.08612061 7.41943073 10.00000000
v 44.06814957 7.48236179 10.00000000
v 44.05224609 7.54584742 10.00000000
v 44.03842926 7.60981941 10.00000000
v 44.02671432 7.67420912 10.00000000
v 44.00963211 7.80396557 10.00000000
v 44.01710892 7.73894739 10.00000000
v 44.49631882 6.68130827 10.00000000
v 44.63281631 6.54027176 10.00000000
v 44.58578491 6.58578634 10.00000000
v 44.54027176 6.63281536 10.00000000
v 44.83504486 6.37430668 10.00000000
v 44.88885880 6.33706093 10.00000000
v 45.00000000 6.26794910 10.00000000
v 44.94386292 6.30159569 10.00000000
v 44.73121262 6.45397902 10.00000000
v 44.68130875 6.49632025 10.00000000
v 44.78247833 6.41329336 10.00000000
v 45.60981750 6.03842926 10.00000000
v 45.67420959 6.02671337 10.00000000
v 45.11542130 6.20625448 10.00000000
v 45.17458725 6.17827225 10.00000000
v 45.05720520 6.23615742 10.00000000
v 45.23463440 6.15224075 10.00000000
v 45.29550171 6.12818813 10.00000000
v 45.35712051 6.10613966 10.00000000
v 45.41942978 6.08611917 10.00000000
v 45.48236084 6.06814814 10.00000000
v 45.54584885 6.05224609 10.00000000
v 44.41329193 6.78247738 10.00000000
v 44.37430573 6.83504438 10.00000000
v 44.45397949 6.73121357 10.00000000
v 45.73894882 6.01711035 10.00000000
v 45.80396652 6.00963068 10.00000000
v 45.86919403 6.00428200 10.00000000
v 45.93456268 6.00107098 10.00000000
v 46.00000000 6.00000000 10.00000000
v 59.10332489 5.19661951 8.80000019
v 59.11349487 5.18380356 8.80000019
v 59.12408066 5.17132711 8.80000019
v 59.03805923 5.30965805 8.80000019
v 59.02653503 5.34028006 8.80000019
v 59.02153015 5.35585785 8.80000019
v 59.03204727 5.32487488 8.80000019
v 59.01703644 5.37159061 8.80000019
v 59.09357834 5.20976114 8.80000019
v 59.06698608 5.25099993 8.80000019
v 59.05904007 5.26530170 8.80000019
v 59.05156326 5.27985573 8.80000019
v 59.08426666 5.22321510 8.80000019
v 59.07539749 5.23696613 8.80000019
v 59.04456711 5.29464626 8.80000019
v 59.11349487 5.18380356 10.00000000
v 59.10332489 5.19661951 10.00000000
v 59.12408066 5.17132711 10.00000000
v 59.02653503 5.34028006 10.00000000
v 59.02153015 5.35585785 10.00000000
v 59.03805923 5.30965805 10.00000000
v 59.03204727 5.32487488 10.00000000
v 59.01703644 5.37159061 10.00000000
v 59.09357834 5.20976114 10.00000000
v 59.06698608 5.25099993 10.00000000
v 59.05904007 5.26530170 10.00000000
v 59.05156326 5.27985573 10.00000000
v 59.08426666 5.22321510 10.00000000
v 59.07539749 5.23696613 10.00000000
v 59.04456711 5.29464626 10.00000000
v 59.01306152 5.38746166 8.80000019
v 59.00960922 5.40345478 8.80000019
v 59.00667953 5.41955233 8.80000019
v 59.00427628 5.43573713 8.80000019
v 59.00240707 5.45199156 8.80000019
v 59.00107193 5.46829844 8.80000019
v 59.00026703 5.48464060 8.80000019
v 59.00000000 5.50099993 8.80000019
v 59.00000000 6.00000000 8.80000019
v 59.01306152 5.38746166 10.00000000
v 59.00960922 5.40345478 10.00000000
v 59.00667953 5.41955233 10.00000000
v 59.00427628 5.43573713 10.00000000
v 59.00240707 5.45199156 10.00000000
v 59.00107193 5.46829844 10.00000000
v 59.00026703 5.48464060 10.00000000
v 59.00000000 5.50099993 10.00000000
v 59.00000000 6.00000000 10.00000000
v 59.30865860 5.03906012 8.80000019
v 59.32387543 5.03304720 8.80000019
v 59.33927917 5.02753496 8.80000019
v 59.35485840 5.02252960 8.80000019
v 59.37059021 5.01803732 8.80000019
v 59.38646317 5.01406145 8.80000019
v 59.40245438 5.01060724 8.80000019
v 59.41855240 5.00767851 8.80000019
v 59.43473816 5.00527763 8.80000019
v 59.45099258 5.00340748 8.80000019
v 59.18280411 5.11449480 8.80000019
v 59.19561768 5.10432339 8.80000019
v 59.20875931 5.09457684 8.80000019
v 59.14644623 5.14744663 8.80000019
v 59.17032623 5.12508011 8.80000019
v 59.15820312 5.13606787 8.80000019
v 59.13506699 5.15920401 8.80000019
v 59.25000000 5.06798744 8.80000019
v 59.23596573 5.07639885 8.80000019
v 59.22221375 5.08526516 8.80000019
v 59.27885437 5.05256367 8.80000019
v 59.26430130 5.06003952 8.80000019
v 59.29364777 5.04556799 8.80000019
v 59.46729660 5.00207043 8.80000019
v 59.48363876 5.00126791 8.80000019
v 59.50000000 5.00099993 8.80000019
v 59.32387543 5.03304720 10.00000000
v 59.30865860 5.03906012 10.00000000
v 59.35485840 5.02252960 10.00000000
v 59.33927917 5.02753496 10.00000000
v 59.37059021 5.01803732 10.00000000
v 59.38646317 5.01406145 10.00000000
v 59.40245438 5.01060724 10.00000000
v 59.41855240 5.00767851 10.00000000
v 59.43473816 5.00527763 10.00000000
v 59.45099258 5.00340748 10.00000000
v 59.18280411 5.11449480 10.00000000
v 59.19561768 5.10432339 10.00000000
v 59.20875931 5.09457684 10.00000000
v 59.15820312 5.13606787 10.00000000
v 59.17032623 5.12508011 10.00000000
v 59.14644623 5.14744663 10.00000000
v 59.13506699 5.15920401 10.00000000
v 59.26430130 5.06003952 10.00000000
v 59.25000000 5.06798744 10.00000000
v 59.23596573 5.07639885 10.00000000
v 59.22221375 5.08526516 10.00000000
v 59.27885437 5.05256367 10.00000000
v 59.29364777 5.04556799 10.00000000
v 59.46729660 5.00207043 10.00000000
v 59.48363876 5.00126791 10.00000000
v 59.50000000 5.00099993 10.00000000
v 44.00000000 40.00000000 7.00000000
v 44.00107193 40.06543732 7.00000000
v 44.00428391 40.13080597 7.00000000
v 44.00963211 40.19603348 7.00000000
v 44.01710892 40.26105118 7.00000000
v 44.02671432 40.32579041 7.00000000
v 44.03842926 40.39018250 7.00000000
v 44.05224609 40.45415115 7.00000000
v 44.06814957 40.51763916 7.00000000
v 44.08612061 40.58057022 7.00000000
v 44.10614014 40.64287949 7.00000000
v 44.12818909 40.70449829 7.00000000
v 44.15224075 40.76536560 7.00000000
v 44.17827225 40.82541275 7.00000000
v 44.20625305 40.88457870 7.00000000
v 44.23615646 40.94279480 7.00000000
v 44.26794815 41.00000000 7.00000000
v 44.30159378 41.05613708 7.00000000
v 44.33705902 41.11114120 7.00000000
v 44.37430573 41.16495514 7.00000000
v 44.41329193 41.21752167 7.00000000
v 44.45397949 41.26878738 7.00000000
v 44.49631882 41.31869125 7.00000000
v 44.54027176 41.36718369 7.00000000
v 44.58578491 41.41421509 7.00000000
v 44.63281631 41.45972824 7.00000000
v 44.68130875 41.50368118 7.00000000
v 44.73121262 41.54602051 7.00000000
v 44.78247833 41.58670807 7.00000000
v 44.83504486 41.62569427 7.00000000
v 44.88885880 41.66294098 7.00000000
v 44.94386292 41.69840622 7.00000000
v 45.00000000 41.73205185 7.00000000
v 45.05720520 41.76384354 7.00000000
v 45.11542130 41.79374695 7.00000000
v 45.17458725 41.82172775 7.00000000
v 45.23463440 41.84775925 7.00000000
v 45.29550171 41.87181091 7.00000000
v 45.35712051 41.89385986 7.00000000
v 45.41942978 41.91387939 7.00000000
v 45.48236084 41.93185043 7.00000000
v 45.54584885 41.94775391 7.00000000
v 45.60981750 41.96157074 7.00000000
v 45.67420959 41.97328568 7.00000000
v 45.73894882 41.98289108 7.00000000
v 45.80396652 41.99036789 7.00000000
v 45.86919403 41.99571609 7.00000000
v 45.93456268 41.99892807 7.00000000
v 46.00000000 42.00000000 7.00000000
v 44.00000000 40.00000000 10.00000000
v 44.00107193 40.06543732 10.00000000
v 44.00428391 40.13080597 10.00000000
v 44.00963211 40.19603348 10.00000000
v 44.01710892 40.26105118 10.00000000
v 44.02671432 40.32579041 10.00000000
v 44.03842926 40.39018250 10.00000000
v 44.05224609 40.45415115 10.00000000
v 44.06814957 40.51763916 10.00000000
v 44.08612061 40.58057022 10.00000000
v 44.10614014 40.64287949 10.00000000
v 44.12818909 40.70449829 10.00000000
v 44.15224075 40.76536560 10.00000000
v 44.17827225 40.82541275 10.00000000
v 44.20625305 40.88457870 10.00000000
v 44.23615646 40.94279480 10.00000000
v 44.26794815 41.00000000 10.00000000
v 44.30159378 41.05613708 10.00000000
v 44.33705902 41.11114120 10.00000000
v 44.37430573 41.16495514 10.00000000
v 44.41329193 41.21752167 10.00000000
v 44.45397949 41.26878738 10.00000000
v 44.49631882 41.31869125 10.00000000
v 44.54027176 41.36718369 10.00000000
v 44.58578491 41.41421509 10.00000000
v 44.63281631 41.45972824 10.00000000
v 44.68130875 41.50368118 10.00000000
v 44.73121262 41.54602051 10.00000000
v 44.78247833 41.58670807 10.00000000
v 44.83504486 41.62569427 10.00000000
v 44.88885880 41.66294098 10.00000000
v 44.94386292 41.69840622 10.00000000
v 45.00000000 41.73205185 10.00000000
v 45.05720520 41.76384354 10.00000000
v 45.11542130 41.79374695 10.00000000
v 45.17458725 41.82172775 10.00000000
v 45.23463440 41.84775925 10.00000000
v 45.29550171 41.87181091 10.00000000
v 45.35712051 41.89385986 10.00000000
v 45.41942978 41.91387939 10.00000000
v 45.48236084 41.93185043 10.00000000
v 45.54584885 41.94775391 10.00000000
v 45.60981750 41.96157074 10.00000000
v 45.67420959 41.97328568 10.00000000
v 45.73894882 41.98289108 10.00000000
v 45.80396652 41.99036789 10.00000000
v 45.86919403 41.99571609 10.00000000
v 45.93456268 41.99892807 10.00000000
v 46.00000000 42.00000000 10.00000000
v 78.00000000 6.00000000 7.00000000
v 78.06543732 6.00107098 7.00000000
v 78.13080597 6.00428200 7.00000000
v 78.19603729 6.00963068 7.00000000
v 78.26105499 6.01711035 7.00000000
v 78.32579041 6.02671337 7.00000000
v 78.39018250 6.03842926 7.00000000
v 78.45415497 6.05224609 7.00000000
v 78.51763916 6.06814814 7.00000000
v 78.58056641 6.08611917 7.00000000
v 78.64287567 6.10613966 7.00000000
v 78.70449829 6.12818813 7.00000000
v 78.76536560 6.15224075 7.00000000
v 78.82541656 6.17827225 7.00000000
v 78.88457489 6.20625448 7.00000000
v 78.94279480 6.23615742 7.00000000
v 79.00000000 6.26794910 7.00000000
v 79.05613708 6.30159569 7.00000000
v 79.11113739 6.33706093 7.00000000
v 79.16495514 6.37430668 7.00000000
v 79.21752167 6.41329336 7.00000000
v 79.26878357 6.45397902 7.00000000
v 79.31869507 6.49632025 7.00000000
v 79.36718750 6.54027176 7.00000000
v 79.41421509 6.58578634 7.00000000
v 79.45972443 6.63281536 7.00000000
v 79.50367737 6.68130827 7.00000000
v 79.54602051 6.73121357 7.00000000
v 79.58670807 6.78247738 7.00000000
v 79.62569427 6.83504438 7.00000000
v 79.66294098 6.88885975 7.00000000
v 79.69840240 6.94386435 7.00000000
v 79.73204803 7.00000000 7.00000000
v 79.76383972 7.05720663 7.00000000
v 79.79374695 7.11542273 7.00000000
v 79.82172394 7.17458582 7.00000000
v 79.84775543 7.23463297 7.00000000
v 79.87181091 7.29549980 7.00000000
v 79.89385986 7.35712099 7.00000000
v 79.91387939 7.41943073 7.00000000
v 79.93185425 7.48236179 7.00000000
v 79.94775391 7.54584742 7.00000000
v 79.96157074 7.60981941 7.00000000
v 79.97328949 7.67420912 7.00000000
v 79.98288727 7.73894739 7.00000000
v 79.99037170 7.80396557 7.00000000
v 79.99571991 7.86919355 7.00000000
v 79.99893188 7.93456173 7.00000000
v 80.00000000 8.00000000 7.00000000
v 64.50000000 5.00099993 8.80000019
v 64.51635742 5.00126791 8.80000019
v 64.53269958 5.00207043 8.80000019
v 64.54901123 5.00340748 8.80000019
v 64.56526184 5.00527763 8.80000019
v 64.58145142 5.00767851 8.80000019
v 64.59754181 5.01060724 8.80000019
v 64.61354065 5.01406145 8.80000019
v 64.62940979 5.01803732 8.80000019
v 64.64514160 5.02252960 8.80000019
v 64.66072083 5.02753496 8.80000019
v 64.67612457 5.03304720 8.80000019
v 64.69134521 5.03906012 8.80000019
v 64.70635223 5.04556799 8.80000019
v 64.72114563 5.05256367 8.80000019
v 64.73569489 5.06003952 8.80000019
v 64.75000000 5.06798744 8.80000019
v 64.76403046 5.07639885 8.80000019
v 64.77778625 5.08526516 8.80000019
v 64.79123688 5.09457684 8.80000019
v 64.80438232 5.10432339 8.80000019
v 64.81719971 5.11449480 8.80000019
v 64.82967377 5.12508011 8.80000019
v 64.84179688 5.13606787 8.80000019
v 64.85355377 5.14744663 8.80000019
v 64.86492920 5.15920401 8.80000019
v 64.87592316 5.17132711 8.80000019
v 64.88650513 5.18380356 8.80000019
v 64.89667511 5.19661951 8.80000019
v 64.90642548 5.20976114 8.80000019
v 64.91573334 5.22321510 8.80000019
v 64.92459869 5.23696613 8.80000019
v 64.93301392 5.25099993 8.80000019
v 64.94096375 5.26530170 8.80000019
v 64.94843292 5.27985573 8.80000019
v 64.95542908 5.29464626 8.80000019
v 64.96193695 5.30965805 8.80000019
v 64.96795654 5.32487488 8.80000019
v 64.97346497 5.34028006 8.80000019
v 64.97846985 5.35585785 8.80000019
v 64.98296356 5.37159061 8.80000019
v 64.50000000 5.00099993 10.00000000
v 64.51635742 5.00126791 10.00000000
v 64.53269958 5.00207043 10.00000000
v 64.54901123 5.00340748 10.00000000
v 64.56526184 5.00527763 10.00000000
v 64.58145142 5.00767851 10.00000000
v 64.59754181 5.01060724 10.00000000
v 64.61354065 5.01406145 10.00000000
v 64.62940979 5.01803732 10.00000000
v 64.64514160 5.02252960 10.00000000
v 64.66072083 5.02753496 10.00000000
v 64.67612457 5.03304720 10.00000000
v 64.69134521 5.03906012 10.00000000
v 64.70635223 5.04556799 10.00000000
v 64.72114563 5.05256367 10.00000000
v 64.73569489 5.06003952 10.00000000
v 64.75000000 5.06798744 10.00000000
v 64.76403046 5.07639885 10.00000000
v 64.77778625 5.08526516 10.00000000
v 64.79123688 5.09457684 10.00000000
v 64.80438232 5.10432339 10.00000000
v 64.81719971 5.11449480 10.00000000
v 64.82967377 5.12508011 10.00000000
v 64.84179688 5.13606787 10.00000000
v 64.85355377 5.14744663 10.00000000
v 64.86492920 5.15920401 10.00000000
v 64.87592316 5.17132711 10.00000000
v 64.88650513 5.18380356 10.00000000
v 64.89667511 5.19661951 10.00000000
v 64.90642548 5.20976114 10.00000000
v 64.91573334 5.22321510 10.00000000
v 64.92459869 5.23696613 10.00000000
v 64.93301392 5.25099993 10.00000000
v 64.94096375 5.26530170 10.00000000
v 64.94843292 5.27985573 10.00000000
v 64.95542908 5.29464626 10.00000000
v 64.96193695 5.30965805 10.00000000
v 64.96795654 5.32487488 10.00000000
v 64.97346497 5.34028006 10.00000000
v 64.97846985 5.35585785 10.00000000
v 64.98296356 5.37159061 10.00000000
v 64.98693848 5.38746166 8.80000019
v 64.99039459 5.40345478 8.80000019
v 64.99332428 5.41955233 8.80000019
v 64.99571991 5.43573713 8.80000019
v 64.99758911 5.45199156 8.80000019
v 64.99893188 5.46829844 8.80000019
v 64.99973297 5.48464060 8.80000019
v 65.00000000 5.50099993 8.80000019
v 65.00000000 6.00000000 8.80000019
v 64.98693848 5.38746166 10.00000000
v 64.99039459 5.40345478 10.00000000
v 64.99332428 5.41955233 10.00000000
v 64.99571991 5.43573713 10.00000000
v 64.99758911 5.45199156 10.00000000
v 64.99893188 5.46829844 10.00000000
v 64.99973297 5.48464060 10.00000000
v 65.00000000 5.50099993 10.00000000
v 65.00000000 6.00000000 10.00000000
v 78.00000000 0.00000000 10.00000000
v 78.26174927 0.00428330 10.00000000
v 78.52322388 0.01712861 10.00000000
v 78.78413391 0.03852219 10.00000000
v 79.04421234 0.06844111 10.00000000
v 79.30316162 0.10685334 10.00000000
v 79.56072235 0.15371776 10.00000000
v 79.81661224 0.20898417 10.00000000
v 80.07054901 0.27259338 10.00000000
v 80.32228088 0.34447733 10.00000000
v 80.57151794 0.42455897 10.00000000
v 78.00000000 6.00000000 10.00000000
v 78.06543732 6.00107098 10.00000000
v 78.13080597 6.00428200 10.00000000
v 78.19603729 6.00963068 10.00000000
v 78.26105499 6.01711035 10.00000000
v 78.32579041 6.02671337 10.00000000
v 78.39018250 6.03842926 10.00000000
v 78.45415497 6.05224609 10.00000000
v 78.51763916 6.06814814 10.00000000
v 78.58056641 6.08611917 10.00000000
v 78.64287567 6.10613966 10.00000000
v 78.70449829 6.12818813 10.00000000
v 78.76536560 6.15224075 10.00000000
v 78.82541656 6.17827225 10.00000000
v 78.88457489 6.20625448 10.00000000
v 78.94279480 6.23615742 10.00000000
v 79.00000000 6.26794910 10.00000000
v 79.05613708 6.30159569 10.00000000
v 79.11113739 6.33706093 10.00000000
v 79.16495514 6.37430668 10.00000000
v 79.21752167 6.41329336 10.00000000
v 79.26878357 6.45397902 10.00000000
v 79.31869507 6.49632025 10.00000000
v 79.36718750 6.54027176 10.00000000
v 79.41421509 6.58578634 10.00000000
v 79.45972443 6.63281536 10.00000000
v 79.50367737 6.68130827 10.00000000
v 79.54602051 6.73121357 10.00000000
v 79.58670807 6.78247738 10.00000000
v 79.62569427 6.83504438 10.00000000
v 79.66294098 6.88885975 10.00000000
v 79.69840240 6.94386435 10.00000000
v 79.73204803 7.00000000 10.00000000
v 79.76383972 7.05720663 10.00000000
v 79.79374695 7.11542273 10.00000000
v 79.82172394 7.17458582 10.00000000
v 79.84775543 7.23463297 10.00000000
v 79.87181091 7.29549980 10.00000000
v 79.89385986 7.35712099 10.00000000
v 79.91387939 7.41943073 10.00000000
v 79.93185425 7.48236179 10.00000000
v 79.94775391 7.54584742 10.00000000
v 79.96157074 7.60981941 10.00000000
v 79.97328949 7.67420912 10.00000000
v 79.98288727 7.73894739 10.00000000
v 79.99037170 7.80396557 10.00000000
v 79.99571991 7.86919355 10.00000000
v 79.99893188 7.93456173 10.00000000
v 80.00000000 8.00000000 10.00000000
v 80.81800079 0.51275259 10.00000000
v 81.06147003 0.60896373 10.00000000
v 81.30165863 0.71308941 10.00000000
v 81.53830719 0.82501805 10.00000000
v 81.77117157 0.94462991 10.00000000
v 82.00000000 1.07179677 10.00000000
v 82.22454071 1.20638251 10.00000000
v 82.44456482 1.34824312 10.00000000
v 82.65982056 1.49722648 10.00000000
v 82.87009430 1.65317333 10.00000000
v 83.07514954 1.81591642 10.00000000
v 83.27476501 1.98528159 10.00000000
v 83.46873474 2.16108751 10.00000000
v 83.65685272 2.34314585 10.00000000
v 83.83891296 2.53126168 10.00000000
v 84.01471710 2.72523355 10.00000000
v 84.18408203 2.92485380 10.00000000
v 84.34682465 3.12990856 10.00000000
v 84.50277710 3.34017849 10.00000000
v 84.65175629 3.55543804 10.00000000
v 84.79361725 3.77545714 10.00000000
v 84.92819977 4.00000000 10.00000000
v 85.05536652 4.22882605 10.00000000
v 85.17498016 4.46169043 10.00000000
v 85.28691101 4.69834375 10.00000000
v 85.39103699 4.93853235 10.00000000
v 85.48724365 5.18199968 10.00000000
v 85.57543945 5.42848444 10.00000000
v 85.65552521 5.67772245 10.00000000
v 85.72740936 5.92944765 10.00000000
v 85.79101562 6.18338966 10.00000000
v 85.84628296 6.43927765 10.00000000
v 85.89315033 6.69683599 10.00000000
v 85.93155670 6.95579052 10.00000000
v 85.96147919 7.21586275 10.00000000
v 85.98287201 7.47677517 10.00000000
v 85.99571991 7.73824739 10.00000000
v 86.00000000 8.00000000 10.00000000
v 80.00000000 40.00000000 7.00000000
v 79.99893188 40.06543732 7.00000000
v 79.99571991 40.13080597 7.00000000
v 79.99037170 40.19603348 7.00000000
v 79.98288727 40.26105118 7.00000000
v 79.16495514 41.62569427 7.00000000
v 79.26878357 41.54602051 7.00000000
v 79.21752167 41.58670807 7.00000000
v 78.26105499 41.98289108 7.00000000
v 78.19603729 41.99036789 7.00000000
v 78.00000000 42.00000000 7.00000000
v 78.06543732 41.99892807 7.00000000
v 78.13080597 41.99571609 7.00000000
v 78.32579041 41.97328568 7.00000000
v 78.39018250 41.96157074 7.00000000
v 78.45415497 41.94775391 7.00000000
v 78.51763916 41.93185043 7.00000000
v 78.58056641 41.91387939 7.00000000
v 78.64287567 41.89385986 7.00000000
v 78.70449829 41.87181091 7.00000000
v 78.76536560 41.84775925 7.00000000
v 78.82541656 41.82172775 7.00000000
v 78.94279480 41.76384354 7.00000000
v 78.88457489 41.79374695 7.00000000
v 79.00000000 41.73205185 7.00000000
v 79.05613708 41.69840622 7.00000000
v 79.11113739 41.66294098 7.00000000
v 79.94775391 40.45415115 7.00000000
v 79.93185425 40.51763916 7.00000000
v 79.91387939 40.58057022 7.00000000
v 79.89385986 40.64287949 7.00000000
v 79.76383972 40.94279480 7.00000000
v 79.84775543 40.76536560 7.00000000
v 79.87181091 40.70449829 7.00000000
v 79.82172394 40.82541275 7.00000000
v 79.79374695 40.88457870 7.00000000
v 79.50367737 41.31869125 7.00000000
v 79.58670807 41.21752167 7.00000000
v 79.54602051 41.26878738 7.00000000
v 79.41421509 41.41421509 7.00000000
v 79.36718750 41.45972824 7.00000000
v 79.31869507 41.50368118 7.00000000
v 79.45972443 41.36718369 7.00000000
v 79.69840240 41.05613708 7.00000000
v 79.66294098 41.11114120 7.00000000
v 79.73204803 41.00000000 7.00000000
v 79.62569427 41.16495514 7.00000000
v 79.97328949 40.32579041 7.00000000
v 79.96157074 40.39018250 7.00000000
v 80.00000000 40.00000000 10.00000000
v 79.99893188 40.06543732 10.00000000
v 79.99571991 40.13080597 10.00000000
v 79.99037170 40.19603348 10.00000000
v 79.98288727 40.26105118 10.00000000
v 79.16495514 41.62569427 10.00000000
v 79.26878357 41.54602051 10.00000000
v 79.21752167 41.58670807 10.00000000
v 78.19603729 41.99036789 10.00000000
v 78.26105499 41.98289108 10.00000000
v 78.00000000 42.00000000 10.00000000
v 78.06543732 41.99892807 10.00000000
v 78.13080597 41.99571609 10.00000000
v 78.32579041 41.97328568 10.00000000
v 78.39018250 41.96157074 10.00000000
v 78.45415497 41.94775391 10.00000000
v 78.51763916 41.93185043 10.00000000
v 78.58056641 41.91387939 10.00000000
v 78.64287567 41.89385986 10.00000000
v 78.70449829 41.87181091 10.00000000
v 78.76536560 41.84775925 10.00000000
v 78.82541656 41.82172775 10.00000000
v 78.94279480 41.76384354 10.00000000
v 78.88457489 41.79374695 10.00000000
v 79.00000000 41.73205185 10.00000000
v 79.05613708 41.69840622 10.00000000
v 79.11113739 41.66294098 10.00000000
v 79.94775391 40.45415115 10.00000000
v 79.93185425 40.51763916 10.00000000
v 79.91387939 40.58057022 10.00000000
v 79.89385986 40.64287949 10.00000000
v 79.76383972 40.94279480 10.00000000
v 79.84775543 40.76536560 10.00000000
v 79.87181091 40.70449829 10.00000000
v 79.82172394 40.82541275 10.00000000
v 79.79374695 40.88457870 10.00000000
v 79.50367737 41.31869125 10.00000000
v 79.58670807 41.21752167 10.00000000
v 79.54602051 41.26878738 10.00000000
v 79.36718750 41.45972824 10.00000000
v 79.41421509 41.41421509 10.00000000
v 79.31869507 41.50368118 10.00000000
v 79.45972443 41.36718369 10.00000000
v 79.69840240 41.05613708 10.00000000
v 79.66294098 41.11114120 10.00000000
v 79.73204803 41.00000000 10.00000000
v 79.62569427 41.16495514 10.00000000
v 79.97328949 40.32579041 10.00000000
v 79.96157074 40.39018250 10.00000000
v 78.00000000 86.00000000 0.00000000
v 78.26174927 85.99571991 0.00000000
v 78.52322388 85.98287201 0.00000000
v 78.78413391 85.96147919 0.00000000
v 79.04421234 85.93155670 0.00000000
v 79.30316162 85.89315033 0.00000000
v 79.56072235 85.84628296 0.00000000
v 79.81661224 85.79101562 0.00000000
v 80.07054901 85.72740936 0.00000000
v 80.32228088 85.65552521 0.00000000
v 80.57151794 85.57543945 0.00000000
v 86.00000000 78.00000000 0.00000000
v 85.99571991 78.26174927 0.00000000
v 85.98287201 78.52322388 0.00000000
v 85.96147919 78.78413391 0.00000000
v 85.93155670 79.04421234 0.00000000
v 85.89315033 79.30316162 0.00000000
v 85.84628296 79.56072235 0.00000000
v 85.79101562 79.81661224 0.00000000
v 85.65552521 80.32228088 0.00000000
v 85.57543945 80.57151794 0.00000000
v 85.72740936 80.07054901 0.00000000
v 80.81800079 85.48724365 0.00000000
v 81.06147003 85.39103699 0.00000000
v 81.30165863 85.28691101 0.00000000
v 81.53830719 85.17498016 0.00000000
v 81.77117157 85.05536652 0.00000000
v 82.44456482 84.65175629 0.00000000
v 82.65982056 84.50277710 0.00000000
v 82.87009430 84.34682465 0.00000000
v 83.07514954 84.18408203 0.00000000
v 83.27476501 84.01471710 0.00000000
v 82.00000000 84.92819977 0.00000000
v 82.22454071 84.79361725 0.00000000
v 84.65175629 82.44456482 0.00000000
v 84.01471710 83.27476501 0.00000000
v 84.18408203 83.07514954 0.00000000
v 84.34682465 82.87009430 0.00000000
v 84.50277710 82.65982056 0.00000000
v 85.28691101 81.30165863 0.00000000
v 85.17498016 81.53830719 0.00000000
v 85.05536652 81.77117157 0.00000000
v 85.48724365 80.81800079 0.00000000
v 85.39103699 81.06147003 0.00000000
v 84.79361725 82.22454071 0.00000000
v 84.92819977 82.00000000 0.00000000
v 83.46873474 83.83891296 0.00000000
v 83.83891296 83.46873474 0.00000000
v 83.65685272 83.65685272 0.00000000
v 44.33705902 44.88885880 7.00000000
v 44.26794815 45.00000000 7.00000000
v 44.30159378 44.94386292 7.00000000
v 44.15224075 45.23463440 7.00000000
v 44.12818909 45.29550171 7.00000000
v 44.23615646 45.05720520 7.00000000
v 44.20625305 45.11542130 7.00000000
v 44.17827225 45.17458725 7.00000000
v 44.08612061 45.41942978 7.00000000
v 44.06814957 45.48236084 7.00000000
v 44.10614014 45.35712051 7.00000000
v 44.05224609 45.54584885 7.00000000
v 44.03842926 45.60981750 7.00000000
v 44.02671432 45.67420959 7.00000000
v 44.88885880 44.33705902 7.00000000
v 44.94386292 44.30159378 7.00000000
v 45.00000000 44.26794815 7.00000000
v 45.05720520 44.23615646 7.00000000
v 45.11542130 44.20625305 7.00000000
v 45.17458725 44.17827225 7.00000000
v 45.23463440 44.15224075 7.00000000
v 45.29550171 44.12818909 7.00000000
v 45.41942978 44.08612061 7.00000000
v 45.35712051 44.10614014 7.00000000
v 45.48236084 44.06814957 7.00000000
v 45.54584885 44.05224609 7.00000000
v 45.60981750 44.03842926 7.00000000
v 45.67420959 44.02671432 7.00000000
v 44.58578491 44.58578491 7.00000000
v 44.54027176 44.63281631 7.00000000
v 44.63281631 44.54027176 7.00000000
v 44.41329193 44.78247833 7.00000000
v 44.37430573 44.83504486 7.00000000
v 44.49631882 44.68130875 7.00000000
v 44.45397949 44.73121262 7.00000000
v 44.73121262 44.45397949 7.00000000
v 44.68130875 44.49631882 7.00000000
v 44.83504486 44.37430573 7.00000000
v 44.78247833 44.41329193 7.00000000
v 44.00428391 45.86919403 7.00000000
v 44.00107193 45.93456268 7.00000000
v 44.00000000 46.00000000 7.00000000
v 44.01710892 45.73894882 7.00000000
v 44.00963211 45.80396652 7.00000000
v 45.86919403 44.00428391 7.00000000
v 45.93456268 44.00107193 7.00000000
v 46.00000000 44.00000000 7.00000000
v 45.73894882 44.01710892 7.00000000
v 45.80396652 44.00963211 7.00000000
v 44.33705902 44.88885880 10.00000000
v 44.30159378 44.94386292 10.00000000
v 44.26794815 45.00000000 10.00000000
v 44.15224075 45.23463440 10.00000000
v 44.12818909 45.29550171 10.00000000
v 44.23615646 45.05720520 10.00000000
v 44.20625305 45.11542130 10.00000000
v 44.17827225 45.17458725 10.00000000
v 44.08612061 45.41942978 10.00000000
v 44.06814957 45.48236084 10.00000000
v 44.10614014 45.35712051 10.00000000
v 44.05224609 45.54584885 10.00000000
v 44.03842926 45.60981750 10.00000000
v 44.02671432 45.67420959 10.00000000
v 44.88885880 44.33705902 10.00000000
v 44.94386292 44.30159378 10.00000000
v 45.00000000 44.26794815 10.00000000
v 45.05720520 44.23615646 10.00000000
v 45.11542130 44.20625305 10.00000000
v 45.17458725 44.17827225 10.00000000
v 45.23463440 44.15224075 10.00000000
v 45.29550171 44.12818909 10.00000000
v 45.41942978 44.08612061 10.00000000
v 45.35712051 44.10614014 10.00000000
v 45.48236084 44.06814957 10.00000000
v 45.54584885 44.05224609 10.00000000
v 45.60981750 44.03842926 10.00000000
v 45.67420959 44.02671432 10.00000000
v 44.58578491 44.58578491 10.00000000
v 44.54027176 44.63281631 10.00000000
v 44.63281631 44.54027176 10.00000000
v 44.41329193 44.78247833 10.00000000
v 44.37430573 44.83504486 10.00000000
v 44.45397949 44.73121262 10.00000000
v 44.49631882 44.68130875 10.00000000
v 44.73121262 44.45397949 10.00000000
v 44.68130875 44.49631882 10.00000000
v 44.83504486 44.37430573 10.00000000
v 44.78247833 44.41329193 10.00000000
v 44.00428391 45.86919403 10.00000000
v 44.00107193 45.93456268 10.00000000
v 44.00000000 46.00000000 10.00000000
v 44.01710892 45.73894882 10.00000000
v 44.00963211 45.80396652 10.00000000
v 45.86919403 44.00428391 10.00000000
v 45.93456268 44.00107193 10.00000000
v 46.00000000 44.00000000 10.00000000
v 45.73894882 44.01710892 10.00000000
v 45.80396652 44.00963211 10.00000000
v 59.03805923 43.30965805 8.80000019
v 59.03204727 43.32487488 8.80000019
v 59.10332489 43.19662094 8.80000019
v 59.11349487 43.18380356 8.80000019
v 59.09357834 43.20976257 8.80000019
v 59.08426666 43.22321320 8.80000019
v 59.12408066 43.17132568 8.80000019
v 59.06698608 43.25099945 8.80000019
v 59.07539749 43.23696518 8.80000019
v 59.05904007 43.26530075 8.80000019
v 59.05156326 43.27985382 8.80000019
v 59.04456711 43.29464722 8.80000019
v 59.02653503 43.34027863 8.80000019
v 59.02153015 43.35585785 8.80000019
v 59.01703644 43.37158966 8.80000019
v 59.01306152 43.38746262 8.80000019
v 59.00960922 43.40345383 8.80000019
v 59.00667953 43.41955185 8.80000019
v 59.00427628 43.43573761 8.80000019
v 59.00240707 43.45199203 8.80000019
v 59.00107193 43.46829987 8.80000019
v 59.00026703 43.48464203 8.80000019
v 59.00000000 43.50099945 8.80000019
v 59.00000000 44.00000000 8.80000019
v 59.03805923 43.30965805 10.00000000
v 59.03204727 43.32487488 10.00000000
v 59.11349487 43.18380356 10.00000000
v 59.10332489 43.19662094 10.00000000
v 59.09357834 43.20976257 10.00000000
v 59.08426666 43.22321320 10.00000000
v 59.12408066 43.17132568 10.00000000
v 59.06698608 43.25099945 10.00000000
v 59.07539749 43.23696518 10.00000000
v 59.04456711 43.29464722 10.00000000
v 59.05904007 43.26530075 10.00000000
v 59.05156326 43.27985382 10.00000000
v 59.02653503 43.34027863 10.00000000
v 59.02153015 43.35585785 10.00000000
v 59.01703644 43.37158966 10.00000000
v 59.01306152 43.38746262 10.00000000
v 59.00960922 43.40345383 10.00000000
v 59.00667953 43.41955185 10.00000000
v 59.00427628 43.43573761 10.00000000
v 59.00240707 43.45199203 10.00000000
v 59.00107193 43.46829987 10.00000000
v 59.00026703 43.48464203 10.00000000
v 59.00000000 43.50099945 10.00000000
v 59.00000000 44.00000000 10.00000000
v 59.18280411 43.11449432 8.80000019
v 59.14644623 43.14744568 8.80000019
v 59.13506699 43.15920258 8.80000019
v 59.17032623 43.12508011 8.80000019
v 59.15820312 43.13606644 8.80000019
v 59.19561768 43.10432434 8.80000019
v 59.20875931 43.09457779 8.80000019
v 59.23596573 43.07640076 8.80000019
v 59.25000000 43.06798553 8.80000019
v 59.27885437 43.05256271 8.80000019
v 59.26430130 43.06003952 8.80000019
v 59.22221375 43.08526611 8.80000019
v 59.29364777 43.04556656 8.80000019
v 59.30865860 43.03905869 8.80000019
v 59.32387543 43.03304672 8.80000019
v 59.33927917 43.02753448 8.80000019
v 59.35485840 43.02252960 8.80000019
v 59.37059021 43.01803589 8.80000019
v 59.40245438 43.01060867 8.80000019
v 59.38646317 43.01406097 8.80000019
v 59.41855240 43.00767899 8.80000019
v 59.43473816 43.00527573 8.80000019
v 59.45099258 43.00340652 8.80000019
v 59.46729660 43.00207138 8.80000019
v 59.48363876 43.00126648 8.80000019
v 59.50000000 43.00099945 8.80000019
v 59.18280411 43.11449432 10.00000000
v 59.15820312 43.13606644 10.00000000
v 59.14644623 43.14744568 10.00000000
v 59.17032623 43.12508011 10.00000000
v 59.13506699 43.15920258 10.00000000
v 59.19561768 43.10432434 10.00000000
v 59.20875931 43.09457779 10.00000000
v 59.23596573 43.07640076 10.00000000
v 59.26430130 43.06003952 10.00000000
v 59.25000000 43.06798553 10.00000000
v 59.27885437 43.05256271 10.00000000
v 59.22221375 43.08526611 10.00000000
v 59.30865860 43.03905869 10.00000000
v 59.32387543 43.03304672 10.00000000
v 59.29364777 43.04556656 10.00000000
v 59.35485840 43.02252960 10.00000000
v 59.33927917 43.02753448 10.00000000
v 59.37059021 43.01803589 10.00000000
v 59.40245438 43.01060867 10.00000000
v 59.38646317 43.01406097 10.00000000
v 59.41855240 43.00767899 10.00000000
v 59.43473816 43.00527573 10.00000000
v 59.45099258 43.00340652 10.00000000
v 59.46729660 43.00207138 10.00000000
v 59.48363876 43.00126648 10.00000000
v 59.50000000 43.00099945 10.00000000
v 44.00000000 78.00000000 7.00000000
v 44.00107193 78.06543732 7.00000000
v 44.00428391 78.13080597 7.00000000
v 44.00963211 78.19603729 7.00000000
v 44.01710892 78.26105499 7.00000000
v 44.02671432 78.32579041 7.00000000
v 44.03842926 78.39018250 7.00000000
v 44.05224609 78.45415497 7.00000000
v 44.06814957 78.51763916 7.00000000
v 44.08612061 78.58056641 7.00000000
v 44.10614014 78.64287567 7.00000000
v 44.12818909 78.70449829 7.00000000
v 44.15224075 78.76536560 7.00000000
v 44.17827225 78.82541656 7.00000000
v 44.20625305 78.88457489 7.00000000
v 44.23615646 78.94279480 7.00000000
v 44.26794815 79.00000000 7.00000000
v 44.30159378 79.05613708 7.00000000
v 44.33705902 79.11113739 7.00000000
v 44.37430573 79.16495514 7.00000000
v 44.41329193 79.21752167 7.00000000
v 44.45397949 79.26878357 7.00000000
v 44.49631882 79.31869507 7.00000000
v 44.54027176 79.36718750 7.00000000
v 44.58578491 79.41421509 7.00000000
v 44.63281631 79.45972443 7.00000000
v 44.68130875 79.50367737 7.00000000
v 44.73121262 79.54602051 7.00000000
v 44.78247833 79.58670807 7.00000000
v 44.83504486 79.62569427 7.00000000
v 44.88885880 79.66294098 7.00000000
v 44.94386292 79.69840240 7.00000000
v 45.00000000 79.73204803 7.00000000
v 45.05720520 79.76383972 7.00000000
v 45.11542130 79.79374695 7.00000000
v 45.17458725 79.82172394 7.00000000
v 45.23463440 79.84775543 7.00000000
v 45.29550171 79.87181091 7.00000000
v 45.35712051 79.89385986 7.00000000
v 45.41942978 79.91387939 7.00000000
v 45.48236084 79.93185425 7.00000000
v 45.54584885 79.94775391 7.00000000
v 45.60981750 79.96157074 7.00000000
v 45.67420959 79.97328949 7.00000000
v 45.73894882 79.98288727 7.00000000
v 45.80396652 79.99037170 7.00000000
v 45.86919403 79.99571991 7.00000000
v 45.93456268 79.99893188 7.00000000
v 46.00000000 80.00000000 7.00000000
v 44.00000000 78.00000000 10.00000000
v 44.00107193 78.06543732 10.00000000
v 44.00428391 78.13080597 10.00000000
v 44.00963211 78.19603729 10.00000000
v 44.01710892 78.26105499 10.00000000
v 44.02671432 78.32579041 10.00000000
v 44.03842926 78.39018250 10.00000000
v 44.05224609 78.45415497 10.00000000
v 44.06814957 78.51763916 10.00000000
v 44.08612061 78.58056641 10.00000000
v 44.10614014 78.64287567 10.00000000
v 44.12818909 78.70449829 10.00000000
v 44.15224075 78.76536560 10.00000000
v 44.17827225 78.82541656 10.00000000
v 44.20625305 78.88457489 10.00000000
v 44.23615646 78.94279480 10.00000000
v 44.26794815 79.00000000 10.00000000
v 44.30159378 79.05613708 10.00000000
v 44.33705902 79.11113739 10.00000000
v 44.37430573 79.16495514 10.00000000
v 44.41329193 79.21752167 10.00000000
v 44.45397949 79.26878357 10.00000000
v 44.49631882 79.31869507 10.00000000
v 44.54027176 79.36718750 10.00000000
v 44.58578491 79.41421509 10.00000000
v 44.63281631 79.45972443 10.00000000
v 44.68130875 79.50367737 10.00000000
v 44.73121262 79.54602051 10.00000000
v 44.78247833 79.58670807 10.00000000
v 44.83504486 79.62569427 10.00000000
v 44.88885880 79.66294098 10.00000000
v 44.94386292 79.69840240 10.00000000
v 45.00000000 79.73204803 10.00000000
v 45.05720520 79.76383972 10.00000000
v 45.11542130 79.79374695 10.00000000
v 45.17458725 79.82172394 10.00000000
v 45.23463440 79.84775543 10.00000000
v 45.29550171 79.87181091 10.00000000
v 45.35712051 79.89385986 10.00000000
v 45.41942978 79.91387939 10.00000000
v 45.48236084 79.93185425 10.00000000
v 45.54584885 79.94775391 10.00000000
v 45.60981750 79.96157074 10.00000000
v 45.67420959 79.97328949 10.00000000
v 45.73894882 79.98288727 10.00000000
v 45.80396652 79.99037170 10.00000000
v 45.86919403 79.99571991 10.00000000
v 45.93456268 79.99893188 10.00000000
v 46.00000000 80.00000000 10.00000000
v 78.00000000 44.00000000 7.00000000
v 78.06543732 44.00107193 7.00000000
v 78.13080597 44.00428391 7.00000000
v 78.19603729 44.00963211 7.00000000
v 78.26105499 44.01710892 7.00000000
v 78.32579041 44.02671432 7.00000000
v 78.39018250 44.03842926 7.00000000
v 78.45415497 44.05224609 7.00000000
v 78.51763916 44.06814957 7.00000000
v 78.58056641 44.08612061 7.00000000
v 78.64287567 44.10614014 7.00000000
v 78.70449829 44.12818909 7.00000000
v 78.76536560 44.15224075 7.00000000
v 78.82541656 44.17827225 7.00000000
v 78.88457489 44.20625305 7.00000000
v 78.94279480 44.23615646 7.00000000
v 79.00000000 44.26794815 7.00000000
v 79.05613708 44.30159378 7.00000000
v 79.11113739 44.33705902 7.00000000
v 79.16495514 44.37430573 7.00000000
v 79.21752167 44.41329193 7.00000000
v 79.26878357 44.45397949 7.00000000
v 79.31869507 44.49631882 7.00000000
v 79.36718750 44.54027176 7.00000000
v 79.41421509 44.58578491 7.00000000
v 79.45972443 44.63281631 7.00000000
v 79.50367737 44.68130875 7.00000000
v 79.54602051 44.73121262 7.00000000
v 79.58670807 44.78247833 7.00000000
v 79.62569427 44.83504486 7.00000000
v 79.66294098 44.88885880 7.00000000
v 79.69840240 44.94386292 7.00000000
v 79.73204803 45.00000000 7.00000000
v 79.76383972 45.05720520 7.00000000
v 79.79374695 45.11542130 7.00000000
v 79.82172394 45.17458725 7.00000000
v 79.84775543 45.23463440 7.00000000
v 79.87181091 45.29550171 7.00000000
v 79.89385986 45.35712051 7.00000000
v 79.91387939 45.41942978 7.00000000
v 79.93185425 45.48236084 7.00000000
v 79.94775391 45.54584885 7.00000000
v 79.96157074 45.60981750 7.00000000
v 79.97328949 45.67420959 7.00000000
v 79.98288727 45.73894882 7.00000000
v 79.99037170 45.80396652 7.00000000
v 79.99571991 45.86919403 7.00000000
v 79.99893188 45.93456268 7.00000000
v 80.00000000 46.00000000 7.00000000
v 64.50000000 43.00099945 8.80000019
v 64.51635742 43.00126648 8.80000019
v 64.53269958 43.00207138 8.80000019
v 64.54901123 43.00340652 8.80000019
v 64.56526184 43.00527573 8.80000019
v 64.58145142 43.00767899 8.80000019
v 64.59754181 43.01060867 8.80000019
v 64.61354065 43.01406097 8.80000019
v 64.62940979 43.01803589 8.80000019
v 64.64514160 43.02252960 8.80000019
v 64.66072083 43.02753448 8.80000019
v 64.67612457 43.03304672 8.80000019
v 64.69134521 43.03905869 8.80000019
v 64.70635223 43.04556656 8.80000019
v 64.72114563 43.05256271 8.80000019
v 64.73569489 43.06003952 8.80000019
v 64.75000000 43.06798553 8.80000019
v 64.76403046 43.07640076 8.80000019
v 64.77778625 43.08526611 8.80000019
v 64.79123688 43.09457779 8.80000019
v 64.80438232 43.10432434 8.80000019
v 64.81719971 43.11449432 8.80000019
v 64.82967377 43.12508011 8.80000019
v 64.84179688 43.13606644 8.80000019
v 64.85355377 43.14744568 8.80000019
v 64.86492920 43.15920258 8.80000019
v 64.87592316 43.17132568 8.80000019
v 64.88650513 43.18380356 8.80000019
v 64.89667511 43.19662094 8.80000019
v 64.90642548 43.20976257 8.80000019
v 64.91573334 43.22321320 8.80000019
v 64.92459869 43.23696518 8.80000019
v 64.93301392 43.25099945 8.80000019
v 64.94096375 43.26530075 8.80000019
v 64.94843292 43.27985382 8.80000019
v 64.95542908 43.29464722 8.80000019
v 64.96193695 43.30965805 8.80000019
v 64.96795654 43.32487488 8.80000019
v 64.97346497 43.34027863 8.80000019
v 64.97846985 43.35585785 8.80000019
v 64.98296356 43.37158966 8.80000019
v 64.98693848 43.38746262 8.80000019
v 64.99039459 43.40345383 8.80000019
v 64.99332428 43.41955185 8.80000019
v 64.99571991 43.43573761 8.80000019
v 64.99758911 43.45199203 8.80000019
v 64.99893188 43.46829987 8.80000019
v 64.99973297 43.48464203 8.80000019
v 65.00000000 43.50099945 8.80000019
v 65.00000000 44.00000000 8.80000019
v 64.50000000 43.00099945 10.00000000
v 64.51635742 43.00126648 10.00000000
v 64.53269958 43.00207138 10.00000000
v 64.54901123 43.00340652 10.00000000
v 64.56526184 43.00527573 10.00000000
v 64.58145142 43.00767899 10.00000000
v 64.59754181 43.01060867 10.00000000
v 64.61354065 43.01406097 10.00000000
v 64.62940979 43.01803589 10.00000000
v 64.64514160 43.02252960 10.00000000
v 64.66072083 43.02753448 10.00000000
v 64.67612457 43.03304672 10.00000000
v 64.69134521 43.03905869 10.00000000
v 64.70635223 43.04556656 10.00000000
v 64.72114563 43.05256271 10.00000000
v 64.73569489 43.06003952 10.00000000
v 64.75000000 43.06798553 10.00000000
v 64.76403046 43.07640076 10.00000000
v 64.77778625 43.08526611 10.00000000
v 64.79123688 43.09457779 10.00000000
v 64.80438232 43.10432434 10.00000000
v 64.81719971 43.11449432 10.00000000
v 64.82967377 43.12508011 10.00000000
v 64.84179688 43.13606644 10.00000000
v 64.85355377 43.14744568 10.00000000
v 64.86492920 43.15920258 10.00000000
v 64.87592316 43.17132568 10.00000000
v 64.88650513 43.18380356 10.00000000
v 64.89667511 43.19662094 10.00000000
v 64.90642548 43.20976257 10.00000000
v 64.91573334 43.22321320 10.00000000
v 64.92459869 43.23696518 10.00000000
v 64.93301392 43.25099945 10.00000000
v 64.94096375 43.26530075 10.00000000
v 64.94843292 43.27985382 10.00000000
v 64.95542908 43.29464722 10.00000000
v 64.96193695 43.30965805 10.00000000
v 64.96795654 43.32487488 10.00000000
v 64.97346497 43.34027863 10.00000000
v 64.97846985 43.35585785 10.00000000
v 64.98296356 43.37158966 10.00000000
v 64.98693848 43.38746262 10.00000000
v 64.99039459 43.40345383 10.00000000
v 64.99332428 43.41955185 10.00000000
v 64.99571991 43.43573761 10.00000000
v 64.99758911 43.45199203 10.00000000
v 64.99893188 43.46829987 10.00000000
v 64.99973297 43.48464203 10.00000000
v 65.00000000 43.50099945 10.00000000
v 65.00000000 44.00000000 10.00000000
v 78.00000000 44.00000000 10.00000000
v 78.06543732 44.00107193 10.00000000
v 78.13080597 44.00428391 10.00000000
v 78.19603729 44.00963211 10.00000000
v 78.26105499 44.01710892 10.00000000
v 78.32579041 44.02671432 10.00000000
v 78.39018250 44.03842926 10.00000000
v 78.45415497 44.05224609 10.00000000
v 78.51763916 44.06814957 10.00000000
v 78.58056641 44.08612061 10.00000000
v 78.64287567 44.10614014 10.00000000
v 78.70449829 44.12818909 10.00000000
v 78.76536560 44.15224075 10.00000000
v 78.82541656 44.17827225 10.00000000
v 78.88457489 44.20625305 10.00000000
v 78.94279480 44.23615646 10.00000000
v 79.00000000 44.26794815 10.00000000
v 79.05613708 44.30159378 10.00000000
v 79.11113739 44.33705902 10.00000000
v 79.16495514 44.37430573 10.00000000
v 79.21752167 44.41329193 10.00000000
v 79.26878357 44.45397949 10.00000000
v 79.31869507 44.49631882 10.00000000
v 79.36718750 44.54027176 10.00000000
v 79.41421509 44.58578491 10.00000000
v 79.45972443 44.63281631 10.00000000
v 79.50367737 44.68130875 10.00000000
v 79.54602051 44.73121262 10.00000000
v 79.58670807 44.78247833 10.00000000
v 79.62569427 44.83504486 10.00000000
v 79.66294098 44.88885880 10.00000000
v 79.69840240 44.94386292 10.00000000
v 79.73204803 45.00000000 10.00000000
v 79.76383972 45.05720520 10.00000000
v 79.79374695 45.11542130 10.00000000
v 79.82172394 45.17458725 10.00000000
v 79.84775543 45.23463440 10.00000000
v 79.87181091 45.29550171 10.00000000
v 79.89385986 45.35712051 10.00000000
v 79.91387939 45.41942978 10.00000000
v 79.93185425 45.48236084 10.00000000
v 79.94775391 45.54584885 10.00000000
v 79.96157074 45.60981750 10.00000000
v 79.97328949 45.67420959 10.00000000
v 79.98288727 45.73894882 10.00000000
v 79.99037170 45.80396652 10.00000000
v 79.99571991 45.86919403 10.00000000
v 79.99893188 45.93456268 10.00000000
v 80.00000000 46.00000000 10.00000000
v 78.45415497 79.94775391 7.00000000
v 78.51763916 79.93185425 7.00000000
v 78.58056641 79.91387939 7.00000000
v 78.00000000 80.00000000 7.00000000
v 78.06543732 79.99893188 7.00000000
v 78.13080597 79.99571991 7.00000000
v 78.19603729 79.99037170 7.00000000
v 78.26105499 79.98288727 7.00000000
v 78.32579041 79.97328949 7.00000000
v 78.39018250 79.96157074 7.00000000
v 78.64287567 79.89385986 7.00000000
v 78.76536560 79.84775543 7.00000000
v 78.70449829 79.87181091 7.00000000
v 78.94279480 79.76383972 7.00000000
v 78.82541656 79.82172394 7.00000000
v 78.88457489 79.79374695 7.00000000
v 79.26878357 79.54602051 7.00000000
v 79.21752167 79.58670807 7.00000000
v 79.00000000 79.73204803 7.00000000
v 79.05613708 79.69840240 7.00000000
v 79.11113739 79.66294098 7.00000000
v 79.16495514 79.62569427 7.00000000
v 79.94775391 78.45415497 7.00000000
v 79.93185425 78.51763916 7.00000000
v 79.91387939 78.58056641 7.00000000
v 79.54602051 79.26878357 7.00000000
v 79.58670807 79.21752167 7.00000000
v 79.76383972 78.94279480 7.00000000
v 79.84775543 78.76536560 7.00000000
v 79.89385986 78.64287567 7.00000000
v 79.87181091 78.70449829 7.00000000
v 79.82172394 78.82541656 7.00000000
v 79.79374695 78.88457489 7.00000000
v 79.69840240 79.05613708 7.00000000
v 79.66294098 79.11113739 7.00000000
v 79.73204803 79.00000000 7.00000000
v 79.62569427 79.16495514 7.00000000
v 80.00000000 78.00000000 7.00000000
v 79.99893188 78.06543732 7.00000000
v 79.99571991 78.13080597 7.00000000
v 79.99037170 78.19603729 7.00000000
v 79.98288727 78.26105499 7.00000000
v 79.97328949 78.32579041 7.00000000
v 79.96157074 78.39018250 7.00000000
v 79.41421509 79.41421509 7.00000000
v 79.31869507 79.50367737 7.00000000
v 79.36718750 79.45972443 7.00000000
v 79.50367737 79.31869507 7.00000000
v 79.45972443 79.36718750 7.00000000
v 78.45415497 79.94775391 10.00000000
v 78.51763916 79.93185425 10.00000000
v 78.58056641 79.91387939 10.00000000
v 78.00000000 80.00000000 10.00000000
v 78.06543732 79.99893188 10.00000000
v 78.13080597 79.99571991 10.00000000
v 78.19603729 79.99037170 10.00000000
v 78.26105499 79.98288727 10.00000000
v 78.32579041 79.97328949 10.00000000
v 78.39018250 79.96157074 10.00000000
v 78.64287567 79.89385986 10.00000000
v 78.76536560 79.84775543 10.00000000
v 78.70449829 79.87181091 10.00000000
v 78.94279480 79.76383972 10.00000000
v 78.82541656 79.82172394 10.00000000
v 78.88457489 79.79374695 10.00000000
v 79.21752167 79.58670807 10.00000000
v 79.26878357 79.54602051 10.00000000
v 79.00000000 79.73204803 10.00000000
v 79.05613708 79.69840240 10.00000000
v 79.11113739 79.66294098 10.00000000
v 79.16495514 79.62569427 10.00000000
v 79.94775391 78.45415497 10.00000000
v 79.93185425 78.51763916 10.00000000
v 79.91387939 78.58056641 10.00000000
v 79.54602051 79.26878357 10.00000000
v 79.58670807 79.21752167 10.00000000
v 79.76383972 78.94279480 10.00000000
v 79.84775543 78.76536560 10.00000000
v 79.89385986 78.64287567 10.00000000
v 79.87181091 78.70449829 10.00000000
v 79.82172394 78.82541656 10.00000000
v 79.79374695 78.88457489 10.00000000
v 79.69840240 79.05613708 10.00000000
v 79.66294098 79.11113739 10.00000000
v 79.73204803 79.00000000 10.00000000
v 79.62569427 79.16495514 10.00000000
v 80.00000000 78.00000000 10.00000000
v 79.99893188 78.06543732 10.00000000
v 79.99571991 78.13080597 10.00000000
v 79.99037170 78.19603729 10.00000000
v 79.98288727 78.26105499 10.00000000
v 79.97328949 78.32579041 10.00000000
v 79.96157074 78.39018250 10.00000000
v 79.41421509 79.41421509 10.00000000
v 79.31869507 79.50367737 10.00000000
v 79.36718750 79.45972443 10.00000000
v 79.50367737 79.31869507 10.00000000
v 79.45972443 79.36718750 10.00000000
v 78.00000000 86.00000000 10.00000000
v 78.26174927 85.99571991 10.00000000
v 78.52322388 85.98287201 10.00000000
v 78.78413391 85.96147919 10.00000000
v 79.04421234 85.93155670 10.00000000
v 79.30316162 85.89315033 10.00000000
v 79.56072235 85.84628296 10.00000000
v 79.81661224 85.79101562 10.00000000
v 80.07054901 85.72740936 10.00000000
v 80.32228088 85.65552521 10.00000000
v 80.57151794 85.57543945 10.00000000
v 86.00000000 78.00000000 10.00000000
v 85.99571991 78.26174927 10.00000000
v 85.98287201 78.52322388 10.00000000
v 85.96147919 78.78413391 10.00000000
v 85.93155670 79.04421234 10.00000000
v 85.89315033 79.30316162 10.00000000
v 85.84628296 79.56072235 10.00000000
v 85.79101562 79.81661224 10.00000000
v 85.65552521 80.32228088 10.00000000
v 85.57543945 80.57151794 10.00000000
v 85.72740936 80.07054901 10.00000000
v 80.81800079 85.48724365 10.00000000
v 81.06147003 85.39103699 10.00000000
v 81.30165863 85.28691101 10.00000000
v 81.53830719 85.17498016 10.00000000
v 81.77117157 85.05536652 10.00000000
v 82.44456482 84.65175629 10.00000000
v 82.65982056 84.50277710 10.00000000
v 82.87009430 84.34682465 10.00000000
v 83.07514954 84.18408203 10.00000000
v 83.27476501 84.01471710 10.00000000
v 82.00000000 84.92819977 10.00000000
v 82.22454071 84.79361725 10.00000000
v 84.65175629 82.44456482 10.00000000
v 84.01471710 83.27476501 10.00000000
v 84.18408203 83.07514954 10.00000000
v 84.34682465 82.87009430 10.00000000
v 84.50277710 82.65982056 10.00000000
v 85.28691101 81.30165863 10.00000000
v 85.17498016 81.53830719 10.00000000
v 85.05536652 81.77117157 10.00000000
v 85.48724365 80.81800079 10.00000000
v 85.39103699 81.06147003 10.00000000
v 84.79361725 82.22454071 10.00000000
v 84.92819977 82.00000000 10.00000000
v 83.46873474 83.83891296 10.00000000
v 83.83891296 83.46873474 10.00000000
v 83.65685272 83.65685272 10.00000000
f 2 112 14
f 1 100 2
f 1 3 99
f 3 18 101
f 4 5 102
f 5 15 103
f 6 10 104
f 7 127 29
f 6 105 7
f 4 106 8
f 9 108 10
f 8 107 9
f 11 12 109
f 13 14 111
f 12 13 110
f 11 113 15
f 16 120 22
f 16 17 114
f 18 19 116
f 19 20 117
f 20 21 118
f 21 22 119
f 23 24 121
f 17 23 115
f 24 25 122
f 26 27 124
f 27 39 125
f 25 26 123
f 28 30 126
f 29 128 30
f 28 129 31
f 31 130 32
f 32 131 33
f 33 132 34
f 34 133 35
f 35 134 36
f 36 135 37
f 37 136 38
f 39 40 137
f 40 41 138
f 41 42 139
f 42 43 140
f 43 44 141
f 44 45 142
f 45 46 143
f 46 47 144
f 47 48 145
f 48 49 146
f 16 22 692
f 16 692 17
f 17 692 23
f 23 692 24
f 24 692 25
f 25 692 26
f 26 692 27
f 27 692 39
f 39 692 40
f 40 692 41
f 41 692 42
f 42 692 43
f 43 692 44
f 44 692 45
f 45 692 46
f 46 692 47
f 47 692 48
f 48 692 49
f 12 692 13
f 11 692 12
f 13 692 14
f 7 29 692
f 6 692 10
f 9 10 692
f 8 9 692
f 6 7 692
f 11 15 692
f 5 692 15
f 4 692 5
f 4 8 692
f 1 692 3
f 3 692 18
f 18 692 19
f 1 2 692
f 2 14 692
f 19 692 20
f 20 692 21
f 21 692 22
f 29 30 692
f 28 692 30
f 28 31 692
f 31 32 692
f 32 33 692
f 33 34 692
f 34 35 692
f 35 36 692
f 36 37 692
f 37 38 692
f 49 1382 147
f 49 692 1382
f 2 100 112
f 1 99 100
f 3 101 99
f 18 116 101
f 15 113 103
f 5 103 102
f 6 104 105
f 7 105 127
f 8 106 107
f 9 107 108
f 4 102 106
f 10 108 104
f 12 110 109
f 13 111 110
f 14 112 111
f 11 109 113
f 16 114 120
f 17 115 114
f 19 117 116
f 21 119 118
f 20 118 117
f 22 120 119
f 23 121 115
f 24 122 121
f 25 123 122
f 26 124 123
f 27 125 124
f 39 137 125
f 30 128 126
f 28 126 129
f 29 127 128
f 31 129 130
f 32 130 131
f 33 131 132
f 34 132 133
f 35 133 134
f 36 134 135
f 37 135 136
f 40 138 137
f 41 139 138
f 42 140 139
f 43 141 140
f 44 142 141
f 45 143 142
f 46 144 143
f 47 145 144
f 48 146 145
f 49 147 146
f 141 142 174
f 142 143 162
f 143 144 152
f 144 145 175
f 145 146 181
f 146 147 186
f 142 163 161
f 142 162 163
f 143 170 171
f 143 152 148
f 143 149 170
f 143 148 149
f 143 160 162
f 143 171 160
f 142 169 164
f 142 165 168
f 142 164 165
f 142 172 173
f 142 167 172
f 142 166 167
f 142 168 166
f 141 174 153
f 141 153 154
f 141 154 155
f 141 155 156
f 142 173 174
f 142 161 169
f 147 187 196
f 147 188 187
f 147 189 188
f 147 190 189
f 147 191 190
f 147 192 191
f 147 193 192
f 144 151 150
f 144 180 151
f 144 175 179
f 144 179 180
f 144 150 152
f 145 178 176
f 145 183 178
f 145 181 183
f 145 177 175
f 145 176 177
f 146 185 182
f 146 182 181
f 146 184 185
f 146 186 184
f 147 194 186
f 147 195 194
f 147 196 195
f 147 293 193
f 147 246 251
f 147 245 246
f 147 244 245
f 147 239 242
f 147 237 239
f 147 272 237
f 147 267 272
f 147 269 267
f 147 243 244
f 147 254 243
f 147 253 254
f 147 238 253
f 147 240 238
f 147 241 240
f 147 242 241
f 147 287 288
f 147 286 287
f 147 250 286
f 147 249 250
f 147 248 249
f 147 247 248
f 147 252 247
f 147 251 252
f 147 292 293
f 147 291 292
f 147 290 291
f 147 289 290
f 147 288 289
f 147 255 256
f 147 257 255
f 147 258 257
f 147 259 258
f 147 260 259
f 147 261 260
f 147 262 261
f 147 263 262
f 147 264 263
f 147 265 264
f 147 266 265
f 147 469 266
f 147 268 269
f 147 271 268
f 147 270 271
f 147 273 270
f 147 275 273
f 147 274 275
f 147 276 274
f 147 256 276
f 147 470 469
f 193 293 294
f 38 136 986
f 114 986 120
f 114 115 986
f 115 121 986
f 121 122 986
f 122 123 986
f 123 124 986
f 124 125 986
f 125 137 986
f 137 138 986
f 138 139 986
f 139 140 986
f 140 141 986
f 110 111 986
f 109 110 986
f 111 112 986
f 105 986 127
f 104 108 986
f 107 986 108
f 106 986 107
f 104 986 105
f 109 986 113
f 103 113 986
f 102 103 986
f 102 986 106
f 99 101 986
f 101 116 986
f 116 117 986
f 99 986 100
f 100 986 112
f 117 118 986
f 118 119 986
f 119 120 986
f 127 986 128
f 126 128 986
f 126 986 129
f 129 986 130
f 130 986 131
f 131 986 132
f 132 986 133
f 133 986 134
f 134 986 135
f 135 986 136
f 141 156 986
f 986 156 157
f 986 158 159
f 986 157 158
f 986 159 344
f 373 831 372
f 374 833 373
f 376 812 375
f 375 813 374
f 377 814 376
f 379 816 378
f 378 815 377
f 380 817 379
f 381 818 380
f 383 820 382
f 382 819 381
f 384 821 383
f 385 822 384
f 387 824 386
f 386 823 385
f 388 825 387
f 389 829 388
f 391 826 390
f 390 830 389
f 392 827 391
f 392 933 931
f 392 931 932
f 392 932 930
f 392 930 929
f 392 929 928
f 392 1160 935
f 392 935 934
f 392 934 933
f 392 1161 1160
f 392 1163 1162
f 392 1162 1161
f 484 544 485
f 483 544 484
f 487 544 488
f 486 544 487
f 485 544 486
f 511 544 512
f 495 544 511
f 494 544 495
f 493 544 494
f 492 544 493
f 491 544 492
f 490 544 491
f 489 544 490
f 488 544 489
f 513 544 514
f 512 544 513
f 520 544 521
f 519 544 520
f 518 544 519
f 517 544 518
f 516 544 517
f 515 544 516
f 514 544 515
f 537 544 538
f 536 544 537
f 535 544 536
f 525 544 535
f 524 544 525
f 523 544 524
f 522 544 523
f 521 544 522
f 541 544 542
f 540 544 541
f 539 544 540
f 538 544 539
f 542 544 543
f 147 1876 470
f 483 1627 544
f 552 1519 553
f 555 1516 556
f 554 1517 555
f 553 1518 554
f 556 1515 557
f 558 1512 559
f 557 1513 558
f 560 1505 561
f 559 1514 560
f 561 1506 562
f 563 1503 564
f 562 1504 563
f 565 1507 566
f 564 1509 565
f 567 1500 568
f 566 1508 567
f 569 1502 570
f 568 1501 569
f 570 1499 571
f 571 1523 572
f 572 1521 573
f 574 1481 575
f 573 1522 574
f 575 1480 576
f 577 1486 578
f 576 1482 577
f 578 1487 579
f 580 1483 581
f 579 1488 580
f 581 1484 582
f 582 1485 583
f 584 1493 585
f 583 1492 584
f 585 1494 586
f 586 1495 587
f 588 1498 589
f 587 1496 588
f 589 1497 590
f 590 1489 591
f 592 1491 593
f 591 1490 592
f 645 1163 392
f 645 1168 1167
f 645 1167 1166
f 645 1166 1165
f 645 1165 1164
f 645 1164 1163
f 645 1176 1175
f 645 1175 1174
f 645 1174 1173
f 645 1173 1172
f 645 1172 1171
f 645 1171 1170
f 645 1170 1169
f 645 1169 1168
f 645 1183 1182
f 645 1182 1181
f 645 1181 1180
f 645 1180 1179
f 645 1179 1178
f 645 1178 1177
f 645 1177 1176
f 645 1186 1185
f 645 1185 1184
f 645 1184 1183
f 645 1216 1215
f 645 1215 1214
f 645 1214 1213
f 645 1213 1212
f 645 1212 1211
f 645 1211 1186
f 593 1678 650
f 643 1235 647
f 1235 644 664
f 1235 643 644
f 666 1235 665
f 1235 664 665
f 1235 645 646
f 1235 646 647
f 1678 648 652
f 1678 678 649
f 648 1678 649
f 1678 679 678
f 679 1678 680
f 650 1678 651
f 1678 652 651
f 1235 656 661
f 1235 667 669
f 1235 666 667
f 670 1235 668
f 1235 669 668
f 1235 671 672
f 1235 670 671
f 1235 674 675
f 1235 673 674
f 1235 672 673
f 1235 676 677
f 1235 675 676
f 654 1235 653
f 1235 677 653
f 1235 654 655
f 1235 655 656
f 1686 1236 1235
f 1236 1688 1237
f 1688 1238 1237
f 1238 1690 1239
f 1690 1240 1239
f 1690 1241 1240
f 1678 662 657
f 662 1678 663
f 1678 661 663
f 1678 683 682
f 1678 682 680
f 1678 687 681
f 683 1678 681
f 1678 684 688
f 1678 688 687
f 1678 685 684
f 1678 689 686
f 685 1678 686
f 1678 660 659
f 1678 691 690
f 1678 690 689
f 1678 659 691
f 1678 657 658
f 1678 658 660
f 1235 1678 1679
f 1235 1679 1680
f 1235 1680 1681
f 1235 1681 1682
f 1235 1682 1683
f 1235 1683 1684
f 1235 1684 1685
f 1235 661 1678
f 1241 1692 1242
f 1235 1685 1686
f 1236 1686 1687
f 1236 1687 1688
f 1238 1688 1689
f 1238 1689 1690
f 1241 1690 1691
f 1692 1241 1691
f 1243 1692 1693
f 38 986 692
f 692 693 694
f 692 694 695
f 692 695 696
f 692 696 697
f 692 697 698
f 692 698 699
f 692 699 700
f 692 700 701
f 692 701 702
f 692 702 703
f 692 703 704
f 692 704 705
f 692 705 706
f 692 706 707
f 692 707 708
f 692 708 709
f 692 709 710
f 692 710 711
f 692 711 712
f 692 712 713
f 692 713 714
f 692 714 715
f 692 715 716
f 692 716 717
f 692 717 718
f 692 718 719
f 692 719 720
f 692 720 721
f 692 721 722
f 692 722 723
f 692 723 724
f 692 724 725
f 692 725 726
f 692 726 727
f 692 727 728
f 692 728 729
f 692 729 730
f 692 730 731
f 692 731 732
f 692 732 733
f 692 733 734
f 692 734 735
f 692 735 736
f 692 736 737
f 692 737 738
f 692 738 739
f 692 739 740
f 692 987 693
f 693 988 694
f 694 989 695
f 695 990 696
f 696 991 697
f 697 992 698
f 698 993 699
f 699 994 700
f 700 995 701
f 701 996 702
f 702 997 703
f 703 998 704
f 704 999 705
f 705 1000 706
f 706 1001 707
f 707 1002 708
f 708 1003 709
f 709 1004 710
f 710 1005 711
f 711 1006 712
f 712 1007 713
f 713 1008 714
f 714 1009 715
f 715 1010 716
f 716 1011 717
f 717 1012 718
f 718 1013 719
f 719 1014 720
f 720 1015 721
f 721 1016 722
f 722 1017 723
f 723 1018 724
f 724 1019 725
f 725 1020 726
f 726 1021 727
f 727 1022 728
f 728 1023 729
f 729 1073 730
f 730 1074 731
f 731 1075 732
f 732 1076 733
f 733 1077 734
f 734 1078 735
f 735 1079 736
f 736 1080 737
f 737 1081 738
f 738 1082 739
f 739 1083 740
f 692 740 2072
f 986 344 345
f 986 345 346
f 986 346 347
f 986 347 348
f 986 348 349
f 986 349 350
f 986 350 351
f 986 351 352
f 986 352 353
f 986 353 354
f 986 354 355
f 986 355 356
f 986 356 357
f 986 357 358
f 986 358 359
f 986 359 360
f 986 360 361
f 986 361 362
f 986 362 363
f 986 363 364
f 986 364 365
f 986 365 366
f 986 366 367
f 986 367 368
f 986 368 369
f 986 369 370
f 986 370 371
f 986 371 372
f 372 796 802
f 372 802 800
f 372 797 799
f 372 799 798
f 372 798 796
f 372 804 806
f 372 806 805
f 372 805 808
f 372 808 809
f 372 809 810
f 372 811 790
f 372 810 811
f 372 800 801
f 372 801 792
f 372 792 794
f 372 794 795
f 372 795 793
f 372 793 807
f 372 807 803
f 372 803 804
f 372 831 832
f 374 813 833
f 373 833 831
f 372 832 797
f 375 812 813
f 377 815 814
f 376 814 812
f 378 816 815
f 380 818 817
f 379 817 816
f 381 819 818
f 382 820 819
f 384 822 821
f 383 821 820
f 385 823 822
f 386 824 823
f 388 829 825
f 387 825 824
f 392 828 827
f 391 827 826
f 389 830 829
f 390 826 830
f 986 790 791
f 986 372 790
f 986 834 835
f 986 791 834
f 986 836 837
f 986 835 836
f 986 837 838
f 392 928 828
f 828 916 915
f 828 918 916
f 828 891 892
f 828 898 891
f 828 900 898
f 828 899 900
f 828 901 899
f 828 902 901
f 828 890 902
f 828 889 890
f 828 888 889
f 828 915 888
f 828 905 906
f 828 904 905
f 828 903 904
f 828 893 903
f 828 897 893
f 828 895 897
f 828 896 895
f 828 894 896
f 828 892 894
f 828 912 913
f 828 911 912
f 828 910 911
f 828 909 910
f 828 908 909
f 828 907 908
f 828 906 907
f 828 913 936
f 828 917 918
f 828 919 917
f 828 914 919
f 828 920 914
f 828 924 920
f 828 923 924
f 828 925 923
f 828 921 925
f 828 922 921
f 828 926 922
f 828 927 926
f 828 928 927
f 692 986 987
f 693 987 988
f 694 988 989
f 695 989 990
f 696 990 991
f 697 991 992
f 698 992 993
f 699 993 994
f 700 994 995
f 701 995 996
f 702 996 997
f 703 997 998
f 704 998 999
f 705 999 1000
f 706 1000 1001
f 707 1001 1002
f 708 1002 1003
f 709 1003 1004
f 710 1004 1005
f 711 1005 1006
f 712 1006 1007
f 713 1007 1008
f 714 1008 1009
f 715 1009 1010
f 716 1010 1011
f 717 1011 1012
f 718 1012 1013
f 719 1013 1014
f 720 1014 1015
f 721 1015 1016
f 722 1016 1017
f 723 1017 1018
f 724 1018 1019
f 725 1019 1020
f 726 1020 1021
f 727 1021 1022
f 728 1022 1023
f 729 1023 1073
f 730 1073 1074
f 731 1074 1075
f 732 1075 1076
f 733 1076 1077
f 734 1077 1078
f 735 1078 1079
f 736 1079 1080
f 737 1080 1081
f 738 1081 1082
f 739 1082 1083
f 986 838 1024
f 986 988 987
f 986 989 988
f 986 990 989
f 986 991 990
f 986 992 991
f 986 993 992
f 986 994 993
f 986 995 994
f 986 996 995
f 986 997 996
f 986 998 997
f 986 999 998
f 986 1000 999
f 986 1001 1000
f 986 1002 1001
f 986 1024 1025
f 986 1025 1026
f 986 1027 1028
f 986 1026 1027
f 986 1028 1029
f 986 1029 1030
f 986 1030 1031
f 986 1031 1032
f 986 1033 1034
f 986 1032 1033
f 986 1034 1035
f 986 1035 1036
f 986 1036 1037
f 986 1038 1039
f 986 1037 1038
f 986 1040 1041
f 986 1039 1040
f 986 1042 1043
f 986 1041 1042
f 986 1043 1044
f 986 1044 1045
f 986 1046 1047
f 986 1045 1046
f 986 1047 1048
f 986 1049 1050
f 986 1048 1049
f 986 1050 1051
f 986 1051 1052
f 986 1053 1054
f 986 1052 1053
f 986 1054 1055
f 986 1056 1057
f 986 1055 1056
f 986 1057 1058
f 986 1058 1059
f 986 1003 1002
f 986 1004 1003
f 986 1005 1004
f 986 1006 1005
f 986 1007 1006
f 986 1008 1007
f 986 1009 1008
f 986 1010 1009
f 986 1011 1010
f 986 1012 1011
f 986 1013 1012
f 986 1014 1013
f 986 1015 1014
f 986 1016 1015
f 986 1017 1016
f 986 1018 1017
f 986 1019 1018
f 986 1020 1019
f 986 1021 1020
f 986 1022 1021
f 986 1023 1022
f 986 1073 1023
f 986 1074 1073
f 986 1075 1074
f 986 1059 1083
f 986 1076 1075
f 986 1077 1076
f 986 1078 1077
f 986 1079 1078
f 986 1080 1079
f 986 1081 1080
f 986 1082 1081
f 986 1083 1082
f 1083 1059 1060
f 1083 1061 1062
f 1083 1060 1061
f 1083 1063 1064
f 1083 1062 1063
f 1083 1064 1065
f 1083 1065 1066
f 1083 1067 1068
f 1083 1066 1067
f 1083 1069 1070
f 1083 1068 1069
f 1083 1071 1072
f 1083 1070 1071
f 1083 1072 1333
f 1235 1217 1216
f 1235 1226 1225
f 1235 1225 1224
f 1235 1224 1223
f 1235 1223 1222
f 1235 1222 1221
f 1235 1221 1220
f 1235 1220 1219
f 1235 1219 1218
f 1235 1218 1217
f 1235 1227 1226
f 1235 1233 1232
f 1235 1232 1231
f 1235 1231 1230
f 1235 1230 1229
f 1235 1229 1228
f 1235 1228 1227
f 1235 1234 1233
f 645 1235 1216
f 1692 1243 1242
f 1243 1694 1244
f 1694 1245 1244
f 1245 1696 1246
f 1696 1247 1246
f 1247 1697 1248
f 1248 1699 1249
f 1699 1250 1249
f 1250 1701 1251
f 1701 1252 1251
f 1252 1703 1253
f 1253 1704 1254
f 1704 1255 1254
f 1255 1706 1256
f 1706 1257 1256
f 1706 1258 1257
f 1706 1259 1258
f 1706 1260 1259
f 1260 1706 1261
f 1261 1706 1262
f 1262 1706 1263
f 1263 1707 1264
f 1264 1708 1265
f 1265 1709 1266
f 1266 1710 1267
f 1267 2175 1268
f 1268 2176 1269
f 1269 2177 1270
f 1270 2173 1271
f 1272 2180 1273
f 1271 2174 1272
f 1273 2178 1274
f 1274 2179 1275
f 1276 2182 1277
f 1275 2181 1276
f 1277 2183 1278
f 1278 2212 1279
f 1280 2209 1281
f 1279 2213 1280
f 1281 2210 1282
f 1282 2211 1283
f 740 1083 2713
f 1283 2368 1370
f 1363 2373 1365
f 1366 2375 1367
f 1365 2375 1366
f 1367 2377 1368
f 1368 2377 1369
f 1370 2369 1371
f 1372 2371 1364
f 1371 2371 1372
f 1364 2373 1363
f 1376 2379 1377
f 1369 2379 1376
f 1377 2381 1378
f 1378 2381 1373
f 1373 2382 1374
f 1374 2383 1375
f 1381 2386 1380
f 1375 2384 1379
f 1379 2386 1381
f 1380 2388 1339
f 1339 2389 1340
f 1354 2398 1352
f 1353 2397 1354
f 1338 2391 1362
f 1340 2391 1338
f 1360 2394 1359
f 1362 2394 1360
f 1361 2397 1353
f 1359 2395 1361
f 1358 2401 1357
f 1352 2401 1358
f 1355 2406 1356
f 1357 2402 1355
f 2406 1349 1347
f 2406 1347 1356
f 1083 1333 2713
f 692 1383 1382
f 692 1384 1383
f 692 1385 1384
f 692 1386 1385
f 692 1387 1386
f 692 1388 1387
f 692 1389 1388
f 692 1390 1389
f 692 1391 1390
f 692 1392 1391
f 692 1393 1392
f 692 1394 1393
f 692 1395 1394
f 692 1396 1395
f 692 1397 1396
f 692 1398 1397
f 692 1399 1398
f 692 1400 1399
f 692 1401 1400
f 692 1402 1401
f 692 1403 1402
f 692 1404 1403
f 692 1405 1404
f 692 1406 1405
f 692 1407 1406
f 692 1408 1407
f 692 1409 1408
f 692 1410 1409
f 692 1411 1410
f 692 1412 1411
f 692 1413 1412
f 692 1414 1413
f 692 1415 1414
f 692 1416 1415
f 692 1417 1416
f 692 1418 1417
f 692 1419 1418
f 692 1420 1419
f 692 1421 1420
f 692 1422 1421
f 692 1423 1422
f 692 1424 1423
f 692 1425 1424
f 692 1426 1425
f 692 1427 1426
f 692 1428 1427
f 692 1429 1428
f 692 1430 1429
f 1382 1383 1876
f 1383 1384 1877
f 1384 1385 1878
f 1385 1386 1879
f 1386 1387 1880
f 1387 1388 1881
f 1388 1389 1882
f 1389 1390 1883
f 1390 1391 1884
f 1391 1392 1885
f 1392 1393 1886
f 1393 1394 1936
f 1394 1395 1937
f 1395 1396 1938
f 1396 1397 1939
f 1397 1398 1940
f 1398 1399 1941
f 1399 1400 1942
f 1400 1401 1943
f 1401 1402 1944
f 1402 1403 1945
f 1403 1404 1946
f 1404 1405 1947
f 1405 1406 1948
f 1406 1407 1949
f 1407 1408 1950
f 1408 1409 1951
f 1409 1410 1952
f 1410 1411 1953
f 1411 1412 1954
f 1412 1413 1955
f 1413 1414 1956
f 1414 1415 1957
f 1415 1416 1958
f 1416 1417 1959
f 1417 1418 1960
f 1418 1419 1961
f 1419 1420 1962
f 1420 1421 1963
f 1421 1422 1964
f 1422 1423 1965
f 1423 1424 1966
f 1424 1425 1967
f 1425 1426 1968
f 1426 1427 1969
f 1427 1428 1970
f 1428 1429 1971
f 1429 1430 1972
f 1430 2083 1973
f 147 1382 1876
f 1876 471 470
f 1876 472 471
f 1876 473 472
f 1876 474 473
f 1876 475 474
f 1876 476 475
f 1876 477 476
f 1876 478 477
f 1876 479 478
f 1876 480 479
f 1876 481 480
f 1876 482 481
f 1876 483 482
f 561 1505 1506
f 560 1514 1505
f 563 1504 1503
f 562 1506 1504
f 571 1499 1523
f 570 1502 1499
f 565 1509 1507
f 567 1508 1500
f 566 1507 1508
f 564 1503 1509
f 569 1501 1502
f 568 1500 1501
f 552 1511 1510
f 552 1525 1524
f 552 1524 1511
f 552 1527 1526
f 552 1526 1525
f 552 1528 1527
f 558 1513 1512
f 557 1515 1513
f 556 1516 1515
f 555 1517 1516
f 554 1518 1517
f 553 1519 1518
f 552 1520 1519
f 559 1512 1514
f 552 1510 1520
f 573 1521 1522
f 572 1523 1521
f 574 1522 1481
f 577 1482 1486
f 576 1480 1482
f 575 1481 1480
f 579 1487 1488
f 578 1486 1487
f 580 1488 1483
f 581 1483 1484
f 583 1485 1492
f 582 1484 1485
f 591 1489 1490
f 590 1497 1489
f 592 1490 1491
f 584 1492 1493
f 585 1493 1494
f 587 1495 1496
f 586 1494 1495
f 588 1496 1498
f 589 1498 1497
f 545 544 1626
f 545 1626 546
f 546 1626 547
f 547 1626 548
f 548 1626 549
f 549 1626 550
f 550 1626 551
f 551 1626 552
f 544 1627 1626
f 552 1608 1607
f 552 1607 1605
f 552 1626 1612
f 552 1612 1611
f 552 1611 1610
f 552 1610 1609
f 552 1609 1608
f 552 1605 1528
f 1678 593 1491
f 1876 1627 483
f 1528 1624 1620
f 1528 1625 1624
f 1528 1604 1625
f 1528 1603 1604
f 1528 1606 1603
f 1528 1605 1606
f 1528 1546 1544
f 1528 1619 1546
f 1528 1558 1549
f 1528 1555 1558
f 1528 1554 1555
f 1528 1553 1554
f 1528 1557 1553
f 1528 1556 1557
f 1528 1552 1556
f 1528 1545 1552
f 1528 1544 1545
f 1528 1570 1571
f 1528 1569 1570
f 1528 1574 1575
f 1528 1573 1574
f 1528 1572 1573
f 1528 1571 1572
f 1528 1568 1569
f 1528 1551 1568
f 1528 1548 1551
f 1528 1547 1548
f 1528 1550 1547
f 1528 1549 1550
f 1528 1575 1576
f 1528 1618 1619
f 1528 1616 1618
f 1528 1617 1616
f 1528 1613 1617
f 1528 1614 1613
f 1528 1615 1614
f 1528 1623 1615
f 1528 1622 1623
f 1528 1621 1622
f 1528 1620 1621
f 1243 1693 1694
f 1245 1694 1695
f 1245 1695 1696
f 1247 1696 1697
f 1248 1698 1699
f 1248 1697 1698
f 1250 1700 1701
f 1250 1699 1700
f 1252 1701 1702
f 1252 1702 1703
f 1253 1703 1704
f 1255 1704 1705
f 1255 1705 1706
f 1263 1706 1707
f 1264 1707 1708
f 1265 1708 1709
f 1266 1709 1710
f 1267 1710 1711
f 1267 1711 1712
f 1267 1712 1713
f 1267 1713 1714
f 1267 1714 1715
f 1267 1715 1716
f 1267 1716 1717
f 1267 1717 1718
f 1267 1718 1719
f 1267 1719 1720
f 1267 1720 1721
f 1267 1721 1722
f 1723 2217 1722
f 1724 2218 1723
f 1725 2214 1724
f 1726 2215 1725
f 1726 2293 2296
f 1726 2298 2293
f 1726 2299 2298
f 1726 2304 2299
f 1726 2300 2304
f 1726 2302 2300
f 1726 2301 2302
f 1726 2295 2297
f 1726 2294 2295
f 1726 2296 2294
f 1726 2303 2301
f 1726 2307 2303
f 1726 2305 2307
f 1726 2306 2305
f 1726 2309 2306
f 1726 2308 2309
f 1726 2310 2308
f 1726 2312 2310
f 1726 2311 2312
f 1726 2313 2311
f 1726 2314 2313
f 1726 2315 2314
f 1726 2316 2315
f 2033 2316 1726
f 1383 1877 1876
f 1384 1878 1877
f 1385 1879 1878
f 1386 1880 1879
f 1387 1881 1880
f 1388 1882 1881
f 1389 1883 1882
f 1390 1884 1883
f 1391 1885 1884
f 1392 1886 1885
f 1393 1936 1886
f 1394 1937 1936
f 1395 1938 1937
f 1396 1939 1938
f 1397 1940 1939
f 1398 1941 1940
f 1399 1942 1941
f 1400 1943 1942
f 1401 1944 1943
f 1402 1945 1944
f 1403 1946 1945
f 1404 1947 1946
f 1405 1948 1947
f 1406 1949 1948
f 1407 1950 1949
f 1408 1951 1950
f 1409 1952 1951
f 1410 1953 1952
f 1411 1954 1953
f 1412 1955 1954
f 1413 1956 1955
f 1414 1957 1956
f 1415 1958 1957
f 1416 1959 1958
f 1417 1960 1959
f 1418 1961 1960
f 1419 1962 1961
f 1420 1963 1962
f 1421 1964 1963
f 1422 1965 1964
f 1423 1966 1965
f 1424 1967 1966
f 1425 1968 1967
f 1426 1969 1968
f 1427 1970 1969
f 1428 1971 1970
f 1429 1972 1971
f 1430 1973 1972
f 1876 1628 1627
f 1876 1817 1628
f 1876 1820 1819
f 1876 1819 1818
f 1876 1818 1817
f 1876 1828 1827
f 1876 1827 1826
f 1876 1826 1825
f 1876 1825 1824
f 1876 1824 1823
f 1876 1823 1822
f 1876 1822 1821
f 1876 1821 1820
f 1876 1829 1828
f 1876 1837 1836
f 1876 1836 1835
f 1876 1835 1834
f 1876 1834 1833
f 1876 1833 1832
f 1876 1832 1831
f 1876 1831 1830
f 1876 1830 1829
f 1876 1842 1841
f 1876 1841 1840
f 1876 1840 1839
f 1876 1839 1838
f 1876 1838 1837
f 1876 1848 1847
f 1876 1847 1846
f 1876 1846 1845
f 1876 1845 1844
f 1876 1844 1843
f 1876 1843 1842
f 1887 1849 1848
f 1887 1853 1852
f 1887 1852 1851
f 1887 1851 1850
f 1887 1850 1849
f 1887 1870 1869
f 1887 1869 1868
f 1887 1868 1867
f 1887 1867 1857
f 1887 1857 1856
f 1887 1856 1855
f 1887 1855 1854
f 1887 1854 1853
f 1887 1874 1873
f 1887 1873 1872
f 1887 1872 1871
f 1887 1871 1870
f 1887 1875 1874
f 1876 1887 1848
f 1876 1877 1887
f 1877 1878 1887
f 1878 1879 1887
f 1879 1880 1887
f 1880 1881 1887
f 1881 1882 1887
f 1882 1883 1887
f 1883 1884 1887
f 1884 1885 1887
f 1885 1886 1887
f 1886 1936 1887
f 1936 1937 1887
f 1937 1938 1887
f 1938 1939 1887
f 1939 1940 1887
f 1940 1941 1887
f 1944 1888 1887
f 1944 1889 1888
f 1945 1890 1889
f 1945 1891 1890
f 1945 1892 1891
f 1945 1893 1892
f 1945 1894 1893
f 1946 1895 1894
f 1946 1896 1895
f 1946 1897 1896
f 1946 1898 1897
f 1947 1899 1898
f 1947 1900 1899
f 1947 1901 1900
f 1947 1902 1901
f 1948 1903 1902
f 1948 1904 1903
f 1948 1905 1904
f 1948 1906 1905
f 1941 1942 1887
f 1942 1943 1887
f 1943 1944 1887
f 1944 1945 1889
f 1945 1946 1894
f 1946 1947 1898
f 1947 1948 1902
f 1949 1907 1906
f 1949 1908 1907
f 1949 1909 1908
f 1949 1910 1909
f 1950 1911 1910
f 1950 1912 1911
f 1950 1913 1912
f 1948 1949 1906
f 1949 1950 1910
f 1950 1951 1913
f 1951 1952 1913
f 1952 1953 1917
f 1953 1954 1921
f 1954 1955 1925
f 1955 1956 1929
f 1956 1957 1934
f 1952 1914 1913
f 1952 1915 1914
f 1952 1916 1915
f 1952 1917 1916
f 1953 1919 1918
f 1953 1918 1917
f 1953 1920 1919
f 1953 1921 1920
f 1954 1922 1921
f 1954 1924 1923
f 1954 1923 1922
f 1954 1925 1924
f 1955 1926 1925
f 1955 1928 1927
f 1955 1927 1926
f 1955 1929 1928
f 1956 1930 1929
f 1956 1932 1931
f 1956 1931 1930
f 1956 1934 1933
f 1956 1933 1932
f 1957 1935 1934
f 1957 1958 1935
f 1958 1959 1935
f 1959 1960 1935
f 1960 1961 1935
f 1961 1962 1935
f 1962 1963 1935
f 1963 1964 1935
f 1964 1965 1935
f 1965 1966 1935
f 1966 1967 1935
f 1967 1968 1935
f 1968 1969 1935
f 1969 1970 1935
f 1970 1971 1935
f 1971 1972 1935
f 1972 1973 1935
f 1973 2023 1935
f 2033 2317 2316
f 2033 2318 2317
f 2033 2516 2318
f 2033 2517 2516
f 2033 2518 2517
f 2033 2519 2518
f 2033 2520 2519
f 2033 2521 2520
f 2033 2522 2521
f 2033 2523 2522
f 1973 2024 2023
f 1973 2025 2024
f 1973 2026 2025
f 1973 2027 2026
f 1973 2070 2027
f 1973 2586 2071
f 1973 2071 2070
f 2031 2568 2035
f 2032 2569 2031
f 2034 2566 2033
f 2035 2567 2034
f 2036 2570 2032
f 2037 2571 2036
f 2038 2572 2037
f 2039 2573 2038
f 2040 2574 2039
f 2041 2575 2040
f 2042 2576 2041
f 2043 2577 2042
f 2044 2578 2043
f 2046 2579 2044
f 2045 2580 2046
f 2047 2581 2045
f 2048 2582 2047
f 2049 2583 2048
f 2064 2586 2029
f 2028 2584 2049
f 2030 2585 2028
f 2029 2586 2030
f 2057 2586 2058
f 2068 2586 2066
f 2054 2586 2068
f 2058 2586 2054
f 2067 2586 2069
f 2066 2586 2067
f 2060 2586 2061
f 2069 2586 2060
f 2050 2586 2051
f 2071 2586 2050
f 2052 2586 2053
f 2051 2586 2052
f 2056 2586 2055
f 2053 2586 2056
f 2055 2586 2057
f 2065 2586 2063
f 2062 2586 2064
f 2063 2586 2062
f 2059 2586 2065
f 2061 2586 2059
f 1973 2588 2587
f 1973 2587 2586
f 1973 2591 2590
f 1973 2590 2589
f 1973 2589 2588
f 1973 2593 2592
f 1973 2592 2591
f 1973 2594 2593
f 1973 2596 2595
f 1973 2595 2594
f 1973 2597 2596
f 1973 2598 2597
f 1973 2600 2599
f 1973 2599 2598
f 1973 2601 2600
f 1973 2602 2601
f 1973 2604 2603
f 1973 2603 2602
f 1973 2606 2605
f 1973 2605 2604
f 1973 2607 2606
f 1973 2608 2607
f 1973 2610 2609
f 1973 2609 2608
f 1973 2612 2611
f 1973 2611 2610
f 1973 2614 2613
f 1973 2613 2612
f 692 2083 1430
f 692 2075 2076
f 692 2076 2077
f 692 2077 2078
f 692 2078 2079
f 692 2079 2080
f 692 2080 2081
f 692 2081 2082
f 692 2072 2073
f 692 2073 2074
f 692 2074 2075
f 692 2084 2083
f 692 2085 2084
f 692 2086 2085
f 692 2088 2087
f 692 2087 2086
f 692 2089 2088
f 692 2090 2089
f 692 2092 2091
f 692 2114 2092
f 692 2113 2112
f 692 2117 2113
f 692 2111 2115
f 692 2112 2111
f 692 2115 2114
f 692 2093 2090
f 692 2091 2093
f 692 2094 2095
f 692 2082 2094
f 692 2095 2096
f 692 2096 2097
f 692 2104 2105
f 692 2105 2099
f 692 2099 2100
f 692 2097 2098
f 692 2098 2104
f 692 2103 2118
f 692 2118 2120
f 692 2110 2106
f 692 2109 2110
f 692 2107 2108
f 692 2119 2107
f 692 2120 2119
f 692 2108 2109
f 692 2100 2101
f 692 2101 2102
f 692 2102 2103
f 692 2116 2117
f 692 2106 2116
f 740 2713 2072
f 2072 2714 2073
f 2073 2715 2074
f 2074 2716 2075
f 2075 2717 2076
f 2076 2718 2077
f 2077 2719 2078
f 2078 2720 2079
f 2079 2721 2080
f 2080 2722 2081
f 2081 2723 2082
f 2083 2084 2724
f 2084 2085 2725
f 2085 2086 2726
f 2086 2087 2727
f 2087 2088 2728
f 2088 2089 2729
f 2089 2090 2730
f 2090 2093 2731
f 2091 2092 2732
f 2091 2734 2093
f 2095 2737 2096
f 2082 2735 2094
f 2094 2736 2095
f 2096 2738 2097
f 2098 2745 2104
f 2097 2739 2098
f 2099 2741 2100
f 2100 2742 2101
f 2101 2743 2102
f 2102 2744 2103
f 2104 2746 2105
f 2099 2105 2740
f 2106 2110 2747
f 2108 2750 2109
f 2107 2749 2108
f 2109 2751 2110
f 2112 2113 2753
f 2111 2112 2752
f 2113 2117 2754
f 2114 2115 2755
f 2092 2114 2733
f 2111 2756 2115
f 2106 2757 2116
f 2116 2758 2117
f 2103 2759 2118
f 2118 2761 2120
f 2119 2120 2760
f 2107 2119 2748
f 1267 1722 2204
f 1267 2202 2170
f 1267 2171 2172
f 1267 2170 2171
f 1267 2203 2201
f 1267 2204 2203
f 1267 2201 2202
f 1268 2175 2176
f 1267 2172 2175
f 1269 2176 2177
f 1271 2173 2174
f 1270 2177 2173
f 1272 2174 2180
f 1273 2180 2178
f 1275 2179 2181
f 1274 2178 2179
f 1276 2181 2182
f 1277 2182 2183
f 1722 2199 2204
f 1722 2198 2199
f 1722 2200 2198
f 1722 2205 2206
f 1722 2208 2205
f 1722 2184 2207
f 1722 2207 2208
f 1722 2187 2186
f 1722 2188 2187
f 1722 2189 2188
f 1722 2185 2184
f 1722 2186 2185
f 1722 2190 2189
f 1722 2191 2190
f 1722 2193 2191
f 1722 2192 2193
f 1722 2194 2192
f 1722 2195 2194
f 1722 2196 2195
f 1722 2197 2196
f 1722 2206 2200
f 1280 2213 2209
f 1281 2209 2210
f 1282 2210 2211
f 1279 2212 2213
f 1278 2183 2212
f 1725 2215 2214
f 1726 2216 2215
f 1722 2217 2197
f 1723 2218 2217
f 1724 2214 2218
f 1726 2297 2216
f 1283 2211 2368
f 2216 2251 2250
f 2216 2248 2251
f 2216 2247 2248
f 2216 2246 2247
f 2216 2245 2246
f 2216 2249 2245
f 2216 2297 2249
f 2216 2264 2265
f 2216 2263 2264
f 2216 2262 2263
f 2216 2261 2262
f 2216 2260 2261
f 2216 2259 2260
f 2216 2257 2258
f 2216 2256 2257
f 2216 2255 2256
f 2216 2244 2255
f 2216 2243 2244
f 2216 2252 2243
f 2216 2254 2252
f 2216 2253 2254
f 2216 2250 2253
f 2216 2258 2259
f 2216 2265 2266
f 1371 2369 2370
f 2368 2369 1370
f 1371 2370 2371
f 1364 2372 2373
f 1364 2371 2372
f 1365 2373 2374
f 1365 2374 2375
f 1367 2376 2377
f 1367 2375 2376
f 1369 2377 2378
f 1369 2378 2379
f 1377 2380 2381
f 1377 2379 2380
f 1373 2381 2382
f 1374 2382 2383
f 1379 2384 2385
f 1375 2383 2384
f 1379 2385 2386
f 1380 2387 2388
f 1380 2386 2387
f 1339 2388 2389
f 1340 2389 2390
f 1340 2390 2391
f 1362 2392 2393
f 1362 2391 2392
f 1362 2393 2394
f 1361 2395 2396
f 1359 2394 2395
f 1354 2397 2398
f 1361 2396 2397
f 1352 2399 2400
f 1352 2398 2399
f 1352 2400 2401
f 1355 2402 2403
f 1357 2401 2402
f 1355 2403 2404
f 1349 2406 2407
f 1355 2405 2406
f 1355 2404 2405
f 1349 2407 2408
f 1349 2408 2409
f 1349 2409 2410
f 1349 2410 2411
f 1349 2411 2412
f 1349 2412 2413
f 1349 2413 2414
f 1349 2414 2415
f 2758 1344 1345
f 2758 1345 1346
f 2758 1346 1348
f 2758 1348 1349
f 2754 1349 2415
f 2754 2415 2416
f 2747 1333 1334
f 2757 1335 1336
f 2757 1336 1337
f 2747 1334 1335
f 2757 1337 1350
f 2757 1350 1351
f 2757 1341 1342
f 2757 1351 1341
f 2757 1342 1343
f 2757 1343 1344
f 1973 2083 2724
f 2526 2566 2527
f 2525 2566 2526
f 2524 2566 2525
f 2523 2566 2524
f 2535 2566 2536
f 2534 2566 2535
f 2533 2566 2534
f 2532 2566 2533
f 2531 2566 2532
f 2530 2566 2531
f 2529 2566 2530
f 2528 2566 2529
f 2527 2566 2528
f 2537 2566 2538
f 2536 2566 2537
f 2547 2566 2548
f 2546 2566 2547
f 2545 2566 2546
f 2544 2566 2545
f 2543 2566 2544
f 2542 2566 2543
f 2541 2566 2542
f 2540 2566 2541
f 2539 2566 2540
f 2538 2566 2539
f 2556 2566 2557
f 2555 2566 2556
f 2554 2566 2555
f 2553 2566 2554
f 2552 2566 2553
f 2551 2566 2552
f 2550 2566 2551
f 2549 2566 2550
f 2548 2566 2549
f 2563 2566 2564
f 2562 2566 2563
f 2561 2566 2562
f 2560 2566 2561
f 2559 2566 2560
f 2558 2566 2559
f 2557 2566 2558
f 2564 2566 2565
f 2033 2566 2523
f 2034 2567 2566
f 2035 2568 2567
f 2031 2569 2568
f 2032 2570 2569
f 2036 2571 2570
f 2037 2572 2571
f 2038 2573 2572
f 2039 2574 2573
f 2040 2575 2574
f 2041 2576 2575
f 2042 2577 2576
f 2043 2578 2577
f 2044 2579 2578
f 2046 2580 2579
f 2045 2581 2580
f 2047 2582 2581
f 2048 2583 2582
f 2049 2584 2583
f 2028 2585 2584
f 2030 2586 2585
f 1973 2724 2614
f 2072 2713 2714
f 2073 2714 2715
f 2074 2715 2716
f 2075 2716 2717
f 2076 2717 2718
f 2077 2718 2719
f 2078 2719 2720
f 2079 2720 2721
f 2080 2721 2722
f 2081 2722 2723
f 2084 2725 2724
f 2085 2726 2725
f 2086 2727 2726
f 2087 2728 2727
f 2088 2729 2728
f 2089 2730 2729
f 2090 2731 2730
f 2092 2733 2732
f 2093 2734 2731
f 2091 2732 2734
f 2082 2723 2735
f 2094 2735 2736
f 2095 2736 2737
f 2096 2737 2738
f 2097 2738 2739
f 2098 2739 2745
f 2099 2740 2741
f 2101 2742 2743
f 2100 2741 2742
f 2102 2743 2744
f 2104 2745 2746
f 2105 2746 2740
f 2110 2751 2747
f 2107 2748 2749
f 2108 2749 2750
f 2109 2750 2751
f 2111 2752 2756
f 2117 2758 2754
f 2112 2753 2752
f 2113 2754 2753
f 2114 2755 2733
f 2115 2756 2755
f 2116 2757 2758
f 2106 2747 2757
f 2103 2744 2759
f 2118 2759 2761
f 2120 2761 2760
f 2119 2760 2748
f 2754 2416 2667
f 2715 1333 2716
f 2713 1333 2714
f 2714 1333 2715
f 2716 1333 2717
f 2717 1333 2718
f 2718 1333 2719
f 2719 1333 2720
f 2720 1333 2721
f 2721 1333 2722
f 2722 1333 2723
f 2723 1333 2735
f 2745 1333 2746
f 2741 1333 2742
f 2740 2746 1333
f 2740 1333 2741
f 2747 1335 2757
f 2750 1333 2751
f 2747 2751 1333
f 2744 1333 2759
f 2760 2761 1333
f 2759 1333 2761
f 2742 1333 2743
f 2743 1333 2744
f 2748 2760 1333
f 2748 1333 2749
f 2749 1333 2750
f 2735 1333 2736
f 2736 1333 2737
f 2737 1333 2738
f 2738 1333 2739
f 2739 1333 2745
f 2754 2758 1349
f 2757 1344 2758
f 2724 2701 2614
f 2732 2667 2668
f 2732 2668 2669
f 2726 2686 2707
f 2727 2687 2686
f 2727 2693 2688
f 2727 2688 2687
f 2727 2694 2693
f 2728 2692 2694
f 2728 2696 2695
f 2728 2695 2692
f 2729 2699 2691
f 2729 2700 2698
f 2729 2698 2697
f 2729 2697 2699
f 2728 2691 2696
f 2734 2674 2676
f 2734 2676 2675
f 2734 2675 2678
f 2734 2678 2679
f 2734 2679 2677
f 2734 2677 2682
f 2734 2682 2683
f 2732 2669 2670
f 2732 2670 2671
f 2732 2671 2672
f 2732 2672 2673
f 2732 2673 2664
f 2732 2664 2665
f 2732 2665 2666
f 2732 2666 2674
f 2730 2708 2712
f 2730 2712 2711
f 2730 2711 2689
f 2731 2709 2710
f 2731 2710 2708
f 2731 2684 2685
f 2731 2685 2680
f 2731 2680 2681
f 2731 2681 2709
f 2734 2683 2684
f 2730 2689 2690
f 2730 2690 2700
f 2725 2702 2701
f 2725 2703 2702
f 2725 2704 2703
f 2726 2705 2704
f 2726 2707 2706
f 2726 2706 2705
f 2732 2733 2667
f 2733 2755 2667
f 2726 2727 2686
f 2727 2728 2694
f 2728 2729 2691
f 2724 2725 2701
f 2725 2726 2704
f 2731 2734 2684
f 2729 2730 2700
f 2730 2731 2708
f 2732 2674 2734
f 2755 2756 2667
f 2752 2667 2756
f 2752 2753 2667
f 2753 2754 2667
f 75 295 76
f 76 295 55
f 55 295 56
f 56 295 57
f 57 295 58
f 58 295 59
f 59 295 60
f 60 295 61
f 50 54 295
f 51 50 295
f 51 295 72
f 64 295 65
f 66 295 67
f 67 295 70
f 63 65 295
f 63 295 71
f 66 71 295
f 73 295 62
f 72 295 73
f 64 62 295
f 81 77 295
f 81 295 82
f 52 295 54
f 52 53 295
f 82 295 53
f 78 295 79
f 77 79 295
f 80 295 78
f 80 85 295
f 68 70 295
f 68 295 69
f 69 295 74
f 75 74 295
f 83 84 295
f 87 295 84
f 86 295 87
f 86 88 295
f 96 97 295
f 88 96 295
f 97 98 295
f 98 89 295
f 89 90 295
f 90 91 295
f 91 92 295
f 92 93 295
f 93 94 295
f 94 95 295
f 85 83 295
f 95 393 295
f 51 72 170
f 51 149 50
f 52 150 53
f 82 53 151
f 50 148 54
f 52 54 152
f 76 55 153
f 55 56 154
f 56 57 155
f 57 58 156
f 58 59 157
f 59 60 158
f 60 61 159
f 64 162 62
f 63 161 65
f 63 71 169
f 64 65 163
f 66 67 165
f 67 70 168
f 68 69 167
f 68 166 70
f 66 164 71
f 72 73 171
f 73 62 160
f 69 74 172
f 75 173 74
f 75 76 174
f 77 175 79
f 80 78 176
f 78 79 177
f 80 178 85
f 81 82 180
f 81 179 77
f 83 181 84
f 87 84 182
f 85 183 83
f 86 87 185
f 86 184 88
f 88 186 96
f 89 187 90
f 90 188 91
f 91 189 92
f 92 190 93
f 93 191 94
f 94 192 95
f 96 194 97
f 97 195 98
f 98 196 89
f 51 170 149
f 50 149 148
f 82 151 180
f 53 150 151
f 54 148 152
f 52 152 150
f 55 154 153
f 56 155 154
f 57 156 155
f 58 157 156
f 59 158 157
f 60 159 158
f 62 162 160
f 65 161 163
f 63 169 161
f 64 163 162
f 66 165 164
f 67 168 165
f 68 167 166
f 69 172 167
f 70 166 168
f 71 164 169
f 72 171 170
f 73 160 171
f 74 173 172
f 75 174 173
f 76 153 174
f 79 175 177
f 78 177 176
f 80 176 178
f 85 178 183
f 81 180 179
f 77 179 175
f 84 181 182
f 87 182 185
f 83 183 181
f 86 185 184
f 88 184 186
f 89 196 187
f 91 188 189
f 90 187 188
f 92 189 190
f 93 190 191
f 94 191 192
f 95 192 193
f 96 186 194
f 97 194 195
f 98 195 196
f 61 344 159
f 95 193 285
f 285 215 216
f 285 236 215
f 285 234 236
f 285 216 217
f 285 217 218
f 285 218 219
f 285 235 234
f 285 219 220
f 285 220 221
f 285 221 222
f 285 222 223
f 285 223 224
f 285 224 225
f 285 225 226
f 285 226 442
f 232 197 237
f 197 198 239
f 213 253 199
f 198 202 242
f 200 241 202
f 200 201 240
f 199 238 201
f 214 203 243
f 203 204 244
f 204 205 245
f 205 206 246
f 206 211 251
f 207 248 212
f 207 208 249
f 208 209 250
f 210 252 211
f 210 212 247
f 213 214 254
f 215 256 216
f 217 216 255
f 217 257 218
f 218 258 219
f 219 259 220
f 220 260 221
f 222 221 261
f 222 262 223
f 223 263 224
f 224 264 225
f 225 265 226
f 226 266 442
f 232 272 228
f 227 270 233
f 228 267 230
f 229 268 231
f 229 230 269
f 227 231 271
f 233 273 235
f 234 235 275
f 236 276 215
f 234 274 236
f 197 239 237
f 199 253 238
f 198 242 239
f 201 238 240
f 200 240 241
f 202 241 242
f 203 244 243
f 204 245 244
f 205 246 245
f 206 251 246
f 212 248 247
f 207 249 248
f 208 250 249
f 211 252 251
f 210 247 252
f 213 254 253
f 214 243 254
f 216 256 255
f 217 255 257
f 218 257 258
f 219 258 259
f 220 259 260
f 221 260 261
f 222 261 262
f 223 262 263
f 224 263 264
f 225 264 265
f 226 265 266
f 442 266 469
f 233 270 273
f 228 272 267
f 229 269 268
f 230 267 269
f 227 271 270
f 231 268 271
f 232 237 272
f 234 275 274
f 235 273 275
f 236 274 276
f 215 276 256
f 285 201 200
f 285 210 211
f 285 205 204
f 285 213 199
f 285 199 201
f 285 214 213
f 285 203 214
f 285 204 203
f 285 206 205
f 285 211 206
f 285 198 197
f 285 202 198
f 285 228 230
f 285 232 228
f 285 197 232
f 285 227 233
f 285 231 227
f 285 229 231
f 285 230 229
f 285 200 202
f 285 212 210
f 207 212 285
f 207 285 208
f 208 285 209
f 209 285 277
f 277 285 278
f 278 285 279
f 279 285 280
f 280 285 281
f 281 285 282
f 282 285 283
f 283 285 284
f 285 233 235
f 209 277 286
f 277 278 287
f 278 279 288
f 279 280 289
f 280 281 290
f 281 282 291
f 282 283 292
f 283 284 293
f 284 285 294
f 285 193 294
f 209 286 250
f 277 287 286
f 278 288 287
f 279 289 288
f 280 290 289
f 281 291 290
f 282 292 291
f 283 293 292
f 284 294 293
f 295 297 296
f 295 298 297
f 295 299 298
f 295 300 299
f 295 301 300
f 295 302 301
f 295 303 302
f 295 304 303
f 295 305 304
f 295 306 305
f 295 307 306
f 295 308 307
f 295 309 308
f 295 310 309
f 295 311 310
f 295 312 311
f 295 313 312
f 295 314 313
f 295 315 314
f 295 316 315
f 295 317 316
f 295 318 317
f 295 319 318
f 295 320 319
f 295 321 320
f 295 322 321
f 295 323 322
f 295 324 323
f 295 325 324
f 295 326 325
f 295 327 326
f 295 328 327
f 295 329 328
f 295 330 329
f 295 331 330
f 295 332 331
f 295 333 332
f 295 334 333
f 295 335 334
f 295 336 335
f 295 337 336
f 295 338 337
f 295 339 338
f 295 340 339
f 295 341 340
f 295 342 341
f 295 343 342
f 295 596 343
f 61 295 344
f 295 296 345
f 296 297 346
f 297 298 347
f 298 299 348
f 299 300 349
f 300 301 350
f 301 302 351
f 302 303 352
f 303 304 353
f 304 305 354
f 305 306 355
f 306 307 356
f 307 308 357
f 308 309 358
f 309 310 359
f 310 311 360
f 311 312 361
f 312 313 362
f 313 314 363
f 314 315 364
f 315 316 365
f 316 317 366
f 317 318 367
f 318 319 368
f 319 320 369
f 320 321 370
f 321 322 371
f 322 323 372
f 323 324 373
f 324 325 374
f 325 326 375
f 326 327 376
f 327 328 377
f 328 329 378
f 329 330 379
f 330 331 380
f 331 332 381
f 332 333 382
f 333 334 383
f 334 335 384
f 335 336 385
f 336 337 386
f 337 338 387
f 338 339 388
f 339 340 389
f 340 341 390
f 341 342 391
f 342 343 392
f 295 345 344
f 296 346 345
f 297 347 346
f 298 348 347
f 299 349 348
f 300 350 349
f 301 351 350
f 302 352 351
f 303 353 352
f 304 354 353
f 305 355 354
f 306 356 355
f 307 357 356
f 308 358 357
f 309 359 358
f 310 360 359
f 311 361 360
f 312 362 361
f 313 363 362
f 314 364 363
f 315 365 364
f 316 366 365
f 317 367 366
f 318 368 367
f 319 369 368
f 320 370 369
f 321 371 370
f 322 372 371
f 323 373 372
f 324 374 373
f 325 375 374
f 326 376 375
f 327 377 376
f 328 378 377
f 329 379 378
f 330 380 379
f 331 381 380
f 332 382 381
f 333 383 382
f 334 384 383
f 335 385 384
f 336 386 385
f 337 387 386
f 338 388 387
f 339 389 388
f 340 390 389
f 341 391 390
f 342 392 391
f 343 645 392
f 295 393 394
f 295 394 395
f 295 395 396
f 295 396 397
f 295 397 398
f 295 398 399
f 295 399 400
f 295 400 401
f 295 401 402
f 295 402 403
f 295 403 404
f 295 404 405
f 295 405 406
f 295 406 407
f 295 407 408
f 295 408 409
f 295 409 410
f 295 410 411
f 295 411 412
f 295 412 413
f 295 413 414
f 295 414 415
f 295 415 416
f 295 416 417
f 295 417 418
f 295 418 419
f 295 419 420
f 295 420 421
f 295 421 422
f 295 422 423
f 295 423 424
f 295 424 425
f 295 425 426
f 295 426 427
f 295 427 428
f 295 428 429
f 295 429 430
f 295 430 431
f 295 431 432
f 295 432 433
f 295 433 434
f 295 434 435
f 295 435 436
f 295 436 437
f 295 437 438
f 295 438 439
f 295 439 440
f 295 440 441
f 95 285 393
f 393 285 534
f 285 442 443
f 442 469 443
f 285 443 444
f 285 444 445
f 285 445 446
f 285 446 447
f 285 447 448
f 285 448 449
f 285 449 450
f 285 450 451
f 285 451 452
f 285 452 453
f 285 453 454
f 285 454 455
f 285 455 456
f 285 456 457
f 285 457 458
f 443 470 444
f 444 471 445
f 445 472 446
f 446 473 447
f 447 474 448
f 448 475 449
f 449 476 450
f 450 477 451
f 451 478 452
f 452 479 453
f 453 480 454
f 454 481 455
f 455 482 456
f 456 483 457
f 457 484 458
f 458 485 459
f 459 486 460
f 460 487 461
f 461 488 462
f 462 489 463
f 463 490 464
f 464 491 465
f 465 492 466
f 466 493 467
f 467 494 468
f 468 495 496
f 443 469 470
f 444 470 471
f 445 471 472
f 446 472 473
f 447 473 474
f 448 474 475
f 449 475 476
f 450 476 477
f 451 477 478
f 452 478 479
f 453 479 480
f 454 480 481
f 455 481 482
f 456 482 483
f 457 483 484
f 458 484 485
f 459 485 486
f 460 486 487
f 461 487 488
f 462 488 489
f 463 489 490
f 464 490 491
f 465 491 492
f 466 492 493
f 467 493 494
f 468 494 495
f 496 495 511
f 285 458 459
f 285 459 460
f 285 460 461
f 285 461 462
f 285 462 463
f 285 463 464
f 285 464 465
f 285 465 466
f 285 466 467
f 285 467 468
f 285 468 496
f 285 496 497
f 285 497 498
f 285 498 499
f 285 499 500
f 285 500 501
f 285 501 502
f 285 502 503
f 285 503 504
f 285 504 505
f 285 505 506
f 285 506 507
f 285 507 508
f 285 508 509
f 285 509 510
f 285 510 526
f 285 526 527
f 285 527 528
f 285 528 529
f 285 529 530
f 285 530 531
f 285 531 532
f 285 532 533
f 285 533 534
f 496 511 497
f 497 512 498
f 498 513 499
f 499 514 500
f 500 515 501
f 501 516 502
f 502 517 503
f 503 518 504
f 504 519 505
f 505 520 506
f 506 521 507
f 507 522 508
f 508 523 509
f 509 524 510
f 497 511 512
f 498 512 513
f 499 513 514
f 500 514 515
f 501 515 516
f 502 516 517
f 503 517 518
f 504 518 519
f 505 519 520
f 506 520 521
f 507 521 522
f 508 522 523
f 509 523 524
f 510 524 525
f 510 525 526
f 526 535 527
f 527 536 528
f 528 537 529
f 529 538 530
f 530 539 531
f 531 540 532
f 532 541 533
f 533 542 534
f 526 525 535
f 527 535 536
f 528 536 537
f 529 537 538
f 530 538 539
f 531 539 540
f 532 540 541
f 533 541 542
f 534 542 543
f 534 543 544
f 393 534 544
f 393 545 394
f 394 546 395
f 395 547 396
f 396 548 397
f 397 549 398
f 398 550 399
f 399 551 400
f 400 552 401
f 401 553 402
f 402 554 403
f 403 555 404
f 404 556 405
f 405 557 406
f 406 558 407
f 407 559 408
f 408 560 409
f 409 561 410
f 410 562 411
f 411 563 412
f 412 564 413
f 413 565 414
f 414 566 415
f 415 567 416
f 416 568 417
f 417 569 418
f 418 570 419
f 419 571 420
f 420 572 421
f 421 573 422
f 422 574 423
f 423 575 424
f 424 576 425
f 425 577 426
f 426 578 427
f 427 579 428
f 428 580 429
f 429 581 430
f 430 582 431
f 431 583 432
f 432 584 433
f 433 585 434
f 434 586 435
f 435 587 436
f 436 588 437
f 437 589 438
f 438 590 439
f 439 591 440
f 440 592 441
f 393 544 545
f 394 545 546
f 395 546 547
f 396 547 548
f 397 548 549
f 398 549 550
f 399 550 551
f 400 551 552
f 401 552 553
f 402 553 554
f 403 554 555
f 404 555 556
f 405 556 557
f 406 557 558
f 407 558 559
f 408 559 560
f 409 560 561
f 410 561 562
f 411 562 563
f 412 563 564
f 413 564 565
f 414 565 566
f 415 566 567
f 416 567 568
f 417 568 569
f 418 569 570
f 419 570 571
f 420 571 572
f 421 572 573
f 422 573 574
f 423 574 575
f 424 575 576
f 425 576 577
f 426 577 578
f 427 578 579
f 428 579 580
f 429 580 581
f 430 581 582
f 431 582 583
f 432 583 584
f 433 584 585
f 434 585 586
f 435 586 587
f 436 587 588
f 437 588 589
f 438 589 590
f 439 590 591
f 440 591 592
f 441 592 593
f 441 593 601
f 295 441 601
f 295 615 595
f 295 597 596
f 295 598 597
f 295 594 598
f 295 595 594
f 295 616 615
f 295 617 616
f 295 618 617
f 295 620 618
f 295 621 619
f 295 619 620
f 295 623 622
f 295 622 621
f 295 628 627
f 295 627 626
f 295 624 623
f 295 625 624
f 295 626 625
f 295 604 605
f 295 605 628
f 295 607 606
f 295 612 607
f 295 606 604
f 295 601 602
f 295 602 603
f 295 603 599
f 295 629 630
f 295 630 631
f 295 599 600
f 295 600 629
f 295 639 635
f 295 637 640
f 295 635 636
f 295 636 637
f 295 613 614
f 295 614 612
f 295 608 609
f 295 609 613
f 295 611 608
f 295 640 641
f 295 641 642
f 295 642 610
f 295 610 611
f 295 631 633
f 295 633 634
f 295 634 632
f 295 632 638
f 295 638 639
f 343 596 645
f 601 593 650
f 598 594 643
f 594 595 644
f 595 615 664
f 596 597 646
f 597 598 647
f 600 599 648
f 600 649 629
f 601 650 602
f 602 651 603
f 603 652 599
f 628 605 653
f 604 654 605
f 604 606 655
f 606 607 656
f 610 642 691
f 608 658 609
f 610 659 611
f 608 611 660
f 612 614 663
f 612 661 607
f 613 662 614
f 609 657 613
f 615 616 665
f 616 617 666
f 617 618 667
f 620 669 618
f 620 619 668
f 619 621 670
f 621 622 671
f 623 672 622
f 623 624 673
f 625 674 624
f 625 626 675
f 626 627 676
f 628 677 627
f 629 678 630
f 630 679 631
f 631 680 633
f 634 683 632
f 634 633 682
f 635 684 636
f 637 686 640
f 636 685 637
f 632 681 638
f 638 687 639
f 635 639 688
f 640 689 641
f 641 690 642
f 594 644 643
f 595 664 644
f 596 646 645
f 597 647 646
f 598 643 647
f 599 652 648
f 600 648 649
f 629 649 678
f 602 650 651
f 603 651 652
f 628 653 677
f 605 654 653
f 604 655 654
f 606 656 655
f 610 691 659
f 609 658 657
f 608 660 658
f 611 659 660
f 612 663 661
f 614 662 663
f 613 657 662
f 607 661 656
f 615 665 664
f 616 666 665
f 617 667 666
f 618 669 667
f 620 668 669
f 619 670 668
f 621 671 670
f 622 672 671
f 623 673 672
f 625 675 674
f 624 674 673
f 626 676 675
f 627 677 676
f 630 678 679
f 631 679 680
f 632 683 681
f 633 680 682
f 634 682 683
f 636 684 685
f 640 686 689
f 637 685 686
f 638 681 687
f 635 688 684
f 639 687 688
f 641 689 690
f 642 690 691
f 761 937 762
f 762 937 741
f 741 937 742
f 747 750 937
f 784 937 782
f 749 748 937
f 749 937 750
f 782 937 783
f 748 783 937
f 784 763 937
f 763 764 937
f 766 937 765
f 765 937 764
f 754 937 755
f 745 937 746
f 744 746 937
f 744 937 758
f 754 758 937
f 752 751 937
f 752 937 743
f 743 937 745
f 753 747 937
f 753 937 751
f 755 937 757
f 756 757 937
f 759 937 760
f 756 937 759
f 760 937 761
f 769 770 937
f 770 771 937
f 772 773 937
f 771 772 937
f 773 774 937
f 774 775 937
f 767 768 937
f 766 767 937
f 768 769 937
f 775 776 937
f 776 781 937
f 780 937 781
f 780 777 937
f 777 778 937
f 778 779 937
f 742 937 785
f 785 937 786
f 786 937 787
f 787 937 788
f 788 937 789
f 779 1084 937
f 762 741 790
f 741 742 791
f 744 793 746
f 743 745 794
f 745 746 795
f 753 802 747
f 748 797 783
f 749 750 798
f 747 796 750
f 749 799 748
f 752 801 751
f 752 743 792
f 753 751 800
f 754 755 804
f 756 759 808
f 755 757 806
f 756 805 757
f 754 803 758
f 744 758 807
f 759 760 809
f 760 761 810
f 761 762 811
f 763 813 764
f 765 764 812
f 766 765 814
f 768 817 769
f 766 815 767
f 767 816 768
f 769 818 770
f 771 820 772
f 770 819 771
f 772 821 773
f 773 822 774
f 774 823 775
f 775 824 776
f 776 825 781
f 777 826 778
f 778 827 779
f 780 781 829
f 780 830 777
f 784 782 831
f 782 783 832
f 784 833 763
f 742 785 834
f 785 786 835
f 786 787 836
f 787 788 837
f 788 789 838
f 741 791 790
f 746 793 795
f 745 795 794
f 743 794 792
f 747 802 796
f 783 797 832
f 748 799 797
f 749 798 799
f 750 796 798
f 751 801 800
f 752 792 801
f 753 800 802
f 754 804 803
f 756 808 805
f 757 805 806
f 755 806 804
f 744 807 793
f 758 803 807
f 759 809 808
f 761 811 810
f 760 810 809
f 762 790 811
f 764 813 812
f 766 814 815
f 765 812 814
f 769 817 818
f 767 815 816
f 768 816 817
f 770 818 819
f 771 819 820
f 773 821 822
f 772 820 821
f 774 822 823
f 775 823 824
f 776 824 825
f 781 825 829
f 777 830 826
f 778 826 827
f 779 827 828
f 780 829 830
f 782 832 831
f 784 831 833
f 763 833 813
f 742 834 791
f 785 835 834
f 786 836 835
f 787 837 836
f 788 838 837
f 789 1024 838
f 779 828 887
f 887 853 852
f 887 850 853
f 887 851 850
f 887 849 851
f 887 842 849
f 887 843 842
f 887 868 870
f 887 867 868
f 887 865 871
f 887 866 865
f 887 869 866
f 887 870 869
f 887 852 841
f 887 840 839
f 887 841 840
f 887 839 867
f 887 847 846
f 887 848 847
f 854 848 887
f 854 887 855
f 855 887 856
f 856 887 857
f 887 844 843
f 887 845 844
f 887 846 845
f 857 887 858
f 858 887 859
f 859 887 860
f 860 887 861
f 861 887 862
f 862 887 863
f 863 887 864
f 887 884 885
f 887 885 886
f 887 886 1133
f 887 871 875
f 887 878 879
f 887 875 874
f 887 873 876
f 887 872 873
f 887 874 872
f 887 876 877
f 887 877 878
f 887 879 880
f 887 880 881
f 887 881 882
f 887 882 883
f 887 883 884
f 840 841 890
f 867 839 888
f 839 840 889
f 841 852 902
f 849 842 891
f 842 843 892
f 854 903 848
f 843 844 894
f 844 845 896
f 846 847 897
f 845 846 895
f 847 848 893
f 849 898 851
f 850 851 900
f 852 853 901
f 850 899 853
f 854 855 904
f 855 856 905
f 856 857 906
f 857 858 907
f 858 859 908
f 859 860 909
f 860 861 910
f 861 862 911
f 862 863 912
f 863 864 913
f 866 919 865
f 865 914 871
f 867 915 868
f 868 916 870
f 866 869 917
f 869 870 918
f 871 920 875
f 872 925 873
f 873 921 876
f 874 875 924
f 872 874 923
f 877 876 922
f 880 929 881
f 877 926 878
f 878 927 879
f 879 928 880
f 882 881 930
f 882 932 883
f 883 931 884
f 884 933 885
f 885 934 886
f 886 935 1133
f 864 887 936
f 887 828 936
f 839 889 888
f 840 890 889
f 841 902 890
f 842 892 891
f 848 903 893
f 843 894 892
f 844 896 894
f 846 897 895
f 845 895 896
f 847 893 897
f 849 891 898
f 850 900 899
f 851 898 900
f 853 899 901
f 852 901 902
f 854 904 903
f 855 905 904
f 856 906 905
f 857 907 906
f 858 908 907
f 859 909 908
f 860 910 909
f 861 911 910
f 862 912 911
f 863 913 912
f 864 936 913
f 865 919 914
f 871 914 920
f 867 888 915
f 868 915 916
f 869 918 917
f 870 916 918
f 866 917 919
f 873 925 921
f 876 921 922
f 874 924 923
f 875 920 924
f 872 923 925
f 877 922 926
f 878 926 927
f 879 927 928
f 880 928 929
f 881 929 930
f 882 930 932
f 883 932 931
f 884 931 933
f 885 933 934
f 886 934 935
f 1133 935 1160
f 937 939 938
f 937 940 939
f 937 941 940
f 937 942 941
f 937 943 942
f 937 944 943
f 937 945 944
f 937 946 945
f 937 947 946
f 937 948 947
f 937 949 948
f 937 950 949
f 937 951 950
f 937 952 951
f 937 953 952
f 937 954 953
f 937 955 954
f 937 956 955
f 937 957 956
f 937 958 957
f 937 959 958
f 937 960 959
f 937 961 960
f 937 962 961
f 937 963 962
f 937 964 963
f 937 965 964
f 937 966 965
f 937 967 966
f 937 968 967
f 937 969 968
f 937 970 969
f 937 971 970
f 937 972 971
f 937 973 972
f 937 974 973
f 937 975 974
f 937 976 975
f 937 977 976
f 937 978 977
f 937 979 978
f 937 980 979
f 937 981 980
f 937 982 981
f 937 983 982
f 937 984 983
f 937 985 984
f 937 1284 985
f 789 937 1024
f 937 938 1025
f 938 939 1026
f 939 940 1027
f 940 941 1028
f 941 942 1029
f 942 943 1030
f 943 944 1031
f 944 945 1032
f 945 946 1033
f 946 947 1034
f 947 948 1035
f 948 949 1036
f 949 950 1037
f 950 951 1038
f 951 952 1039
f 952 953 1040
f 953 954 1041
f 954 955 1042
f 955 956 1043
f 956 957 1044
f 957 958 1045
f 958 959 1046
f 959 960 1047
f 960 961 1048
f 961 962 1049
f 962 963 1050
f 963 964 1051
f 964 965 1052
f 965 966 1053
f 966 967 1054
f 967 968 1055
f 968 969 1056
f 969 970 1057
f 970 971 1058
f 971 972 1059
f 972 973 1060
f 973 974 1061
f 974 975 1062
f 975 976 1063
f 976 977 1064
f 977 978 1065
f 978 979 1066
f 979 980 1067
f 980 981 1068
f 981 982 1069
f 982 983 1070
f 983 984 1071
f 984 985 1072
f 937 1025 1024
f 938 1026 1025
f 939 1027 1026
f 940 1028 1027
f 941 1029 1028
f 942 1030 1029
f 943 1031 1030
f 944 1032 1031
f 945 1033 1032
f 946 1034 1033
f 947 1035 1034
f 948 1036 1035
f 949 1037 1036
f 950 1038 1037
f 951 1039 1038
f 952 1040 1039
f 953 1041 1040
f 954 1042 1041
f 955 1043 1042
f 956 1044 1043
f 957 1045 1044
f 958 1046 1045
f 959 1047 1046
f 960 1048 1047
f 961 1049 1048
f 962 1050 1049
f 963 1051 1050
f 964 1052 1051
f 965 1053 1052
f 966 1054 1053
f 967 1055 1054
f 968 1056 1055
f 969 1057 1056
f 970 1058 1057
f 971 1059 1058
f 972 1060 1059
f 973 1061 1060
f 974 1062 1061
f 975 1063 1062
f 976 1064 1063
f 977 1065 1064
f 978 1066 1065
f 979 1067 1066
f 980 1068 1067
f 981 1069 1068
f 982 1070 1069
f 983 1071 1070
f 984 1072 1071
f 985 1333 1072
f 937 1084 1085
f 937 1085 1086
f 937 1086 1087
f 937 1087 1088
f 937 1088 1089
f 937 1089 1090
f 937 1090 1091
f 937 1091 1092
f 937 1092 1093
f 937 1093 1094
f 937 1094 1095
f 937 1095 1096
f 937 1096 1097
f 937 1097 1098
f 937 1098 1099
f 937 1099 1100
f 937 1100 1101
f 937 1101 1102
f 937 1102 1103
f 937 1103 1104
f 937 1104 1105
f 937 1105 1106
f 937 1106 1107
f 937 1107 1108
f 937 1108 1109
f 937 1109 1110
f 937 1110 1111
f 937 1111 1112
f 937 1112 1113
f 937 1113 1114
f 937 1114 1115
f 937 1115 1116
f 937 1116 1117
f 937 1117 1118
f 937 1118 1119
f 937 1119 1120
f 937 1120 1121
f 937 1121 1122
f 937 1122 1123
f 937 1123 1124
f 937 1124 1125
f 937 1125 1126
f 937 1126 1127
f 937 1127 1128
f 937 1128 1129
f 937 1129 1130
f 937 1130 1131
f 937 1131 1132
f 779 887 1084
f 1084 887 1210
f 887 1133 1134
f 1133 1160 1134
f 887 1134 1135
f 887 1135 1136
f 887 1136 1137
f 887 1137 1138
f 887 1138 1139
f 887 1139 1140
f 887 1140 1141
f 887 1141 1142
f 887 1142 1143
f 887 1143 1144
f 887 1144 1145
f 887 1145 1146
f 887 1146 1147
f 887 1147 1148
f 887 1148 1149
f 887 1149 1150
f 887 1150 1151
f 887 1151 1152
f 887 1152 1153
f 887 1153 1154
f 887 1154 1155
f 887 1155 1156
f 887 1156 1157
f 887 1157 1158
f 887 1158 1159
f 887 1159 1187
f 887 1187 1188
f 887 1188 1189
f 887 1189 1190
f 887 1190 1191
f 887 1191 1192
f 887 1192 1193
f 887 1193 1194
f 887 1194 1195
f 887 1195 1196
f 887 1196 1197
f 887 1197 1198
f 887 1198 1199
f 887 1199 1200
f 887 1200 1201
f 887 1201 1202
f 887 1202 1203
f 887 1203 1204
f 887 1204 1205
f 887 1205 1206
f 887 1206 1207
f 887 1207 1208
f 887 1208 1209
f 887 1209 1210
f 1134 1161 1135
f 1135 1162 1136
f 1136 1163 1137
f 1137 1164 1138
f 1138 1165 1139
f 1139 1166 1140
f 1140 1167 1141
f 1141 1168 1142
f 1142 1169 1143
f 1143 1170 1144
f 1144 1171 1145
f 1145 1172 1146
f 1146 1173 1147
f 1147 1174 1148
f 1148 1175 1149
f 1149 1176 1150
f 1150 1177 1151
f 1151 1178 1152
f 1152 1179 1153
f 1153 1180 1154
f 1154 1181 1155
f 1155 1182 1156
f 1156 1183 1157
f 1157 1184 1158
f 1158 1185 1159
f 1159 1186 1187
f 1134 1160 1161
f 1135 1161 1162
f 1136 1162 1163
f 1137 1163 1164
f 1138 1164 1165
f 1139 1165 1166
f 1140 1166 1167
f 1141 1167 1168
f 1142 1168 1169
f 1143 1169 1170
f 1144 1170 1171
f 1145 1171 1172
f 1146 1172 1173
f 1147 1173 1174
f 1148 1174 1175
f 1149 1175 1176
f 1150 1176 1177
f 1151 1177 1178
f 1152 1178 1179
f 1153 1179 1180
f 1154 1180 1181
f 1155 1181 1182
f 1156 1182 1183
f 1157 1183 1184
f 1158 1184 1185
f 1159 1185 1186
f 1187 1186 1211
f 1187 1211 1188
f 1188 1212 1189
f 1189 1213 1190
f 1190 1214 1191
f 1191 1215 1192
f 1192 1216 1193
f 1193 1217 1194
f 1194 1218 1195
f 1195 1219 1196
f 1196 1220 1197
f 1197 1221 1198
f 1198 1222 1199
f 1199 1223 1200
f 1200 1224 1201
f 1201 1225 1202
f 1202 1226 1203
f 1203 1227 1204
f 1204 1228 1205
f 1205 1229 1206
f 1206 1230 1207
f 1207 1231 1208
f 1208 1232 1209
f 1209 1233 1210
f 1188 1211 1212
f 1189 1212 1213
f 1190 1213 1214
f 1191 1214 1215
f 1192 1215 1216
f 1193 1216 1217
f 1194 1217 1218
f 1195 1218 1219
f 1196 1219 1220
f 1197 1220 1221
f 1198 1221 1222
f 1199 1222 1223
f 1200 1223 1224
f 1201 1224 1225
f 1202 1225 1226
f 1203 1226 1227
f 1204 1227 1228
f 1205 1228 1229
f 1206 1229 1230
f 1207 1230 1231
f 1208 1231 1232
f 1209 1232 1233
f 1210 1233 1234
f 1210 1234 1235
f 1084 1210 1235
f 1084 1235 1085
f 1085 1236 1086
f 1086 1237 1087
f 1087 1238 1088
f 1088 1239 1089
f 1089 1240 1090
f 1090 1241 1091
f 1091 1242 1092
f 1092 1243 1093
f 1093 1244 1094
f 1094 1245 1095
f 1095 1246 1096
f 1096 1247 1097
f 1097 1248 1098
f 1098 1249 1099
f 1099 1250 1100
f 1100 1251 1101
f 1101 1252 1102
f 1102 1253 1103
f 1103 1254 1104
f 1104 1255 1105
f 1105 1256 1106
f 1106 1257 1107
f 1107 1258 1108
f 1108 1259 1109
f 1109 1260 1110
f 1110 1261 1111
f 1111 1262 1112
f 1112 1263 1113
f 1113 1264 1114
f 1114 1265 1115
f 1115 1266 1116
f 1116 1267 1117
f 1117 1268 1118
f 1118 1269 1119
f 1119 1270 1120
f 1120 1271 1121
f 1121 1272 1122
f 1122 1273 1123
f 1123 1274 1124
f 1124 1275 1125
f 1125 1276 1126
f 1126 1277 1127
f 1127 1278 1128
f 1128 1279 1129
f 1129 1280 1130
f 1130 1281 1131
f 1131 1282 1132
f 1085 1235 1236
f 1086 1236 1237
f 1087 1237 1238
f 1088 1238 1239
f 1089 1239 1240
f 1090 1240 1241
f 1091 1241 1242
f 1092 1242 1243
f 1093 1243 1244
f 1094 1244 1245
f 1095 1245 1246
f 1096 1246 1247
f 1097 1247 1248
f 1098 1248 1249
f 1099 1249 1250
f 1100 1250 1251
f 1101 1251 1252
f 1102 1252 1253
f 1103 1253 1254
f 1104 1254 1255
f 1105 1255 1256
f 1106 1256 1257
f 1107 1257 1258
f 1108 1258 1259
f 1109 1259 1260
f 1110 1260 1261
f 1111 1261 1262
f 1112 1262 1263
f 1113 1263 1264
f 1114 1264 1265
f 1115 1265 1266
f 1116 1266 1267
f 1117 1267 1268
f 1118 1268 1269
f 1119 1269 1270
f 1120 1270 1271
f 1121 1271 1272
f 1122 1272 1273
f 1123 1273 1274
f 1124 1274 1275
f 1125 1275 1276
f 1126 1276 1277
f 1127 1277 1278
f 1128 1278 1279
f 1129 1279 1280
f 1130 1280 1281
f 1131 1281 1282
f 1132 1282 1283
f 1132 1283 1321
f 937 1132 1321
f 937 1296 1295
f 937 1295 1294
f 937 1299 1297
f 937 1297 1296
f 937 1298 1300
f 937 1300 1299
f 937 1308 1306
f 937 1307 1298
f 937 1306 1307
f 937 1303 1309
f 937 1309 1308
f 937 1304 1305
f 937 1312 1304
f 937 1305 1303
f 937 1285 1284
f 937 1286 1285
f 937 1287 1286
f 937 1288 1287
f 937 1301 1288
f 937 1302 1301
f 937 1292 1302
f 937 1293 1292
f 937 1294 1293
f 937 1329 1324
f 937 1324 1326
f 937 1326 1325
f 937 1321 1322
f 937 1322 1323
f 937 1316 1317
f 937 1314 1315
f 937 1323 1314
f 937 1315 1316
f 937 1317 1318
f 937 1318 1319
f 937 1319 1320
f 937 1320 1327
f 937 1328 1329
f 937 1327 1328
f 937 1310 1311
f 937 1291 1289
f 937 1289 1313
f 937 1313 1310
f 937 1330 1331
f 937 1332 1290
f 937 1331 1332
f 937 1325 1330
f 937 1290 1291
f 937 1311 1312
f 985 1284 1333
f 1321 1283 1370
f 1284 1285 1334
f 1285 1286 1335
f 1286 1287 1336
f 1287 1288 1337
f 1288 1301 1350
f 1290 1339 1291
f 1332 1380 1290
f 1289 1291 1340
f 1302 1292 1341
f 1292 1293 1342
f 1293 1294 1343
f 1294 1295 1344
f 1295 1296 1345
f 1297 1299 1348
f 1297 1346 1296
f 1300 1298 1347
f 1298 1307 1356
f 1299 1300 1349
f 1301 1302 1351
f 1309 1303 1352
f 1305 1304 1353
f 1303 1305 1354
f 1306 1355 1307
f 1306 1308 1357
f 1308 1309 1358
f 1312 1311 1359
f 1310 1360 1311
f 1304 1312 1361
f 1289 1338 1313
f 1310 1313 1362
f 1314 1364 1315
f 1315 1363 1316
f 1316 1365 1317
f 1317 1366 1318
f 1320 1369 1327
f 1318 1367 1319
f 1319 1368 1320
f 1321 1370 1322
f 1322 1371 1323
f 1323 1372 1314
f 1324 1373 1326
f 1325 1326 1374
f 1327 1376 1328
f 1328 1377 1329
f 1324 1329 1378
f 1331 1330 1379
f 1331 1381 1332
f 1325 1375 1330
f 1284 1334 1333
f 1285 1335 1334
f 1286 1336 1335
f 1287 1337 1336
f 1288 1350 1337
f 1289 1340 1338
f 1290 1380 1339
f 1291 1339 1340
f 1292 1342 1341
f 1293 1343 1342
f 1294 1344 1343
f 1296 1346 1345
f 1295 1345 1344
f 1297 1348 1346
f 1300 1347 1349
f 1298 1356 1347
f 1299 1349 1348
f 1301 1351 1350
f 1302 1341 1351
f 1309 1352 1358
f 1303 1354 1352
f 1305 1353 1354
f 1307 1355 1356
f 1306 1357 1355
f 1308 1358 1357
f 1312 1359 1361
f 1310 1362 1360
f 1311 1360 1359
f 1304 1361 1353
f 1313 1338 1362
f 1314 1372 1364
f 1315 1364 1363
f 1316 1363 1365
f 1317 1365 1366
f 1318 1366 1367
f 1319 1367 1368
f 1320 1368 1369
f 1322 1370 1371
f 1323 1371 1372
f 1326 1373 1374
f 1325 1374 1375
f 1327 1369 1376
f 1328 1376 1377
f 1329 1377 1378
f 1324 1378 1373
f 1332 1381 1380
f 1331 1379 1381
f 1330 1375 1379
f 1450 1629 1474
f 1433 1629 1438
f 1437 1438 1629
f 1437 1629 1439
f 1434 1439 1629
f 1431 1629 1432
f 1431 1473 1629
f 1474 1629 1472
f 1472 1629 1473
f 1433 1432 1629
f 1448 1629 1440
f 1440 1629 1441
f 1441 1629 1442
f 1435 1629 1436
f 1436 1629 1443
f 1444 1443 1629
f 1434 1629 1435
f 1444 1629 1445
f 1445 1629 1446
f 1446 1629 1447
f 1447 1629 1449
f 1448 1449 1629
f 1463 1464 1629
f 1466 1629 1464
f 1466 1467 1629
f 1467 1468 1629
f 1468 1469 1629
f 1470 1471 1629
f 1469 1470 1629
f 1471 1461 1629
f 1461 1462 1629
f 1475 1629 1462
f 1475 1476 1629
f 1476 1477 1629
f 1477 1478 1629
f 1478 1479 1629
f 1458 1460 1629
f 1452 1451 1629
f 1452 1629 1453
f 1450 1453 1629
f 1451 1459 1629
f 1458 1629 1459
f 1460 1454 1629
f 1454 1455 1629
f 1457 1456 1629
f 1457 1629 1455
f 1465 1463 1629
f 1456 1465 1629
f 1479 1727 1629
f 1433 1438 1486
f 1431 1432 1480
f 1433 1482 1432
f 1434 1483 1439
f 1434 1435 1484
f 1435 1436 1485
f 1437 1487 1438
f 1437 1439 1488
f 1448 1440 1489
f 1440 1441 1490
f 1441 1442 1491
f 1444 1493 1443
f 1444 1445 1494
f 1436 1443 1492
f 1445 1446 1495
f 1446 1447 1496
f 1447 1449 1498
f 1448 1497 1449
f 1450 1499 1453
f 1450 1474 1523
f 1451 1500 1459
f 1452 1453 1502
f 1452 1501 1451
f 1454 1503 1455
f 1457 1455 1504
f 1457 1506 1456
f 1458 1507 1460
f 1458 1459 1508
f 1460 1509 1454
f 1461 1510 1462
f 1463 1512 1464
f 1456 1505 1465
f 1465 1514 1463
f 1466 1464 1513
f 1466 1515 1467
f 1467 1516 1468
f 1468 1517 1469
f 1469 1518 1470
f 1470 1519 1471
f 1471 1520 1461
f 1474 1472 1521
f 1431 1481 1473
f 1472 1473 1522
f 1475 1462 1511
f 1475 1524 1476
f 1476 1525 1477
f 1477 1526 1478
f 1478 1527 1479
f 1479 1528 1567
f 1433 1486 1482
f 1432 1482 1480
f 1431 1480 1481
f 1439 1483 1488
f 1434 1484 1483
f 1435 1485 1484
f 1436 1492 1485
f 1438 1487 1486
f 1437 1488 1487
f 1440 1490 1489
f 1441 1491 1490
f 1443 1493 1492
f 1444 1494 1493
f 1445 1495 1494
f 1446 1496 1495
f 1447 1498 1496
f 1449 1497 1498
f 1448 1489 1497
f 1450 1523 1499
f 1459 1500 1508
f 1452 1502 1501
f 1453 1499 1502
f 1451 1501 1500
f 1455 1503 1504
f 1457 1504 1506
f 1456 1506 1505
f 1458 1508 1507
f 1460 1507 1509
f 1454 1509 1503
f 1461 1520 1510
f 1462 1510 1511
f 1464 1512 1513
f 1465 1505 1514
f 1463 1514 1512
f 1466 1513 1515
f 1468 1516 1517
f 1467 1515 1516
f 1469 1517 1518
f 1470 1518 1519
f 1471 1519 1520
f 1472 1522 1521
f 1473 1481 1522
f 1474 1521 1523
f 1475 1511 1524
f 1476 1524 1525
f 1477 1525 1526
f 1478 1526 1527
f 1479 1527 1528
f 1442 1678 1491
f 1479 1567 1727
f 1529 1545 1530
f 1537 1552 1529
f 1530 1544 1531
f 1532 1549 1543
f 1533 1534 1548
f 1534 1536 1551
f 1532 1535 1550
f 1533 1547 1535
f 1537 1541 1556
f 1538 1553 1542
f 1538 1539 1554
f 1539 1540 1555
f 1540 1543 1558
f 1541 1542 1557
f 1530 1545 1544
f 1529 1552 1545
f 1531 1544 1546
f 1533 1548 1547
f 1534 1551 1548
f 1532 1550 1549
f 1535 1547 1550
f 1537 1556 1552
f 1538 1554 1553
f 1539 1555 1554
f 1540 1558 1555
f 1541 1557 1556
f 1542 1553 1557
f 1543 1549 1558
f 1539 1567 1540
f 1540 1567 1543
f 1532 1543 1567
f 1591 1567 1592
f 1590 1592 1567
f 1590 1567 1593
f 1587 1567 1591
f 1593 1567 1531
f 1530 1531 1567
f 1538 1567 1539
f 1537 1529 1567
f 1537 1567 1541
f 1541 1567 1542
f 1538 1542 1567
f 1529 1530 1567
f 1532 1567 1535
f 1533 1535 1567
f 1533 1567 1534
f 1534 1567 1536
f 1536 1567 1559
f 1559 1567 1560
f 1560 1567 1561
f 1561 1567 1562
f 1562 1567 1563
f 1563 1567 1564
f 1564 1567 1565
f 1565 1567 1566
f 1536 1559 1568
f 1559 1560 1569
f 1560 1561 1570
f 1561 1562 1571
f 1562 1563 1572
f 1563 1564 1573
f 1564 1565 1574
f 1565 1566 1575
f 1566 1567 1576
f 1567 1528 1576
f 1536 1568 1551
f 1559 1569 1568
f 1560 1570 1569
f 1561 1571 1570
f 1562 1572 1571
f 1563 1573 1572
f 1564 1574 1573
f 1565 1575 1574
f 1566 1576 1575
f 1567 1598 1597
f 1567 1597 1599
f 1567 1599 1577
f 1567 1577 1578
f 1567 1578 1579
f 1567 1579 1580
f 1567 1580 1581
f 1567 1581 1582
f 1567 1582 1583
f 1567 1583 1584
f 1567 1584 1585
f 1567 1585 1586
f 1567 1586 1600
f 1567 1600 1601
f 1567 1601 1602
f 1567 1602 1776
f 1577 1604 1578
f 1578 1603 1579
f 1579 1606 1580
f 1580 1605 1581
f 1581 1607 1582
f 1582 1608 1583
f 1583 1609 1584
f 1584 1610 1585
f 1585 1611 1586
f 1586 1612 1600
f 1587 1613 1588
f 1587 1591 1617
f 1588 1614 1589
f 1590 1618 1592
f 1591 1592 1616
f 1590 1593 1619
f 1593 1531 1546
f 1594 1595 1622
f 1594 1621 1598
f 1595 1596 1623
f 1589 1615 1596
f 1597 1598 1620
f 1597 1624 1599
f 1577 1599 1625
f 1600 1626 1601
f 1601 1627 1602
f 1602 1628 1776
f 1567 1776 1777
f 1567 1777 1778
f 1567 1778 1779
f 1567 1779 1780
f 1567 1780 1781
f 1567 1781 1782
f 1567 1782 1783
f 1567 1783 1784
f 1567 1784 1785
f 1567 1785 1786
f 1567 1786 1787
f 1567 1787 1788
f 1567 1788 1789
f 1567 1789 1790
f 1567 1790 1791
f 1578 1604 1603
f 1580 1606 1605
f 1579 1603 1606
f 1581 1605 1607
f 1582 1607 1608
f 1583 1608 1609
f 1584 1609 1610
f 1585 1610 1611
f 1586 1611 1612
f 1587 1617 1613
f 1588 1613 1614
f 1589 1614 1615
f 1592 1618 1616
f 1591 1616 1617
f 1590 1619 1618
f 1593 1546 1619
f 1598 1621 1620
f 1594 1622 1621
f 1595 1623 1622
f 1596 1615 1623
f 1597 1620 1624
f 1599 1624 1625
f 1577 1625 1604
f 1600 1612 1626
f 1601 1626 1627
f 1602 1627 1628
f 1776 1628 1817
f 1567 1596 1595
f 1567 1589 1596
f 1567 1588 1589
f 1587 1588 1567
f 1567 1594 1598
f 1567 1595 1594
f 1567 1791 1792
f 1567 1792 1793
f 1567 1793 1794
f 1567 1794 1795
f 1567 1795 1796
f 1567 1796 1797
f 1567 1797 1798
f 1567 1798 1799
f 1567 1799 1800
f 1567 1800 1801
f 1567 1801 1802
f 1567 1802 1803
f 1567 1803 1804
f 1567 1804 1805
f 1567 1805 1806
f 1567 1806 1807
f 1567 1807 1808
f 1567 1808 1809
f 1567 1809 1810
f 1567 1810 1811
f 1567 1811 1812
f 1567 1812 1813
f 1567 1813 1814
f 1567 1814 1815
f 1567 1815 1816
f 1567 1816 1858
f 1567 1858 1859
f 1567 1859 1860
f 1567 1860 1861
f 1567 1861 1862
f 1567 1862 1863
f 1567 1863 1864
f 1567 1864 1865
f 1567 1865 1866
f 1629 1631 1630
f 1629 1632 1631
f 1629 1633 1632
f 1629 1634 1633
f 1629 1635 1634
f 1629 1636 1635
f 1629 1637 1636
f 1629 1638 1637
f 1629 1639 1638
f 1629 1640 1639
f 1629 1641 1640
f 1629 1642 1641
f 1629 1643 1642
f 1629 1644 1643
f 1629 1645 1644
f 1629 1646 1645
f 1629 1647 1646
f 1629 1648 1647
f 1629 1649 1648
f 1629 1650 1649
f 1629 1651 1650
f 1629 1652 1651
f 1629 1653 1652
f 1629 1654 1653
f 1629 1655 1654
f 1629 1656 1655
f 1629 1657 1656
f 1629 1658 1657
f 1629 1659 1658
f 1629 1660 1659
f 1629 1661 1660
f 1629 1662 1661
f 1629 1663 1662
f 1629 1664 1663
f 1629 1665 1664
f 1629 1666 1665
f 1629 1667 1666
f 1629 1668 1667
f 1629 1669 1668
f 1629 1670 1669
f 1629 1671 1670
f 1629 1672 1671
f 1629 1673 1672
f 1629 1674 1673
f 1629 1675 1674
f 1629 1676 1675
f 1629 1677 1676
f 1629 1984 1677
f 1442 1629 1678
f 1629 1630 1679
f 1630 1631 1680
f 1631 1632 1681
f 1632 1633 1682
f 1633 1634 1683
f 1634 1635 1684
f 1635 1636 1685
f 1636 1637 1686
f 1637 1638 1687
f 1638 1639 1688
f 1639 1640 1689
f 1640 1641 1690
f 1641 1642 1691
f 1642 1643 1692
f 1643 1644 1693
f 1644 1645 1694
f 1645 1646 1695
f 1646 1647 1696
f 1647 1648 1697
f 1648 1649 1698
f 1649 1650 1699
f 1650 1651 1700
f 1651 1652 1701
f 1652 1653 1702
f 1653 1654 1703
f 1654 1655 1704
f 1655 1656 1705
f 1656 1657 1706
f 1657 1658 1707
f 1658 1659 1708
f 1659 1660 1709
f 1660 1661 1710
f 1661 1662 1711
f 1662 1663 1712
f 1663 1664 1713
f 1664 1665 1714
f 1665 1666 1715
f 1666 1667 1716
f 1667 1668 1717
f 1668 1669 1718
f 1669 1670 1719
f 1670 1671 1720
f 1671 1672 1721
f 1672 1673 1722
f 1673 1674 1723
f 1674 1675 1724
f 1675 1676 1725
f 1676 1677 1726
f 1629 1679 1678
f 1630 1680 1679
f 1631 1681 1680
f 1632 1682 1681
f 1633 1683 1682
f 1634 1684 1683
f 1635 1685 1684
f 1636 1686 1685
f 1637 1687 1686
f 1638 1688 1687
f 1639 1689 1688
f 1640 1690 1689
f 1641 1691 1690
f 1642 1692 1691
f 1643 1693 1692
f 1644 1694 1693
f 1645 1695 1694
f 1646 1696 1695
f 1647 1697 1696
f 1648 1698 1697
f 1649 1699 1698
f 1650 1700 1699
f 1651 1701 1700
f 1652 1702 1701
f 1653 1703 1702
f 1654 1704 1703
f 1655 1705 1704
f 1656 1706 1705
f 1657 1707 1706
f 1658 1708 1707
f 1659 1709 1708
f 1660 1710 1709
f 1661 1711 1710
f 1662 1712 1711
f 1663 1713 1712
f 1664 1714 1713
f 1665 1715 1714
f 1666 1716 1715
f 1667 1717 1716
f 1668 1718 1717
f 1669 1719 1718
f 1670 1720 1719
f 1671 1721 1720
f 1672 1722 1721
f 1673 1723 1722
f 1674 1724 1723
f 1675 1725 1724
f 1676 1726 1725
f 1677 2033 1726
f 1629 1727 1728
f 1629 1728 1729
f 1629 1729 1730
f 1629 1730 1731
f 1629 1731 1732
f 1629 1732 1733
f 1629 1733 1734
f 1629 1734 1735
f 1629 1735 1736
f 1629 1736 1737
f 1629 1737 1738
f 1629 1738 1739
f 1629 1739 1740
f 1629 1740 1741
f 1629 1741 1742
f 1629 1742 1743
f 1629 1743 1744
f 1629 1744 1745
f 1629 1745 1746
f 1629 1746 1747
f 1629 1747 1748
f 1629 1748 1749
f 1629 1749 1750
f 1629 1750 1751
f 1629 1751 1752
f 1629 1752 1753
f 1629 1753 1754
f 1629 1754 1755
f 1629 1755 1756
f 1629 1756 1757
f 1629 1757 1758
f 1629 1758 1759
f 1629 1759 1760
f 1629 1760 1761
f 1629 1761 1762
f 1629 1762 1763
f 1629 1763 1764
f 1629 1764 1765
f 1629 1765 1766
f 1629 1766 1767
f 1629 1767 1768
f 1629 1768 1769
f 1629 1769 1770
f 1629 1770 1771
f 1629 1771 1772
f 1629 1772 1773
f 1629 1773 1774
f 1629 1774 1775
f 1727 1567 1866
f 1727 1866 1887
f 1776 1817 1777
f 1777 1818 1778
f 1778 1819 1779
f 1779 1820 1780
f 1780 1821 1781
f 1781 1822 1782
f 1782 1823 1783
f 1783 1824 1784
f 1784 1825 1785
f 1785 1826 1786
f 1786 1827 1787
f 1787 1828 1788
f 1788 1829 1789
f 1789 1830 1790
f 1790 1831 1791
f 1791 1832 1792
f 1792 1833 1793
f 1793 1834 1794
f 1794 1835 1795
f 1795 1836 1796
f 1796 1837 1797
f 1797 1838 1798
f 1798 1839 1799
f 1799 1840 1800
f 1800 1841 1801
f 1801 1842 1802
f 1802 1843 1803
f 1803 1844 1804
f 1804 1845 1805
f 1805 1846 1806
f 1806 1847 1807
f 1807 1848 1808
f 1808 1849 1809
f 1809 1850 1810
f 1810 1851 1811
f 1811 1852 1812
f 1812 1853 1813
f 1813 1854 1814
f 1814 1855 1815
f 1815 1856 1816
f 1777 1817 1818
f 1778 1818 1819
f 1779 1819 1820
f 1780 1820 1821
f 1781 1821 1822
f 1782 1822 1823
f 1783 1823 1824
f 1784 1824 1825
f 1785 1825 1826
f 1786 1826 1827
f 1787 1827 1828
f 1788 1828 1829
f 1789 1829 1830
f 1790 1830 1831
f 1791 1831 1832
f 1792 1832 1833
f 1793 1833 1834
f 1794 1834 1835
f 1795 1835 1836
f 1796 1836 1837
f 1797 1837 1838
f 1798 1838 1839
f 1799 1839 1840
f 1800 1840 1841
f 1801 1841 1842
f 1802 1842 1843
f 1803 1843 1844
f 1804 1844 1845
f 1805 1845 1846
f 1806 1846 1847
f 1807 1847 1848
f 1808 1848 1849
f 1809 1849 1850
f 1810 1850 1851
f 1811 1851 1852
f 1812 1852 1853
f 1813 1853 1854
f 1814 1854 1855
f 1815 1855 1856
f 1816 1856 1857
f 1816 1857 1858
f 1858 1867 1859
f 1859 1868 1860
f 1860 1869 1861
f 1861 1870 1862
f 1862 1871 1863
f 1863 1872 1864
f 1864 1873 1865
f 1865 1874 1866
f 1858 1857 1867
f 1859 1867 1868
f 1860 1868 1869
f 1861 1869 1870
f 1862 1870 1871
f 1863 1871 1872
f 1864 1872 1873
f 1865 1873 1874
f 1866 1874 1875
f 1866 1875 1887
f 1727 1887 1728
f 1728 1888 1729
f 1729 1889 1730
f 1730 1890 1731
f 1731 1891 1732
f 1732 1892 1733
f 1733 1893 1734
f 1734 1894 1735
f 1735 1895 1736
f 1736 1896 1737
f 1737 1897 1738
f 1738 1898 1739
f 1739 1899 1740
f 1740 1900 1741
f 1741 1901 1742
f 1742 1902 1743
f 1743 1903 1744
f 1744 1904 1745
f 1745 1905 1746
f 1746 1906 1747
f 1747 1907 1748
f 1748 1908 1749
f 1749 1909 1750
f 1750 1910 1751
f 1751 1911 1752
f 1752 1912 1753
f 1753 1913 1754
f 1754 1914 1755
f 1755 1915 1756
f 1756 1916 1757
f 1757 1917 1758
f 1758 1918 1759
f 1759 1919 1760
f 1760 1920 1761
f 1761 1921 1762
f 1762 1922 1763
f 1763 1923 1764
f 1764 1924 1765
f 1765 1925 1766
f 1766 1926 1767
f 1767 1927 1768
f 1768 1928 1769
f 1769 1929 1770
f 1770 1930 1771
f 1771 1931 1772
f 1772 1932 1773
f 1773 1933 1774
f 1774 1934 1775
f 1728 1887 1888
f 1729 1888 1889
f 1730 1889 1890
f 1731 1890 1891
f 1732 1891 1892
f 1733 1892 1893
f 1734 1893 1894
f 1735 1894 1895
f 1736 1895 1896
f 1737 1896 1897
f 1738 1897 1898
f 1739 1898 1899
f 1740 1899 1900
f 1741 1900 1901
f 1742 1901 1902
f 1743 1902 1903
f 1744 1903 1904
f 1745 1904 1905
f 1746 1905 1906
f 1747 1906 1907
f 1748 1907 1908
f 1749 1908 1909
f 1750 1909 1910
f 1751 1910 1911
f 1752 1911 1912
f 1753 1912 1913
f 1754 1913 1914
f 1755 1914 1915
f 1756 1915 1916
f 1757 1916 1917
f 1758 1917 1918
f 1759 1918 1919
f 1760 1919 1920
f 1761 1920 1921
f 1762 1921 1922
f 1763 1922 1923
f 1764 1923 1924
f 1765 1924 1925
f 1766 1925 1926
f 1767 1926 1927
f 1768 1927 1928
f 1769 1928 1929
f 1770 1929 1930
f 1771 1930 1931
f 1772 1931 1932
f 1773 1932 1933
f 1774 1933 1934
f 1775 1934 1935
f 1775 1935 1974
f 1629 1775 1974
f 1629 1985 1984
f 1629 1986 1985
f 1629 1982 1983
f 1629 1983 1986
f 1629 1987 1982
f 1629 1988 1987
f 1629 1990 1989
f 1629 1989 1988
f 1629 1991 1990
f 1629 1992 1991
f 1629 1993 1992
f 1629 1994 1993
f 1629 1974 1975
f 1629 1975 1976
f 1629 1976 1977
f 1629 1977 1978
f 1629 1978 2021
f 1629 2021 2022
f 1629 2022 2001
f 1629 2009 2005
f 1629 2005 2019
f 1629 2013 2014
f 1629 2012 2010
f 1629 2010 2016
f 1629 2016 2013
f 1629 2018 2020
f 1629 2020 2011
f 1629 2019 2017
f 1629 2017 2018
f 1629 2011 2012
f 1629 1999 1998
f 1629 1995 1994
f 1629 1997 1995
f 1629 1996 1997
f 1629 1998 1996
f 1629 1979 2000
f 1629 2000 1999
f 1629 1980 1981
f 1629 1981 1979
f 1629 2014 2015
f 1629 2015 1980
f 1629 2004 2007
f 1629 2003 2004
f 1629 2001 2002
f 1629 2002 2003
f 1629 2007 2006
f 1629 2006 2008
f 1629 2008 2009
f 1677 1984 2033
f 1974 1935 2023
f 1974 2023 1975
f 1975 2024 1976
f 1976 2025 1977
f 1977 2026 1978
f 1978 2027 2021
f 2000 1979 2028
f 1980 2029 1981
f 1981 2030 1979
f 1986 1983 2031
f 1982 2032 1983
f 1984 1985 2034
f 1985 1986 2035
f 1982 1987 2036
f 1987 1988 2037
f 1988 1989 2038
f 1989 1990 2039
f 1991 2040 1990
f 1991 1992 2041
f 1992 1993 2042
f 1993 1994 2043
f 1995 1997 2046
f 1996 2045 1997
f 1994 1995 2044
f 1996 1998 2047
f 1999 2048 1998
f 1999 2000 2049
f 2001 2050 2002
f 2003 2002 2051
f 2003 2052 2004
f 2005 2054 2019
f 2009 2058 2005
f 2007 2056 2006
f 2006 2055 2008
f 2004 2053 2007
f 2008 2057 2009
f 2012 2061 2010
f 2020 2069 2011
f 2012 2011 2060
f 2014 2062 2015
f 2013 2016 2065
f 2013 2063 2014
f 1980 2015 2064
f 2010 2059 2016
f 2017 2066 2018
f 2020 2018 2067
f 2017 2019 2068
f 2021 2070 2022
f 2022 2071 2001
f 1975 2023 2024
f 1976 2024 2025
f 1977 2025 2026
f 1978 2026 2027
f 2021 2027 2070
f 2000 2028 2049
f 1979 2030 2028
f 1981 2029 2030
f 1983 2032 2031
f 1984 2034 2033
f 1985 2035 2034
f 1986 2031 2035
f 1982 2036 2032
f 1987 2037 2036
f 1988 2038 2037
f 1989 2039 2038
f 1991 2041 2040
f 1990 2040 2039
f 1992 2042 2041
f 1993 2043 2042
f 1995 2046 2044
f 1997 2045 2046
f 1994 2044 2043
f 1998 2048 2047
f 1996 2047 2045
f 1999 2049 2048
f 2001 2071 2050
f 2003 2051 2052
f 2002 2050 2051
f 2004 2052 2053
f 2005 2058 2054
f 2019 2054 2068
f 2008 2055 2057
f 2006 2056 2055
f 2007 2053 2056
f 2009 2057 2058
f 2010 2061 2059
f 2011 2069 2060
f 2012 2060 2061
f 2013 2065 2063
f 2014 2063 2062
f 1980 2064 2029
f 2015 2062 2064
f 2016 2059 2065
f 2020 2067 2069
f 2018 2066 2067
f 2017 2068 2066
f 2022 2070 2071
f 2127 2126 2319
f 2127 2319 2128
f 2122 2319 2126
f 2153 2319 2121
f 2152 2155 2319
f 2154 2319 2155
f 2152 2319 2153
f 2121 2319 2123
f 2122 2123 2319
f 2125 2319 2131
f 2131 2319 2129
f 2124 2128 2319
f 2124 2319 2125
f 2129 2319 2130
f 2130 2319 2132
f 2132 2319 2133
f 2133 2319 2134
f 2151 2319 2149
f 2149 2319 2150
f 2151 2157 2319
f 2156 2159 2319
f 2156 2319 2157
f 2158 2135 2319
f 2158 2319 2159
f 2136 2137 2319
f 2136 2319 2135
f 2141 2142 2319
f 2142 2144 2319
f 2144 2143 2319
f 2143 2145 2319
f 2145 2146 2319
f 2138 2319 2137
f 2138 2139 2319
f 2139 2140 2319
f 2141 2319 2140
f 2154 2150 2319
f 2147 2148 2319
f 2146 2147 2319
f 2168 2169 2319
f 2148 2168 2319
f 2169 2165 2319
f 2165 2166 2319
f 2166 2167 2319
f 2164 2319 2160
f 2160 2319 2161
f 2161 2319 2162
f 2164 2163 2319
f 2134 2319 2163
f 2167 2417 2319
f 2121 2123 2171
f 2122 2172 2123
f 2124 2173 2128
f 2124 2125 2174
f 2125 2131 2180
f 2127 2176 2126
f 2122 2126 2175
f 2127 2128 2177
f 2129 2130 2179
f 2131 2129 2178
f 2130 2132 2181
f 2132 2133 2182
f 2133 2134 2183
f 2136 2135 2184
f 2136 2185 2137
f 2138 2137 2186
f 2138 2187 2139
f 2139 2188 2140
f 2141 2140 2189
f 2141 2190 2142
f 2142 2191 2144
f 2144 2193 2143
f 2143 2192 2145
f 2145 2194 2146
f 2146 2195 2147
f 2147 2196 2148
f 2154 2204 2150
f 2149 2150 2199
f 2151 2200 2157
f 2151 2149 2198
f 2152 2201 2155
f 2152 2153 2202
f 2154 2155 2203
f 2153 2121 2170
f 2156 2157 2206
f 2156 2205 2159
f 2158 2159 2208
f 2158 2207 2135
f 2164 2160 2209
f 2160 2161 2210
f 2161 2162 2211
f 2134 2163 2212
f 2164 2213 2163
f 2165 2214 2166
f 2166 2215 2167
f 2148 2197 2168
f 2168 2217 2169
f 2169 2218 2165
f 2167 2216 2242
f 2121 2171 2170
f 2123 2172 2171
f 2124 2174 2173
f 2128 2173 2177
f 2125 2180 2174
f 2126 2176 2175
f 2122 2175 2172
f 2127 2177 2176
f 2129 2179 2178
f 2130 2181 2179
f 2131 2178 2180
f 2132 2182 2181
f 2133 2183 2182
f 2136 2184 2185
f 2137 2185 2186
f 2138 2186 2187
f 2139 2187 2188
f 2140 2188 2189
f 2141 2189 2190
f 2142 2190 2191
f 2144 2191 2193
f 2143 2193 2192
f 2145 2192 2194
f 2146 2194 2195
f 2147 2195 2196
f 2148 2196 2197
f 2157 2200 2206
f 2149 2199 2198
f 2150 2204 2199
f 2151 2198 2200
f 2152 2202 2201
f 2155 2201 2203
f 2154 2203 2204
f 2153 2170 2202
f 2156 2206 2205
f 2158 2208 2207
f 2159 2205 2208
f 2135 2207 2184
f 2160 2210 2209
f 2161 2211 2210
f 2134 2212 2183
f 2163 2213 2212
f 2164 2209 2213
f 2165 2218 2214
f 2166 2214 2215
f 2167 2215 2216
f 2168 2197 2217
f 2169 2217 2218
f 2162 2368 2211
f 2167 2242 2417
f 2267 2242 2270
f 2270 2242 2271
f 2269 2242 2225
f 2222 2225 2242
f 2268 2271 2242
f 2268 2242 2269
f 2221 2242 2223
f 2223 2242 2224
f 2224 2242 2227
f 2226 2227 2242
f 2221 2222 2242
f 2228 2242 2229
f 2229 2242 2230
f 2219 2242 2220
f 2231 2220 2242
f 2231 2242 2232
f 2232 2242 2233
f 2219 2230 2242
f 2233 2242 2234
f 2234 2242 2235
f 2235 2242 2236
f 2236 2242 2237
f 2237 2242 2238
f 2238 2242 2239
f 2239 2242 2240
f 2240 2242 2241
f 2226 2242 2228
f 2219 2243 2230
f 2219 2220 2244
f 2231 2255 2220
f 2221 2246 2222
f 2223 2224 2248
f 2224 2227 2251
f 2221 2223 2247
f 2222 2245 2225
f 2226 2250 2227
f 2226 2228 2253
f 2228 2229 2254
f 2229 2230 2252
f 2231 2232 2256
f 2232 2233 2257
f 2233 2234 2258
f 2234 2235 2259
f 2235 2236 2260
f 2236 2237 2261
f 2237 2238 2262
f 2238 2239 2263
f 2239 2240 2264
f 2240 2241 2265
f 2241 2242 2266
f 2242 2216 2266
f 2219 2244 2243
f 2220 2255 2244
f 2222 2246 2245
f 2221 2247 2246
f 2223 2248 2247
f 2224 2251 2248
f 2225 2245 2249
f 2227 2250 2251
f 2230 2243 2252
f 2226 2253 2250
f 2228 2254 2253
f 2229 2252 2254
f 2231 2256 2255
f 2232 2257 2256
f 2233 2258 2257
f 2234 2259 2258
f 2235 2260 2259
f 2236 2261 2260
f 2237 2262 2261
f 2238 2263 2262
f 2239 2264 2263
f 2240 2265 2264
f 2241 2266 2265
f 2242 2289 2290
f 2242 2290 2291
f 2242 2291 2292
f 2242 2277 2276
f 2242 2275 2277
f 2242 2278 2274
f 2242 2273 2278
f 2242 2272 2273
f 2267 2272 2242
f 2242 2274 2275
f 2242 2276 2279
f 2242 2279 2280
f 2242 2283 2284
f 2242 2280 2281
f 2242 2281 2282
f 2242 2282 2283
f 2242 2284 2286
f 2242 2286 2285
f 2242 2285 2287
f 2242 2287 2288
f 2242 2288 2289
f 2242 2292 2466
f 2267 2293 2272
f 2267 2270 2296
f 2268 2269 2297
f 2268 2295 2271
f 2270 2271 2294
f 2269 2225 2249
f 2272 2298 2273
f 2278 2304 2274
f 2274 2300 2275
f 2275 2302 2277
f 2276 2277 2301
f 2279 2276 2303
f 2278 2273 2299
f 2279 2307 2280
f 2280 2305 2281
f 2281 2306 2282
f 2282 2309 2283
f 2283 2308 2284
f 2284 2310 2286
f 2285 2286 2312
f 2285 2311 2287
f 2287 2313 2288
f 2288 2314 2289
f 2289 2315 2290
f 2290 2316 2291
f 2291 2317 2292
f 2292 2318 2466
f 2242 2466 2467
f 2242 2467 2468
f 2242 2468 2469
f 2242 2469 2470
f 2242 2470 2471
f 2242 2471 2472
f 2242 2472 2473
f 2242 2473 2474
f 2242 2474 2475
f 2242 2475 2476
f 2242 2476 2477
f 2242 2477 2478
f 2242 2478 2479
f 2242 2479 2480
f 2242 2480 2481
f 2242 2481 2482
f 2242 2482 2483
f 2242 2483 2484
f 2242 2484 2485
f 2242 2485 2486
f 2242 2486 2487
f 2242 2487 2488
f 2242 2488 2489
f 2242 2489 2490
f 2242 2490 2491
f 2242 2491 2492
f 2242 2492 2493
f 2242 2493 2494
f 2242 2494 2495
f 2242 2495 2496
f 2242 2496 2497
f 2242 2497 2498
f 2242 2498 2499
f 2242 2499 2500
f 2242 2500 2501
f 2242 2501 2502
f 2242 2502 2503
f 2242 2503 2504
f 2242 2504 2505
f 2242 2505 2506
f 2242 2506 2507
f 2242 2507 2508
f 2242 2508 2509
f 2242 2509 2510
f 2242 2510 2511
f 2242 2511 2512
f 2242 2512 2513
f 2242 2513 2514
f 2242 2514 2515
f 2267 2296 2293
f 2271 2295 2294
f 2268 2297 2295
f 2270 2294 2296
f 2269 2249 2297
f 2272 2293 2298
f 2273 2298 2299
f 2274 2304 2300
f 2277 2302 2301
f 2275 2300 2302
f 2276 2301 2303
f 2279 2303 2307
f 2278 2299 2304
f 2280 2307 2305
f 2281 2305 2306
f 2283 2309 2308
f 2282 2306 2309
f 2284 2308 2310
f 2285 2312 2311
f 2286 2310 2312
f 2287 2311 2313
f 2288 2313 2314
f 2289 2314 2315
f 2290 2315 2316
f 2291 2316 2317
f 2292 2317 2318
f 2466 2318 2516
f 2319 2321 2320
f 2319 2322 2321
f 2319 2323 2322
f 2319 2324 2323
f 2319 2325 2324
f 2319 2326 2325
f 2319 2327 2326
f 2319 2328 2327
f 2319 2329 2328
f 2319 2330 2329
f 2319 2331 2330
f 2319 2332 2331
f 2319 2333 2332
f 2319 2334 2333
f 2319 2335 2334
f 2319 2336 2335
f 2319 2337 2336
f 2319 2338 2337
f 2319 2339 2338
f 2319 2340 2339
f 2319 2341 2340
f 2319 2342 2341
f 2319 2343 2342
f 2319 2344 2343
f 2319 2345 2344
f 2319 2346 2345
f 2319 2347 2346
f 2319 2348 2347
f 2319 2349 2348
f 2319 2350 2349
f 2319 2351 2350
f 2319 2352 2351
f 2319 2353 2352
f 2319 2354 2353
f 2319 2355 2354
f 2319 2356 2355
f 2319 2357 2356
f 2319 2358 2357
f 2319 2359 2358
f 2319 2360 2359
f 2319 2361 2360
f 2319 2362 2361
f 2319 2363 2362
f 2319 2364 2363
f 2319 2365 2364
f 2319 2366 2365
f 2319 2367 2366
f 2319 2618 2367
f 2162 2319 2368
f 2319 2320 2369
f 2320 2321 2370
f 2321 2322 2371
f 2322 2323 2372
f 2323 2324 2373
f 2324 2325 2374
f 2325 2326 2375
f 2326 2327 2376
f 2327 2328 2377
f 2328 2329 2378
f 2329 2330 2379
f 2330 2331 2380
f 2331 2332 2381
f 2332 2333 2382
f 2333 2334 2383
f 2334 2335 2384
f 2335 2336 2385
f 2336 2337 2386
f 2337 2338 2387
f 2338 2339 2388
f 2339 2340 2389
f 2340 2341 2390
f 2341 2342 2391
f 2342 2343 2392
f 2343 2344 2393
f 2344 2345 2394
f 2345 2346 2395
f 2346 2347 2396
f 2347 2348 2397
f 2348 2349 2398
f 2349 2350 2399
f 2350 2351 2400
f 2351 2352 2401
f 2352 2353 2402
f 2353 2354 2403
f 2354 2355 2404
f 2355 2356 2405
f 2356 2357 2406
f 2357 2358 2407
f 2358 2359 2408
f 2359 2360 2409
f 2360 2361 2410
f 2361 2362 2411
f 2362 2363 2412
f 2363 2364 2413
f 2364 2365 2414
f 2365 2366 2415
f 2366 2367 2416
f 2319 2369 2368
f 2320 2370 2369
f 2321 2371 2370
f 2322 2372 2371
f 2323 2373 2372
f 2324 2374 2373
f 2325 2375 2374
f 2326 2376 2375
f 2327 2377 2376
f 2328 2378 2377
f 2329 2379 2378
f 2330 2380 2379
f 2331 2381 2380
f 2332 2382 2381
f 2333 2383 2382
f 2334 2384 2383
f 2335 2385 2384
f 2336 2386 2385
f 2337 2387 2386
f 2338 2388 2387
f 2339 2389 2388
f 2340 2390 2389
f 2341 2391 2390
f 2342 2392 2391
f 2343 2393 2392
f 2344 2394 2393
f 2345 2395 2394
f 2346 2396 2395
f 2347 2397 2396
f 2348 2398 2397
f 2349 2399 2398
f 2350 2400 2399
f 2351 2401 2400
f 2352 2402 2401
f 2353 2403 2402
f 2354 2404 2403
f 2355 2405 2404
f 2356 2406 2405
f 2357 2407 2406
f 2358 2408 2407
f 2359 2409 2408
f 2360 2410 2409
f 2361 2411 2410
f 2362 2412 2411
f 2363 2413 2412
f 2364 2414 2413
f 2365 2415 2414
f 2366 2416 2415
f 2367 2667 2416
f 2319 2417 2418
f 2319 2418 2419
f 2319 2419 2420
f 2319 2420 2421
f 2319 2421 2422
f 2319 2422 2423
f 2319 2423 2424
f 2319 2424 2425
f 2319 2425 2426
f 2319 2426 2427
f 2319 2427 2428
f 2319 2428 2429
f 2319 2429 2430
f 2319 2430 2431
f 2319 2431 2432
f 2319 2432 2433
f 2319 2433 2434
f 2319 2434 2435
f 2319 2435 2436
f 2319 2436 2437
f 2319 2437 2438
f 2319 2438 2439
f 2319 2439 2440
f 2319 2440 2441
f 2319 2441 2442
f 2319 2442 2443
f 2319 2443 2444
f 2319 2444 2445
f 2319 2445 2446
f 2319 2446 2447
f 2319 2447 2448
f 2319 2448 2449
f 2319 2449 2450
f 2319 2450 2451
f 2319 2451 2452
f 2319 2452 2453
f 2319 2453 2454
f 2319 2454 2455
f 2319 2455 2456
f 2319 2456 2457
f 2319 2457 2458
f 2319 2458 2459
f 2319 2459 2460
f 2319 2460 2461
f 2319 2461 2462
f 2319 2462 2463
f 2319 2463 2464
f 2319 2464 2465
f 2417 2242 2515
f 2417 2515 2566
f 2466 2516 2467
f 2467 2517 2468
f 2468 2518 2469
f 2469 2519 2470
f 2470 2520 2471
f 2471 2521 2472
f 2472 2522 2473
f 2473 2523 2474
f 2474 2524 2475
f 2475 2525 2476
f 2476 2526 2477
f 2477 2527 2478
f 2478 2528 2479
f 2479 2529 2480
f 2480 2530 2481
f 2481 2531 2482
f 2482 2532 2483
f 2483 2533 2484
f 2484 2534 2485
f 2485 2535 2486
f 2486 2536 2487
f 2487 2537 2488
f 2488 2538 2489
f 2489 2539 2490
f 2490 2540 2491
f 2491 2541 2492
f 2492 2542 2493
f 2493 2543 2494
f 2494 2544 2495
f 2495 2545 2496
f 2496 2546 2497
f 2497 2547 2498
f 2498 2548 2499
f 2499 2549 2500
f 2500 2550 2501
f 2501 2551 2502
f 2502 2552 2503
f 2503 2553 2504
f 2504 2554 2505
f 2505 2555 2506
f 2506 2556 2507
f 2507 2557 2508
f 2508 2558 2509
f 2509 2559 2510
f 2510 2560 2511
f 2511 2561 2512
f 2512 2562 2513
f 2513 2563 2514
f 2514 2564 2515
f 2467 2516 2517
f 2468 2517 2518
f 2469 2518 2519
f 2470 2519 2520
f 2471 2520 2521
f 2472 2521 2522
f 2473 2522 2523
f 2474 2523 2524
f 2475 2524 2525
f 2476 2525 2526
f 2477 2526 2527
f 2478 2527 2528
f 2479 2528 2529
f 2480 2529 2530
f 2481 2530 2531
f 2482 2531 2532
f 2483 2532 2533
f 2484 2533 2534
f 2485 2534 2535
f 2486 2535 2536
f 2487 2536 2537
f 2488 2537 2538
f 2489 2538 2539
f 2490 2539 2540
f 2491 2540 2541
f 2492 2541 2542
f 2493 2542 2543
f 2494 2543 2544
f 2495 2544 2545
f 2496 2545 2546
f 2497 2546 2547
f 2498 2547 2548
f 2499 2548 2549
f 2500 2549 2550
f 2501 2550 2551
f 2502 2551 2552
f 2503 2552 2553
f 2504 2553 2554
f 2505 2554 2555
f 2506 2555 2556
f 2507 2556 2557
f 2508 2557 2558
f 2509 2558 2559
f 2510 2559 2560
f 2511 2560 2561
f 2512 2561 2562
f 2513 2562 2563
f 2514 2563 2564
f 2515 2564 2565
f 2515 2565 2566
f 2417 2566 2418
f 2418 2567 2419
f 2419 2568 2420
f 2420 2569 2421
f 2421 2570 2422
f 2422 2571 2423
f 2423 2572 2424
f 2424 2573 2425
f 2425 2574 2426
f 2426 2575 2427
f 2427 2576 2428
f 2428 2577 2429
f 2429 2578 2430
f 2430 2579 2431
f 2431 2580 2432
f 2432 2581 2433
f 2433 2582 2434
f 2434 2583 2435
f 2435 2584 2436
f 2436 2585 2437
f 2437 2586 2438
f 2438 2587 2439
f 2439 2588 2440
f 2440 2589 2441
f 2441 2590 2442
f 2442 2591 2443
f 2443 2592 2444
f 2444 2593 2445
f 2445 2594 2446
f 2446 2595 2447
f 2447 2596 2448
f 2448 2597 2449
f 2449 2598 2450
f 2450 2599 2451
f 2451 2600 2452
f 2452 2601 2453
f 2453 2602 2454
f 2454 2603 2455
f 2455 2604 2456
f 2456 2605 2457
f 2457 2606 2458
f 2458 2607 2459
f 2459 2608 2460
f 2460 2609 2461
f 2461 2610 2462
f 2462 2611 2463
f 2463 2612 2464
f 2464 2613 2465
f 2418 2566 2567
f 2419 2567 2568
f 2420 2568 2569
f 2421 2569 2570
f 2422 2570 2571
f 2423 2571 2572
f 2424 2572 2573
f 2425 2573 2574
f 2426 2574 2575
f 2427 2575 2576
f 2428 2576 2577
f 2429 2577 2578
f 2430 2578 2579
f 2431 2579 2580
f 2432 2580 2581
f 2433 2581 2582
f 2434 2582 2583
f 2435 2583 2584
f 2436 2584 2585
f 2437 2585 2586
f 2438 2586 2587
f 2439 2587 2588
f 2440 2588 2589
f 2441 2589 2590
f 2442 2590 2591
f 2443 2591 2592
f 2444 2592 2593
f 2445 2593 2594
f 2446 2594 2595
f 2447 2595 2596
f 2448 2596 2597
f 2449 2597 2598
f 2450 2598 2599
f 2451 2599 2600
f 2452 2600 2601
f 2453 2601 2602
f 2454 2602 2603
f 2455 2603 2604
f 2456 2604 2605
f 2457 2605 2606
f 2458 2606 2607
f 2459 2607 2608
f 2460 2608 2609
f 2461 2609 2610
f 2462 2610 2611
f 2463 2611 2612
f 2464 2612 2613
f 2465 2613 2614
f 2465 2614 2652
f 2319 2465 2652
f 2319 2625 2617
f 2319 2627 2625
f 2319 2626 2627
f 2319 2619 2618
f 2319 2620 2619
f 2319 2621 2620
f 2319 2622 2621
f 2319 2623 2622
f 2319 2624 2623
f 2319 2616 2615
f 2319 2615 2624
f 2319 2617 2616
f 2319 2647 2642
f 2319 2629 2626
f 2319 2630 2629
f 2319 2628 2630
f 2319 2633 2628
f 2319 2634 2633
f 2319 2636 2635
f 2319 2631 2632
f 2319 2632 2636
f 2319 2635 2634
f 2319 2663 2659
f 2319 2640 2662
f 2319 2662 2663
f 2319 2649 2651
f 2319 2642 2650
f 2319 2650 2648
f 2319 2648 2649
f 2319 2651 2641
f 2319 2641 2640
f 2319 2661 2660
f 2319 2660 2631
f 2319 2659 2661
f 2319 2652 2653
f 2319 2653 2654
f 2319 2654 2655
f 2319 2655 2656
f 2319 2656 2657
f 2319 2657 2658
f 2319 2639 2644
f 2319 2658 2637
f 2319 2637 2638
f 2319 2638 2639
f 2319 2644 2645
f 2319 2645 2643
f 2319 2643 2646
f 2319 2646 2647
f 2367 2618 2667
f 2652 2614 2701
f 2624 2615 2664
f 2615 2616 2665
f 2616 2617 2666
f 2618 2619 2668
f 2619 2620 2669
f 2620 2621 2670
f 2621 2622 2671
f 2622 2623 2672
f 2623 2624 2673
f 2617 2625 2674
f 2625 2627 2676
f 2626 2675 2627
f 2630 2628 2677
f 2626 2629 2678
f 2629 2630 2679
f 2631 2681 2632
f 2636 2632 2680
f 2628 2633 2682
f 2634 2635 2684
f 2634 2683 2633
f 2635 2636 2685
f 2637 2686 2638
f 2638 2687 2639
f 2639 2688 2644
f 2651 2700 2641
f 2640 2641 2690
f 2642 2647 2696
f 2643 2645 2694
f 2644 2693 2645
f 2643 2692 2646
f 2646 2695 2647
f 2648 2697 2649
f 2642 2691 2650
f 2648 2650 2699
f 2649 2698 2651
f 2652 2701 2653
f 2653 2702 2654
f 2654 2703 2655
f 2655 2704 2656
f 2656 2705 2657
f 2657 2706 2658
f 2658 2707 2637
f 2659 2708 2661
f 2659 2663 2712
f 2631 2660 2709
f 2660 2661 2710
f 2663 2662 2711
f 2640 2689 2662
f 2615 2665 2664
f 2616 2666 2665
f 2617 2674 2666
f 2618 2668 2667
f 2619 2669 2668
f 2620 2670 2669
f 2621 2671 2670
f 2622 2672 2671
f 2623 2673 2672
f 2624 2664 2673
f 2625 2676 2674
f 2627 2675 2676
f 2630 2677 2679
f 2626 2678 2675
f 2629 2679 2678
f 2636 2680 2685
f 2632 2681 2680
f 2628 2682 2677
f 2633 2683 2682
f 2634 2684 2683
f 2635 2685 2684
f 2637 2707 2686
f 2638 2686 2687
f 2639 2687 2688
f 2640 2690 2689
f 2641 2700 2690
f 2642 2696 2691
f 2643 2694 2692
f 2644 2688 2693
f 2645 2693 2694
f 2646 2692 2695
f 2647 2695 2696
f 2649 2697 2698
f 2650 2691 2699
f 2648 2699 2697
f 2651 2698 2700
f 2653 2701 2702
f 2654 2702 2703
f 2655 2703 2704
f 2656 2704 2705
f 2657 2705 2706
f 2658 2706 2707
f 2661 2708 2710
f 2659 2712 2708
f 2660 2710 2709
f 2631 2709 2681
f 2663 2711 2712
f 2662 2689 2711

