# https://github.com/mikedh/trimesh

o prototype_2x1_part_B.stl
v 48.20000000 -8.00000000 0.00000000
v 48.20000000 3.25000000 0.00000000
v 48.99181671 -8.00000000 0.00000000
v 45.10526962 -3.63862610 3.09473038
v 45.13406677 -3.53455639 3.06593323
v 45.07139511 -3.74115753 3.12860489
v 45.03253479 -3.84190369 3.16746521
v 44.98877640 -3.94062138 3.21122360
v 44.94022675 -4.03707266 3.25977325
v 45.15772552 -3.42919874 3.04227448
v 45.17618866 -3.32280731 3.02381134
v 45.18940659 -3.21563768 3.01059341
v 45.19734879 -3.10794878 3.00265121
v 45.20000000 -3.00000000 3.00000000
v 45.19734879 -2.89205122 3.00265121
v 45.18940659 -2.78436232 3.01059341
v 45.17618866 -2.67719269 3.02381134
v 45.15772552 -2.57080126 3.04227448
v 45.13406677 -2.46544361 3.06593323
v 45.10526962 -2.36137390 3.09473038
v 45.07139511 -2.25884247 3.12860489
v 44.76705475 -4.31053829 3.43294525
v 44.82923050 -4.22225475 3.37076950
v 44.70062180 -4.39566517 3.49937820
v 44.88700027 -4.13102627 3.31299973
v 44.63009186 -4.47742987 3.56990814
v 44.55563278 -4.55563498 3.64436722
v 44.47742767 -4.63009262 3.72257233
v 43.12499924 3.00000000 5.07500076
v 48.20000000 27.00289154 0.00000000
v 49.08177872 -7.99812651 0.00000000
v 49.14711304 -7.99438047 0.00000000
v 49.21229095 -7.98849916 0.00000000
v 49.27723618 -7.98048878 0.00000000
v 49.34188766 -7.97035742 0.00000000
v 49.40617294 -7.95811605 0.00000000
v 49.47002335 -7.94377804 0.00000000
v 49.53337021 -7.92735863 0.00000000
v 49.62729950 -7.89886570 0.00000000
v 49.68909378 -7.87732410 0.00000000
v 49.75014801 -7.85377264 0.00000000
v 49.81040115 -7.82823610 0.00000000
v 49.86978455 -7.80074167 0.00000000
v 49.92823715 -7.77131891 0.00000000
v 49.98569794 -7.73999929 0.00000000
v 50.04209824 -7.70681667 0.00000000
v 50.09738846 -7.67180634 0.00000000
v 50.15149994 -7.63500547 0.00000000
v 50.20437927 -7.59645414 0.00000000
v 50.25596924 -7.55619287 0.00000000
v 50.30621262 -7.51426554 0.00000000
v 50.37894363 -7.44834852 0.00000000
v 50.42559357 -7.40245533 0.00000000
v 50.47071762 -7.35506058 0.00000000
v 50.51426620 -7.30621433 0.00000000
v 50.55619354 -7.25597000 0.00000000
v 50.61594696 -7.17809820 0.00000000
v 50.65362473 -7.12459517 0.00000000
v 50.68953629 -7.06988764 0.00000000
v 50.73999710 -6.98569727 0.00000000
v 50.77131958 -6.92823839 0.00000000
v 50.80074234 -6.86978579 0.00000000
v 50.82823486 -6.81040144 0.00000000
v 50.85377045 -6.75014925 0.00000000
v 50.87732239 -6.68909359 0.00000000
v 50.89886398 -6.62730026 0.00000000
v 50.91837234 -6.56483555 0.00000000
v 50.93582840 -6.50176573 0.00000000
v 50.95120926 -6.43815851 0.00000000
v 50.97035522 -6.34188938 0.00000000
v 50.98048706 -6.27723789 0.00000000
v 50.98849792 -6.21228981 0.00000000
v 50.99438019 -6.14711428 0.00000000
v 50.99812622 -6.08178139 0.00000000
v 50.99999924 -5.99181890 0.00000000
v 50.99999924 -2.82830763 0.00000000
v 51.00109787 -2.76198578 0.00000000
v 51.00439758 -2.69573641 0.00000000
v 51.00989075 -2.62963295 0.00000000
v 51.01757355 -2.56374836 0.00000000
v 51.02743835 -2.49815464 0.00000000
v 51.03946991 -2.43292332 0.00000000
v 51.05366058 -2.36812782 0.00000000
v 51.06999130 -2.30383825 0.00000000
v 51.08844299 -2.24012566 0.00000000
v 51.10900040 -2.17706013 0.00000000
v 51.13163681 -2.11471081 0.00000000
v 43.12499924 3.25000000 0.00000000
v 43.12499924 3.25000000 5.07500076
v 38.20000000 -8.00000000 10.00000000
v 43.74115677 -5.07139683 4.45884323
v 44.70062180 -1.60433483 3.49937820
v 44.63009186 -1.52257013 3.56990814
v 44.55563278 -1.44436502 3.64436722
v 44.47742767 -1.36990738 3.72257233
v 44.39566345 -1.29937696 3.80433655
v 44.31053848 -1.23294353 3.88946152
v 44.22225494 -1.17076683 3.97774506
v 44.13102646 -1.11299706 4.06897354
v 44.03707047 -1.05977345 4.16292953
v 43.94061966 -1.01122379 4.25938034
v 43.84190292 -0.96746492 4.35809708
v 43.74115677 -0.92860317 4.45884323
v 43.53455658 -0.86593151 4.66544342
v 43.42919846 -0.84227228 4.77080154
v 43.32280655 -0.82381153 4.87719345
v 43.21563644 -0.81059361 4.98436356
v 43.63862534 -0.89473152 4.56137466
v 43.84190292 -5.03253508 4.35809708
v 43.94061966 -4.98877621 4.25938034
v 44.31053848 -4.76705647 3.88946152
v 44.39566345 -4.70062304 3.80433655
v 44.22225494 -4.82923317 3.97774506
v 44.13102646 -4.88700294 4.06897354
v 44.03707047 -4.94022655 4.16292953
v 48.99181671 -8.00000000 10.00000000
v 49.08177872 -7.99812651 10.00000000
v 49.14711304 -7.99438047 10.00000000
v 49.21229095 -7.98849916 10.00000000
v 49.27723618 -7.98048878 10.00000000
v 49.34188766 -7.97035742 10.00000000
v 49.40617294 -7.95811605 10.00000000
v 49.47002335 -7.94377804 10.00000000
v 49.53337021 -7.92735863 10.00000000
v 49.62729950 -7.89886570 10.00000000
v 49.68909378 -7.87732410 10.00000000
v 49.75014801 -7.85377264 10.00000000
v 49.81040115 -7.82823610 10.00000000
v 49.86978455 -7.80074167 10.00000000
v 49.92823715 -7.77131891 10.00000000
v 49.98569794 -7.73999929 10.00000000
v 50.04209824 -7.70681667 10.00000000
v 50.09738846 -7.67180634 10.00000000
v 45.03253479 -2.15809631 3.16746521
v 44.98877640 -2.05937862 3.21122360
v 44.94022675 -1.96292734 3.25977325
v 44.88700027 -1.86897373 3.31299973
v 44.82923050 -1.77774525 3.37076950
v 44.76705475 -1.68946171 3.43294525
v 43.12499924 44.75000000 5.07500076
v 51.15632935 -2.05314636 0.00000000
v 51.18304749 -1.99243450 0.00000000
v 51.21176453 -1.93264198 0.00000000
v 51.24244995 -1.87383461 0.00000000
v 51.27506561 -1.81607723 0.00000000
v 51.30958099 -1.75943375 0.00000000
v 51.34595795 -1.70396519 0.00000000
v 51.38415070 -1.64973402 0.00000000
v 51.42412109 -1.59679890 0.00000000
v 51.46582718 -1.54521847 0.00000000
v 51.50921936 -1.49504948 0.00000000
v 52.99986572 0.00000000 0.00000000
v 64.45095749 1.10382462 0.00000000
v 64.99999924 0.00000000 0.00000000
v 50.15149994 -7.63500547 10.00000000
v 50.20437927 -7.59645414 10.00000000
v 50.25596924 -7.55619287 10.00000000
v 50.30621262 -7.51426554 10.00000000
v 50.37894363 -7.44834852 10.00000000
v 50.42559357 -7.40245533 10.00000000
v 50.47071762 -7.35506058 10.00000000
v 50.51426620 -7.30621433 10.00000000
v 50.55619354 -7.25597000 10.00000000
v 50.61594696 -7.17809820 10.00000000
v 50.65362473 -7.12459517 10.00000000
v 50.68953629 -7.06988764 10.00000000
v 50.73999710 -6.98569727 10.00000000
v 50.77131958 -6.92823839 10.00000000
v 50.80074234 -6.86978579 10.00000000
v 50.82823486 -6.81040144 10.00000000
v 50.85377045 -6.75014925 10.00000000
v 50.87732239 -6.68909359 10.00000000
v 50.89886398 -6.62730026 10.00000000
v 50.91837234 -6.56483555 10.00000000
v 50.93582840 -6.50176573 10.00000000
v 50.95120926 -6.43815851 10.00000000
v 50.97035522 -6.34188938 10.00000000
v 50.98048706 -6.27723789 10.00000000
v 50.98849792 -6.21228981 10.00000000
v 50.99438019 -6.14711428 10.00000000
v 50.99812622 -6.08178139 10.00000000
v 50.99999924 -5.99181890 10.00000000
v 50.99999924 -2.82830763 10.00000000
v 51.00109787 -2.76198578 10.00000000
v 51.00439758 -2.69573641 10.00000000
v 51.00989075 -2.62963295 10.00000000
v 51.01757355 -2.56374836 10.00000000
v 51.02743835 -2.49815464 10.00000000
v 51.03946991 -2.43292332 10.00000000
v 51.05366058 -2.36812782 10.00000000
v 51.06999130 -2.30383825 10.00000000
v 51.08844299 -2.24012566 10.00000000
v 51.10900040 -2.17706013 10.00000000
v 51.13163681 -2.11471081 10.00000000
v 51.15632935 -2.05314636 10.00000000
v 51.18304749 -1.99243450 10.00000000
v 51.21176453 -1.93264198 10.00000000
v 51.24244995 -1.87383461 10.00000000
v 51.27506561 -1.81607723 10.00000000
v 51.30958099 -1.75943375 10.00000000
v 51.34595795 -1.70396519 10.00000000
v 51.38415070 -1.64973402 10.00000000
v 51.42412109 -1.59679890 10.00000000
v 51.46582718 -1.54521847 10.00000000
v 51.55425186 -1.44634676 0.00000000
v 51.50921936 -1.49504948 10.00000000
v 51.60087509 -1.39916420 0.00000000
v 51.55425186 -1.44634676 10.00000000
v 51.64903564 -1.35355377 0.00000000
v 51.60087509 -1.39916420 10.00000000
v 51.69868393 -1.30956554 0.00000000
v 51.64903564 -1.35355377 10.00000000
v 51.74976273 -1.26724768 0.00000000
v 51.69868393 -1.30956554 10.00000000
v 51.80221481 -1.22664738 0.00000000
v 51.74976273 -1.26724768 10.00000000
v 51.85598679 -1.18780804 0.00000000
v 51.80221481 -1.22664738 10.00000000
v 51.91101761 -1.15077400 0.00000000
v 51.85598679 -1.18780804 10.00000000
v 51.96724625 -1.11558485 0.00000000
v 51.91101761 -1.15077400 10.00000000
v 52.02460785 -1.08227921 0.00000000
v 51.96724625 -1.11558485 10.00000000
v 52.08304520 -1.05089474 0.00000000
v 52.02460785 -1.08227921 10.00000000
v 52.14248962 -1.02146530 0.00000000
v 52.08304520 -1.05089474 10.00000000
v 52.20288010 -0.99402285 0.00000000
v 52.14248962 -1.02146530 10.00000000
v 52.26414413 -0.96859837 0.00000000
v 52.20288010 -0.99402285 10.00000000
v 52.39769287 -0.91737223 0.00000000
v 52.26414413 -0.96859837 10.00000000
v 52.45683975 -0.88939762 0.00000000
v 52.39769287 -0.91737223 10.00000000
v 52.51403351 -0.85761452 0.00000000
v 52.45683975 -0.88939762 10.00000000
v 52.54181595 -0.84033632 0.00000000
v 52.51403351 -0.85761452 10.00000000
v 52.59561844 -0.80310059 0.00000000
v 52.54181595 -0.84033632 10.00000000
v 52.62157745 -0.78318262 0.00000000
v 52.59561844 -0.80310059 10.00000000
v 52.67146606 -0.74085283 0.00000000
v 52.62157745 -0.78318262 10.00000000
v 52.71848221 -0.69535017 0.00000000
v 52.67146606 -0.74085283 10.00000000
v 52.76242371 -0.64687061 0.00000000
v 52.71848221 -0.69535017 10.00000000
v 52.80309982 -0.59562063 0.00000000
v 52.76242371 -0.64687061 10.00000000
v 52.84033508 -0.54182005 0.00000000
v 52.80309982 -0.59562063 10.00000000
v 52.87397308 -0.48569918 0.00000000
v 52.84033508 -0.54182005 10.00000000
v 52.90386887 -0.42749882 0.00000000
v 52.87397308 -0.48569918 10.00000000
v 52.92989273 -0.36746788 0.00000000
v 52.90386887 -0.42749882 10.00000000
v 52.94141693 -0.33684587 0.00000000
v 52.92989273 -0.36746788 10.00000000
v 52.96143265 -0.27455282 0.00000000
v 52.94141693 -0.33684587 10.00000000
v 52.97732849 -0.21108437 0.00000000
v 52.96143265 -0.27455282 10.00000000
v 52.98371429 -0.17899418 0.00000000
v 52.97732849 -0.21108437 10.00000000
v 52.99331207 -0.11427259 0.00000000
v 52.98371429 -0.17899418 10.00000000
v 52.99652023 -0.08171129 0.00000000
v 52.99331207 -0.11427259 10.00000000
v 52.99652023 -0.08171129 10.00000000
v 64.99999924 0.00000000 10.00000000
v 49.21224518 31.74057770 0.00000000
v 64.72971268 1.08111477 0.00000000
v 42.57080002 -5.15772772 5.62919998
v 42.67719193 -5.17618847 5.52280807
v 42.46544189 -5.13406849 5.73455811
v 42.25884171 -5.07139683 5.94115829
v 42.36137314 -5.10526848 5.83862686
v 42.15809555 -5.03253508 6.04190445
v 42.05937881 -4.98877621 6.14062119
v 41.96292801 -4.94022655 6.23707199
v 43.63862534 -5.10526848 4.56137466
v 43.42919846 -5.15772772 4.77080154
v 43.53455658 -5.13406849 4.66544342
v 43.32280655 -5.17618847 4.87719345
v 43.10794754 -5.19735003 5.09205246
v 43.21563644 -5.18940639 4.98436356
v 42.99999924 -5.19999981 5.20000076
v 42.89205093 -5.19735003 5.30794907
v 42.78436203 -5.18940639 5.41563797
v 42.46544189 -0.86593151 5.73455811
v 42.36137314 -0.89473152 5.83862686
v 42.25884171 -0.92860317 5.94115829
v 43.10794754 -0.80264997 5.09205246
v 42.99999924 -0.80000019 5.20000076
v 42.89205093 -0.80264997 5.30794907
v 42.78436203 -0.81059361 5.41563797
v 42.67719193 -0.82381153 5.52280807
v 42.57080002 -0.84227228 5.62919998
v 42.15809555 -0.96746492 6.04190445
v 42.05937881 -1.01122379 6.14062119
v 41.96292801 -1.05977345 6.23707199
v 38.20000000 3.00000000 10.00000000
v 43.12499924 3.25000000 10.00000000
v 41.44436569 -4.55563498 6.75563431
v 41.52257080 -4.63009262 6.67742920
v 41.86897202 -4.88700294 6.33102798
v 41.77774353 -4.82923317 6.42225647
v 41.68945999 -4.76705647 6.51054001
v 41.60433502 -4.70062304 6.59566498
v 41.36990662 -4.47742987 6.83009338
v 41.23294373 -4.31053829 6.96705627
v 41.29937668 -4.39566517 6.90062332
v 41.17076797 -4.22225475 7.02923203
v 41.11299820 -4.13102627 7.08700180
v 41.05977173 -4.03707266 7.14022827
v 41.01122208 -3.94062138 7.18877792
v 40.96746368 -3.84190369 7.23253632
v 40.92860336 -3.74115753 7.27139664
v 41.29937668 -1.60433483 6.90062332
v 41.23294373 -1.68946171 6.96705627
v 41.36990662 -1.52257013 6.83009338
v 41.17076797 -1.77774525 7.02923203
v 41.11299820 -1.86897373 7.08700180
v 41.05977173 -1.96292734 7.14022827
v 41.01122208 -2.05937862 7.18877792
v 40.89472885 -3.63862610 7.30527115
v 40.84227295 -3.42919874 7.35772705
v 40.86593170 -3.53455639 7.33406830
v 40.82380981 -3.32280731 7.37619019
v 40.81059189 -3.21563768 7.38940811
v 40.80264969 -3.10794878 7.39735031
v 40.79999847 -3.00000000 7.40000153
v 40.92860336 -2.25884247 7.27139664
v 40.89472885 -2.36137390 7.30527115
v 40.80264969 -2.89205122 7.39735031
v 40.81059189 -2.78436232 7.38940811
v 40.82380981 -2.67719269 7.37619019
v 40.86593170 -2.46544361 7.33406830
v 40.84227295 -2.57080126 7.35772705
v 40.96746368 -2.15809631 7.23253632
v 40.44242783 -4.36705065 10.00000000
v 40.37842865 -4.23990965 10.00000000
v 40.32074661 -4.10978222 10.00000000
v 40.26952286 -3.97698069 10.00000000
v 40.22487183 -3.84182549 10.00000000
v 40.18690796 -3.70464230 10.00000000
v 40.15572281 -3.56576204 10.00000000
v 40.13138885 -3.42551804 10.00000000
v 40.11396332 -3.28424978 10.00000000
v 40.10349197 -3.14229631 10.00000000
v 40.09999771 -3.00000000 10.00000000
v 40.10349197 -2.85770369 10.00000000
v 40.11396332 -2.71575022 10.00000000
v 40.13138885 -2.57448196 10.00000000
v 40.15572281 -2.43423796 10.00000000
v 40.18690796 -2.29535770 10.00000000
v 40.22487183 -2.15817451 10.00000000
v 40.26952286 -2.02301931 10.00000000
v 41.16025848 -5.24173021 10.00000000
v 41.05247803 -5.14875793 10.00000000
v 40.94938965 -5.05060959 10.00000000
v 41.27247162 -5.32930183 10.00000000
v 41.50910110 -5.48741293 10.00000000
v 41.38884659 -5.41126156 10.00000000
v 42.15817184 -5.77512693 10.00000000
v 42.02301712 -5.73047781 10.00000000
v 41.76008911 -5.62156868 10.00000000
v 41.63294907 -5.55757141 10.00000000
v 41.89021606 -5.67925072 10.00000000
v 42.29535599 -5.81309032 10.00000000
v 40.67069931 -4.72752810 10.00000000
v 40.58873672 -4.61115360 10.00000000
v 40.75826950 -4.83974075 10.00000000
v 40.51258774 -4.49089813 10.00000000
v 40.85124130 -4.94752121 10.00000000
v 40.32074661 -1.89021778 10.00000000
v 40.37842865 -1.76009035 10.00000000
v 40.44242783 -1.63294935 10.00000000
v 40.51258774 -1.50910187 10.00000000
v 41.52257080 -1.36990738 6.67742920
v 41.44436569 -1.44436502 6.75563431
v 41.86897202 -1.11299706 6.33102798
v 41.77774353 -1.17076683 6.42225647
v 41.68945999 -1.23294353 6.51054001
v 41.60433502 -1.29937696 6.59566498
v 43.12499924 3.00000000 10.00000000
v 40.58873672 -1.38884640 10.00000000
v 40.67069931 -1.27247190 10.00000000
v 40.75826950 -1.16025925 10.00000000
v 40.85124130 -1.05247879 10.00000000
v 40.94938965 -0.94939041 10.00000000
v 41.05247803 -0.85124207 10.00000000
v 41.16025848 -0.75826979 10.00000000
v 41.27247162 -0.67069817 10.00000000
v 41.38884659 -0.58873844 10.00000000
v 41.50910110 -0.51258707 10.00000000
v 41.63294907 -0.44242859 10.00000000
v 41.76008911 -0.37843132 10.00000000
v 41.89021606 -0.32074928 10.00000000
v 42.02301712 -0.26952219 10.00000000
v 42.15817184 -0.22487307 10.00000000
v 42.29535599 -0.18690968 10.00000000
v 42.43423767 -0.15572262 10.00000000
v 42.57448120 -0.13138819 10.00000000
v 42.71575089 -0.11396408 10.00000000
v 42.85770340 -0.10349321 10.00000000
v 42.99999924 -0.09999990 10.00000000
v 43.14229507 -0.10349321 10.00000000
v 43.28424759 -0.11396408 10.00000000
v 43.42551727 -0.13138819 10.00000000
v 43.56576080 -0.15572262 10.00000000
v 43.70464249 -0.18690968 10.00000000
v 43.84182663 -0.22487307 10.00000000
v 43.97698135 -0.26952219 10.00000000
v 44.10978241 -0.32074928 10.00000000
v 44.23990936 -0.37843132 10.00000000
v 44.36704941 -0.44242859 10.00000000
v 44.49089737 -0.51258707 10.00000000
v 44.61115189 -0.58873844 10.00000000
v 44.72752686 -0.67069817 10.00000000
v 43.17066879 3.25000000 10.00000000
v 43.30445786 4.08994102 10.00000000
v 43.43990250 4.72387123 10.00000000
v 44.08611984 7.41943073 10.00000000
v 44.00107117 7.93456173 10.00000000
v 44.10613937 7.35712051 10.00000000
v 44.12818832 7.29549980 10.00000000
v 44.49631805 6.68130875 10.00000000
v 44.45397873 6.73121357 10.00000000
v 44.54027100 6.63281536 10.00000000
v 44.68130798 6.49632072 10.00000000
v 44.63281555 6.54027176 10.00000000
v 44.58578415 6.58578682 10.00000000
v 44.26794739 7.00000000 10.00000000
v 44.23615570 7.05720711 10.00000000
v 44.20625229 7.11542320 10.00000000
v 44.33705826 6.88885975 10.00000000
v 44.30159302 6.94386482 10.00000000
v 44.41329117 6.78247738 10.00000000
v 44.37430496 6.83504486 10.00000000
v 44.17827148 7.17458534 10.00000000
v 44.15223999 7.23463249 10.00000000
v 43.99999924 8.00000000 10.00000000
v 44.06814880 7.48236179 10.00000000
v 44.05224533 7.54584694 10.00000000
v 44.03842850 7.60981941 10.00000000
v 44.02671356 7.67420959 10.00000000
v 44.01710815 7.73894691 10.00000000
v 44.00963135 7.80396557 10.00000000
v 44.00428314 7.86919403 10.00000000
v 42.43423767 -5.84427738 10.00000000
v 42.57448120 -5.86861181 10.00000000
v 42.71575089 -5.88603592 10.00000000
v 42.85770340 -5.89650679 10.00000000
v 42.99999924 -5.90000010 10.00000000
v 43.14229507 -5.89650679 10.00000000
v 43.28424759 -5.88603592 10.00000000
v 43.42551727 -5.86861181 10.00000000
v 43.56576080 -5.84427738 10.00000000
v 43.70464249 -5.81309032 10.00000000
v 43.84182663 -5.77512693 10.00000000
v 43.97698135 -5.73047781 10.00000000
v 44.10978241 -5.67925072 10.00000000
v 44.23990936 -5.62156868 10.00000000
v 44.36704941 -5.55757141 10.00000000
v 44.49089737 -5.48741293 10.00000000
v 44.61115189 -5.41126156 10.00000000
v 44.72752686 -5.32930183 10.00000000
v 44.83973999 -5.24173021 10.00000000
v 44.94752045 -5.14875793 10.00000000
v 45.05060883 -5.05060959 10.00000000
v 45.14875717 -4.94752121 10.00000000
v 45.24172897 -4.83974075 10.00000000
v 45.32929916 -4.72752810 10.00000000
v 45.41126175 -4.61115360 10.00000000
v 45.48741074 -4.49089813 10.00000000
v 45.55757065 -4.36705065 10.00000000
v 45.62156982 -4.23990965 10.00000000
v 45.67925186 -4.10978222 10.00000000
v 45.73047562 -3.97698069 10.00000000
v 45.77512665 -3.84182549 10.00000000
v 45.81309052 -3.70464230 10.00000000
v 45.84427567 -3.56576204 10.00000000
v 45.86860962 -3.42551804 10.00000000
v 45.88603516 -3.28424978 10.00000000
v 45.89650650 -3.14229631 10.00000000
v 45.90000076 -3.00000000 10.00000000
v 45.88603516 -2.71575022 10.00000000
v 45.89650650 -2.85770369 10.00000000
v 45.86860962 -2.57448196 10.00000000
v 45.84427567 -2.43423796 10.00000000
v 45.77512665 -2.15817451 10.00000000
v 45.81309052 -2.29535770 10.00000000
v 45.73047562 -2.02301931 10.00000000
v 45.48741074 -1.50910187 10.00000000
v 45.55757065 -1.63294935 10.00000000
v 45.62156982 -1.76009035 10.00000000
v 45.67925186 -1.89021778 10.00000000
v 44.83973999 -0.75826979 10.00000000
v 44.94752045 -0.85124207 10.00000000
v 45.05060883 -0.94939041 10.00000000
v 45.14875717 -1.05247879 10.00000000
v 45.24172897 -1.16025925 10.00000000
v 45.32929916 -1.27247190 10.00000000
v 45.41126175 -1.38884640 10.00000000
v 44.88885803 6.33706093 10.00000000
v 44.83504410 6.37430668 10.00000000
v 44.94386215 6.30159569 10.00000000
v 44.99999924 6.26794910 10.00000000
v 44.78247757 6.41329384 10.00000000
v 44.73121185 6.45397949 10.00000000
v 45.05720444 6.23615742 10.00000000
v 45.11542053 6.20625496 10.00000000
v 45.23463364 6.15224075 10.00000000
v 45.17458649 6.17827225 10.00000000
v 45.29550095 6.12818813 10.00000000
v 45.35711975 6.10614014 10.00000000
v 53.49888916 1.99607658 10.00000000
v 52.99986572 0.00000000 10.00000000
v 45.41942902 6.08611870 10.00000000
v 45.48236008 6.06814766 10.00000000
v 45.54584808 6.05224609 10.00000000
v 45.60981674 6.03842926 10.00000000
v 45.67420883 6.02671337 10.00000000
v 45.73894806 6.01711082 10.00000000
v 45.80396576 6.00963020 10.00000000
v 45.86919327 6.00428200 10.00000000
v 45.93456192 6.00107098 10.00000000
v 45.99999924 6.00000000 10.00000000
v 43.12499924 44.75000000 10.00000000
v 43.99999924 40.00000000 10.00000000
v 53.71595306 2.86432266 10.00000000
v 55.44002457 6.00000000 10.00000000
v 59.00667877 5.41955185 10.00000000
v 59.48363800 5.00126839 10.00000000
v 59.46729584 5.00207043 10.00000000
v 59.49999924 5.00099945 10.00000000
v 59.02152939 5.35585785 10.00000000
v 59.01703568 5.37159061 10.00000000
v 59.02653427 5.34028053 10.00000000
v 59.03204651 5.32487488 10.00000000
v 59.03805847 5.30965805 10.00000000
v 59.04456635 5.29464626 10.00000000
v 59.05156250 5.27985573 10.00000000
v 59.05903931 5.26530170 10.00000000
v 59.06698532 5.25099945 10.00000000
v 59.07539673 5.23696613 10.00000000
v 59.08426590 5.22321510 10.00000000
v 59.09357758 5.20976067 10.00000000
v 59.10332413 5.19661903 10.00000000
v 59.11349411 5.18380356 10.00000000
v 59.00960846 5.40345478 10.00000000
v 59.01306076 5.38746166 10.00000000
v 59.12407990 5.17132759 10.00000000
v 59.13506622 5.15920448 10.00000000
v 59.14644547 5.14744663 10.00000000
v 59.15820236 5.13606834 10.00000000
v 59.17032547 5.12508011 10.00000000
v 59.18280334 5.11449432 10.00000000
v 59.22221298 5.08526516 10.00000000
v 59.20875854 5.09457684 10.00000000
v 59.23596497 5.07639885 10.00000000
v 59.24999924 5.06798744 10.00000000
v 59.26430054 5.06003952 10.00000000
v 59.19561691 5.10432339 10.00000000
v 59.27885361 5.05256367 10.00000000
v 59.29364700 5.04556847 10.00000000
v 59.30865784 5.03906059 10.00000000
v 59.32387466 5.03304672 10.00000000
v 59.33927841 5.02753448 10.00000000
v 59.35485764 5.02252960 10.00000000
v 59.37058945 5.01803780 10.00000000
v 59.38646240 5.01406097 10.00000000
v 59.40245361 5.01060677 10.00000000
v 59.41855164 5.00767899 10.00000000
v 59.43473740 5.00527763 10.00000000
v 59.45099182 5.00340748 10.00000000
v 59.00427551 5.43573761 10.00000000
v 59.00026627 5.48464012 10.00000000
v 58.99999924 5.50099945 10.00000000
v 59.00107117 5.46829796 10.00000000
v 59.00240631 5.45199203 10.00000000
v 58.99999924 6.00000000 10.00000000
v 64.49999924 5.00099945 10.00000000
v 64.51635666 5.00126839 10.00000000
v 64.53269882 5.00207043 10.00000000
v 64.58145065 5.00767899 10.00000000
v 64.56526108 5.00527763 10.00000000
v 64.54901047 5.00340748 10.00000000
v 64.62940903 5.01803780 10.00000000
v 64.61353989 5.01406097 10.00000000
v 64.59754105 5.01060677 10.00000000
v 43.12499924 44.75000000 0.00000000
v 48.20000000 44.75000000 0.00000000
v 51.90308304 44.75000000 0.00000000
v 45.24496765 49.49996185 2.95503235
v 45.31586761 49.61192322 2.88413239
v 45.16865845 49.39161301 3.03134155
v 51.01757355 50.56374741 0.00000000
v 51.02743835 50.49815369 0.00000000
v 51.00989075 50.62963104 0.00000000
v 51.00439758 50.69573593 0.00000000
v 51.00109787 50.76198578 0.00000000
v 48.20000000 55.99999237 0.00000000
v 45.64812012 50.47325516 2.55187988
v 50.99999924 50.82830811 0.00000000
v 48.99181671 56.00000000 0.00000000
v 49.08177872 55.99812698 0.00000000
v 49.14711304 55.99438095 0.00000000
v 49.37407990 55.96450043 0.00000000
v 49.43815918 55.95121002 0.00000000
v 49.21229095 55.98849869 0.00000000
v 49.30960388 55.97568893 0.00000000
v 49.50176544 55.93582916 0.00000000
v 49.56483383 55.91837311 0.00000000
v 49.62729950 55.89886475 0.00000000
v 49.75014801 55.85377121 0.00000000
v 49.68909378 55.87732315 0.00000000
v 45.49447556 49.96675491 2.70552444
v 45.54216690 50.09039688 2.65783310
v 45.44077225 49.84560013 2.75922775
v 45.38118668 49.72723007 2.81881332
v 45.61908264 50.34395218 2.58091736
v 45.58373947 50.21623230 2.61626053
v 45.54216690 51.90960312 2.65783310
v 45.49447556 52.03324509 2.70552444
v 45.44077225 52.15439987 2.75922775
v 45.38118668 52.27276993 2.81881332
v 45.67077560 50.60382843 2.52922440
v 45.68699951 50.73535538 2.51300049
v 45.69674606 50.86751556 2.50325394
v 45.70000000 51.00000000 2.50000000
v 45.69674606 51.13248444 2.50325394
v 45.68699951 51.26464462 2.51300049
v 45.67077560 51.39617157 2.52922440
v 45.64812012 51.52674484 2.55187988
v 45.61908264 51.65604782 2.58091736
v 45.58373947 51.78376770 2.61626053
v 45.31586761 52.38807678 2.88413239
v 45.24496765 52.50003815 2.95503235
v 45.16865845 52.60838699 3.03134155
v 45.00056763 52.81320953 3.19943237
v 44.90918655 52.90918732 3.29081345
v 45.08712692 52.71286011 3.11287308
v 44.81320877 53.00056839 3.38679123
v 44.71285934 53.08712769 3.48714066
v 44.60838623 53.16865921 3.59161377
v 44.50003738 53.24496841 3.69996262
v 43.12499924 45.00000000 5.07500076
v 44.60838623 48.83134079 3.59161377
v 44.71285934 48.91287231 3.48714066
v 44.38807602 48.68413162 3.81192398
v 44.50003738 48.75503159 3.69996262
v 44.27276917 48.61881256 3.92723083
v 44.15439911 48.55922699 4.04560089
v 44.03324432 48.50552368 4.16675568
v 43.90960236 48.45783234 4.29039764
v 43.78376694 48.41625977 4.41623306
v 43.65604706 48.38091660 4.54395294
v 43.39617081 48.32922363 4.80382919
v 43.52674408 48.35187912 4.67325592
v 43.26464386 48.31299973 4.93535614
v 43.78376694 53.58374023 4.41623306
v 38.20000000 55.99988174 10.00000000
v 45.08712692 49.28713989 3.11287308
v 45.00056763 49.18679047 3.19943237
v 44.90918655 49.09081268 3.29081345
v 44.81320877 48.99943161 3.38679123
v 44.38807602 53.31586838 3.81192398
v 44.27276917 53.38118744 3.92723083
v 44.15439911 53.44077301 4.04560089
v 44.03324432 53.49447632 4.16675568
v 43.90960236 53.54216766 4.29039764
v 49.08177872 55.99812698 10.00000000
v 49.14711304 55.99438095 10.00000000
v 49.21229095 55.98849869 10.00000000
v 49.30960388 55.97568893 10.00000000
v 49.37407990 55.96450043 10.00000000
v 49.43815918 55.95121002 10.00000000
v 49.50176544 55.93582916 10.00000000
v 49.56483383 55.91837311 10.00000000
v 49.62729950 55.89886475 10.00000000
v 49.68909378 55.87732315 10.00000000
v 49.75014801 55.85377121 10.00000000
v 49.81040115 55.82823563 10.00000000
v 49.81040115 55.82823563 0.00000000
v 49.86978455 55.80074310 10.00000000
v 49.86978455 55.80074310 0.00000000
v 49.92823715 55.77132034 10.00000000
v 49.92823715 55.77132034 0.00000000
v 49.98569794 55.73999786 0.00000000
v 50.04209824 55.70681763 10.00000000
v 50.04209824 55.70681763 0.00000000
v 50.09738846 55.67180634 10.00000000
v 50.09738846 55.67180634 0.00000000
v 50.15149994 55.63500595 10.00000000
v 50.15149994 55.63500595 0.00000000
v 49.98569794 55.73999786 10.00000000
v 53.49529572 46.01779175 0.00000000
v 52.99973221 48.00000000 0.00000000
v 51.38415070 49.64973450 0.00000000
v 51.42412109 49.59679794 0.00000000
v 51.46582718 49.54521942 0.00000000
v 51.50921936 49.49504852 0.00000000
v 51.55425186 49.44634628 0.00000000
v 51.60087509 49.39916611 0.00000000
v 51.21176453 49.93264008 0.00000000
v 51.24244995 49.87383652 0.00000000
v 51.18304749 49.99243546 0.00000000
v 51.06999130 50.30383682 0.00000000
v 51.08844299 50.24012375 0.00000000
v 51.05366058 50.36812973 0.00000000
v 51.13163681 50.11471176 0.00000000
v 51.15632935 50.05314636 0.00000000
v 51.10900040 50.17705917 0.00000000
v 51.27506561 49.81607819 0.00000000
v 51.30958099 49.75943375 0.00000000
v 51.34595795 49.70396423 0.00000000
v 51.03946991 50.43292236 0.00000000
v 51.64903564 49.35355377 0.00000000
v 51.69868393 49.30956650 0.00000000
v 51.74976273 49.26724625 0.00000000
v 51.80221481 49.22664642 0.00000000
v 51.96724625 49.11558533 0.00000000
v 52.02460785 49.08227921 0.00000000
v 52.08304520 49.05089569 0.00000000
v 51.85598679 49.18780899 0.00000000
v 51.91101761 49.15077209 0.00000000
v 52.14248962 49.02146530 0.00000000
v 52.20288010 48.99402237 0.00000000
v 52.26414413 48.96859741 0.00000000
v 52.39769669 48.91736984 0.00000000
v 52.45684357 48.88939667 0.00000000
v 52.48569794 48.87397385 0.00000000
v 52.54181976 48.84033585 0.00000000
v 52.59561844 48.80310059 0.00000000
v 52.64686890 48.76242447 0.00000000
v 52.69534988 48.71848297 0.00000000
v 52.74085159 48.67146683 0.00000000
v 52.78318329 48.62157822 0.00000000
v 52.82215805 48.56902313 0.00000000
v 52.85761185 48.51403427 0.00000000
v 52.88939590 48.45684052 0.00000000
v 52.91737289 48.39769363 0.00000000
v 52.99652023 48.08171082 0.00000000
v 52.98904343 48.14670944 0.00000000
v 52.97733231 48.21108246 0.00000000
v 52.96143265 48.27455139 0.00000000
v 52.94141693 48.33684540 0.00000000
v 50.20437927 55.59645462 0.00000000
v 50.25596924 55.55619431 0.00000000
v 50.30621262 55.51426697 0.00000000
v 50.81473083 54.84020615 0.00000000
v 50.85377045 54.75014877 0.00000000
v 50.35505981 55.47071838 0.00000000
v 50.40245361 55.42559433 0.00000000
v 50.44834824 55.37894440 0.00000000
v 50.49269028 55.33081436 0.00000000
v 50.53543396 55.28126526 0.00000000
v 50.57653351 55.23033905 0.00000000
v 50.61594696 55.17809677 0.00000000
v 50.65362473 55.12459564 0.00000000
v 50.68953629 55.06988907 0.00000000
v 50.75589294 54.95709610 0.00000000
v 50.78626938 54.89913177 0.00000000
v 50.72363968 55.01403427 0.00000000
v 50.99812622 54.08177948 0.00000000
v 50.99999924 53.99181747 0.00000000
v 50.97568817 54.30960464 0.00000000
v 50.98475952 54.24479675 0.00000000
v 50.95811386 54.40617371 0.00000000
v 50.94377823 54.47002411 0.00000000
v 50.99438019 54.14711380 0.00000000
v 50.89886398 54.62730026 0.00000000
v 50.91837234 54.56483459 0.00000000
v 50.87732239 54.68909454 0.00000000
v 64.99999924 48.00000000 0.00000000
v 64.99999924 47.99203491 0.00000000
v 51.27506561 49.81607819 10.00000000
v 51.21176453 49.93264008 10.00000000
v 51.24244995 49.87383652 10.00000000
v 51.55425186 49.44634628 10.00000000
v 51.64903564 49.35355377 10.00000000
v 51.60087509 49.39916611 10.00000000
v 51.34595795 49.70396423 10.00000000
v 51.46582718 49.54521942 10.00000000
v 51.42412109 49.59679794 10.00000000
v 51.38415070 49.64973450 10.00000000
v 51.30958099 49.75943375 10.00000000
v 51.50921936 49.49504852 10.00000000
v 51.08844299 50.24012375 10.00000000
v 51.06999130 50.30383682 10.00000000
v 51.03946991 50.43292236 10.00000000
v 51.05366058 50.36812973 10.00000000
v 51.18304749 49.99243546 10.00000000
v 51.15632935 50.05314636 10.00000000
v 51.13163681 50.11471176 10.00000000
v 51.10900040 50.17705917 10.00000000
v 51.02743835 50.49815369 10.00000000
v 51.01757355 50.56374741 10.00000000
v 51.00989075 50.62963104 10.00000000
v 51.00439758 50.69573593 10.00000000
v 51.00109787 50.76198578 10.00000000
v 50.99999924 50.82830811 10.00000000
v 52.26414413 48.96859741 10.00000000
v 52.39769669 48.91736984 10.00000000
v 51.80221481 49.22664642 10.00000000
v 51.69868393 49.30956650 10.00000000
v 51.74976273 49.26724625 10.00000000
v 51.85598679 49.18780899 10.00000000
v 51.91101761 49.15077209 10.00000000
v 52.02460785 49.08227921 10.00000000
v 51.96724625 49.11558533 10.00000000
v 52.08304520 49.05089569 10.00000000
v 52.14248962 49.02146530 10.00000000
v 52.20288010 48.99402237 10.00000000
v 52.45684357 48.88939667 10.00000000
v 52.48569794 48.87397385 10.00000000
v 52.54181976 48.84033585 10.00000000
v 52.69534988 48.71848297 10.00000000
v 52.74085159 48.67146683 10.00000000
v 52.59561844 48.80310059 10.00000000
v 52.64686890 48.76242447 10.00000000
v 52.94141693 48.33684540 10.00000000
v 52.88939590 48.45684052 10.00000000
v 52.91737289 48.39769363 10.00000000
v 52.99652023 48.08171082 10.00000000
v 52.99973221 48.00000000 10.00000000
v 52.98904343 48.14670944 10.00000000
v 52.97733231 48.21108246 10.00000000
v 52.96143265 48.27455139 10.00000000
v 52.82215805 48.56902313 10.00000000
v 52.85761185 48.51403427 10.00000000
v 52.78318329 48.62157822 10.00000000
v 50.89886398 54.62730026 10.00000000
v 50.87732239 54.68909454 10.00000000
v 50.75589294 54.95709610 10.00000000
v 50.78626938 54.89913177 10.00000000
v 50.85377045 54.75014877 10.00000000
v 50.81473083 54.84020615 10.00000000
v 50.35505981 55.47071838 10.00000000
v 50.40245361 55.42559433 10.00000000
v 50.53543396 55.28126526 10.00000000
v 50.49269028 55.33081436 10.00000000
v 50.44834824 55.37894440 10.00000000
v 50.20437927 55.59645462 10.00000000
v 50.25596924 55.55619431 10.00000000
v 50.30621262 55.51426697 10.00000000
v 50.57653351 55.23033905 10.00000000
v 50.61594696 55.17809677 10.00000000
v 50.68953629 55.06988907 10.00000000
v 50.65362473 55.12459564 10.00000000
v 50.72363968 55.01403427 10.00000000
v 50.99999924 53.99181747 10.00000000
v 50.99812622 54.08177948 10.00000000
v 50.99438019 54.14711380 10.00000000
v 50.98475952 54.24479675 10.00000000
v 50.97568817 54.30960464 10.00000000
v 50.95811386 54.40617371 10.00000000
v 50.94377823 54.47002411 10.00000000
v 50.91837234 54.56483459 10.00000000
v 43.12499924 45.00000000 10.00000000
v 42.34395142 48.38091660 5.85604858
v 42.47325439 48.35187912 5.72674561
v 43.13248367 48.30325317 5.06751633
v 42.99999924 48.29999924 5.20000076
v 42.86751480 48.30325317 5.33248520
v 42.73535461 48.31299973 5.46464539
v 42.60382767 48.32922363 5.59617233
v 42.21623154 48.41625977 5.98376846
v 42.09039612 48.45783234 6.10960388
v 41.96675415 48.50552368 6.23324585
v 41.84559937 48.55922699 6.35440063
v 41.72722931 48.61881256 6.47277069
v 41.61192245 48.68413162 6.58807755
v 41.49996109 48.75503159 6.70003891
v 38.20000000 45.00000000 10.00000000
v 42.73535461 53.68700027 5.46464539
v 42.60382767 53.67077637 5.59617233
v 42.47325439 53.64812088 5.72674561
v 42.34395142 53.61908340 5.85604858
v 42.21623154 53.58374023 5.98376846
v 42.09039612 53.54216766 6.10960388
v 41.96675415 53.49447632 6.23324585
v 43.65604706 53.61908340 4.54395294
v 43.52674408 53.64812088 4.67325592
v 43.39617081 53.67077637 4.80382919
v 43.26464386 53.68700027 4.93535614
v 43.13248367 53.69674683 5.06751633
v 42.99999924 53.70000076 5.20000076
v 42.86751480 53.69674683 5.33248520
v 48.99181671 56.00000000 10.00000000
v 41.39161224 48.83134079 6.80838776
v 41.28713913 48.91287231 6.91286087
v 41.18678970 48.99943161 7.01321030
v 41.09081192 49.09081268 7.10918808
v 40.99943085 49.18679047 7.20056915
v 40.91287155 49.28713989 7.28712845
v 40.83134003 49.39161301 7.36865997
v 40.75503082 49.49996185 7.44496918
v 40.00146790 49.39725113 10.00000000
v 39.92643661 49.54631424 10.00000000
v 40.17300339 49.11106110 10.00000000
v 40.08372040 49.25205231 10.00000000
v 40.26909561 48.97462082 10.00000000
v 40.37176437 48.84306335 10.00000000
v 40.48076553 48.71669769 10.00000000
v 41.54631348 47.92643738 10.00000000
v 41.39725037 48.00146866 10.00000000
v 40.59583588 48.59583664 10.00000000
v 40.71669693 48.48076630 10.00000000
v 40.97462006 48.26909637 10.00000000
v 40.84306259 48.37176514 10.00000000
v 41.11106033 48.17300415 10.00000000
v 41.25205154 48.08372116 10.00000000
v 41.69887466 47.85881042 10.00000000
v 41.85457535 47.79875183 10.00000000
v 42.01303024 47.74640274 10.00000000
v 42.17386551 47.70189285 10.00000000
v 42.33669205 47.66532898 10.00000000
v 42.50111694 47.63679886 10.00000000
v 42.66673965 47.61637115 10.00000000
v 44.00107117 40.06543732 10.00000000
v 44.00428314 40.13080597 10.00000000
v 44.00963135 40.19603348 10.00000000
v 44.01710815 40.26105118 10.00000000
v 44.02671356 40.32579041 10.00000000
v 44.03842850 40.39018250 10.00000000
v 44.05224533 40.45415115 10.00000000
v 44.06814880 40.51763916 10.00000000
v 44.08611984 40.58057022 10.00000000
v 44.10613937 40.64287949 10.00000000
v 44.12818832 40.70449829 10.00000000
v 44.15223999 40.76536560 10.00000000
v 44.17827148 40.82541275 10.00000000
v 44.20625229 40.88457870 10.00000000
v 44.23615570 40.94279480 10.00000000
v 44.26794739 41.00000000 10.00000000
v 44.30159302 41.05613708 10.00000000
v 44.33705826 41.11114120 10.00000000
v 44.37430496 41.16495514 10.00000000
v 44.41329117 41.21752167 10.00000000
v 44.45397873 41.26878738 10.00000000
v 44.49631805 41.31869125 10.00000000
v 44.54027100 41.36718369 10.00000000
v 44.58578415 41.41421509 10.00000000
v 44.63281555 41.45972824 10.00000000
v 44.68130798 41.50368118 10.00000000
v 42.83316727 47.60409546 10.00000000
v 42.99999924 47.59999847 10.00000000
v 43.16683121 47.60409546 10.00000000
v 43.33325882 47.61637115 10.00000000
v 43.49888153 47.63679886 10.00000000
v 43.66330643 47.66532898 10.00000000
v 43.82613297 47.70189285 10.00000000
v 43.98696823 47.74640274 10.00000000
v 44.14542313 47.79875183 10.00000000
v 44.30112381 47.85881042 10.00000000
v 44.45368500 47.92643738 10.00000000
v 40.41625900 50.21623230 7.78374100
v 40.45783157 50.09039688 7.74216843
v 40.38091583 50.34395218 7.81908417
v 40.35187836 50.47325516 7.84812164
v 40.32922287 50.60382843 7.87077713
v 40.31299896 50.73535538 7.88700104
v 40.30325241 50.86751556 7.89674759
v 40.29999847 51.00000000 7.90000153
v 40.30325241 51.13248444 7.89674759
v 40.31299896 51.26464462 7.88700104
v 40.68413086 49.61192322 7.51586914
v 40.61881180 49.72723007 7.58118820
v 40.55922623 49.84560013 7.64077377
v 40.50552292 49.96675491 7.69447708
v 41.18678970 53.00056839 7.01321030
v 41.09081192 52.90918732 7.10918808
v 40.99943085 52.81320953 7.20056915
v 41.61192245 53.31586838 6.58807755
v 41.49996109 53.24496841 6.70003891
v 41.84559937 53.44077301 6.35440063
v 41.72722931 53.38118744 6.47277069
v 41.39161224 53.16865921 6.80838776
v 41.28713913 53.08712769 6.91286087
v 40.35187836 51.52674484 7.84812164
v 40.32922287 51.39617157 7.87077713
v 40.45783157 51.90960312 7.74216843
v 40.41625900 51.78376770 7.78374100
v 40.38091583 51.65604782 7.81908417
v 40.91287155 52.71286011 7.28712845
v 40.83134003 52.60838699 7.36865997
v 40.75503082 52.50003815 7.44496918
v 40.61881180 52.27276993 7.58118820
v 40.55922623 52.15439987 7.64077377
v 40.68413086 52.38807678 7.51586914
v 40.50552292 52.03324509 7.69447708
v 39.85880966 49.69887543 10.00000000
v 39.79875107 49.85457611 10.00000000
v 39.74640198 50.01303101 10.00000000
v 39.70189209 50.17386627 10.00000000
v 39.66532822 50.33669281 10.00000000
v 39.63679810 50.50111771 10.00000000
v 39.61637039 50.66674042 10.00000000
v 39.60409470 50.83316803 10.00000000
v 39.59999771 51.00000000 10.00000000
v 39.60409470 51.16683197 10.00000000
v 39.61637039 51.33325958 10.00000000
v 39.63679810 51.49888229 10.00000000
v 39.66532822 51.66330719 10.00000000
v 39.70189209 51.82613373 10.00000000
v 39.74640198 51.98696899 10.00000000
v 39.79875107 52.14542389 10.00000000
v 39.85880966 52.30112457 10.00000000
v 39.92643661 52.45368576 10.00000000
v 40.00146790 52.60274887 10.00000000
v 40.08372040 52.74794769 10.00000000
v 40.17300339 52.88893890 10.00000000
v 40.26909561 53.02537918 10.00000000
v 40.37176437 53.15693665 10.00000000
v 40.48076553 53.28330231 10.00000000
v 40.59583588 53.40416336 10.00000000
v 40.71669693 53.51923370 10.00000000
v 40.84306259 53.62823486 10.00000000
v 40.97462006 53.73090363 10.00000000
v 41.11106033 53.82699585 10.00000000
v 41.25205154 53.91627884 10.00000000
v 41.39725037 53.99853134 10.00000000
v 41.54631348 54.07356262 10.00000000
v 41.69887466 54.14118958 10.00000000
v 41.85457535 54.20124817 10.00000000
v 42.01303024 54.25359726 10.00000000
v 42.17386551 54.29810715 10.00000000
v 42.33669205 54.33467102 10.00000000
v 42.50111694 54.36320114 10.00000000
v 42.66673965 54.38362885 10.00000000
v 42.83316727 54.39590454 10.00000000
v 42.99999924 54.40000153 10.00000000
v 43.16683121 54.39590454 10.00000000
v 43.33325882 54.38362885 10.00000000
v 43.49888153 54.36320114 10.00000000
v 43.66330643 54.33467102 10.00000000
v 43.82613297 54.29810715 10.00000000
v 44.73121185 41.54602051 10.00000000
v 44.78247757 41.58670807 10.00000000
v 44.83504410 41.62569427 10.00000000
v 44.88885803 41.66294098 10.00000000
v 44.94386215 41.69840622 10.00000000
v 44.99999924 41.73205185 10.00000000
v 45.05720444 41.76384354 10.00000000
v 45.11542053 41.79374695 10.00000000
v 45.17458649 41.82172775 10.00000000
v 45.23463364 41.84775925 10.00000000
v 45.29550095 41.87181091 10.00000000
v 45.35711975 41.89385986 10.00000000
v 45.41942902 41.91387939 10.00000000
v 45.48236008 41.93185043 10.00000000
v 45.54584808 41.94775391 10.00000000
v 45.60981674 41.96157074 10.00000000
v 45.67420883 41.97328568 10.00000000
v 45.73894806 41.98289108 10.00000000
v 45.80396576 41.99036789 10.00000000
v 45.86919327 41.99571609 10.00000000
v 45.93456192 41.99892807 10.00000000
v 45.99999924 42.00000000 10.00000000
v 51.99181671 43.40684128 10.00000000
v 52.29356308 44.78192520 10.00000000
v 44.60274811 48.00146866 10.00000000
v 44.74794693 48.08372116 10.00000000
v 44.88893814 48.17300415 10.00000000
v 45.02537842 48.26909637 10.00000000
v 45.15693588 48.37176514 10.00000000
v 45.28330154 48.48076630 10.00000000
v 43.98696823 54.25359726 10.00000000
v 45.73090286 53.02537918 10.00000000
v 45.82699509 52.88893890 10.00000000
v 45.91627808 52.74794769 10.00000000
v 45.99853058 52.60274887 10.00000000
v 44.14542313 54.20124817 10.00000000
v 44.30112381 54.14118958 10.00000000
v 44.45368500 54.07356262 10.00000000
v 44.60274811 53.99853134 10.00000000
v 45.02537842 53.73090363 10.00000000
v 45.15693588 53.62823486 10.00000000
v 44.74794693 53.91627884 10.00000000
v 44.88893814 53.82699585 10.00000000
v 45.28330154 53.51923370 10.00000000
v 45.40416260 53.40416336 10.00000000
v 45.51923294 53.28330231 10.00000000
v 45.62823410 53.15693665 10.00000000
v 45.40416260 48.59583664 10.00000000
v 45.51923294 48.71669769 10.00000000
v 45.62823410 48.84306335 10.00000000
v 45.73090286 48.97462082 10.00000000
v 45.82699509 49.11106110 10.00000000
v 45.91627808 49.25205231 10.00000000
v 45.99853058 49.39725113 10.00000000
v 46.07356186 49.54631424 10.00000000
v 46.14118881 49.69887543 10.00000000
v 46.20124741 49.85457611 10.00000000
v 46.25359650 50.01303101 10.00000000
v 46.29810638 50.17386627 10.00000000
v 46.33467026 50.33669281 10.00000000
v 46.36320038 50.50111771 10.00000000
v 46.33467026 51.66330719 10.00000000
v 46.36320038 51.49888229 10.00000000
v 46.29810638 51.82613373 10.00000000
v 46.07356186 52.45368576 10.00000000
v 46.25359650 51.98696899 10.00000000
v 46.20124741 52.14542389 10.00000000
v 46.14118881 52.30112457 10.00000000
v 46.38362808 50.66674042 10.00000000
v 46.39590378 50.83316803 10.00000000
v 46.40000076 51.00000000 10.00000000
v 46.39590378 51.16683197 10.00000000
v 46.38362808 51.33325958 10.00000000
v 64.99999924 48.00000000 10.00000000
v 77.99999924 42.00000000 10.00000000
v 64.14088364 46.23268127 10.00000000
v 78.52322311 47.98287201 10.00000000
v 77.99999924 0.00000000 0.00000000
v 77.99999924 0.00000000 10.00000000
v 78.26174850 0.00428295 0.00000000
v 78.52322311 0.01712894 0.00000000
v 78.78413315 0.03852177 0.00000000
v 79.04421158 0.06844139 0.00000000
v 79.30316086 0.10685349 0.00000000
v 79.56072159 0.15371799 0.00000000
v 79.81661148 0.20898438 0.00000000
v 80.07054825 0.27259350 0.00000000
v 80.32228012 0.34447765 0.00000000
v 80.57151718 0.42455864 0.00000000
v 80.81800003 0.51275253 0.00000000
v 81.06146927 0.60896397 0.00000000
v 81.30165787 0.71308899 0.00000000
v 81.53830643 0.82501793 0.00000000
v 81.77117081 0.94462967 0.00000000
v 81.99999924 1.07179642 0.00000000
v 82.22453995 1.20638275 0.00000000
v 82.44456406 1.34824276 0.00000000
v 82.65981979 1.49722672 0.00000000
v 82.87009354 1.65317345 0.00000000
v 83.07514877 1.81591606 0.00000000
v 83.27476425 1.98528194 0.00000000
v 83.46873398 2.16108704 0.00000000
v 83.65685196 2.34314537 0.00000000
v 83.83891220 2.53126144 0.00000000
v 84.01471634 2.72523308 0.00000000
v 84.18408127 2.92485428 0.00000000
v 84.34682388 3.12990856 0.00000000
v 78.26174850 0.00428295 10.00000000
v 78.52322311 0.01712894 10.00000000
v 78.78413315 0.03852177 10.00000000
v 79.04421158 0.06844139 10.00000000
v 79.30316086 0.10685349 10.00000000
v 79.56072159 0.15371799 10.00000000
v 79.81661148 0.20898438 10.00000000
v 80.07054825 0.27259350 10.00000000
v 80.32228012 0.34447765 10.00000000
v 80.57151718 0.42455864 10.00000000
v 80.81800003 0.51275253 10.00000000
v 81.06146927 0.60896397 10.00000000
v 81.30165787 0.71308899 10.00000000
v 81.53830643 0.82501793 10.00000000
v 81.77117081 0.94462967 10.00000000
v 81.99999924 1.07179642 10.00000000
v 82.22453995 1.20638275 10.00000000
v 82.44456406 1.34824276 10.00000000
v 82.65981979 1.49722672 10.00000000
v 82.87009354 1.65317345 10.00000000
v 83.07514877 1.81591606 10.00000000
v 83.27476425 1.98528194 10.00000000
v 83.46873398 2.16108704 10.00000000
v 83.65685196 2.34314537 10.00000000
v 83.83891220 2.53126144 10.00000000
v 84.01471634 2.72523308 10.00000000
v 84.18408127 2.92485428 10.00000000
v 84.50277634 3.34017849 0.00000000
v 84.34682388 3.12990856 10.00000000
v 84.65175552 3.55543804 0.00000000
v 84.50277634 3.34017849 10.00000000
v 84.79361649 3.77545738 0.00000000
v 84.65175552 3.55543804 10.00000000
v 84.92819901 4.00000000 0.00000000
v 84.79361649 3.77545738 10.00000000
v 85.05536575 4.22882652 0.00000000
v 84.92819901 4.00000000 10.00000000
v 85.17497940 4.46169090 0.00000000
v 85.05536575 4.22882652 10.00000000
v 85.28691025 4.69834328 0.00000000
v 85.17497940 4.46169090 10.00000000
v 85.39103622 4.93853188 0.00000000
v 85.28691025 4.69834328 10.00000000
v 85.48724289 5.18199921 0.00000000
v 85.39103622 4.93853188 10.00000000
v 85.57543869 5.42848396 0.00000000
v 85.48724289 5.18199921 10.00000000
v 85.65552444 5.67772293 0.00000000
v 85.57543869 5.42848396 10.00000000
v 85.72740860 5.92944717 0.00000000
v 85.65552444 5.67772293 10.00000000
v 85.79101486 6.18338966 0.00000000
v 85.72740860 5.92944717 10.00000000
v 85.84628220 6.43927765 0.00000000
v 85.79101486 6.18338966 10.00000000
v 85.89314957 6.69683647 0.00000000
v 85.84628220 6.43927765 10.00000000
v 85.93155594 6.95579052 0.00000000
v 85.89314957 6.69683647 10.00000000
v 85.96147842 7.21586227 0.00000000
v 85.93155594 6.95579052 10.00000000
v 85.98287125 7.47677517 0.00000000
v 85.96147842 7.21586227 10.00000000
v 85.99571915 7.73824692 0.00000000
v 85.98287125 7.47677517 10.00000000
v 85.99999924 8.00000000 0.00000000
v 85.99571915 7.73824692 10.00000000
v 85.99999924 40.00000000 0.00000000
v 85.99999924 8.00000000 10.00000000
v 77.99999924 6.00000000 10.00000000
v 64.64514084 5.02252960 10.00000000
v 64.72114487 5.05256367 10.00000000
v 64.70635147 5.04556847 10.00000000
v 64.69134445 5.03906059 10.00000000
v 64.67612381 5.03304672 10.00000000
v 64.66072006 5.02753448 10.00000000
v 64.73569412 5.06003952 10.00000000
v 64.79123611 5.09457684 10.00000000
v 64.77778549 5.08526516 10.00000000
v 64.76402969 5.07639885 10.00000000
v 64.74999924 5.06798744 10.00000000
v 64.86492844 5.15920448 10.00000000
v 64.85355301 5.14744663 10.00000000
v 64.84179611 5.13606834 10.00000000
v 64.82967300 5.12508011 10.00000000
v 64.81719894 5.11449432 10.00000000
v 64.80438156 5.10432339 10.00000000
v 64.93301315 5.25099945 10.00000000
v 64.92459793 5.23696613 10.00000000
v 64.91573257 5.22321510 10.00000000
v 64.90642471 5.20976067 10.00000000
v 64.89667435 5.19661903 10.00000000
v 64.88650436 5.18380356 10.00000000
v 64.87592239 5.17132759 10.00000000
v 64.97346420 5.34028053 10.00000000
v 64.96795578 5.32487488 10.00000000
v 64.96193619 5.30965805 10.00000000
v 64.95542831 5.29464626 10.00000000
v 64.94843216 5.27985573 10.00000000
v 64.94096298 5.26530170 10.00000000
v 64.99571915 5.43573761 10.00000000
v 64.99332352 5.41955185 10.00000000
v 64.99039383 5.40345478 10.00000000
v 64.98693771 5.38746166 10.00000000
v 64.98296280 5.37159061 10.00000000
v 64.97846909 5.35585785 10.00000000
v 64.99999924 5.50099945 10.00000000
v 64.99973221 5.48464012 10.00000000
v 64.99893112 5.46829796 10.00000000
v 64.99758835 5.45199203 10.00000000
v 64.99999924 6.00000000 10.00000000
v 78.06543655 6.00107098 10.00000000
v 78.13080521 6.00428200 10.00000000
v 78.19603653 6.00963020 10.00000000
v 78.26105423 6.01711082 10.00000000
v 78.32578964 6.02671337 10.00000000
v 78.39018173 6.03842926 10.00000000
v 78.45415421 6.05224609 10.00000000
v 78.51763840 6.06814766 10.00000000
v 78.58056564 6.08611870 10.00000000
v 78.64287491 6.10614014 10.00000000
v 78.76536484 6.15224075 10.00000000
v 78.70449753 6.12818813 10.00000000
v 78.82541580 6.17827225 10.00000000
v 78.88457413 6.20625496 10.00000000
v 78.94279404 6.23615742 10.00000000
v 78.99999924 6.26794910 10.00000000
v 79.05613632 6.30159569 10.00000000
v 79.11113663 6.33706093 10.00000000
v 79.16495438 6.37430668 10.00000000
v 79.21752090 6.41329384 10.00000000
v 79.26878281 6.45397949 10.00000000
v 79.31869431 6.49632072 10.00000000
v 79.36718674 6.54027176 10.00000000
v 79.41421432 6.58578682 10.00000000
v 79.45972366 6.63281536 10.00000000
v 79.50367661 6.68130875 10.00000000
v 79.54601974 6.73121357 10.00000000
v 79.58670731 6.78247738 10.00000000
v 79.62569351 6.83504486 10.00000000
v 79.66294022 6.88885975 10.00000000
v 79.69840164 6.94386482 10.00000000
v 79.73204727 7.00000000 10.00000000
v 79.76383896 7.05720711 10.00000000
v 79.79374619 7.11542320 10.00000000
v 79.82172318 7.17458534 10.00000000
v 79.84775467 7.23463249 10.00000000
v 79.87181015 7.29549980 10.00000000
v 79.89385910 7.35712051 10.00000000
v 79.91387863 7.41943073 10.00000000
v 79.93185349 7.48236179 10.00000000
v 79.94775314 7.54584694 10.00000000
v 79.96156998 7.60981941 10.00000000
v 79.97328873 7.67420959 10.00000000
v 79.98288651 7.73894691 10.00000000
v 79.99037094 7.80396557 10.00000000
v 79.99571915 7.86919403 10.00000000
v 79.99893112 7.93456173 10.00000000
v 79.99999924 8.00000000 10.00000000
v 85.99999924 40.00000000 10.00000000
v 78.52322311 47.98287201 0.00000000
v 77.99999924 48.00000000 0.00000000
v 78.78413315 47.96147919 0.00000000
v 79.04421158 47.93156052 0.00000000
v 79.30316086 47.89314651 0.00000000
v 79.56072159 47.84628296 0.00000000
v 79.81661148 47.79101562 0.00000000
v 80.81800003 47.48724747 0.00000000
v 81.06146927 47.39103699 0.00000000
v 80.07054825 47.72740555 0.00000000
v 80.32228012 47.65552139 0.00000000
v 80.57151718 47.57543945 0.00000000
v 81.30165787 47.28691101 0.00000000
v 81.53830643 47.17498016 0.00000000
v 81.77117081 47.05537033 0.00000000
v 81.99999924 46.92820358 0.00000000
v 83.27476425 46.01471710 0.00000000
v 83.46873398 45.83891296 0.00000000
v 83.65685196 45.65685272 0.00000000
v 83.83891220 45.46873856 0.00000000
v 84.01471634 45.27476501 0.00000000
v 84.18408127 45.07514572 0.00000000
v 84.34682388 44.87009048 0.00000000
v 82.22453995 46.79361725 0.00000000
v 82.44456406 46.65175629 0.00000000
v 82.65981979 46.50277328 0.00000000
v 82.87009354 46.34682846 0.00000000
v 83.07514877 46.18408203 0.00000000
v 85.39103622 43.06146622 0.00000000
v 85.48724289 42.81800079 0.00000000
v 85.99571915 40.26175308 0.00000000
v 85.98287125 40.52322388 0.00000000
v 85.96147842 40.78413773 0.00000000
v 85.93155594 41.04420853 0.00000000
v 85.89314957 41.30316544 0.00000000
v 85.84628220 41.56072235 0.00000000
v 85.65552444 42.32227707 0.00000000
v 85.72740860 42.07055283 0.00000000
v 85.79101486 41.81660843 0.00000000
v 85.57543869 42.57151413 0.00000000
v 84.79361649 44.22454453 0.00000000
v 84.92819901 44.00000000 0.00000000
v 84.65175552 44.44456100 0.00000000
v 85.05536575 43.77117538 0.00000000
v 85.17497940 43.53831100 0.00000000
v 85.28691025 43.30165482 0.00000000
v 84.50277634 44.65982056 0.00000000
v 78.26174850 47.99571609 0.00000000
v 78.26174850 47.99571609 10.00000000
v 78.78413315 47.96147919 10.00000000
v 79.04421158 47.93156052 10.00000000
v 79.30316086 47.89314651 10.00000000
v 79.56072159 47.84628296 10.00000000
v 79.81661148 47.79101562 10.00000000
v 80.07054825 47.72740555 10.00000000
v 80.32228012 47.65552139 10.00000000
v 80.57151718 47.57543945 10.00000000
v 80.81800003 47.48724747 10.00000000
v 81.06146927 47.39103699 10.00000000
v 81.30165787 47.28691101 10.00000000
v 81.53830643 47.17498016 10.00000000
v 81.99999924 46.92820358 10.00000000
v 82.22453995 46.79361725 10.00000000
v 81.77117081 47.05537033 10.00000000
v 82.44456406 46.65175629 10.00000000
v 82.65981979 46.50277328 10.00000000
v 82.87009354 46.34682846 10.00000000
v 83.07514877 46.18408203 10.00000000
v 85.99571915 40.26175308 10.00000000
v 85.98287125 40.52322388 10.00000000
v 85.96147842 40.78413773 10.00000000
v 85.93155594 41.04420853 10.00000000
v 85.89314957 41.30316544 10.00000000
v 85.79101486 41.81660843 10.00000000
v 85.84628220 41.56072235 10.00000000
v 85.28691025 43.30165482 10.00000000
v 85.05536575 43.77117538 10.00000000
v 85.17497940 43.53831100 10.00000000
v 85.57543869 42.57151413 10.00000000
v 85.48724289 42.81800079 10.00000000
v 85.72740860 42.07055283 10.00000000
v 85.65552444 42.32227707 10.00000000
v 85.39103622 43.06146622 10.00000000
v 83.46873398 45.83891296 10.00000000
v 83.65685196 45.65685272 10.00000000
v 84.34682388 44.87009048 10.00000000
v 84.50277634 44.65982056 10.00000000
v 84.18408127 45.07514572 10.00000000
v 84.01471634 45.27476501 10.00000000
v 83.83891220 45.46873856 10.00000000
v 83.27476425 46.01471710 10.00000000
v 84.79361649 44.22454453 10.00000000
v 84.65175552 44.44456100 10.00000000
v 84.92819901 44.00000000 10.00000000
v 77.99999924 48.00000000 10.00000000
v 79.99999924 40.00000000 10.00000000
v 78.06543655 41.99892807 10.00000000
v 78.13080521 41.99571609 10.00000000
v 78.19603653 41.99036789 10.00000000
v 78.26105423 41.98289108 10.00000000
v 78.32578964 41.97328568 10.00000000
v 78.39018173 41.96157074 10.00000000
v 78.45415421 41.94775391 10.00000000
v 78.51763840 41.93185043 10.00000000
v 78.58056564 41.91387939 10.00000000
v 78.88457413 41.79374695 10.00000000
v 78.94279404 41.76384354 10.00000000
v 78.99999924 41.73205185 10.00000000
v 78.64287491 41.89385986 10.00000000
v 78.70449753 41.87181091 10.00000000
v 78.76536484 41.84775925 10.00000000
v 78.82541580 41.82172775 10.00000000
v 79.99893112 40.06543732 10.00000000
v 79.99571915 40.13080597 10.00000000
v 79.99037094 40.19603348 10.00000000
v 79.98288651 40.26105118 10.00000000
v 79.50367661 41.31869125 10.00000000
v 79.54601974 41.26878738 10.00000000
v 79.58670731 41.21752167 10.00000000
v 79.62569351 41.16495514 10.00000000
v 79.05613632 41.69840622 10.00000000
v 79.11113663 41.66294098 10.00000000
v 79.21752090 41.58670807 10.00000000
v 79.26878281 41.54602051 10.00000000
v 79.16495438 41.62569427 10.00000000
v 79.31869431 41.50368118 10.00000000
v 79.36718674 41.45972824 10.00000000
v 79.41421432 41.41421509 10.00000000
v 79.45972366 41.36718369 10.00000000
v 79.82172318 40.82541275 10.00000000
v 79.84775467 40.76536560 10.00000000
v 79.89385910 40.64287949 10.00000000
v 79.91387863 40.58057022 10.00000000
v 79.87181015 40.70449829 10.00000000
v 79.76383896 40.94279480 10.00000000
v 79.79374619 40.88457870 10.00000000
v 79.69840164 41.05613708 10.00000000
v 79.73204727 41.00000000 10.00000000
v 79.66294022 41.11114120 10.00000000
v 79.97328873 40.32579041 10.00000000
v 79.96156998 40.39018250 10.00000000
v 79.94775314 40.45415115 10.00000000
v 79.93185349 40.51763916 10.00000000
v 44.13102646 -4.88700294 9.30000019
v 44.03707047 -4.94022655 9.30000019
v 43.94061966 -4.98877621 9.30000019
v 43.74115677 -5.07139683 9.30000019
v 43.84190292 -5.03253508 9.30000019
v 43.63862534 -5.10526848 9.30000019
v 43.53455658 -5.13406849 9.30000019
v 43.42919846 -5.15772772 9.30000019
v 44.13102646 -1.11299706 9.30000019
v 44.03707047 -1.05977345 9.30000019
v 43.94061966 -1.01122379 9.30000019
v 43.84190292 -0.96746492 9.30000019
v 43.74115677 -0.92860317 9.30000019
v 43.63862534 -0.89473152 9.30000019
v 43.53455658 -0.86593151 9.30000019
v 42.57080002 -5.15772772 9.30000019
v 43.32280655 -5.17618847 9.30000019
v 43.21563644 -5.18940639 9.30000019
v 42.99999924 -5.19999981 9.30000019
v 43.10794754 -5.19735003 9.30000019
v 42.89205093 -5.19735003 9.30000019
v 42.78436203 -5.18940639 9.30000019
v 42.67719193 -5.17618847 9.30000019
v 42.25884171 -5.07139683 9.30000019
v 42.46544189 -5.13406849 9.30000019
v 42.36137314 -5.10526848 9.30000019
v 42.15809555 -5.03253508 9.30000019
v 42.05937881 -4.98877621 9.30000019
v 41.86897202 -4.88700294 9.30000019
v 41.68945999 -4.76705647 9.30000019
v 41.77774353 -4.82923317 9.30000019
v 41.60433502 -4.70062304 9.30000019
v 41.96292801 -4.94022655 9.30000019
v 42.67719193 -0.82381153 9.30000019
v 43.42919846 -0.84227228 9.30000019
v 43.32280655 -0.82381153 9.30000019
v 43.21563644 -0.81059361 9.30000019
v 43.10794754 -0.80264997 9.30000019
v 42.99999924 -0.80000019 9.30000019
v 42.89205093 -0.80264997 9.30000019
v 42.78436203 -0.81059361 9.30000019
v 42.57080002 -0.84227228 9.30000019
v 42.46544189 -0.86593151 9.30000019
v 42.36137314 -0.89473152 9.30000019
v 42.25884171 -0.92860317 9.30000019
v 42.15809555 -0.96746492 9.30000019
v 41.96292801 -1.05977345 9.30000019
v 41.86897202 -1.11299706 9.30000019
v 41.77774353 -1.17076683 9.30000019
v 41.68945999 -1.23294353 9.30000019
v 42.05937881 -1.01122379 9.30000019
v 44.88700027 -4.13102627 9.30000019
v 44.94022675 -4.03707266 9.30000019
v 44.76705475 -4.31053829 9.30000019
v 44.82923050 -4.22225475 9.30000019
v 44.70062180 -4.39566517 9.30000019
v 44.63009186 -4.47742987 9.30000019
v 44.47742767 -4.63009262 9.30000019
v 44.39566345 -4.70062304 9.30000019
v 44.55563278 -4.55563498 9.30000019
v 44.31053848 -4.76705647 9.30000019
v 44.22225494 -4.82923317 9.30000019
v 45.10526962 -3.63862610 9.30000019
v 45.17618866 -3.32280731 9.30000019
v 45.13406677 -3.53455639 9.30000019
v 45.15772552 -3.42919874 9.30000019
v 45.18940659 -3.21563768 9.30000019
v 45.19734879 -3.10794878 9.30000019
v 44.98877640 -3.94062138 9.30000019
v 45.03253479 -3.84190369 9.30000019
v 45.07139511 -3.74115753 9.30000019
v 45.20000000 -3.00000000 9.30000019
v 45.19734879 -2.89205122 9.30000019
v 45.18940659 -2.78436232 9.30000019
v 45.17618866 -2.67719269 9.30000019
v 45.15772552 -2.57080126 9.30000019
v 45.13406677 -2.46544361 9.30000019
v 45.10526962 -2.36137390 9.30000019
v 45.07139511 -2.25884247 9.30000019
v 45.03253479 -2.15809631 9.30000019
v 44.98877640 -2.05937862 9.30000019
v 44.94022675 -1.96292734 9.30000019
v 44.88700027 -1.86897373 9.30000019
v 44.82923050 -1.77774525 9.30000019
v 44.70062180 -1.60433483 9.30000019
v 44.76705475 -1.68946171 9.30000019
v 44.55563278 -1.44436502 9.30000019
v 44.47742767 -1.36990738 9.30000019
v 44.63009186 -1.52257013 9.30000019
v 44.39566345 -1.29937696 9.30000019
v 44.31053848 -1.23294353 9.30000019
v 44.22225494 -1.17076683 9.30000019
v 41.11299820 -4.13102627 9.30000019
v 41.05977173 -4.03707266 9.30000019
v 41.17076797 -4.22225475 9.30000019
v 41.01122208 -3.94062138 9.30000019
v 40.96746368 -3.84190369 9.30000019
v 40.92860336 -3.74115753 9.30000019
v 40.89472885 -3.63862610 9.30000019
v 40.80264969 -3.10794878 9.30000019
v 40.79999847 -3.00000000 9.30000019
v 40.86593170 -3.53455639 9.30000019
v 40.84227295 -3.42919874 9.30000019
v 40.82380981 -3.32280731 9.30000019
v 40.81059189 -3.21563768 9.30000019
v 40.92860336 -2.25884247 9.30000019
v 41.01122208 -2.05937862 9.30000019
v 40.96746368 -2.15809631 9.30000019
v 40.80264969 -2.89205122 9.30000019
v 40.81059189 -2.78436232 9.30000019
v 40.86593170 -2.46544361 9.30000019
v 40.82380981 -2.67719269 9.30000019
v 40.84227295 -2.57080126 9.30000019
v 40.89472885 -2.36137390 9.30000019
v 41.17076797 -1.77774525 9.30000019
v 41.11299820 -1.86897373 9.30000019
v 41.05977173 -1.96292734 9.30000019
v 41.52257080 -4.63009262 9.30000019
v 41.44436569 -4.55563498 9.30000019
v 41.36990662 -4.47742987 9.30000019
v 41.29937668 -4.39566517 9.30000019
v 41.23294373 -4.31053829 9.30000019
v 41.52257080 -1.36990738 9.30000019
v 41.44436569 -1.44436502 9.30000019
v 41.60433502 -1.29937696 9.30000019
v 41.36990662 -1.52257013 9.30000019
v 41.29937668 -1.60433483 9.30000019
v 41.23294373 -1.68946171 9.30000019
v 44.15223999 7.23463249 7.00000000
v 44.17827148 7.17458534 7.00000000
v 44.08611984 7.41943073 7.00000000
v 44.06814880 7.48236179 7.00000000
v 44.12818832 7.29549980 7.00000000
v 44.10613937 7.35712051 7.00000000
v 44.05224533 7.54584694 7.00000000
v 44.03842850 7.60981941 7.00000000
v 44.02671356 7.67420959 7.00000000
v 44.01710815 7.73894691 7.00000000
v 44.00963135 7.80396557 7.00000000
v 44.00428314 7.86919403 7.00000000
v 44.00107117 7.93456173 7.00000000
v 43.99999924 8.00000000 7.00000000
v 44.33705826 6.88885975 7.00000000
v 44.37430496 6.83504486 7.00000000
v 44.30159302 6.94386482 7.00000000
v 44.26794739 7.00000000 7.00000000
v 44.45397873 6.73121357 7.00000000
v 44.49631805 6.68130875 7.00000000
v 44.54027100 6.63281536 7.00000000
v 44.41329117 6.78247738 7.00000000
v 44.68130798 6.49632072 7.00000000
v 44.73121185 6.45397949 7.00000000
v 44.78247757 6.41329384 7.00000000
v 44.83504410 6.37430668 7.00000000
v 44.88885803 6.33706093 7.00000000
v 44.94386215 6.30159569 7.00000000
v 44.58578415 6.58578682 7.00000000
v 44.63281555 6.54027176 7.00000000
v 44.20625229 7.11542320 7.00000000
v 44.23615570 7.05720711 7.00000000
v 45.11542053 6.20625496 7.00000000
v 45.05720444 6.23615742 7.00000000
v 44.99999924 6.26794910 7.00000000
v 45.17458649 6.17827225 7.00000000
v 45.23463364 6.15224075 7.00000000
v 45.29550095 6.12818813 7.00000000
v 45.35711975 6.10614014 7.00000000
v 45.41942902 6.08611870 7.00000000
v 45.48236008 6.06814766 7.00000000
v 45.54584808 6.05224609 7.00000000
v 45.60981674 6.03842926 7.00000000
v 45.67420883 6.02671337 7.00000000
v 45.73894806 6.01711082 7.00000000
v 45.80396576 6.00963020 7.00000000
v 45.86919327 6.00428200 7.00000000
v 45.93456192 6.00107098 7.00000000
v 45.99999924 6.00000000 7.00000000
v 43.99999924 40.00000000 7.00000000
v 58.99999924 6.00000000 8.80000019
v 77.99999924 6.00000000 7.00000000
v 59.07539673 5.23696613 8.80000019
v 59.06698532 5.25099945 8.80000019
v 59.09357758 5.20976067 8.80000019
v 59.10332413 5.19661903 8.80000019
v 59.08426590 5.22321510 8.80000019
v 59.15820236 5.13606834 8.80000019
v 59.17032547 5.12508011 8.80000019
v 59.14644547 5.14744663 8.80000019
v 59.13506622 5.15920448 8.80000019
v 59.12407990 5.17132759 8.80000019
v 59.11349411 5.18380356 8.80000019
v 59.01703568 5.37159061 8.80000019
v 59.01306076 5.38746166 8.80000019
v 59.00960846 5.40345478 8.80000019
v 59.00667877 5.41955185 8.80000019
v 59.00427551 5.43573761 8.80000019
v 59.02653427 5.34028053 8.80000019
v 59.02152939 5.35585785 8.80000019
v 59.00240631 5.45199203 8.80000019
v 59.00107117 5.46829796 8.80000019
v 59.00026627 5.48464012 8.80000019
v 58.99999924 5.50099945 8.80000019
v 59.05903931 5.26530170 8.80000019
v 59.05156250 5.27985573 8.80000019
v 59.04456635 5.29464626 8.80000019
v 59.03805847 5.30965805 8.80000019
v 59.03204651 5.32487488 8.80000019
v 59.27885361 5.05256367 8.80000019
v 59.26430054 5.06003952 8.80000019
v 59.29364700 5.04556847 8.80000019
v 59.30865784 5.03906059 8.80000019
v 59.22221298 5.08526516 8.80000019
v 59.23596497 5.07639885 8.80000019
v 59.20875854 5.09457684 8.80000019
v 59.19561691 5.10432339 8.80000019
v 59.18280334 5.11449432 8.80000019
v 59.24999924 5.06798744 8.80000019
v 59.35485764 5.02252960 8.80000019
v 59.37058945 5.01803780 8.80000019
v 59.32387466 5.03304672 8.80000019
v 59.33927841 5.02753448 8.80000019
v 59.38646240 5.01406097 8.80000019
v 59.40245361 5.01060677 8.80000019
v 59.41855164 5.00767899 8.80000019
v 59.43473740 5.00527763 8.80000019
v 59.45099182 5.00340748 8.80000019
v 59.46729584 5.00207043 8.80000019
v 59.48363800 5.00126839 8.80000019
v 59.49999924 5.00099945 8.80000019
v 64.49999924 5.00099945 8.80000019
v 45.44077225 49.84560013 9.30000019
v 45.38118668 49.72723007 9.30000019
v 45.58373947 50.21623230 9.30000019
v 45.61908264 50.34395218 9.30000019
v 45.64812012 50.47325516 9.30000019
v 45.54216690 50.09039688 9.30000019
v 45.49447556 49.96675491 9.30000019
v 45.67077560 51.39617157 9.30000019
v 45.64812012 51.52674484 9.30000019
v 45.61908264 51.65604782 9.30000019
v 45.58373947 51.78376770 9.30000019
v 45.54216690 51.90960312 9.30000019
v 45.67077560 50.60382843 9.30000019
v 45.68699951 50.73535538 9.30000019
v 45.69674606 50.86751556 9.30000019
v 45.70000000 51.00000000 9.30000019
v 45.69674606 51.13248444 9.30000019
v 45.68699951 51.26464462 9.30000019
v 45.49447556 52.03324509 9.30000019
v 45.44077225 52.15439987 9.30000019
v 44.00428314 40.13080597 7.00000000
v 44.00107117 40.06543732 7.00000000
v 44.00963135 40.19603348 7.00000000
v 44.01710815 40.26105118 7.00000000
v 44.02671356 40.32579041 7.00000000
v 44.03842850 40.39018250 7.00000000
v 44.05224533 40.45415115 7.00000000
v 44.06814880 40.51763916 7.00000000
v 44.08611984 40.58057022 7.00000000
v 44.10613937 40.64287949 7.00000000
v 44.12818832 40.70449829 7.00000000
v 44.15223999 40.76536560 7.00000000
v 44.17827148 40.82541275 7.00000000
v 44.20625229 40.88457870 7.00000000
v 44.23615570 40.94279480 7.00000000
v 44.26794739 41.00000000 7.00000000
v 43.90960236 48.45783234 9.30000019
v 44.03324432 48.50552368 9.30000019
v 43.65604706 48.38091660 9.30000019
v 43.78376694 48.41625977 9.30000019
v 43.52674408 48.35187912 9.30000019
v 44.15439911 53.44077301 9.30000019
v 44.03324432 53.49447632 9.30000019
v 43.78376694 53.58374023 9.30000019
v 43.90960236 53.54216766 9.30000019
v 43.65604706 53.61908340 9.30000019
v 42.60382767 48.32922363 9.30000019
v 42.47325439 48.35187912 9.30000019
v 43.26464386 48.31299973 9.30000019
v 42.99999924 48.29999924 9.30000019
v 43.13248367 48.30325317 9.30000019
v 43.39617081 48.32922363 9.30000019
v 42.86751480 48.30325317 9.30000019
v 42.73535461 48.31299973 9.30000019
v 42.34395142 48.38091660 9.30000019
v 42.21623154 48.41625977 9.30000019
v 42.09039612 48.45783234 9.30000019
v 41.84559937 48.55922699 9.30000019
v 41.72722931 48.61881256 9.30000019
v 41.61192245 48.68413162 9.30000019
v 41.96675415 48.50552368 9.30000019
v 42.60382767 53.67077637 9.30000019
v 43.39617081 53.67077637 9.30000019
v 43.26464386 53.68700027 9.30000019
v 43.13248367 53.69674683 9.30000019
v 43.52674408 53.64812088 9.30000019
v 42.99999924 53.70000076 9.30000019
v 42.86751480 53.69674683 9.30000019
v 42.73535461 53.68700027 9.30000019
v 42.47325439 53.64812088 9.30000019
v 42.34395142 53.61908340 9.30000019
v 42.21623154 53.58374023 9.30000019
v 41.96675415 53.49447632 9.30000019
v 41.84559937 53.44077301 9.30000019
v 41.72722931 53.38118744 9.30000019
v 42.09039612 53.54216766 9.30000019
v 44.30159302 41.05613708 7.00000000
v 44.33705826 41.11114120 7.00000000
v 44.37430496 41.16495514 7.00000000
v 44.41329117 41.21752167 7.00000000
v 44.45397873 41.26878738 7.00000000
v 44.49631805 41.31869125 7.00000000
v 44.54027100 41.36718369 7.00000000
v 44.58578415 41.41421509 7.00000000
v 44.63281555 41.45972824 7.00000000
v 44.68130798 41.50368118 7.00000000
v 44.73121185 41.54602051 7.00000000
v 44.78247757 41.58670807 7.00000000
v 44.83504410 41.62569427 7.00000000
v 44.88885803 41.66294098 7.00000000
v 44.94386215 41.69840622 7.00000000
v 44.99999924 41.73205185 7.00000000
v 45.05720444 41.76384354 7.00000000
v 45.11542053 41.79374695 7.00000000
v 45.17458649 41.82172775 7.00000000
v 45.23463364 41.84775925 7.00000000
v 45.29550095 41.87181091 7.00000000
v 45.35711975 41.89385986 7.00000000
v 45.41942902 41.91387939 7.00000000
v 45.48236008 41.93185043 7.00000000
v 45.54584808 41.94775391 7.00000000
v 45.60981674 41.96157074 7.00000000
v 45.67420883 41.97328568 7.00000000
v 45.73894806 41.98289108 7.00000000
v 45.80396576 41.99036789 7.00000000
v 45.86919327 41.99571609 7.00000000
v 45.93456192 41.99892807 7.00000000
v 45.99999924 42.00000000 7.00000000
v 45.16865845 49.39161301 9.30000019
v 45.08712692 49.28713989 9.30000019
v 45.24496765 49.49996185 9.30000019
v 45.31586761 49.61192322 9.30000019
v 45.00056763 49.18679047 9.30000019
v 44.90918655 49.09081268 9.30000019
v 44.60838623 48.83134079 9.30000019
v 44.71285934 48.91287231 9.30000019
v 44.50003738 48.75503159 9.30000019
v 44.38807602 48.68413162 9.30000019
v 44.81320877 48.99943161 9.30000019
v 44.27276917 48.61881256 9.30000019
v 44.15439911 48.55922699 9.30000019
v 45.31586761 52.38807678 9.30000019
v 45.24496765 52.50003815 9.30000019
v 45.16865845 52.60838699 9.30000019
v 45.38118668 52.27276993 9.30000019
v 45.08712692 52.71286011 9.30000019
v 45.00056763 52.81320953 9.30000019
v 44.90918655 52.90918732 9.30000019
v 44.71285934 53.08712769 9.30000019
v 44.81320877 53.00056839 9.30000019
v 44.50003738 53.24496841 9.30000019
v 44.60838623 53.16865921 9.30000019
v 44.38807602 53.31586838 9.30000019
v 44.27276917 53.38118744 9.30000019
v 41.09081192 49.09081268 9.30000019
v 40.99943085 49.18679047 9.30000019
v 40.91287155 49.28713989 9.30000019
v 40.75503082 49.49996185 9.30000019
v 40.68413086 49.61192322 9.30000019
v 40.83134003 49.39161301 9.30000019
v 40.55922623 49.84560013 9.30000019
v 40.61881180 49.72723007 9.30000019
v 40.50552292 49.96675491 9.30000019
v 41.18678970 48.99943161 9.30000019
v 40.41625900 50.21623230 9.30000019
v 40.38091583 50.34395218 9.30000019
v 40.35187836 50.47325516 9.30000019
v 40.32922287 50.60382843 9.30000019
v 40.31299896 50.73535538 9.30000019
v 40.30325241 50.86751556 9.30000019
v 40.29999847 51.00000000 9.30000019
v 40.32922287 51.39617157 9.30000019
v 40.35187836 51.52674484 9.30000019
v 40.30325241 51.13248444 9.30000019
v 40.31299896 51.26464462 9.30000019
v 40.41625900 51.78376770 9.30000019
v 40.38091583 51.65604782 9.30000019
v 40.45783157 50.09039688 9.30000019
v 40.45783157 51.90960312 9.30000019
v 40.50552292 52.03324509 9.30000019
v 41.18678970 53.00056839 9.30000019
v 41.09081192 52.90918732 9.30000019
v 40.99943085 52.81320953 9.30000019
v 40.75503082 52.50003815 9.30000019
v 40.83134003 52.60838699 9.30000019
v 40.91287155 52.71286011 9.30000019
v 40.61881180 52.27276993 9.30000019
v 40.68413086 52.38807678 9.30000019
v 40.55922623 52.15439987 9.30000019
v 41.49996109 48.75503159 9.30000019
v 41.39161224 48.83134079 9.30000019
v 41.28713913 48.91287231 9.30000019
v 41.49996109 53.24496841 9.30000019
v 41.61192245 53.31586838 9.30000019
v 41.39161224 53.16865921 9.30000019
v 41.28713913 53.08712769 9.30000019
v 77.99999924 42.00000000 7.00000000
v 64.99999924 6.00000000 8.80000019
v 64.51635666 5.00126839 8.80000019
v 64.53269882 5.00207043 8.80000019
v 64.54901047 5.00340748 8.80000019
v 64.56526108 5.00527763 8.80000019
v 64.58145065 5.00767899 8.80000019
v 64.59754105 5.01060677 8.80000019
v 64.61353989 5.01406097 8.80000019
v 64.62940903 5.01803780 8.80000019
v 64.64514084 5.02252960 8.80000019
v 64.66072006 5.02753448 8.80000019
v 64.67612381 5.03304672 8.80000019
v 64.69134445 5.03906059 8.80000019
v 64.70635147 5.04556847 8.80000019
v 64.72114487 5.05256367 8.80000019
v 64.73569412 5.06003952 8.80000019
v 64.74999924 5.06798744 8.80000019
v 64.76402969 5.07639885 8.80000019
v 64.77778549 5.08526516 8.80000019
v 64.79123611 5.09457684 8.80000019
v 64.80438156 5.10432339 8.80000019
v 64.81719894 5.11449432 8.80000019
v 64.82967300 5.12508011 8.80000019
v 64.84179611 5.13606834 8.80000019
v 64.85355301 5.14744663 8.80000019
v 64.86492844 5.15920448 8.80000019
v 64.87592239 5.17132759 8.80000019
v 64.88650436 5.18380356 8.80000019
v 64.89667435 5.19661903 8.80000019
v 64.90642471 5.20976067 8.80000019
v 64.91573257 5.22321510 8.80000019
v 64.92459793 5.23696613 8.80000019
v 64.93301315 5.25099945 8.80000019
v 64.94096298 5.26530170 8.80000019
v 64.94843216 5.27985573 8.80000019
v 64.95542831 5.29464626 8.80000019
v 64.96193619 5.30965805 8.80000019
v 64.96795578 5.32487488 8.80000019
v 64.97346420 5.34028053 8.80000019
v 64.97846909 5.35585785 8.80000019
v 64.98296280 5.37159061 8.80000019
v 64.98693771 5.38746166 8.80000019
v 64.99039383 5.40345478 8.80000019
v 64.99332352 5.41955185 8.80000019
v 64.99571915 5.43573761 8.80000019
v 64.99758835 5.45199203 8.80000019
v 64.99893112 5.46829796 8.80000019
v 64.99973221 5.48464012 8.80000019
v 64.99999924 5.50099945 8.80000019
v 78.06543655 6.00107098 7.00000000
v 78.13080521 6.00428200 7.00000000
v 78.19603653 6.00963020 7.00000000
v 78.26105423 6.01711082 7.00000000
v 78.32578964 6.02671337 7.00000000
v 78.39018173 6.03842926 7.00000000
v 78.45415421 6.05224609 7.00000000
v 78.51763840 6.06814766 7.00000000
v 78.58056564 6.08611870 7.00000000
v 78.64287491 6.10614014 7.00000000
v 78.70449753 6.12818813 7.00000000
v 78.76536484 6.15224075 7.00000000
v 78.82541580 6.17827225 7.00000000
v 78.88457413 6.20625496 7.00000000
v 78.94279404 6.23615742 7.00000000
v 78.99999924 6.26794910 7.00000000
v 79.05613632 6.30159569 7.00000000
v 79.11113663 6.33706093 7.00000000
v 79.16495438 6.37430668 7.00000000
v 79.21752090 6.41329384 7.00000000
v 79.26878281 6.45397949 7.00000000
v 79.31869431 6.49632072 7.00000000
v 79.36718674 6.54027176 7.00000000
v 79.41421432 6.58578682 7.00000000
v 79.45972366 6.63281536 7.00000000
v 79.50367661 6.68130875 7.00000000
v 79.54601974 6.73121357 7.00000000
v 79.58670731 6.78247738 7.00000000
v 79.62569351 6.83504486 7.00000000
v 79.66294022 6.88885975 7.00000000
v 79.69840164 6.94386482 7.00000000
v 79.73204727 7.00000000 7.00000000
v 79.76383896 7.05720711 7.00000000
v 79.79374619 7.11542320 7.00000000
v 79.82172318 7.17458534 7.00000000
v 79.84775467 7.23463249 7.00000000
v 79.87181015 7.29549980 7.00000000
v 79.89385910 7.35712051 7.00000000
v 79.91387863 7.41943073 7.00000000
v 79.93185349 7.48236179 7.00000000
v 79.94775314 7.54584694 7.00000000
v 79.96156998 7.60981941 7.00000000
v 79.97328873 7.67420959 7.00000000
v 79.98288651 7.73894691 7.00000000
v 79.99037094 7.80396557 7.00000000
v 79.99571915 7.86919403 7.00000000
v 79.99893112 7.93456173 7.00000000
v 79.99999924 8.00000000 7.00000000
v 79.99999924 40.00000000 7.00000000
v 78.06543655 41.99892807 7.00000000
v 78.13080521 41.99571609 7.00000000
v 78.19603653 41.99036789 7.00000000
v 78.26105423 41.98289108 7.00000000
v 78.39018173 41.96157074 7.00000000
v 78.32578964 41.97328568 7.00000000
v 78.45415421 41.94775391 7.00000000
v 78.51763840 41.93185043 7.00000000
v 78.58056564 41.91387939 7.00000000
v 78.64287491 41.89385986 7.00000000
v 78.70449753 41.87181091 7.00000000
v 78.76536484 41.84775925 7.00000000
v 78.82541580 41.82172775 7.00000000
v 78.94279404 41.76384354 7.00000000
v 78.88457413 41.79374695 7.00000000
v 78.99999924 41.73205185 7.00000000
v 79.41421432 41.41421509 7.00000000
v 79.36718674 41.45972824 7.00000000
v 79.31869431 41.50368118 7.00000000
v 79.54601974 41.26878738 7.00000000
v 79.50367661 41.31869125 7.00000000
v 79.45972366 41.36718369 7.00000000
v 79.97328873 40.32579041 7.00000000
v 79.96156998 40.39018250 7.00000000
v 79.99893112 40.06543732 7.00000000
v 79.99571915 40.13080597 7.00000000
v 79.99037094 40.19603348 7.00000000
v 79.98288651 40.26105118 7.00000000
v 79.94775314 40.45415115 7.00000000
v 79.93185349 40.51763916 7.00000000
v 79.91387863 40.58057022 7.00000000
v 79.89385910 40.64287949 7.00000000
v 79.87181015 40.70449829 7.00000000
v 79.84775467 40.76536560 7.00000000
v 79.69840164 41.05613708 7.00000000
v 79.66294022 41.11114120 7.00000000
v 79.82172318 40.82541275 7.00000000
v 79.79374619 40.88457870 7.00000000
v 79.76383896 40.94279480 7.00000000
v 79.73204727 41.00000000 7.00000000
v 79.62569351 41.16495514 7.00000000
v 79.58670731 41.21752167 7.00000000
v 79.11113663 41.66294098 7.00000000
v 79.05613632 41.69840622 7.00000000
v 79.16495438 41.62569427 7.00000000
v 79.21752090 41.58670807 7.00000000
v 79.26878281 41.54602051 7.00000000
f 1 2 3
f 1 4 5
f 1 6 4
f 1 7 6
f 1 8 7
f 1 9 8
f 1 10 11
f 1 11 12
f 1 12 13
f 1 13 14
f 1 14 15
f 1 15 16
f 1 16 17
f 1 17 18
f 1 5 10
f 1 18 19
f 1 19 20
f 1 20 21
f 1 22 23
f 1 24 22
f 1 25 9
f 1 23 25
f 1 26 24
f 1 27 26
f 1 28 27
f 1 29 2
f 3 30 31
f 31 30 32
f 32 30 33
f 33 30 34
f 34 30 35
f 35 30 36
f 36 30 37
f 37 30 38
f 38 30 39
f 39 30 40
f 40 30 41
f 41 30 42
f 42 30 43
f 43 30 44
f 44 30 45
f 45 30 46
f 46 30 47
f 47 30 48
f 48 30 49
f 49 30 50
f 50 30 51
f 3 2 30
f 51 30 52
f 52 30 53
f 53 30 54
f 54 30 55
f 55 30 56
f 56 30 57
f 57 30 58
f 58 30 59
f 59 30 60
f 60 30 61
f 61 30 62
f 62 30 63
f 63 30 64
f 64 30 65
f 65 30 66
f 66 30 67
f 67 30 68
f 68 30 69
f 69 30 70
f 70 30 71
f 71 30 72
f 72 30 73
f 73 30 74
f 74 30 75
f 75 30 76
f 76 30 77
f 77 30 78
f 78 30 79
f 79 30 80
f 80 30 81
f 81 30 82
f 82 30 83
f 83 30 84
f 84 30 85
f 85 30 86
f 86 30 87
f 88 2 89
f 1 90 91
f 29 92 93
f 29 93 94
f 29 94 95
f 29 95 96
f 29 96 97
f 29 97 98
f 29 98 99
f 29 99 100
f 29 100 101
f 29 101 102
f 29 102 103
f 29 104 105
f 29 105 106
f 29 106 107
f 29 103 108
f 29 108 104
f 1 91 109
f 1 109 110
f 1 111 112
f 1 113 111
f 1 114 113
f 1 115 114
f 1 110 115
f 1 112 28
f 1 21 29
f 1 3 116
f 3 31 116
f 31 32 117
f 32 33 118
f 33 34 119
f 34 35 120
f 35 36 121
f 36 37 122
f 37 38 123
f 38 39 124
f 39 40 125
f 40 41 126
f 41 42 127
f 42 43 128
f 43 44 129
f 44 45 130
f 45 46 131
f 46 47 132
f 47 48 133
f 29 21 134
f 29 134 135
f 29 135 136
f 29 136 137
f 29 137 138
f 29 138 139
f 29 139 92
f 2 29 89
f 88 30 2
f 88 89 140
f 87 30 141
f 141 30 142
f 142 30 143
f 143 30 144
f 144 30 145
f 145 30 146
f 146 30 147
f 147 30 148
f 148 30 149
f 149 30 150
f 150 30 151
f 152 153 154
f 48 49 155
f 49 50 156
f 50 51 157
f 51 52 158
f 52 53 159
f 53 54 160
f 54 55 161
f 55 56 162
f 56 57 163
f 57 58 164
f 58 59 165
f 59 60 166
f 60 61 167
f 61 62 168
f 62 63 169
f 63 64 170
f 64 65 171
f 65 66 172
f 66 67 173
f 67 68 174
f 68 69 175
f 69 70 176
f 70 71 177
f 71 72 178
f 72 73 179
f 73 74 180
f 74 75 181
f 75 76 182
f 76 77 183
f 77 78 184
f 78 79 185
f 79 80 186
f 80 81 187
f 81 82 188
f 82 83 189
f 83 84 190
f 84 85 191
f 85 86 192
f 86 87 193
f 87 141 194
f 141 142 195
f 142 143 196
f 143 144 197
f 144 145 198
f 145 146 199
f 146 147 200
f 147 148 201
f 148 149 202
f 149 150 203
f 150 151 204
f 151 205 206
f 205 207 208
f 207 209 210
f 209 211 212
f 211 213 214
f 213 215 216
f 215 217 218
f 217 219 220
f 219 221 222
f 221 223 224
f 223 225 226
f 225 227 228
f 227 229 230
f 229 231 232
f 231 233 234
f 233 235 236
f 235 237 238
f 237 239 240
f 239 241 242
f 241 243 244
f 243 245 246
f 245 247 248
f 247 249 250
f 249 251 252
f 251 253 254
f 253 255 256
f 255 257 258
f 257 259 260
f 259 261 262
f 261 263 264
f 263 265 266
f 265 267 268
f 267 269 270
f 271 272 269
f 271 152 273
f 152 154 274
f 151 30 205
f 205 30 207
f 207 30 209
f 209 30 211
f 211 30 213
f 213 30 215
f 215 30 217
f 217 30 219
f 219 30 221
f 221 30 223
f 223 30 225
f 225 30 227
f 227 30 229
f 229 30 231
f 231 30 233
f 233 30 235
f 235 30 237
f 237 30 239
f 239 30 241
f 241 30 243
f 243 30 245
f 245 30 247
f 247 30 249
f 249 30 251
f 251 30 253
f 253 30 255
f 255 30 257
f 257 30 259
f 259 30 261
f 261 30 263
f 263 30 265
f 265 30 267
f 267 30 269
f 271 269 30
f 271 30 152
f 152 30 153
f 30 275 153
f 275 276 153
f 90 277 278
f 90 279 277
f 90 280 281
f 90 281 279
f 90 282 280
f 90 283 282
f 90 284 283
f 90 285 91
f 90 286 287
f 90 287 285
f 90 288 286
f 90 289 290
f 90 290 288
f 90 291 289
f 90 292 291
f 90 293 292
f 90 278 293
f 29 294 295
f 29 295 296
f 29 107 297
f 29 297 298
f 29 298 299
f 29 299 300
f 29 300 301
f 29 301 302
f 29 302 294
f 29 296 303
f 29 303 304
f 29 304 305
f 29 305 306
f 29 307 89
f 1 116 90
f 31 117 116
f 32 118 117
f 33 119 118
f 34 120 119
f 35 121 120
f 36 122 121
f 37 123 122
f 38 124 123
f 39 125 124
f 40 126 125
f 41 127 126
f 42 128 127
f 43 129 128
f 44 130 129
f 45 131 130
f 46 132 131
f 47 133 132
f 48 155 133
f 90 308 309
f 90 310 284
f 90 311 310
f 90 312 311
f 90 313 312
f 90 309 313
f 90 314 308
f 90 315 316
f 90 316 314
f 90 317 315
f 90 318 317
f 90 319 318
f 90 320 319
f 90 321 320
f 90 322 321
f 306 323 324
f 306 325 323
f 306 324 326
f 306 326 327
f 306 327 328
f 306 328 329
f 306 330 322
f 306 331 332
f 306 332 330
f 306 333 331
f 306 334 333
f 306 335 334
f 306 336 335
f 306 337 338
f 306 339 336
f 306 340 339
f 306 341 340
f 306 342 343
f 306 338 342
f 306 343 341
f 306 329 344
f 306 344 337
f 90 345 346
f 90 347 348
f 90 348 349
f 90 346 347
f 90 349 350
f 90 350 351
f 90 351 352
f 90 352 353
f 90 353 354
f 90 354 355
f 90 355 356
f 90 356 357
f 90 357 358
f 90 358 359
f 90 359 360
f 90 360 361
f 90 361 362
f 90 363 364
f 90 364 365
f 90 366 363
f 90 367 368
f 90 368 366
f 90 369 370
f 90 371 372
f 90 372 367
f 90 373 371
f 90 370 373
f 90 374 369
f 90 375 376
f 90 377 375
f 90 376 378
f 90 378 345
f 90 379 377
f 90 365 379
f 90 306 322
f 90 362 306
f 306 362 380
f 306 380 381
f 306 381 382
f 306 382 383
f 90 116 374
f 306 384 385
f 306 305 386
f 306 386 387
f 306 387 388
f 306 388 389
f 306 389 384
f 306 385 325
f 29 306 390
f 29 390 307
f 306 383 391
f 306 391 392
f 306 392 393
f 306 393 394
f 306 394 395
f 306 395 396
f 306 396 397
f 306 397 398
f 306 398 399
f 306 399 400
f 306 400 401
f 306 401 390
f 390 401 402
f 390 402 403
f 390 403 404
f 390 404 405
f 390 405 406
f 390 406 407
f 390 407 408
f 390 408 409
f 390 409 410
f 390 410 411
f 390 411 412
f 390 412 413
f 390 413 414
f 390 414 415
f 390 415 416
f 390 416 417
f 390 417 418
f 390 418 419
f 390 420 421
f 390 419 420
f 390 421 422
f 390 422 423
f 390 423 424
f 390 425 307
f 307 425 426
f 425 427 426
f 390 428 425
f 425 428 427
f 426 427 429
f 390 430 428
f 390 431 430
f 390 432 433
f 390 434 432
f 390 435 436
f 390 436 437
f 390 437 434
f 390 438 439
f 390 439 440
f 390 441 442
f 390 443 444
f 390 444 441
f 390 442 438
f 390 445 446
f 390 440 445
f 390 446 431
f 390 433 443
f 426 429 447
f 427 428 448
f 427 448 449
f 427 450 451
f 427 449 450
f 427 451 452
f 427 453 454
f 427 452 453
f 427 454 429
f 116 455 374
f 116 456 455
f 116 457 456
f 116 458 457
f 116 459 458
f 116 460 459
f 116 461 460
f 116 462 461
f 116 463 462
f 116 464 463
f 116 465 464
f 116 466 465
f 116 467 466
f 116 468 467
f 116 469 468
f 116 470 469
f 116 471 470
f 116 472 471
f 116 473 472
f 116 474 473
f 116 475 474
f 116 476 475
f 116 477 476
f 116 478 477
f 116 479 478
f 116 480 479
f 116 481 480
f 116 482 481
f 116 483 482
f 116 484 483
f 116 485 484
f 116 486 485
f 116 487 486
f 116 488 487
f 116 489 488
f 116 490 489
f 116 491 490
f 116 492 493
f 116 493 491
f 116 494 492
f 116 495 494
f 116 496 497
f 116 498 496
f 116 497 495
f 390 116 117
f 390 117 118
f 390 118 119
f 390 499 500
f 390 500 116
f 116 501 502
f 116 500 501
f 116 502 498
f 390 119 120
f 390 120 121
f 390 121 122
f 390 122 123
f 390 123 124
f 390 124 125
f 390 125 126
f 390 126 127
f 390 127 128
f 390 128 129
f 390 129 130
f 390 130 131
f 390 131 132
f 390 132 133
f 390 133 155
f 390 155 156
f 390 156 157
f 390 157 158
f 390 158 159
f 390 159 160
f 390 160 161
f 390 161 162
f 390 162 163
f 390 163 164
f 390 164 165
f 390 165 166
f 390 166 167
f 390 167 168
f 390 168 169
f 390 169 170
f 390 170 171
f 390 171 172
f 390 172 173
f 390 173 174
f 390 174 175
f 390 175 176
f 390 176 177
f 390 177 178
f 390 178 179
f 390 179 180
f 390 180 181
f 390 181 182
f 390 182 183
f 390 183 184
f 390 184 185
f 390 185 186
f 390 186 187
f 390 187 188
f 390 188 189
f 390 189 190
f 390 190 191
f 390 191 192
f 390 192 193
f 390 193 194
f 390 194 195
f 390 195 196
f 390 196 197
f 390 197 198
f 390 198 199
f 390 199 200
f 390 200 201
f 390 201 202
f 390 202 203
f 390 203 204
f 390 204 206
f 390 503 504
f 390 505 506
f 390 504 505
f 390 506 507
f 390 424 503
f 390 508 509
f 390 507 508
f 390 509 499
f 390 510 511
f 390 512 510
f 390 513 512
f 390 514 515
f 390 515 435
f 390 511 514
f 390 516 513
f 390 517 516
f 390 518 519
f 390 519 517
f 390 520 518
f 390 521 520
f 390 522 521
f 390 206 208
f 390 208 210
f 390 210 212
f 390 212 214
f 390 214 216
f 390 216 218
f 390 218 220
f 390 220 222
f 390 222 224
f 390 224 226
f 390 226 228
f 390 228 230
f 390 230 232
f 390 232 234
f 390 234 236
f 390 236 238
f 390 238 240
f 390 240 242
f 390 242 244
f 390 244 246
f 390 246 248
f 390 248 250
f 390 250 252
f 390 252 254
f 390 254 256
f 390 256 258
f 390 258 260
f 390 260 262
f 390 262 264
f 390 264 266
f 390 266 268
f 390 268 270
f 390 270 272
f 390 272 273
f 390 273 523
f 390 523 522
f 522 524 521
f 522 525 524
f 522 526 525
f 522 527 526
f 522 528 527
f 522 529 528
f 522 530 529
f 522 531 530
f 522 532 531
f 522 533 532
f 89 307 534
f 307 426 534
f 426 447 535
f 49 156 155
f 50 157 156
f 51 158 157
f 52 159 158
f 53 160 159
f 54 161 160
f 55 162 161
f 56 163 162
f 57 164 163
f 58 165 164
f 59 166 165
f 60 167 166
f 61 168 167
f 62 169 168
f 63 170 169
f 64 171 170
f 65 172 171
f 66 173 172
f 67 174 173
f 68 175 174
f 69 176 175
f 70 177 176
f 71 178 177
f 72 179 178
f 73 180 179
f 74 181 180
f 75 182 181
f 76 183 182
f 77 184 183
f 78 185 184
f 79 186 185
f 80 187 186
f 81 188 187
f 82 189 188
f 83 190 189
f 84 191 190
f 85 192 191
f 86 193 192
f 87 194 193
f 141 195 194
f 142 196 195
f 143 197 196
f 144 198 197
f 145 199 198
f 146 200 199
f 147 201 200
f 148 202 201
f 149 203 202
f 150 204 203
f 151 206 204
f 205 208 206
f 207 210 208
f 209 212 210
f 211 214 212
f 213 216 214
f 215 218 216
f 217 220 218
f 219 222 220
f 221 224 222
f 223 226 224
f 225 228 226
f 227 230 228
f 229 232 230
f 231 234 232
f 233 236 234
f 235 238 236
f 237 240 238
f 239 242 240
f 241 244 242
f 243 246 244
f 245 248 246
f 247 250 248
f 249 252 250
f 251 254 252
f 253 256 254
f 255 258 256
f 257 260 258
f 259 262 260
f 261 264 262
f 263 266 264
f 265 268 266
f 267 270 268
f 269 272 270
f 271 273 272
f 152 523 273
f 152 274 523
f 522 536 533
f 536 537 533
f 522 537 536
f 522 538 537
f 523 274 522
f 522 539 540
f 522 541 539
f 522 542 543
f 522 544 542
f 522 545 544
f 522 546 545
f 522 547 546
f 522 548 547
f 522 549 548
f 522 550 549
f 522 551 550
f 522 552 551
f 522 553 552
f 522 554 553
f 522 555 554
f 522 556 538
f 522 557 556
f 522 543 557
f 522 558 555
f 522 559 558
f 522 560 559
f 522 561 560
f 522 562 561
f 522 563 562
f 522 564 565
f 522 566 564
f 522 567 566
f 522 568 567
f 522 569 563
f 522 565 569
f 522 570 568
f 522 571 570
f 522 572 571
f 522 573 572
f 522 574 573
f 522 575 574
f 522 576 575
f 522 577 576
f 522 578 577
f 522 579 578
f 522 580 579
f 522 581 580
f 522 540 581
f 537 538 582
f 537 583 584
f 537 585 583
f 537 586 585
f 537 582 586
f 537 584 587
f 522 588 541
f 522 589 588
f 522 590 589
f 522 591 592
f 522 592 593
f 522 593 590
f 522 594 595
f 522 595 596
f 522 596 591
f 88 140 597
f 88 597 30
f 30 597 275
f 275 597 598
f 275 598 599
f 597 140 598
f 598 600 601
f 598 602 600
f 598 603 604
f 598 605 603
f 598 606 605
f 598 607 606
f 598 608 607
f 598 609 608
f 608 610 607
f 608 611 610
f 611 612 610
f 612 613 610
f 614 615 610
f 613 616 610
f 616 617 610
f 617 614 610
f 615 618 610
f 618 619 610
f 619 620 610
f 621 610 622
f 620 622 610
f 598 623 624
f 598 625 623
f 598 626 625
f 598 627 609
f 598 628 627
f 598 624 628
f 598 601 626
f 608 629 630
f 608 630 631
f 608 631 632
f 608 609 633
f 608 633 634
f 608 634 635
f 608 635 636
f 608 636 637
f 608 637 638
f 608 639 640
f 608 638 639
f 608 640 641
f 608 641 642
f 608 642 629
f 608 632 643
f 608 643 644
f 608 644 645
f 608 646 647
f 608 645 648
f 608 648 646
f 608 647 649
f 608 649 650
f 608 650 651
f 608 651 652
f 653 654 655
f 653 656 657
f 653 657 654
f 653 658 656
f 653 659 658
f 653 660 659
f 653 661 660
f 653 662 661
f 653 663 662
f 653 664 665
f 653 666 664
f 653 665 663
f 608 667 668
f 598 653 602
f 598 140 653
f 653 669 602
f 653 670 669
f 653 671 670
f 653 672 671
f 653 655 672
f 608 673 674
f 608 674 675
f 608 675 676
f 608 676 677
f 608 677 667
f 608 652 673
f 608 668 611
f 611 678 612
f 612 679 613
f 613 680 616
f 616 681 617
f 617 682 614
f 614 683 615
f 615 684 618
f 618 685 619
f 619 686 620
f 620 687 622
f 621 622 688
f 621 689 690
f 690 691 692
f 692 693 694
f 695 696 697
f 697 698 699
f 699 700 701
f 694 702 695
f 275 703 276
f 275 599 704
f 275 704 703
f 598 604 599
f 599 705 706
f 599 707 708
f 599 706 707
f 599 709 710
f 599 708 709
f 599 710 704
f 599 711 712
f 599 713 711
f 599 714 715
f 599 716 714
f 599 717 718
f 599 719 717
f 599 718 713
f 599 715 719
f 599 720 721
f 599 722 705
f 599 721 722
f 599 712 720
f 599 723 716
f 599 604 723
f 710 724 704
f 725 726 704
f 727 704 726
f 724 725 704
f 728 729 704
f 729 730 704
f 727 731 704
f 731 732 704
f 732 728 704
f 730 733 704
f 734 704 733
f 734 735 704
f 735 736 704
f 736 737 704
f 737 738 704
f 739 740 704
f 738 739 704
f 740 741 704
f 742 704 741
f 743 744 704
f 742 743 704
f 704 745 746
f 747 748 704
f 747 704 746
f 704 744 745
f 749 704 750
f 704 751 750
f 704 752 751
f 753 704 748
f 753 752 704
f 610 754 755
f 610 755 756
f 610 757 758
f 610 756 759
f 610 759 760
f 610 761 762
f 610 763 764
f 610 762 763
f 610 760 761
f 610 764 765
f 610 765 766
f 610 766 767
f 610 768 769
f 610 770 768
f 610 769 757
f 610 767 770
f 610 771 772
f 610 773 774
f 610 775 773
f 610 776 775
f 610 777 771
f 610 774 777
f 610 778 779
f 610 779 776
f 610 758 780
f 610 780 778
f 621 690 610
f 690 692 610
f 694 695 610
f 692 694 610
f 695 697 610
f 697 699 610
f 699 701 610
f 610 701 754
f 703 704 781
f 703 781 782
f 712 783 720
f 711 713 784
f 712 711 785
f 708 786 709
f 710 787 724
f 709 788 710
f 722 721 789
f 706 790 707
f 706 705 791
f 722 792 705
f 721 720 793
f 708 707 794
f 714 795 715
f 714 716 796
f 604 797 723
f 716 723 798
f 713 718 799
f 718 717 800
f 717 719 801
f 719 715 802
f 604 603 803
f 603 605 804
f 605 606 805
f 606 607 806
f 607 610 807
f 610 772 808
f 734 809 735
f 735 810 736
f 727 726 811
f 724 812 725
f 725 813 726
f 727 814 731
f 731 815 732
f 728 816 729
f 732 817 728
f 729 818 730
f 730 819 733
f 734 733 820
f 736 821 737
f 737 822 738
f 738 823 739
f 742 741 824
f 742 825 743
f 739 826 740
f 740 827 741
f 753 748 828
f 747 746 829
f 747 830 748
f 749 750 831
f 749 832 704
f 750 751 833
f 751 752 834
f 753 835 752
f 744 836 745
f 745 837 746
f 743 838 744
f 780 839 778
f 780 758 840
f 768 770 841
f 768 842 769
f 757 843 758
f 769 844 757
f 759 756 845
f 759 846 760
f 762 847 763
f 762 761 848
f 760 849 761
f 754 701 850
f 754 851 755
f 755 852 756
f 764 763 853
f 765 764 854
f 766 855 767
f 765 856 766
f 767 857 770
f 772 771 858
f 771 777 859
f 774 860 777
f 774 773 861
f 773 775 862
f 775 776 863
f 776 779 864
f 779 778 865
f 704 832 781
f 89 534 140
f 426 535 866
f 426 866 534
f 653 867 868
f 653 869 666
f 653 870 869
f 653 871 870
f 653 872 871
f 653 873 872
f 653 868 873
f 653 874 867
f 653 875 874
f 653 876 875
f 653 877 876
f 653 878 877
f 653 879 878
f 653 880 879
f 653 881 880
f 140 866 653
f 668 882 883
f 668 883 884
f 668 884 885
f 668 885 886
f 668 887 888
f 668 886 887
f 668 667 889
f 668 889 890
f 668 890 891
f 668 892 893
f 668 891 892
f 668 893 894
f 668 894 895
f 668 895 882
f 611 668 896
f 611 896 678
f 612 678 679
f 613 679 680
f 616 680 681
f 617 681 682
f 614 682 683
f 615 683 684
f 618 684 685
f 619 685 686
f 620 686 687
f 622 687 688
f 621 688 689
f 690 689 691
f 692 691 693
f 694 693 702
f 695 702 696
f 697 696 698
f 699 698 700
f 881 897 880
f 881 898 897
f 881 899 898
f 881 900 899
f 881 901 900
f 881 902 901
f 881 903 902
f 881 904 903
f 653 866 881
f 140 534 866
f 881 905 906
f 881 907 908
f 881 908 905
f 881 909 907
f 881 910 909
f 881 911 910
f 881 912 913
f 881 914 911
f 881 915 914
f 881 916 917
f 881 917 915
f 881 918 916
f 881 919 918
f 881 913 919
f 881 920 912
f 881 921 920
f 881 922 921
f 881 923 922
f 881 924 923
f 881 925 924
f 881 926 925
f 866 535 927
f 866 927 928
f 866 928 929
f 866 929 930
f 866 930 931
f 866 931 932
f 866 933 934
f 866 932 933
f 866 934 935
f 866 936 937
f 866 935 936
f 866 937 938
f 866 939 940
f 866 938 939
f 866 940 941
f 866 941 942
f 866 942 943
f 866 943 944
f 866 944 945
f 866 945 946
f 866 946 947
f 866 947 948
f 866 948 949
f 866 950 951
f 866 949 950
f 866 951 952
f 881 953 926
f 881 954 953
f 881 955 954
f 881 956 955
f 881 957 956
f 881 958 957
f 881 959 958
f 881 960 959
f 881 961 960
f 881 962 961
f 881 963 962
f 881 866 808
f 881 964 965
f 881 966 964
f 881 967 966
f 881 968 967
f 881 969 968
f 881 970 969
f 881 971 970
f 881 972 971
f 881 973 972
f 881 974 904
f 881 975 974
f 881 976 975
f 881 977 976
f 881 965 977
f 668 978 979
f 668 979 980
f 668 981 982
f 668 888 983
f 668 983 984
f 668 984 981
f 668 982 985
f 668 985 986
f 668 986 978
f 668 987 988
f 668 988 973
f 668 989 990
f 668 990 991
f 668 991 987
f 668 980 992
f 668 993 994
f 668 992 993
f 668 995 996
f 668 994 997
f 668 997 995
f 668 996 998
f 668 998 989
f 881 668 973
f 881 999 1000
f 881 1001 1002
f 881 1000 1001
f 881 906 999
f 881 1002 668
f 668 1002 1003
f 668 1003 1004
f 668 1004 1005
f 668 1005 1006
f 668 1006 1007
f 668 1007 1008
f 668 1008 1009
f 668 1009 1010
f 668 1010 1011
f 668 1011 1012
f 668 1012 1013
f 668 1013 1014
f 668 1014 1015
f 668 1015 1016
f 668 1016 1017
f 668 1017 1018
f 668 1018 1019
f 668 1019 1020
f 668 1020 1021
f 668 1021 1022
f 668 1022 1023
f 668 1023 1024
f 668 1024 1025
f 668 1025 1026
f 668 1026 1027
f 668 1027 1028
f 668 1028 1029
f 668 1029 1030
f 668 1030 1031
f 668 1031 1032
f 668 1032 1033
f 668 1033 1034
f 668 1034 1035
f 668 1035 1036
f 668 1036 1037
f 668 1037 1038
f 668 1038 1039
f 668 1039 1040
f 668 1040 1041
f 668 1041 1042
f 668 1042 1043
f 668 1043 1044
f 668 1044 896
f 866 952 1045
f 866 1045 1046
f 866 1046 1047
f 866 1047 1048
f 866 1049 1050
f 866 1048 1049
f 866 1050 1051
f 866 1051 1052
f 866 1052 1053
f 866 1053 1054
f 866 1055 1056
f 866 1054 1055
f 866 1056 1057
f 866 1057 1058
f 866 1058 1059
f 866 1059 1060
f 866 1060 1061
f 866 1061 1062
f 866 1062 1063
f 866 1063 1064
f 866 1064 1065
f 866 1065 1066
f 881 808 963
f 866 1066 808
f 1067 1068 1066
f 802 795 1066
f 796 798 1066
f 796 1066 795
f 798 797 1066
f 803 1066 797
f 803 804 1066
f 804 805 1066
f 805 806 1066
f 806 807 1066
f 807 808 1066
f 794 1066 786
f 786 1066 788
f 789 1066 792
f 785 1066 783
f 793 783 1066
f 789 793 1066
f 799 800 1066
f 784 799 1066
f 785 784 1066
f 801 802 1066
f 800 801 1066
f 791 1066 790
f 791 792 1066
f 794 790 1066
f 808 1069 963
f 808 1070 1069
f 808 1071 1070
f 808 1072 1071
f 808 1073 1072
f 808 1074 1073
f 896 1044 1075
f 896 1076 1077
f 896 1078 1079
f 896 1077 1078
f 896 1075 1080
f 896 1080 1081
f 896 1081 1082
f 896 1082 1083
f 896 1084 1085
f 896 1083 1086
f 896 1086 1087
f 896 1087 1084
f 896 1085 1088
f 896 1088 1089
f 896 1089 1090
f 896 1091 1076
f 896 1090 1091
f 808 1092 1074
f 808 1093 1092
f 808 1094 1093
f 808 1095 1094
f 808 1096 1095
f 808 1097 1096
f 808 1098 1097
f 808 1099 1098
f 808 1100 1099
f 808 1101 1100
f 808 1102 1101
f 808 1103 1102
f 808 1104 1103
f 808 1105 1104
f 808 1106 1107
f 808 1108 1106
f 808 1079 1109
f 808 1110 1108
f 808 1111 1110
f 808 1109 1112
f 808 1112 1111
f 808 1113 1105
f 808 1114 1113
f 808 1115 1114
f 808 1116 1115
f 808 1117 1116
f 808 1107 1117
f 896 1079 808
f 896 808 678
f 678 808 679
f 682 808 683
f 679 808 680
f 680 808 681
f 681 808 682
f 683 808 684
f 684 808 685
f 685 808 686
f 688 687 808
f 686 808 687
f 712 785 783
f 711 784 785
f 713 799 784
f 708 794 786
f 709 786 788
f 710 788 787
f 722 789 792
f 721 793 789
f 706 791 790
f 705 792 791
f 720 783 793
f 707 790 794
f 714 796 795
f 716 798 796
f 604 803 797
f 723 797 798
f 718 800 799
f 717 801 800
f 719 802 801
f 715 795 802
f 603 804 803
f 605 805 804
f 606 806 805
f 607 807 806
f 610 808 807
f 734 820 809
f 735 809 810
f 727 811 814
f 724 787 812
f 725 812 813
f 726 813 811
f 731 814 815
f 728 817 816
f 732 815 817
f 729 816 818
f 730 818 819
f 733 819 820
f 736 810 821
f 737 821 822
f 738 822 823
f 739 823 826
f 741 827 824
f 742 824 825
f 743 825 838
f 740 826 827
f 753 828 835
f 747 829 830
f 746 837 829
f 748 830 828
f 749 831 832
f 750 833 831
f 751 834 833
f 752 835 834
f 744 838 836
f 745 836 837
f 772 858 808
f 780 840 839
f 758 843 840
f 770 857 841
f 769 842 844
f 768 841 842
f 757 844 843
f 756 852 845
f 759 845 846
f 760 846 849
f 761 849 848
f 762 848 847
f 701 700 850
f 754 850 851
f 755 851 852
f 764 853 854
f 767 855 857
f 766 856 855
f 765 854 856
f 763 847 853
f 774 861 860
f 771 859 858
f 777 860 859
f 773 862 861
f 775 863 862
f 776 864 863
f 779 865 864
f 778 839 865
f 832 1118 781
f 1068 832 1066
f 788 1066 832
f 788 832 787
f 812 832 813
f 811 813 832
f 787 832 812
f 817 832 816
f 816 832 818
f 811 832 814
f 814 832 815
f 815 832 817
f 818 832 819
f 820 819 832
f 820 832 809
f 809 832 810
f 810 832 821
f 821 832 822
f 823 832 826
f 822 832 823
f 826 832 827
f 824 827 832
f 825 832 838
f 824 832 825
f 832 837 836
f 829 832 830
f 829 837 832
f 832 836 838
f 831 833 832
f 832 833 834
f 832 834 835
f 828 830 832
f 828 832 835
f 808 851 850
f 808 852 851
f 808 843 844
f 808 845 852
f 808 846 845
f 808 848 849
f 808 853 847
f 808 847 848
f 808 849 846
f 808 854 853
f 808 856 854
f 808 855 856
f 808 842 841
f 808 841 857
f 808 844 842
f 808 857 855
f 808 858 859
f 808 861 862
f 808 862 863
f 808 863 864
f 808 859 860
f 808 860 861
f 808 865 839
f 808 864 865
f 808 840 843
f 808 839 840
f 688 808 689
f 689 808 691
f 693 808 702
f 691 808 693
f 702 808 696
f 696 808 698
f 698 808 700
f 808 850 700
f 1067 1066 1119
f 1068 1120 832
f 1067 1121 1068
f 832 1120 1118
f 154 153 276
f 154 276 1122
f 154 1122 1123
f 703 1122 276
f 703 1124 1122
f 703 1125 1124
f 703 1126 1125
f 703 1127 1126
f 703 1128 1127
f 703 1129 1128
f 703 1130 1129
f 703 1131 1130
f 703 1132 1131
f 703 1133 1132
f 703 1134 1133
f 703 1135 1134
f 703 1136 1135
f 703 1137 1136
f 703 1138 1137
f 703 1139 1138
f 703 1140 1139
f 703 1141 1140
f 703 1142 1141
f 703 1143 1142
f 703 1144 1143
f 703 1145 1144
f 703 1146 1145
f 703 1147 1146
f 703 1148 1147
f 703 1149 1148
f 703 1150 1149
f 703 1151 1150
f 1122 1124 1123
f 1124 1125 1152
f 1125 1126 1153
f 1126 1127 1154
f 1127 1128 1155
f 1128 1129 1156
f 1129 1130 1157
f 1130 1131 1158
f 1131 1132 1159
f 1132 1133 1160
f 1133 1134 1161
f 1134 1135 1162
f 1135 1136 1163
f 1136 1137 1164
f 1137 1138 1165
f 1138 1139 1166
f 1139 1140 1167
f 1140 1141 1168
f 1141 1142 1169
f 1142 1143 1170
f 1143 1144 1171
f 1144 1145 1172
f 1145 1146 1173
f 1146 1147 1174
f 1147 1148 1175
f 1148 1149 1176
f 1149 1150 1177
f 1150 1151 1178
f 1151 1179 1180
f 1179 1181 1182
f 1181 1183 1184
f 1183 1185 1186
f 1185 1187 1188
f 1187 1189 1190
f 1189 1191 1192
f 1191 1193 1194
f 1193 1195 1196
f 1195 1197 1198
f 1197 1199 1200
f 1199 1201 1202
f 1201 1203 1204
f 1203 1205 1206
f 1205 1207 1208
f 1207 1209 1210
f 1209 1211 1212
f 1211 1213 1214
f 1213 1215 1216
f 1215 1217 1218
f 703 1179 1151
f 703 1181 1179
f 703 1183 1181
f 703 1185 1183
f 703 1187 1185
f 703 1189 1187
f 703 1191 1189
f 703 1193 1191
f 703 1195 1193
f 703 1197 1195
f 703 1199 1197
f 703 1201 1199
f 703 1203 1201
f 703 1205 1203
f 703 1207 1205
f 703 1209 1207
f 703 1211 1209
f 703 1213 1211
f 703 1215 1213
f 703 1217 1215
f 1217 1219 1220
f 154 1123 274
f 522 274 1123
f 522 1221 594
f 522 1123 1152
f 522 1152 1153
f 522 1153 1154
f 522 1154 1155
f 522 1155 1156
f 522 1156 1157
f 522 1157 1158
f 1221 1222 594
f 1221 1223 1224
f 1221 1224 1225
f 1221 1225 1226
f 1221 1226 1227
f 1221 1227 1222
f 1221 1228 1223
f 1221 1229 1230
f 1221 1230 1231
f 1221 1231 1232
f 1221 1232 1228
f 1221 1233 1234
f 1221 1234 1235
f 1221 1235 1236
f 1221 1236 1237
f 1221 1237 1238
f 1221 1238 1229
f 1221 1239 1240
f 1221 1240 1241
f 1221 1241 1242
f 1221 1242 1243
f 1221 1243 1244
f 1221 1244 1245
f 1221 1245 1233
f 1221 1246 1247
f 1221 1247 1248
f 1221 1248 1249
f 1221 1249 1250
f 1221 1250 1251
f 1221 1251 1239
f 1221 1252 1253
f 1221 1253 1254
f 1221 1254 1255
f 1221 1255 1256
f 1221 1256 1257
f 1221 1257 1246
f 1221 1258 1259
f 1221 1259 1260
f 1221 1260 1261
f 1221 1261 1252
f 1221 1262 1258
f 522 1263 1221
f 522 1264 1263
f 522 1265 1264
f 522 1266 1265
f 522 1267 1266
f 522 1158 1159
f 522 1159 1160
f 522 1160 1161
f 522 1161 1162
f 522 1162 1163
f 522 1163 1164
f 522 1164 1165
f 522 1165 1166
f 522 1166 1167
f 522 1167 1168
f 522 1168 1169
f 522 1169 1170
f 522 1170 1171
f 522 1171 1172
f 522 1172 1173
f 522 1173 1174
f 522 1174 1175
f 522 1175 1176
f 522 1176 1177
f 522 1177 1178
f 522 1178 1180
f 522 1214 1267
f 1124 1152 1123
f 1125 1153 1152
f 1126 1154 1153
f 1127 1155 1154
f 1128 1156 1155
f 1129 1157 1156
f 1130 1158 1157
f 1131 1159 1158
f 1132 1160 1159
f 1133 1161 1160
f 1134 1162 1161
f 1135 1163 1162
f 1136 1164 1163
f 1137 1165 1164
f 1138 1166 1165
f 1139 1167 1166
f 1140 1168 1167
f 1141 1169 1168
f 1142 1170 1169
f 1143 1171 1170
f 1144 1172 1171
f 1145 1173 1172
f 1146 1174 1173
f 1147 1175 1174
f 1148 1176 1175
f 1149 1177 1176
f 1150 1178 1177
f 1151 1180 1178
f 1179 1182 1180
f 1181 1184 1182
f 1183 1186 1184
f 1185 1188 1186
f 1187 1190 1188
f 1189 1192 1190
f 1191 1194 1192
f 1193 1196 1194
f 1195 1198 1196
f 1197 1200 1198
f 1199 1202 1200
f 1201 1204 1202
f 1203 1206 1204
f 1205 1208 1206
f 1207 1210 1208
f 1209 1212 1210
f 1211 1214 1212
f 1213 1216 1214
f 1215 1218 1216
f 1217 1220 1218
f 522 1180 1182
f 522 1182 1184
f 522 1184 1186
f 522 1186 1188
f 522 1188 1190
f 522 1190 1192
f 522 1192 1194
f 522 1194 1196
f 522 1196 1198
f 522 1198 1200
f 522 1200 1202
f 522 1202 1204
f 522 1204 1206
f 522 1206 1208
f 522 1208 1210
f 522 1210 1212
f 522 1212 1214
f 1214 1268 1267
f 1214 1269 1268
f 1214 1270 1269
f 1214 1271 1270
f 1214 1272 1271
f 1214 1273 1274
f 1214 1274 1272
f 1214 1275 1273
f 1214 1276 1275
f 1214 1277 1276
f 1214 1278 1277
f 1214 1279 1278
f 1216 1280 1279
f 1216 1281 1280
f 1216 1282 1281
f 1216 1283 1282
f 1216 1284 1283
f 1216 1285 1284
f 1218 1286 1285
f 1218 1287 1286
f 1218 1288 1287
f 1218 1289 1288
f 1218 1290 1289
f 1220 1291 1290
f 1220 1292 1291
f 1220 1293 1292
f 1220 1294 1293
f 1220 1295 1294
f 1220 1296 1295
f 1220 1297 1296
f 1220 1298 1297
f 1220 1299 1298
f 1220 1300 1299
f 1220 1301 1300
f 1220 1302 1301
f 1220 1303 1302
f 1220 1304 1303
f 1220 1305 1304
f 1220 1306 1305
f 1220 1307 1306
f 1220 1308 1307
f 1220 1309 1308
f 1220 1310 1309
f 1214 1216 1279
f 1216 1218 1285
f 1218 1220 1290
f 1220 1311 1310
f 703 782 1312
f 782 781 1313
f 703 1312 1314
f 703 1314 1315
f 703 1315 1316
f 703 1316 1317
f 703 1317 1318
f 703 1319 1320
f 703 1318 1321
f 703 1321 1322
f 703 1322 1323
f 703 1323 1319
f 703 1320 1324
f 703 1324 1325
f 703 1325 1326
f 703 1326 1327
f 703 1328 1329
f 703 1330 1331
f 703 1329 1330
f 703 1332 1333
f 703 1333 1334
f 703 1331 1332
f 703 1335 1336
f 703 1336 1337
f 703 1327 1335
f 703 1337 1338
f 703 1338 1339
f 703 1339 1328
f 782 1313 1312
f 781 1118 1313
f 703 1219 1217
f 703 1340 1341
f 703 1342 1219
f 703 1343 1342
f 703 1344 1343
f 703 1345 1344
f 703 1346 1345
f 703 1347 1346
f 703 1348 1349
f 703 1350 1347
f 703 1349 1350
f 703 1351 1348
f 703 1341 1351
f 703 1352 1353
f 703 1354 1352
f 703 1355 1356
f 703 1357 1340
f 703 1356 1357
f 703 1353 1355
f 703 1334 1358
f 703 1358 1354
f 1359 1312 1313
f 1359 1313 1360
f 1359 1121 1312
f 1312 1361 1314
f 1314 1362 1315
f 1315 1363 1316
f 1316 1364 1317
f 1317 1365 1318
f 1318 1366 1321
f 1321 1367 1322
f 1322 1368 1323
f 1323 1369 1319
f 1319 1370 1320
f 1320 1371 1324
f 1324 1372 1325
f 1327 1326 1373
f 1327 1374 1335
f 1325 1375 1326
f 1335 1376 1336
f 1336 1377 1337
f 1338 1337 1378
f 1338 1379 1339
f 1219 1342 1311
f 1342 1343 1380
f 1343 1344 1381
f 1344 1345 1382
f 1345 1346 1383
f 1346 1347 1384
f 1350 1349 1385
f 1350 1386 1347
f 1356 1387 1357
f 1355 1353 1388
f 1355 1389 1356
f 1351 1341 1390
f 1341 1340 1391
f 1349 1348 1392
f 1351 1393 1348
f 1340 1357 1394
f 1329 1328 1395
f 1329 1396 1330
f 1334 1333 1397
f 1358 1334 1398
f 1332 1399 1333
f 1331 1400 1332
f 1330 1401 1331
f 1339 1402 1328
f 1354 1403 1352
f 1358 1404 1354
f 1352 1405 1353
f 1313 1118 1406
f 1068 1121 1120
f 1067 1119 1121
f 1120 1406 1118
f 1120 1121 1406
f 1220 1219 1311
f 1401 1407 1310
f 1311 1380 1310
f 1380 1381 1310
f 1381 1382 1310
f 1382 1383 1310
f 1390 1310 1393
f 1388 1405 1310
f 1394 1387 1310
f 1390 1391 1310
f 1391 1394 1310
f 1389 1310 1387
f 1388 1310 1389
f 1383 1384 1310
f 1384 1386 1310
f 1385 1310 1386
f 1385 1392 1310
f 1392 1393 1310
f 1401 1310 1400
f 1400 1310 1399
f 1397 1399 1310
f 1398 1397 1310
f 1404 1310 1403
f 1398 1310 1404
f 1403 1310 1405
f 1313 1406 1360
f 1359 1360 1121
f 1312 1121 1361
f 1314 1361 1362
f 1315 1362 1363
f 1316 1363 1364
f 1317 1364 1365
f 1318 1365 1366
f 1321 1366 1367
f 1322 1367 1368
f 1323 1368 1369
f 1319 1369 1370
f 1320 1370 1371
f 1324 1371 1372
f 1327 1373 1374
f 1325 1372 1375
f 1326 1375 1373
f 1335 1374 1376
f 1336 1376 1377
f 1337 1377 1378
f 1338 1378 1379
f 1342 1380 1311
f 1343 1381 1380
f 1344 1382 1381
f 1345 1383 1382
f 1346 1384 1383
f 1347 1386 1384
f 1350 1385 1386
f 1349 1392 1385
f 1356 1389 1387
f 1353 1405 1388
f 1355 1388 1389
f 1351 1390 1393
f 1340 1394 1391
f 1341 1391 1390
f 1348 1393 1392
f 1357 1387 1394
f 1328 1402 1395
f 1329 1395 1396
f 1330 1396 1401
f 1334 1397 1398
f 1331 1401 1400
f 1332 1400 1399
f 1333 1399 1397
f 1339 1379 1402
f 1352 1403 1405
f 1354 1404 1403
f 1358 1398 1404
f 1370 1119 1408
f 1371 1408 1409
f 1371 1409 1410
f 1371 1410 1411
f 1371 1411 1412
f 1372 1412 1413
f 1372 1413 1414
f 1372 1414 1415
f 1372 1415 1416
f 1373 1417 1418
f 1373 1418 1419
f 1375 1416 1420
f 1375 1420 1421
f 1375 1421 1422
f 1375 1422 1423
f 1373 1423 1417
f 1121 1119 1361
f 1360 1406 1121
f 1361 1119 1362
f 1362 1119 1363
f 1363 1119 1364
f 1364 1119 1365
f 1365 1119 1366
f 1366 1119 1367
f 1367 1119 1368
f 1368 1119 1369
f 1369 1119 1370
f 1401 1424 1407
f 1401 1425 1424
f 1401 1426 1425
f 1401 1427 1426
f 1378 1428 1429
f 1379 1430 1431
f 1379 1429 1430
f 1374 1419 1432
f 1374 1432 1433
f 1377 1434 1435
f 1376 1433 1436
f 1376 1436 1434
f 1377 1435 1437
f 1377 1437 1438
f 1378 1439 1440
f 1378 1438 1439
f 1378 1440 1428
f 1395 1441 1442
f 1395 1443 1444
f 1395 1445 1443
f 1395 1442 1445
f 1402 1446 1447
f 1402 1448 1449
f 1402 1449 1446
f 1379 1450 1448
f 1379 1431 1450
f 1402 1447 1441
f 1396 1451 1427
f 1396 1452 1451
f 1396 1453 1452
f 1396 1454 1453
f 1396 1444 1454
f 1396 1427 1401
f 1371 1412 1372
f 1370 1408 1371
f 1372 1416 1375
f 1376 1434 1377
f 1373 1375 1423
f 1373 1419 1374
f 1374 1433 1376
f 1378 1377 1438
f 1378 1429 1379
f 1379 1448 1402
f 1395 1402 1441
f 1395 1444 1396
f 1455 113 114
f 1456 114 115
f 1457 115 110
f 1458 109 91
f 1459 110 109
f 1460 91 285
f 1461 285 287
f 1462 287 286
f 1463 100 99
f 1464 101 100
f 1465 102 101
f 1466 103 102
f 1467 108 103
f 1468 104 108
f 1469 105 104
f 1470 278 277
f 1471 286 288
f 1472 288 290
f 1473 289 291
f 1474 290 289
f 1475 291 292
f 1476 292 293
f 1477 293 278
f 1478 281 280
f 1479 277 279
f 1480 279 281
f 1481 280 282
f 1482 282 283
f 1483 284 310
f 1484 311 312
f 1485 310 311
f 1486 312 313
f 1487 283 284
f 1488 302 301
f 1489 106 105
f 1490 107 106
f 1491 297 107
f 1492 298 297
f 1493 299 298
f 1494 300 299
f 1495 301 300
f 1496 294 302
f 1497 295 294
f 1498 296 295
f 1499 303 296
f 1500 304 303
f 1501 386 305
f 1502 387 386
f 1503 388 387
f 1504 389 388
f 1505 305 304
f 1506 9 25
f 1507 8 9
f 1508 23 22
f 1509 25 23
f 1510 22 24
f 1511 24 26
f 1512 27 28
f 1513 28 112
f 1514 26 27
f 1515 112 111
f 1516 111 113
f 1517 5 4
f 1518 12 11
f 1519 10 5
f 1520 11 10
f 1521 13 12
f 1522 14 13
f 1523 7 8
f 1524 6 7
f 1525 4 6
f 1526 15 14
f 1527 16 15
f 1528 17 16
f 1529 18 17
f 1530 19 18
f 1531 20 19
f 1532 21 20
f 1533 134 21
f 1534 135 134
f 1535 136 135
f 1536 137 136
f 1537 138 137
f 1538 139 138
f 1539 93 92
f 1540 92 139
f 1541 95 94
f 1542 96 95
f 1543 94 93
f 1544 97 96
f 1545 98 97
f 1546 99 98
f 1508 1509 23
f 1509 1506 25
f 1512 1514 27
f 1516 1515 111
f 1513 1512 28
f 1515 1513 112
f 1514 1511 26
f 1511 1510 24
f 1510 1508 22
f 1506 1507 9
f 1524 1525 6
f 1523 1524 7
f 1525 1517 4
f 1517 1519 5
f 1507 1523 8
f 1519 1520 10
f 1518 1521 12
f 1520 1518 11
f 1521 1522 13
f 1522 1526 14
f 1526 1527 15
f 1527 1528 16
f 1528 1529 17
f 1530 1531 19
f 1529 1530 18
f 1533 21 1532
f 1534 134 1533
f 1532 20 1531
f 1534 1535 135
f 1536 1537 137
f 1538 138 1537
f 1545 97 1544
f 1542 95 1541
f 1544 96 1542
f 1540 1539 92
f 1543 93 1539
f 1540 139 1538
f 1541 94 1543
f 1536 136 1535
f 1547 317 318
f 1548 318 319
f 1549 317 1547
f 1548 319 1550
f 1548 1547 318
f 1550 319 320
f 1551 320 321
f 1552 321 322
f 1553 322 330
f 1554 334 335
f 1555 335 336
f 1556 330 332
f 1557 332 331
f 1558 331 333
f 1559 333 334
f 1560 338 337
f 1561 344 329
f 1562 337 344
f 1563 336 339
f 1564 339 340
f 1565 343 342
f 1566 340 341
f 1567 341 343
f 1568 342 338
f 1569 327 326
f 1570 328 327
f 1571 329 328
f 1559 334 1554
f 1554 335 1555
f 1550 320 1551
f 1551 321 1552
f 1552 322 1553
f 1553 330 1556
f 1557 1556 332
f 1557 331 1558
f 1558 333 1559
f 1555 336 1563
f 1563 339 1564
f 1564 340 1566
f 1566 341 1567
f 1567 343 1565
f 1565 342 1568
f 1568 338 1560
f 1562 344 1561
f 1560 337 1562
f 1561 329 1571
f 1571 328 1570
f 1570 327 1569
f 1572 313 309
f 1573 309 308
f 1574 308 314
f 1575 314 316
f 1576 316 315
f 1549 315 317
f 1470 1477 278
f 1480 1479 279
f 1479 1470 277
f 1471 1462 286
f 1458 1459 109
f 1459 1457 110
f 1461 1460 285
f 1460 1458 91
f 1462 1461 287
f 1456 1455 114
f 1457 1456 115
f 1475 1473 291
f 1474 1472 290
f 1472 1471 288
f 1473 1474 289
f 1477 1476 293
f 1475 292 1476
f 1483 1487 284
f 1573 1572 309
f 1485 1483 310
f 1484 1485 311
f 1486 1484 312
f 1572 1486 313
f 1481 1478 280
f 1482 1481 282
f 1478 1480 281
f 1482 283 1487
f 1573 308 1574
f 1576 1575 316
f 1575 1574 314
f 1549 1576 315
f 1577 385 384
f 1578 325 385
f 1579 384 389
f 1580 323 325
f 1581 324 323
f 1582 326 324
f 1496 302 1488
f 1497 294 1496
f 1463 99 1546
f 1465 101 1464
f 1464 100 1463
f 1466 102 1465
f 1466 1467 103
f 1468 108 1467
f 1469 104 1468
f 1489 105 1469
f 1493 298 1492
f 1490 106 1489
f 1491 107 1490
f 1492 297 1491
f 1495 300 1494
f 1488 301 1495
f 1494 299 1493
f 1577 384 1579
f 1502 386 1501
f 1503 387 1502
f 1579 389 1504
f 1504 388 1503
f 1501 305 1505
f 1499 296 1498
f 1505 304 1500
f 1500 303 1499
f 1498 295 1497
f 1581 323 1580
f 1582 324 1581
f 1569 326 1582
f 1578 385 1577
f 1580 325 1578
f 1575 377 1574
f 1549 376 1576
f 1549 1547 378
f 1548 345 1547
f 1548 1550 346
f 1576 375 1575
f 1548 346 345
f 1550 347 346
f 1547 345 378
f 1549 378 376
f 1574 377 379
f 1576 376 375
f 1575 375 377
f 1573 379 365
f 1572 365 364
f 1557 351 1556
f 1550 1551 347
f 1551 1552 348
f 1553 1556 350
f 1552 1553 349
f 1557 1558 352
f 1558 1559 353
f 1559 1554 354
f 1554 1555 355
f 1555 1563 356
f 1563 1564 357
f 1564 1566 358
f 1566 1567 359
f 1567 1565 360
f 1565 1568 361
f 1568 1560 362
f 1560 1562 380
f 1553 350 349
f 1556 351 350
f 1557 352 351
f 1558 353 352
f 1559 354 353
f 1554 355 354
f 1555 356 355
f 1563 357 356
f 1564 358 357
f 1566 359 358
f 1567 360 359
f 1565 361 360
f 1551 348 347
f 1552 349 348
f 1568 362 361
f 1560 380 362
f 1562 1561 381
f 1561 1571 382
f 1571 1570 383
f 1570 1569 391
f 1569 1582 392
f 1582 1581 393
f 1581 1580 394
f 1562 381 380
f 1561 382 381
f 1571 383 382
f 1570 391 383
f 1569 392 391
f 1582 393 392
f 1581 394 393
f 1580 395 394
f 1578 396 395
f 1485 368 1483
f 1483 367 1487
f 1482 1487 372
f 1573 1574 379
f 1573 365 1572
f 1572 364 1486
f 1486 363 1484
f 1484 366 1485
f 1481 373 1478
f 1482 371 1481
f 1478 370 1480
f 1480 369 1479
f 1479 374 1470
f 1470 455 1477
f 1477 456 1476
f 1486 364 363
f 1484 363 366
f 1485 366 368
f 1483 368 367
f 1487 367 372
f 1482 372 371
f 1480 370 369
f 1479 369 374
f 1481 371 373
f 1478 373 370
f 1470 374 455
f 1477 455 456
f 1475 1476 457
f 1475 458 1473
f 1473 459 1474
f 1474 460 1472
f 1472 461 1471
f 1471 462 1462
f 1462 463 1461
f 1461 464 1460
f 1460 465 1458
f 1458 466 1459
f 1459 467 1457
f 1457 468 1456
f 1476 456 457
f 1475 457 458
f 1473 458 459
f 1474 459 460
f 1472 460 461
f 1471 461 462
f 1462 462 463
f 1461 463 464
f 1460 464 465
f 1458 465 466
f 1459 466 467
f 1457 467 468
f 1580 1578 395
f 1578 1577 396
f 1577 1579 397
f 1579 1504 398
f 1504 1503 399
f 1503 1502 400
f 1502 1501 401
f 1501 1505 402
f 1505 1500 403
f 1500 1499 404
f 1499 1498 405
f 1498 1497 406
f 1497 1496 407
f 1496 1488 408
f 1577 397 396
f 1579 398 397
f 1504 399 398
f 1503 400 399
f 1502 401 400
f 1501 402 401
f 1505 403 402
f 1500 404 403
f 1499 405 404
f 1498 406 405
f 1497 407 406
f 1496 408 407
f 1488 409 408
f 1488 1495 409
f 1495 1494 410
f 1494 1493 411
f 1493 1492 412
f 1492 1491 413
f 1491 1490 414
f 1490 1489 415
f 1489 1469 416
f 1469 1468 417
f 1468 1467 418
f 1466 419 1467
f 1466 1465 420
f 1465 1464 421
f 1495 410 409
f 1494 411 410
f 1493 412 411
f 1492 413 412
f 1491 414 413
f 1490 415 414
f 1489 416 415
f 1469 417 416
f 1467 419 418
f 1466 420 419
f 1468 418 417
f 1583 446 1584
f 1585 1586 448
f 1587 1588 430
f 1583 1587 431
f 1585 428 1588
f 1586 1589 449
f 1589 1590 450
f 1590 1591 451
f 1592 452 1591
f 1592 1593 453
f 1593 1594 454
f 1594 1595 429
f 1595 1596 447
f 1584 446 445
f 1585 448 428
f 1587 430 431
f 1583 431 446
f 1588 428 430
f 1586 449 448
f 1589 450 449
f 1590 451 450
f 1591 452 451
f 1592 453 452
f 1593 454 453
f 1594 429 454
f 1595 447 429
f 1455 1516 113
f 1545 1546 98
f 1456 469 1455
f 1455 470 1516
f 1516 471 1515
f 1515 472 1513
f 1513 473 1512
f 1512 474 1514
f 1514 475 1511
f 1511 476 1510
f 1510 477 1508
f 1508 478 1509
f 1509 479 1506
f 1506 480 1507
f 1507 481 1523
f 1523 482 1524
f 1456 468 469
f 1455 469 470
f 1516 470 471
f 1515 471 472
f 1513 472 473
f 1512 473 474
f 1514 474 475
f 1511 475 476
f 1510 476 477
f 1508 477 478
f 1509 478 479
f 1506 479 480
f 1507 480 481
f 1523 481 482
f 1524 482 483
f 1524 483 1525
f 1525 484 1517
f 1517 485 1519
f 1519 486 1520
f 1520 487 1518
f 1518 488 1521
f 1521 489 1522
f 1522 490 1526
f 1534 1533 498
f 1534 502 1535
f 1526 491 1527
f 1527 493 1528
f 1528 492 1529
f 1529 494 1530
f 1530 495 1531
f 1533 1532 496
f 1532 1531 497
f 1525 483 484
f 1517 484 485
f 1519 485 486
f 1520 486 487
f 1518 487 488
f 1521 488 489
f 1522 489 490
f 1526 490 491
f 1527 491 493
f 1528 493 492
f 1529 492 494
f 1530 494 495
f 1534 498 502
f 1532 497 496
f 1531 495 497
f 1533 496 498
f 1545 424 1546
f 1545 1544 503
f 1542 1541 505
f 1544 1542 504
f 1541 1543 506
f 1543 1539 507
f 1464 1463 422
f 1463 1546 423
f 1540 508 1539
f 1540 1538 509
f 1538 1537 499
f 1536 1535 501
f 1536 500 1537
f 1542 505 504
f 1541 506 505
f 1465 421 420
f 1464 422 421
f 1546 424 423
f 1463 423 422
f 1545 503 424
f 1544 504 503
f 1538 499 509
f 1539 508 507
f 1543 507 506
f 1540 509 508
f 1536 501 500
f 1535 502 501
f 1537 500 499
f 1597 441 1598
f 1599 442 1597
f 1600 438 1599
f 1601 433 1602
f 1602 432 1603
f 1604 1598 444
f 1604 443 1601
f 1605 435 1606
f 1606 515 1607
f 1607 514 1608
f 1609 1608 511
f 1609 510 1610
f 1603 434 1611
f 1612 1611 437
f 1612 436 1605
f 1613 440 1614
f 1600 1614 439
f 1613 1584 445
f 1615 1616 516
f 1610 512 1617
f 1617 513 1616
f 1615 517 1618
f 1618 519 1619
f 1619 518 1620
f 1621 1620 520
f 1621 521 1622
f 1622 524 1623
f 1623 525 1624
f 1624 526 1625
f 1625 527 1626
f 1626 528 1627
f 1627 529 1628
f 1628 530 1629
f 1629 531 1630
f 1630 532 1631
f 1599 438 442
f 1597 442 441
f 1601 443 433
f 1602 433 432
f 1603 432 434
f 1604 444 443
f 1598 441 444
f 1606 435 515
f 1607 515 514
f 1608 514 511
f 1609 511 510
f 1611 434 437
f 1612 437 436
f 1605 436 435
f 1600 439 438
f 1614 440 439
f 1613 445 440
f 1616 513 516
f 1615 516 517
f 1610 510 512
f 1617 512 513
f 1618 517 519
f 1619 519 518
f 1620 518 520
f 1621 520 521
f 1622 521 524
f 1623 524 525
f 1624 525 526
f 1625 526 527
f 1626 527 528
f 1627 528 529
f 1628 529 530
f 1629 530 531
f 1630 531 532
f 1631 532 533
f 1631 533 537
f 1587 1632 1588
f 1613 1632 1584
f 1600 1632 1614
f 1613 1614 1632
f 1583 1632 1587
f 1583 1584 1632
f 1585 1632 1586
f 1585 1588 1632
f 1586 1632 1589
f 1589 1632 1590
f 1590 1632 1591
f 1592 1591 1632
f 1592 1632 1593
f 1593 1632 1594
f 1594 1632 1595
f 1595 1632 1596
f 1604 1632 1598
f 1599 1597 1632
f 1600 1599 1632
f 1597 1598 1632
f 1604 1601 1632
f 1601 1602 1632
f 1602 1603 1632
f 1612 1632 1611
f 1603 1611 1632
f 1612 1605 1632
f 1606 1607 1632
f 1607 1608 1632
f 1605 1606 1632
f 1615 1632 1616
f 1615 1618 1632
f 1618 1619 1632
f 1619 1620 1632
f 1621 1632 1620
f 1609 1632 1608
f 1609 1610 1632
f 1610 1617 1632
f 1617 1616 1632
f 1623 1624 1632
f 1621 1622 1632
f 1622 1623 1632
f 1624 1625 1632
f 1625 1626 1632
f 1626 1627 1632
f 1627 1628 1632
f 1628 1629 1632
f 1629 1630 1632
f 1630 1631 1632
f 1596 535 447
f 1631 537 1633
f 1631 1633 1634
f 1635 1633 1636
f 1637 1638 1633
f 1639 1637 1633
f 1639 1633 1635
f 1640 1641 1633
f 1640 1633 1642
f 1642 1633 1643
f 1643 1633 1644
f 1644 1633 1645
f 1645 1633 1638
f 1646 1633 1647
f 1648 1647 1633
f 1648 1633 1649
f 1649 1633 1650
f 1651 1633 1652
f 1652 1633 1646
f 1650 1633 1653
f 1653 1633 1654
f 1654 1633 1655
f 1655 1633 1656
f 1636 1633 1657
f 1657 1633 1658
f 1658 1633 1659
f 1659 1633 1660
f 1660 1633 1661
f 1661 1633 1651
f 1639 552 1637
f 1639 1635 551
f 1635 1636 550
f 1645 1638 554
f 1637 553 1638
f 1652 1646 543
f 1648 556 1647
f 1646 1647 557
f 1648 1649 538
f 1649 1650 582
f 1650 1653 586
f 1653 1654 585
f 1654 1655 583
f 1655 1656 584
f 1636 1657 549
f 1657 1658 548
f 1659 1660 546
f 1658 1659 547
f 1660 1661 545
f 1661 1651 544
f 1651 1652 542
f 1656 1633 587
f 1639 551 552
f 1635 550 551
f 1645 554 555
f 1637 552 553
f 1638 553 554
f 1646 557 543
f 1647 556 557
f 1648 538 556
f 1649 582 538
f 1650 586 582
f 1653 585 586
f 1654 583 585
f 1655 584 583
f 1658 547 548
f 1636 549 550
f 1657 548 549
f 1659 546 547
f 1660 545 546
f 1661 544 545
f 1651 542 544
f 1652 543 542
f 1656 587 584
f 1633 537 587
f 1662 1633 1663
f 1664 1665 1633
f 1662 1664 1633
f 1666 1667 1633
f 1668 1666 1633
f 1669 1668 1633
f 1669 1633 1670
f 1670 1633 1641
f 1667 1671 1633
f 1663 1633 1671
f 1672 1673 1633
f 1665 1674 1633
f 1674 1675 1633
f 1675 1672 1633
f 1673 1676 1633
f 1676 1677 1633
f 1677 1678 1633
f 1678 1679 1633
f 1679 1680 1633
f 1680 1681 1633
f 1681 1682 1633
f 1682 1683 1633
f 1669 1670 563
f 1669 569 1668
f 1670 1641 562
f 1643 1644 558
f 1642 1643 559
f 1640 1642 560
f 1644 1645 555
f 1640 561 1641
f 1666 564 1667
f 1668 565 1666
f 1667 566 1671
f 1662 570 1664
f 1664 571 1665
f 1662 1663 568
f 1663 1671 567
f 1665 572 1674
f 1674 573 1675
f 1675 574 1672
f 1672 575 1673
f 1676 577 1677
f 1673 576 1676
f 1677 578 1678
f 1678 579 1679
f 1679 580 1680
f 1680 581 1681
f 1681 540 1682
f 1682 539 1683
f 1683 1684 1633
f 1683 541 1684
f 1668 569 565
f 1669 563 569
f 1670 562 563
f 1640 560 561
f 1642 559 560
f 1643 558 559
f 1644 555 558
f 1641 561 562
f 1667 564 566
f 1666 565 564
f 1671 566 567
f 1664 570 571
f 1662 568 570
f 1663 567 568
f 1665 571 572
f 1674 572 573
f 1675 573 574
f 1672 574 575
f 1673 575 576
f 1676 576 577
f 1677 577 578
f 1678 578 579
f 1679 579 580
f 1680 580 581
f 1681 581 540
f 1682 540 539
f 1683 539 541
f 1631 1634 1632
f 1685 623 625
f 1686 625 626
f 1687 627 628
f 1688 609 627
f 1689 633 609
f 1690 628 624
f 1691 624 623
f 1692 640 639
f 1693 641 640
f 1694 642 641
f 1695 629 642
f 1696 630 629
f 1697 634 633
f 1698 635 634
f 1699 636 635
f 1700 637 636
f 1701 638 637
f 1702 639 638
f 1703 631 630
f 1704 632 631
f 1596 1632 535
f 1632 1705 1706
f 1632 1707 1705
f 1632 1708 1707
f 1632 1709 1708
f 1632 1710 1709
f 1632 1711 1710
f 1632 1712 1711
f 1632 1713 1712
f 1632 1714 1713
f 1632 1715 1714
f 1632 1716 1715
f 1632 1717 1716
f 1632 1718 1717
f 1632 1719 1718
f 1632 1720 1719
f 1721 660 661
f 1722 659 660
f 1723 662 663
f 1724 661 662
f 1725 663 665
f 1726 676 675
f 1727 677 676
f 1728 889 667
f 1729 667 677
f 1730 890 889
f 1731 872 873
f 1732 873 868
f 1733 664 666
f 1734 869 870
f 1735 666 869
f 1736 665 664
f 1737 870 871
f 1738 871 872
f 1739 868 867
f 1740 867 874
f 1741 874 875
f 1742 876 877
f 1743 877 878
f 1744 878 879
f 1745 875 876
f 1746 884 883
f 1747 892 891
f 1748 893 892
f 1749 894 893
f 1750 891 890
f 1751 895 894
f 1752 882 895
f 1753 883 882
f 1754 885 884
f 1755 886 885
f 1756 887 886
f 1757 983 888
f 1758 984 983
f 1759 981 984
f 1760 888 887
f 1632 1761 1720
f 1632 1762 1761
f 1632 1763 1762
f 1632 1764 1763
f 1632 1765 1764
f 1632 1766 1765
f 1632 1767 1766
f 1632 1768 1767
f 1632 1769 1768
f 1632 1770 1769
f 1632 1771 1770
f 1632 1772 1771
f 1632 1773 1772
f 1632 1774 1773
f 1632 1775 1774
f 1632 1776 1775
f 1632 1777 1776
f 1632 1778 1777
f 1632 1779 1778
f 1632 1780 1779
f 1632 1781 1780
f 1632 1782 1781
f 1632 1783 1782
f 1632 1784 1783
f 1632 1785 1784
f 1632 1786 1785
f 1632 1787 1786
f 1632 1788 1787
f 1632 1789 1788
f 1632 1790 1789
f 1632 1791 1790
f 1632 1792 1791
f 1793 600 602
f 1794 602 669
f 1795 601 600
f 1796 626 601
f 1797 669 670
f 1798 670 671
f 1799 655 654
f 1800 672 655
f 1801 654 657
f 1802 657 656
f 1803 671 672
f 1804 656 658
f 1805 658 659
f 1806 644 643
f 1807 645 644
f 1808 648 645
f 1809 643 632
f 1810 646 648
f 1811 647 646
f 1812 649 647
f 1813 651 650
f 1814 650 649
f 1815 673 652
f 1816 652 651
f 1817 674 673
f 1818 675 674
f 1793 1795 600
f 1795 1796 601
f 1685 1691 623
f 1796 1686 626
f 1686 1685 625
f 1800 1803 672
f 1804 1802 656
f 1802 1801 657
f 1799 1800 655
f 1801 1799 654
f 1803 1798 671
f 1797 1794 669
f 1794 1793 602
f 1798 1797 670
f 1691 1690 624
f 1690 1687 628
f 1687 1688 627
f 1688 1689 609
f 1689 1697 633
f 1692 1693 640
f 1693 1694 641
f 1695 642 1694
f 1695 1696 629
f 1703 630 1696
f 1697 1698 634
f 1698 1699 635
f 1699 1700 636
f 1700 1701 637
f 1701 1702 638
f 1702 1692 639
f 1807 644 1806
f 1703 1704 631
f 1809 632 1704
f 1809 1806 643
f 1812 1814 649
f 1816 1815 652
f 1817 673 1815
f 1816 651 1813
f 1813 650 1814
f 1807 1808 645
f 1810 648 1808
f 1812 647 1811
f 1810 1811 646
f 1632 1706 927
f 1706 1705 928
f 1705 1707 929
f 1707 1708 930
f 1708 1709 931
f 1709 1710 932
f 1710 1711 933
f 1711 1712 934
f 1712 1713 935
f 1713 1714 936
f 1714 1715 937
f 1715 1716 938
f 1716 1717 939
f 1632 927 535
f 1706 928 927
f 1705 929 928
f 1707 930 929
f 1708 931 930
f 1709 932 931
f 1710 933 932
f 1711 934 933
f 1712 935 934
f 1713 936 935
f 1714 937 936
f 1715 938 937
f 1716 939 938
f 1740 921 922
f 1739 922 923
f 1732 923 924
f 1731 924 925
f 1738 925 926
f 1737 926 953
f 1734 953 954
f 1735 954 955
f 1733 955 956
f 1736 956 957
f 1725 957 958
f 1723 958 959
f 1724 959 960
f 1819 899 900
f 1820 900 901
f 1821 901 902
f 1822 903 904
f 1823 904 974
f 1824 902 903
f 1825 975 976
f 1826 974 975
f 1827 976 977
f 1819 1828 899
f 1820 1819 900
f 1824 903 1822
f 1826 975 1825
f 1827 1825 976
f 1823 974 1826
f 1823 1822 904
f 1820 901 1821
f 1824 1821 902
f 1829 965 964
f 1830 964 966
f 1831 966 967
f 1832 967 968
f 1833 968 969
f 1834 969 970
f 1835 970 971
f 1836 973 988
f 1837 988 987
f 1838 971 972
f 1839 972 973
f 1840 991 990
f 1841 987 991
f 1842 977 965
f 1843 990 989
f 1844 989 998
f 1845 979 978
f 1846 980 979
f 1847 992 980
f 1848 997 994
f 1849 994 993
f 1850 993 992
f 1851 996 995
f 1852 995 997
f 1853 998 996
f 1846 979 1845
f 1853 996 1851
f 1852 997 1848
f 1851 995 1852
f 1848 994 1849
f 1850 992 1847
f 1849 993 1850
f 1847 980 1846
f 1854 879 880
f 1855 880 897
f 1856 897 898
f 1828 898 899
f 1739 1732 868
f 1732 1731 873
f 1733 1736 664
f 1724 1721 661
f 1721 1722 660
f 1722 1805 659
f 1725 1723 663
f 1723 1724 662
f 1736 1725 665
f 1737 1734 870
f 1735 1733 666
f 1734 1735 869
f 1738 1737 871
f 1731 1738 872
f 1745 876 1742
f 1855 1854 880
f 1744 1743 878
f 1743 1742 877
f 1744 879 1854
f 1740 1739 867
f 1741 1740 874
f 1745 1741 875
f 1856 1855 897
f 1856 898 1828
f 1857 985 982
f 1858 982 981
f 1859 986 985
f 1860 978 986
f 1746 883 1753
f 1754 884 1746
f 1726 1727 676
f 1729 677 1727
f 1730 889 1728
f 1750 890 1730
f 1747 891 1750
f 1728 667 1729
f 1751 894 1749
f 1749 893 1748
f 1748 892 1747
f 1753 882 1752
f 1752 895 1751
f 1857 982 1858
f 1758 983 1757
f 1759 984 1758
f 1858 981 1759
f 1756 886 1755
f 1757 888 1760
f 1760 887 1756
f 1755 885 1754
f 1860 986 1859
f 1859 985 1857
f 1845 978 1860
f 1830 1829 964
f 1830 966 1831
f 1831 967 1832
f 1832 968 1833
f 1833 969 1834
f 1834 970 1835
f 1836 988 1837
f 1835 971 1838
f 1838 972 1839
f 1839 973 1836
f 1837 987 1841
f 1841 991 1840
f 1840 990 1843
f 1842 1827 977
f 1842 965 1829
f 1843 989 1844
f 1823 1826 905
f 1826 1825 906
f 1827 999 1825
f 1842 1000 1827
f 1820 911 1819
f 1819 914 1828
f 1856 917 1855
f 1856 1828 915
f 1823 908 1822
f 1824 1822 907
f 1824 909 1821
f 1820 1821 910
f 1827 1000 999
f 1842 1001 1000
f 1824 907 909
f 1822 908 907
f 1823 905 908
f 1825 999 906
f 1826 906 905
f 1820 910 911
f 1819 911 914
f 1855 917 916
f 1828 914 915
f 1856 915 917
f 1821 909 910
f 1842 1829 1001
f 1830 1002 1829
f 1830 1831 1003
f 1831 1832 1004
f 1832 1833 1005
f 1833 1834 1006
f 1834 1835 1007
f 1835 1838 1008
f 1838 1839 1009
f 1839 1836 1010
f 1836 1837 1011
f 1837 1841 1012
f 1841 1840 1013
f 1840 1843 1014
f 1829 1002 1001
f 1830 1003 1002
f 1831 1004 1003
f 1832 1005 1004
f 1833 1006 1005
f 1834 1007 1006
f 1835 1008 1007
f 1838 1009 1008
f 1839 1010 1009
f 1836 1011 1010
f 1837 1012 1011
f 1841 1013 1012
f 1840 1014 1013
f 1844 998 1853
f 1843 1844 1015
f 1844 1853 1016
f 1853 1851 1017
f 1851 1852 1018
f 1852 1848 1019
f 1848 1849 1020
f 1849 1850 1021
f 1850 1847 1022
f 1847 1846 1023
f 1846 1845 1024
f 1845 1860 1025
f 1843 1015 1014
f 1844 1016 1015
f 1853 1017 1016
f 1851 1018 1017
f 1852 1019 1018
f 1848 1020 1019
f 1849 1021 1020
f 1850 1022 1021
f 1847 1023 1022
f 1846 1024 1023
f 1845 1025 1024
f 1860 1026 1025
f 1859 1027 1026
f 1744 919 1743
f 1855 916 1854
f 1744 1854 918
f 1743 913 1742
f 1745 1742 912
f 1745 920 1741
f 1741 921 1740
f 1740 922 1739
f 1739 923 1732
f 1732 924 1731
f 1731 925 1738
f 1854 916 918
f 1744 918 919
f 1743 919 913
f 1742 913 912
f 1745 912 920
f 1741 920 921
f 1738 926 1737
f 1737 953 1734
f 1734 954 1735
f 1735 955 1733
f 1733 956 1736
f 1736 957 1725
f 1725 958 1723
f 1723 959 1724
f 1724 960 1721
f 1721 961 1722
f 1722 962 1805
f 1721 960 961
f 1722 961 962
f 1860 1859 1026
f 1859 1857 1027
f 1857 1858 1028
f 1858 1759 1029
f 1759 1758 1030
f 1758 1757 1031
f 1757 1760 1032
f 1760 1756 1033
f 1756 1755 1034
f 1755 1754 1035
f 1754 1746 1036
f 1746 1753 1037
f 1857 1028 1027
f 1858 1029 1028
f 1759 1030 1029
f 1758 1031 1030
f 1757 1032 1031
f 1760 1033 1032
f 1756 1034 1033
f 1755 1035 1034
f 1754 1036 1035
f 1746 1037 1036
f 1753 1752 1038
f 1752 1751 1039
f 1751 1749 1040
f 1749 1748 1041
f 1748 1747 1042
f 1747 1750 1043
f 1750 1730 1044
f 1730 1728 1075
f 1728 1729 1080
f 1729 1727 1081
f 1729 1081 1080
f 1753 1038 1037
f 1752 1039 1038
f 1751 1040 1039
f 1749 1041 1040
f 1748 1042 1041
f 1747 1043 1042
f 1750 1044 1043
f 1730 1075 1044
f 1728 1080 1075
f 1717 1718 940
f 1718 1719 941
f 1719 1720 942
f 1720 1761 943
f 1761 1762 944
f 1762 1763 945
f 1763 1764 946
f 1764 1765 947
f 1765 1766 948
f 1766 1767 949
f 1767 1768 950
f 1768 1769 951
f 1769 1770 952
f 1770 1771 1045
f 1771 1772 1046
f 1772 1773 1047
f 1773 1774 1048
f 1774 1775 1049
f 1775 1776 1050
f 1776 1777 1051
f 1777 1778 1052
f 1778 1779 1053
f 1779 1780 1054
f 1780 1781 1055
f 1781 1782 1056
f 1782 1783 1057
f 1783 1784 1058
f 1784 1785 1059
f 1785 1786 1060
f 1786 1787 1061
f 1787 1788 1062
f 1788 1789 1063
f 1789 1790 1064
f 1790 1791 1065
f 1791 1792 1066
f 1717 940 939
f 1718 941 940
f 1719 942 941
f 1720 943 942
f 1761 944 943
f 1762 945 944
f 1763 946 945
f 1764 947 946
f 1765 948 947
f 1766 949 948
f 1767 950 949
f 1768 951 950
f 1769 952 951
f 1770 1045 952
f 1771 1046 1045
f 1772 1047 1046
f 1773 1048 1047
f 1774 1049 1048
f 1775 1050 1049
f 1776 1051 1050
f 1777 1052 1051
f 1778 1053 1052
f 1779 1054 1053
f 1780 1055 1054
f 1781 1056 1055
f 1782 1057 1056
f 1783 1058 1057
f 1784 1059 1058
f 1785 1060 1059
f 1786 1061 1060
f 1787 1062 1061
f 1788 1063 1062
f 1789 1064 1063
f 1790 1065 1064
f 1791 1066 1065
f 1805 1804 658
f 1818 674 1817
f 1726 675 1818
f 1805 963 1804
f 1804 1069 1802
f 1802 1070 1801
f 1801 1071 1799
f 1799 1072 1800
f 1800 1073 1803
f 1803 1074 1798
f 1798 1092 1797
f 1797 1093 1794
f 1794 1094 1793
f 1793 1095 1795
f 1795 1096 1796
f 1796 1097 1686
f 1686 1098 1685
f 1805 962 963
f 1804 963 1069
f 1802 1069 1070
f 1801 1070 1071
f 1799 1071 1072
f 1800 1072 1073
f 1803 1073 1074
f 1798 1074 1092
f 1797 1092 1093
f 1794 1093 1094
f 1793 1094 1095
f 1795 1095 1096
f 1685 1099 1691
f 1691 1100 1690
f 1796 1096 1097
f 1686 1097 1098
f 1685 1098 1099
f 1691 1099 1100
f 1690 1100 1101
f 1690 1101 1687
f 1687 1102 1688
f 1688 1103 1689
f 1689 1104 1697
f 1697 1105 1698
f 1698 1113 1699
f 1699 1114 1700
f 1700 1115 1701
f 1701 1116 1702
f 1702 1117 1692
f 1692 1107 1693
f 1695 1694 1108
f 1695 1110 1696
f 1693 1106 1694
f 1687 1101 1102
f 1688 1102 1103
f 1689 1103 1104
f 1697 1104 1105
f 1698 1105 1113
f 1699 1113 1114
f 1700 1114 1115
f 1701 1115 1116
f 1702 1116 1117
f 1692 1117 1107
f 1693 1107 1106
f 1694 1106 1108
f 1695 1108 1110
f 1726 1082 1727
f 1726 1818 1083
f 1818 1817 1086
f 1817 1815 1087
f 1816 1084 1815
f 1816 1813 1085
f 1810 1091 1811
f 1809 1079 1806
f 1809 1704 1109
f 1807 1077 1808
f 1810 1808 1076
f 1807 1806 1078
f 1813 1814 1088
f 1812 1089 1814
f 1812 1811 1090
f 1727 1082 1081
f 1726 1083 1082
f 1818 1086 1083
f 1817 1087 1086
f 1815 1084 1087
f 1807 1078 1077
f 1810 1076 1091
f 1808 1077 1076
f 1813 1088 1085
f 1812 1090 1089
f 1814 1089 1088
f 1816 1085 1084
f 1811 1091 1090
f 1703 1696 1111
f 1703 1112 1704
f 1809 1109 1079
f 1703 1111 1112
f 1696 1110 1111
f 1704 1112 1109
f 1806 1079 1078
f 1632 1861 1792
f 1792 1119 1066
f 1633 1862 1634
f 1633 1684 1863
f 1633 1863 1864
f 1633 1864 1865
f 1633 1865 1866
f 1633 1866 1867
f 1633 1867 1868
f 1633 1868 1869
f 1633 1869 1870
f 1633 1870 1871
f 1633 1871 1872
f 1633 1872 1873
f 1633 1873 1874
f 1633 1874 1875
f 1633 1875 1876
f 1633 1876 1877
f 1633 1877 1878
f 1633 1878 1879
f 1633 1879 1880
f 1633 1880 1881
f 1633 1881 1882
f 1633 1882 1883
f 1633 1883 1884
f 1633 1884 1885
f 1633 1885 1886
f 1633 1886 1887
f 1633 1887 1888
f 1633 1888 1889
f 1633 1889 1890
f 1633 1890 1891
f 1633 1891 1892
f 1633 1892 1893
f 1633 1893 1894
f 1633 1894 1895
f 1633 1895 1896
f 1633 1896 1897
f 1633 1897 1898
f 1633 1898 1899
f 1633 1899 1900
f 1633 1900 1901
f 1633 1901 1902
f 1633 1902 1903
f 1633 1903 1904
f 1633 1904 1905
f 1633 1905 1906
f 1633 1906 1907
f 1633 1907 1908
f 1633 1908 1909
f 1633 1909 1910
f 1633 1910 1862
f 1684 588 1863
f 1863 589 1864
f 1864 590 1865
f 1865 593 1866
f 1866 592 1867
f 1867 591 1868
f 1868 596 1869
f 1869 595 1870
f 1870 594 1871
f 1871 1222 1872
f 1872 1227 1873
f 1873 1226 1874
f 1874 1225 1875
f 1875 1224 1876
f 1876 1223 1877
f 1877 1228 1878
f 1878 1232 1879
f 1879 1231 1880
f 1880 1230 1881
f 1881 1229 1882
f 1882 1238 1883
f 1883 1237 1884
f 1884 1236 1885
f 1885 1235 1886
f 1886 1234 1887
f 1887 1233 1888
f 1888 1245 1889
f 1889 1244 1890
f 1890 1243 1891
f 1891 1242 1892
f 1892 1241 1893
f 1893 1240 1894
f 1894 1239 1895
f 1895 1251 1896
f 1896 1250 1897
f 1897 1249 1898
f 1898 1248 1899
f 1899 1247 1900
f 1900 1246 1901
f 1901 1257 1902
f 1902 1256 1903
f 1903 1255 1904
f 1904 1254 1905
f 1905 1253 1906
f 1906 1252 1907
f 1907 1261 1908
f 1908 1260 1909
f 1909 1259 1910
f 1910 1258 1862
f 1684 541 588
f 1863 588 589
f 1864 589 590
f 1865 590 593
f 1866 593 592
f 1867 592 591
f 1868 591 596
f 1869 596 595
f 1870 595 594
f 1871 594 1222
f 1872 1222 1227
f 1873 1227 1226
f 1874 1226 1225
f 1875 1225 1224
f 1876 1224 1223
f 1877 1223 1228
f 1878 1228 1232
f 1879 1232 1231
f 1880 1231 1230
f 1881 1230 1229
f 1882 1229 1238
f 1883 1238 1237
f 1884 1237 1236
f 1885 1236 1235
f 1886 1235 1234
f 1887 1234 1233
f 1888 1233 1245
f 1889 1245 1244
f 1890 1244 1243
f 1891 1243 1242
f 1892 1242 1241
f 1893 1241 1240
f 1894 1240 1239
f 1895 1239 1251
f 1896 1251 1250
f 1897 1250 1249
f 1898 1249 1248
f 1899 1248 1247
f 1900 1247 1246
f 1901 1246 1257
f 1902 1257 1256
f 1903 1256 1255
f 1904 1255 1254
f 1905 1254 1253
f 1906 1253 1252
f 1907 1252 1261
f 1908 1261 1260
f 1909 1260 1259
f 1910 1259 1258
f 1862 1258 1262
f 1862 1221 1634
f 1862 1262 1221
f 1632 1634 1911
f 1632 1911 1912
f 1632 1912 1913
f 1632 1913 1914
f 1632 1914 1915
f 1632 1915 1916
f 1632 1916 1917
f 1632 1917 1918
f 1632 1918 1919
f 1632 1919 1920
f 1632 1920 1921
f 1632 1921 1922
f 1632 1922 1923
f 1632 1923 1924
f 1632 1924 1925
f 1632 1925 1926
f 1632 1926 1927
f 1632 1927 1928
f 1632 1928 1929
f 1632 1929 1930
f 1632 1930 1931
f 1632 1931 1932
f 1632 1932 1933
f 1632 1933 1934
f 1632 1934 1935
f 1632 1935 1936
f 1632 1936 1937
f 1632 1937 1938
f 1632 1938 1939
f 1632 1939 1940
f 1632 1940 1941
f 1632 1941 1942
f 1632 1942 1943
f 1632 1943 1944
f 1632 1944 1945
f 1632 1945 1946
f 1632 1946 1947
f 1632 1947 1948
f 1632 1948 1949
f 1632 1949 1950
f 1632 1950 1951
f 1632 1951 1952
f 1632 1952 1953
f 1632 1953 1954
f 1632 1954 1955
f 1632 1955 1956
f 1632 1956 1957
f 1632 1957 1958
f 1634 1221 1911
f 1911 1263 1912
f 1912 1264 1913
f 1913 1265 1914
f 1914 1266 1915
f 1915 1267 1916
f 1916 1268 1917
f 1917 1269 1918
f 1918 1270 1919
f 1919 1271 1920
f 1920 1272 1921
f 1921 1274 1922
f 1922 1273 1923
f 1923 1275 1924
f 1924 1276 1925
f 1925 1277 1926
f 1926 1278 1927
f 1927 1279 1928
f 1928 1280 1929
f 1929 1281 1930
f 1930 1282 1931
f 1931 1283 1932
f 1932 1284 1933
f 1933 1285 1934
f 1934 1286 1935
f 1935 1287 1936
f 1936 1288 1937
f 1937 1289 1938
f 1938 1290 1939
f 1939 1291 1940
f 1940 1292 1941
f 1941 1293 1942
f 1942 1294 1943
f 1943 1295 1944
f 1944 1296 1945
f 1945 1297 1946
f 1946 1298 1947
f 1947 1299 1948
f 1948 1300 1949
f 1949 1301 1950
f 1950 1302 1951
f 1951 1303 1952
f 1952 1304 1953
f 1953 1305 1954
f 1954 1306 1955
f 1955 1307 1956
f 1956 1308 1957
f 1957 1309 1958
f 1911 1221 1263
f 1912 1263 1264
f 1913 1264 1265
f 1914 1265 1266
f 1915 1266 1267
f 1916 1267 1268
f 1917 1268 1269
f 1918 1269 1270
f 1919 1270 1271
f 1920 1271 1272
f 1921 1272 1274
f 1922 1274 1273
f 1923 1273 1275
f 1924 1275 1276
f 1925 1276 1277
f 1926 1277 1278
f 1927 1278 1279
f 1928 1279 1280
f 1929 1280 1281
f 1930 1281 1282
f 1931 1282 1283
f 1932 1283 1284
f 1933 1284 1285
f 1934 1285 1286
f 1935 1286 1287
f 1936 1287 1288
f 1937 1288 1289
f 1938 1289 1290
f 1939 1290 1291
f 1940 1291 1292
f 1941 1292 1293
f 1942 1293 1294
f 1943 1294 1295
f 1944 1295 1296
f 1945 1296 1297
f 1946 1297 1298
f 1947 1298 1299
f 1948 1299 1300
f 1949 1300 1301
f 1950 1301 1302
f 1951 1302 1303
f 1952 1303 1304
f 1953 1304 1305
f 1954 1305 1306
f 1955 1306 1307
f 1956 1307 1308
f 1957 1308 1309
f 1958 1309 1310
f 1958 1310 1959
f 1632 1958 1959
f 1632 1960 1861
f 1632 1961 1960
f 1632 1962 1961
f 1632 1963 1962
f 1632 1964 1965
f 1632 1965 1963
f 1632 1966 1964
f 1632 1967 1966
f 1632 1968 1967
f 1632 1969 1968
f 1632 1970 1969
f 1632 1971 1970
f 1632 1972 1971
f 1632 1973 1974
f 1632 1974 1972
f 1632 1975 1973
f 1632 1976 1977
f 1632 1977 1978
f 1632 1979 1980
f 1632 1981 1976
f 1632 1980 1981
f 1632 1982 1983
f 1632 1959 1984
f 1632 1984 1985
f 1632 1985 1986
f 1632 1986 1987
f 1632 1987 1982
f 1632 1983 1988
f 1632 1988 1989
f 1632 1989 1990
f 1632 1991 1992
f 1632 1992 1993
f 1632 1990 1991
f 1632 1994 1995
f 1632 1996 1997
f 1632 1997 1998
f 1632 1998 1999
f 1632 1999 1994
f 1632 2000 2001
f 1632 2001 1979
f 1632 1995 2000
f 1632 1993 1996
f 1632 2002 2003
f 1632 2003 1975
f 1632 2004 2002
f 1632 2005 2004
f 1632 2006 2005
f 1632 1978 2006
f 1792 1861 1119
f 1959 1310 1407
f 1861 1960 1408
f 1960 1961 1409
f 1961 1962 1410
f 1962 1963 1411
f 1963 1965 1412
f 1965 1964 1413
f 1964 1966 1414
f 1966 1967 1415
f 1967 1968 1416
f 1968 1969 1420
f 1969 1970 1421
f 1970 1971 1422
f 1971 1972 1423
f 1974 1417 1972
f 1973 1975 1419
f 1975 2003 1432
f 1974 1973 1418
f 2002 1433 2003
f 2002 2004 1436
f 2004 2005 1434
f 2006 1435 2005
f 1959 1407 1984
f 1984 1424 1985
f 1985 1425 1986
f 1986 1426 1987
f 1982 1451 1983
f 1987 1427 1982
f 1988 1983 1452
f 1988 1453 1989
f 1996 1441 1997
f 1997 1447 1998
f 1998 1446 1999
f 1990 1989 1454
f 1990 1444 1991
f 1992 1445 1993
f 1992 1991 1443
f 1996 1993 1442
f 1978 1977 1438
f 1977 1976 1439
f 1976 1981 1440
f 1979 2001 1430
f 2000 1431 2001
f 2000 1995 1450
f 1980 1428 1981
f 1980 1979 1429
f 2006 1978 1437
f 1995 1994 1448
f 1994 1999 1449
f 1861 1408 1119
f 1960 1409 1408
f 1961 1410 1409
f 1962 1411 1410
f 1963 1412 1411
f 1965 1413 1412
f 1964 1414 1413
f 1966 1415 1414
f 1967 1416 1415
f 1968 1420 1416
f 1969 1421 1420
f 1970 1422 1421
f 1971 1423 1422
f 1972 1417 1423
f 1974 1418 1417
f 1975 1432 1419
f 2003 1433 1432
f 1973 1419 1418
f 2004 1434 1436
f 2002 1436 1433
f 2005 1435 1434
f 1984 1407 1424
f 1985 1424 1425
f 1986 1425 1426
f 1987 1426 1427
f 1982 1427 1451
f 1983 1451 1452
f 1988 1452 1453
f 1989 1453 1454
f 1999 1446 1449
f 1996 1442 1441
f 1997 1441 1447
f 1998 1447 1446
f 1990 1454 1444
f 1991 1444 1443
f 1992 1443 1445
f 1993 1445 1442
f 1978 1438 1437
f 1977 1439 1438
f 1976 1440 1439
f 2001 1431 1430
f 2000 1450 1431
f 1981 1428 1440
f 1980 1429 1428
f 1979 1430 1429
f 2006 1437 1435
f 1995 1448 1450
f 1994 1449 1448

